league,match_date,round_number,home_team,away_team,match_home_score,match_away_score,minute,added_time,type,player,is_home,card_type,reason,player_in,player_out,period_text,injury_length,incident_home_score,incident_away_score
brasileirao_serie_b_2026,2026-03-21,1,Botafogo-SP,Fortaleza,4,0,34,,goal,Hygor,True,,,,,,,1,0
brasileirao_serie_b_2026,2026-03-21,1,Botafogo-SP,Fortaleza,4,0,38,,goal,E. Morelli,True,,,,,,,2,0
brasileirao_serie_b_2026,2026-03-21,1,Botafogo-SP,Fortaleza,4,0,39,,card,E. Morelli,True,yellow,,,,,,,
brasileirao_serie_b_2026,2026-03-21,1,Botafogo-SP,Fortaleza,4,0,43,,card,Luiz Fernando,False,yellow,,,,,,,
brasileirao_serie_b_2026,2026-03-21,1,Botafogo-SP,Fortaleza,4,0,45,,goal,Vilar,True,,,,,,,3,0
brasileirao_serie_b_2026,2026-03-21,1,Botafogo-SP,Fortaleza,4,0,46,,substitution,,False,,,Welliton,Vitinho,,,,
brasileirao_serie_b_2026,2026-03-21,1,Botafogo-SP,Fortaleza,4,0,46,,substitution,,False,,,L. Crispim,R. Santos,,,,
brasileirao_serie_b_2026,2026-03-21,1,Botafogo-SP,Fortaleza,4,0,46,,substitution,,False,,,L. Prior,T. Pochettino,,,,
brasileirao_serie_b_2026,2026-03-21,1,Botafogo-SP,Fortaleza,4,0,52,,goal,E. Morelli,True,,,,,,,4,0
brasileirao_serie_b_2026,2026-03-21,1,Botafogo-SP,Fortaleza,4,0,63,,substitution,,True,,,Matheus Sales,E. Morelli,,,,
brasileirao_serie_b_2026,2026-03-21,1,Botafogo-SP,Fortaleza,4,0,63,,card,L. Gazal,False,yellow,,,,,,,
brasileirao_serie_b_2026,2026-03-21,1,Botafogo-SP,Fortaleza,4,0,66,,substitution,,False,,,P. Baya,J. Miritello,,,,
brasileirao_serie_b_2026,2026-03-21,1,Botafogo-SP,Fortaleza,4,0,73,,substitution,,True,,,Thiaguinho,R. Gava,,,,
brasileirao_serie_b_2026,2026-03-21,1,Botafogo-SP,Fortaleza,4,0,73,,substitution,,True,,,F. Vieira,P. Brey,,,,
brasileirao_serie_b_2026,2026-03-21,1,Botafogo-SP,Fortaleza,4,0,75,,card,L. Crispim,False,yellow,,,,,,,
brasileirao_serie_b_2026,2026-03-21,1,Botafogo-SP,Fortaleza,4,0,81,,card,L. Sasha,False,yellow,,,,,,,
brasileirao_serie_b_2026,2026-03-21,1,Botafogo-SP,Fortaleza,4,0,82,,substitution,,False,,,Ryan,L. Sasha,,,,
brasileirao_serie_b_2026,2026-03-21,1,Botafogo-SP,Fortaleza,4,0,88,,card,Maílton,False,yellow,,,,,,,
brasileirao_serie_b_2026,2026-03-21,1,Botafogo-SP,Fortaleza,4,0,90,,card,F. Vieira,True,yellow,,,,,,,
brasileirao_serie_b_2026,2026-03-21,1,Botafogo-SP,Fortaleza,4,0,90,,substitution,,True,,,Marquinho,L. Maciel,,,,
brasileirao_serie_b_2026,2026-03-21,1,Botafogo-SP,Fortaleza,4,0,90,,substitution,,True,,,J. Nem,Kelvin,,,,
brasileirao_serie_b_2026,2026-03-21,1,Botafogo-SP,Fortaleza,4,0,90,,card,Maílton,False,red,,,,,,,
brasileirao_serie_b_2026,2026-03-21,1,Ceará,São Bernardo,1,1,42,,substitution,,False,,,Marcão Silva,R. Andrade,,,,
brasileirao_serie_b_2026,2026-03-21,1,Ceará,São Bernardo,1,1,46,,substitution,,True,,,Fernandinho,Vina,,,,
brasileirao_serie_b_2026,2026-03-21,1,Ceará,São Bernardo,1,1,52,,card,Éder,True,yellow,,,,,,,
brasileirao_serie_b_2026,2026-03-21,1,Ceará,São Bernardo,1,1,55,,goal,Pará,False,,,,,,,1,1
brasileirao_serie_b_2026,2026-03-21,1,Ceará,São Bernardo,1,1,63,,substitution,,True,,,Melk,Matheusinho,,,,
brasileirao_serie_b_2026,2026-03-21,1,Ceará,São Bernardo,1,1,63,,substitution,,True,,,J. Alano,M. Araújo,,,,
brasileirao_serie_b_2026,2026-03-21,1,Ceará,São Bernardo,1,1,63,,substitution,,True,,,L. Holanda,W. Silva,,,,
brasileirao_serie_b_2026,2026-03-21,1,Ceará,São Bernardo,1,1,64,,substitution,,False,,,Foguinho,D. Miraíma,,,,
brasileirao_serie_b_2026,2026-03-21,1,Ceará,São Bernardo,1,1,64,,substitution,,False,,,Pedrinho,L. Rian,,,,
brasileirao_serie_b_2026,2026-03-21,1,Ceará,São Bernardo,1,1,64,,substitution,,False,,,Echaporã,Fabrício Daniel,,,,
brasileirao_serie_b_2026,2026-03-21,1,Ceará,São Bernardo,1,1,7,,goal,Vinicius Zanocelo,True,,,,,,,1,0
brasileirao_serie_b_2026,2026-03-21,1,Ceará,São Bernardo,1,1,74,,substitution,,True,,,Júlio César,Rafael Ramos,,,,
brasileirao_serie_b_2026,2026-03-21,1,Ceará,São Bernardo,1,1,82,,substitution,,False,,,P. Vitor,Pablo Dyego,,,,
brasileirao_serie_b_2026,2026-03-21,1,Ceará,São Bernardo,1,1,85,,card,L. Lima,True,yellow,,,,,,,
brasileirao_serie_b_2026,2026-03-21,1,Cuiabá,Sport Recife,0,0,30,,card,Y. Felipe,False,yellow,,,,,,,
brasileirao_serie_b_2026,2026-03-21,1,Cuiabá,Sport Recife,0,0,45,,substitution,,True,,,Luisão,Vitor Mendes,,,,
brasileirao_serie_b_2026,2026-03-21,1,Cuiabá,Sport Recife,0,0,46,,substitution,,True,,,D. M. d. S. Arcanjo,Pepê,,,,
brasileirao_serie_b_2026,2026-03-21,1,Cuiabá,Sport Recife,0,0,55,,card,Gabriel,True,yellow,,,,,,,
brasileirao_serie_b_2026,2026-03-21,1,Cuiabá,Sport Recife,0,0,67,,substitution,,True,,,Weverson,Lorenzo,,,,
brasileirao_serie_b_2026,2026-03-21,1,Cuiabá,Sport Recife,0,0,72,,substitution,,False,,,Dedezinho,Zé Lucas,,,,
brasileirao_serie_b_2026,2026-03-21,1,Cuiabá,Sport Recife,0,0,72,,substitution,,False,,,Micael,Z. Roberto,,,,
brasileirao_serie_b_2026,2026-03-21,1,Cuiabá,Sport Recife,0,0,78,,substitution,,True,,,N. Paraíba,Railan,,,,
brasileirao_serie_b_2026,2026-03-21,1,Cuiabá,Sport Recife,0,0,78,,substitution,,True,,,M. Santos,V. Peixoto,,,,
brasileirao_serie_b_2026,2026-03-21,1,Cuiabá,Sport Recife,0,0,81,,substitution,,False,,,Lipão,I. Castilho,,,,
brasileirao_serie_b_2026,2026-03-21,1,Cuiabá,Sport Recife,0,0,81,,substitution,,False,,,Clayson,G. Maia,,,,
brasileirao_serie_b_2026,2026-03-21,1,Cuiabá,Sport Recife,0,0,86,,card,Clayson,False,yellow,,,,,,,
brasileirao_serie_b_2026,2026-03-21,1,Cuiabá,Sport Recife,0,0,87,,substitution,,False,,,Carlos De Pena,Y. Felipe,,,,
brasileirao_serie_b_2026,2026-03-21,1,Operário-PR,Atlético Goianiense,1,0,23,,goal,Pablo,True,,,,,,,1,0
brasileirao_serie_b_2026,2026-03-21,1,Operário-PR,Atlético Goianiense,1,0,42,,card,Marrony,False,yellow,,,,,,,
brasileirao_serie_b_2026,2026-03-21,1,Operário-PR,Atlético Goianiense,1,0,44,,card,G. Boschilia,True,yellow,,,,,,,
brasileirao_serie_b_2026,2026-03-21,1,Operário-PR,Atlético Goianiense,1,0,46,,substitution,,False,,,B. José,J. Dias,,,,
brasileirao_serie_b_2026,2026-03-21,1,Operário-PR,Atlético Goianiense,1,0,46,,substitution,,False,,,I. Henrique,Indio,,,,
brasileirao_serie_b_2026,2026-03-21,1,Operário-PR,Atlético Goianiense,1,0,56,,card,Índio,True,yellow,,,,,,,
brasileirao_serie_b_2026,2026-03-21,1,Operário-PR,Atlético Goianiense,1,0,58,,substitution,,True,,,M. Trindade,Índio,,,,
brasileirao_serie_b_2026,2026-03-21,1,Operário-PR,Atlético Goianiense,1,0,60,,substitution,,False,,,L. Jacó,K. Ramírez,,,,
brasileirao_serie_b_2026,2026-03-21,1,Operário-PR,Atlético Goianiense,1,0,69,,card,Adriano Martins,False,yellow,,,,,,,
brasileirao_serie_b_2026,2026-03-21,1,Operário-PR,Atlético Goianiense,1,0,72,,substitution,,True,,,F. Augusto,E. Torres,,,,
brasileirao_serie_b_2026,2026-03-21,1,Operário-PR,Atlético Goianiense,1,0,72,,substitution,,False,,,GH,Guilherme Marques,,,,
brasileirao_serie_b_2026,2026-03-21,1,Operário-PR,Atlético Goianiense,1,0,82,,substitution,,True,,,L. Gaúcho,Pablo,,,,
brasileirao_serie_b_2026,2026-03-21,1,Operário-PR,Atlético Goianiense,1,0,82,,substitution,,True,,,G. Feliciano,Moraes Júnior,,,,
brasileirao_serie_b_2026,2026-03-21,1,Operário-PR,Atlético Goianiense,1,0,82,,substitution,,True,,,N. Paraíba,V. Diniz,,,,
brasileirao_serie_b_2026,2026-03-21,1,Operário-PR,Atlético Goianiense,1,0,82,,substitution,,False,,,A. Gomes,Cristiano,,,,
brasileirao_serie_b_2026,2026-03-21,1,Vila Nova FC,Clube De Regatas Brasil,2,2,0,,card,L. Campos,False,red,Violent conduct,,,,,,
brasileirao_serie_b_2026,2026-03-21,1,Vila Nova FC,Clube De Regatas Brasil,2,2,0,,card,Dalberson,True,yellow,Argument,,,,,,
brasileirao_serie_b_2026,2026-03-21,1,Vila Nova FC,Clube De Regatas Brasil,2,2,19,,goal,Mikael,False,,,,,,,0,1
brasileirao_serie_b_2026,2026-03-21,1,Vila Nova FC,Clube De Regatas Brasil,2,2,20,,varDecision,Mikael,False,,,,,,,,
brasileirao_serie_b_2026,2026-03-21,1,Vila Nova FC,Clube De Regatas Brasil,2,2,22,,card,Anderson,True,yellow,Foul,,,,,,
brasileirao_serie_b_2026,2026-03-21,1,Vila Nova FC,Clube De Regatas Brasil,2,2,23,,card,Danielzinho,False,yellow,Foul,,,,,,
brasileirao_serie_b_2026,2026-03-21,1,Vila Nova FC,Clube De Regatas Brasil,2,2,26,,card,J. Vieira,True,yellow,Foul,,,,,,
brasileirao_serie_b_2026,2026-03-21,1,Vila Nova FC,Clube De Regatas Brasil,2,2,39,,card,Bressan,False,yellow,Foul,,,,,,
brasileirao_serie_b_2026,2026-03-21,1,Vila Nova FC,Clube De Regatas Brasil,2,2,45,,period,,,,,,,HT,,0,1
brasileirao_serie_b_2026,2026-03-21,1,Vila Nova FC,Clube De Regatas Brasil,2,2,45,,injuryTime,,,,,,,,7,,
brasileirao_serie_b_2026,2026-03-21,1,Vila Nova FC,Clube De Regatas Brasil,2,2,46,,substitution,,True,,,D. D. Santos,Hayner,,,,
brasileirao_serie_b_2026,2026-03-21,1,Vila Nova FC,Clube De Regatas Brasil,2,2,46,,substitution,,True,,,R. Lima,A. Luís,,,,
brasileirao_serie_b_2026,2026-03-21,1,Vila Nova FC,Clube De Regatas Brasil,2,2,46,,substitution,,True,,,Higor,Anderson,,,,
brasileirao_serie_b_2026,2026-03-21,1,Vila Nova FC,Clube De Regatas Brasil,2,2,48,,goal,Dellatorre,True,,,,,,,1,1
brasileirao_serie_b_2026,2026-03-21,1,Vila Nova FC,Clube De Regatas Brasil,2,2,58,,substitution,,False,,,L. Phellype,D. Baggio,,,,
brasileirao_serie_b_2026,2026-03-21,1,Vila Nova FC,Clube De Regatas Brasil,2,2,58,,substitution,,False,,,V. Barata,Mikael,,,,
brasileirao_serie_b_2026,2026-03-21,1,Vila Nova FC,Clube De Regatas Brasil,2,2,58,,substitution,,False,,,G. Estrella,Danielzinho,,,,
brasileirao_serie_b_2026,2026-03-21,1,Vila Nova FC,Clube De Regatas Brasil,2,2,61,,goal,D. D. Santos,True,,,,,,,2,1
brasileirao_serie_b_2026,2026-03-21,1,Vila Nova FC,Clube De Regatas Brasil,2,2,64,,card,P. Romano,True,red,Foul,,,,,,
brasileirao_serie_b_2026,2026-03-21,1,Vila Nova FC,Clube De Regatas Brasil,2,2,69,,substitution,,True,,,T. Pagnussat,Janderson,,,,
brasileirao_serie_b_2026,2026-03-21,1,Vila Nova FC,Clube De Regatas Brasil,2,2,69,,substitution,,False,,,Guilherme Pato,D. Belmonte,,,,
brasileirao_serie_b_2026,2026-03-21,1,Vila Nova FC,Clube De Regatas Brasil,2,2,69,,substitution,,False,,,Geovane,P. Castro,,,,
brasileirao_serie_b_2026,2026-03-21,1,Vila Nova FC,Clube De Regatas Brasil,2,2,70,,substitution,,True,,,Willian Maranhão,Marquinhos Gabriel,,,,
brasileirao_serie_b_2026,2026-03-21,1,Vila Nova FC,Clube De Regatas Brasil,2,2,71,,card,Guilherme Pato,False,yellow,Foul,,,,,,
brasileirao_serie_b_2026,2026-03-21,1,Vila Nova FC,Clube De Regatas Brasil,2,2,74,,card,D. D. Santos,True,yellow,Foul,,,,,,
brasileirao_serie_b_2026,2026-03-21,1,Vila Nova FC,Clube De Regatas Brasil,2,2,81,,substitution,,False,,,João Neto,Crystopher,,,,
brasileirao_serie_b_2026,2026-03-21,1,Vila Nova FC,Clube De Regatas Brasil,2,2,86,,substitution,,True,,,C. Marcelo,Dellatorre,,,,
brasileirao_serie_b_2026,2026-03-21,1,Vila Nova FC,Clube De Regatas Brasil,2,2,90,,period,,,,,,,FT,,2,2
brasileirao_serie_b_2026,2026-03-21,1,Vila Nova FC,Clube De Regatas Brasil,2,2,90,9,goal,João Neto,False,,,,,,,2,2
brasileirao_serie_b_2026,2026-03-21,1,Vila Nova FC,Clube De Regatas Brasil,2,2,90,6,card,V. Barata,False,yellow,Foul,,,,,,
brasileirao_serie_b_2026,2026-03-21,1,Vila Nova FC,Clube De Regatas Brasil,2,2,90,,injuryTime,,,,,,,,11,,
brasileirao_serie_b_2026,2026-03-22,1,Athletic Club,Ponte Preta,2,1,27,,goal,Ian Luccas,True,,,,,,,1,0
brasileirao_serie_b_2026,2026-03-22,1,Athletic Club,Ponte Preta,2,1,30,,card,L. Cunha,False,yellow,,,,,,,
brasileirao_serie_b_2026,2026-03-22,1,Athletic Club,Ponte Preta,2,1,45,,goal,Jota,True,,,,,,,2,1
brasileirao_serie_b_2026,2026-03-22,1,Athletic Club,Ponte Preta,2,1,45,,goal,B. Borges,False,,,,,,,1,1
brasileirao_serie_b_2026,2026-03-22,1,Athletic Club,Ponte Preta,2,1,52,,card,Kevyson,False,yellow,,,,,,,
brasileirao_serie_b_2026,2026-03-22,1,Athletic Club,Ponte Preta,2,1,57,,card,Jhonathan,True,yellow,,,,,,,
brasileirao_serie_b_2026,2026-03-22,1,Athletic Club,Ponte Preta,2,1,58,,substitution,,False,,,Elvis,Jonathan Cafú,,,,
brasileirao_serie_b_2026,2026-03-22,1,Athletic Club,Ponte Preta,2,1,59,,substitution,,False,,,Diego Porfirio,Kevyson,,,,
brasileirao_serie_b_2026,2026-03-22,1,Athletic Club,Ponte Preta,2,1,62,,substitution,,True,,,Léo Chú,Bruninho,,,,
brasileirao_serie_b_2026,2026-03-22,1,Athletic Club,Ponte Preta,2,1,63,,substitution,,True,,,K. Rodrigues,Ian Luccas,,,,
brasileirao_serie_b_2026,2026-03-22,1,Athletic Club,Ponte Preta,2,1,71,,substitution,,False,,,L. Phelipe,T. Boschetti,,,,
brasileirao_serie_b_2026,2026-03-22,1,Athletic Club,Ponte Preta,2,1,78,,substitution,,True,,,J. Miguel,G. Cabezas,,,,
brasileirao_serie_b_2026,2026-03-22,1,Athletic Club,Ponte Preta,2,1,84,,substitution,,False,,,David,Murilo,,,,
brasileirao_serie_b_2026,2026-03-22,1,Athletic Club,Ponte Preta,2,1,84,,substitution,,False,,,Baianinho,William Pottker,,,,
brasileirao_serie_b_2026,2026-03-22,1,Athletic Club,Ponte Preta,2,1,84,,substitution,,True,,,G. Indio,Jota,,,,
brasileirao_serie_b_2026,2026-03-22,1,Athletic Club,Ponte Preta,2,1,84,,substitution,,True,,,P. Oliveira,Ruan Assis,,,,
brasileirao_serie_b_2026,2026-03-22,1,Athletic Club,Ponte Preta,2,1,89,,card,K. Rodrigues,True,yellow,,,,,,,
brasileirao_serie_b_2026,2026-03-22,1,Athletic Club,Ponte Preta,2,1,90,,card,R. Tavares,True,yellow,,,,,,,
brasileirao_serie_b_2026,2026-03-22,1,Athletic Club,Ponte Preta,2,1,90,,card,L. Phelipe,False,yellow,,,,,,,
brasileirao_serie_b_2026,2026-03-22,1,Avaí,Juventude,2,0,0,,card,M. Barbieri,False,yellow,Argument,,,,,,
brasileirao_serie_b_2026,2026-03-22,1,Avaí,Juventude,2,0,37,,goal,F. Avenatti,True,,,,,,,1,0
brasileirao_serie_b_2026,2026-03-22,1,Avaí,Juventude,2,0,42,,card,Z. Ricardo,True,yellow,Foul,,,,,,
brasileirao_serie_b_2026,2026-03-22,1,Avaí,Juventude,2,0,45,,period,,,,,,,HT,,1,0
brasileirao_serie_b_2026,2026-03-22,1,Avaí,Juventude,2,0,45,2,card,D. Teixeira,True,yellow,Foul,,,,,,
brasileirao_serie_b_2026,2026-03-22,1,Avaí,Juventude,2,0,45,,injuryTime,,,,,,,,5,,
brasileirao_serie_b_2026,2026-03-22,1,Avaí,Juventude,2,0,46,,substitution,,False,,,Nathan,R. Ramos,,,,
brasileirao_serie_b_2026,2026-03-22,1,Avaí,Juventude,2,0,46,,substitution,,False,,,Allanzinho,Wadson,,,,
brasileirao_serie_b_2026,2026-03-22,1,Avaí,Juventude,2,0,61,,substitution,,False,,,F. Lima,M. Castro,,,,
brasileirao_serie_b_2026,2026-03-22,1,Avaí,Juventude,2,0,65,,substitution,,True,,,P. Vitor,F. Avenatti,,,,
brasileirao_serie_b_2026,2026-03-22,1,Avaí,Juventude,2,0,66,,substitution,,True,,,Sorriso,T. Roberth,,,,
brasileirao_serie_b_2026,2026-03-22,1,Avaí,Juventude,2,0,68,,substitution,,False,,,Raí,Pablo,,,,
brasileirao_serie_b_2026,2026-03-22,1,Avaí,Juventude,2,0,74,,substitution,,False,,,Alan Kardec,L. M. Gonçalves,,,,
brasileirao_serie_b_2026,2026-03-22,1,Avaí,Juventude,2,0,74,,substitution,,True,,,W. d. S. França,J. Lucas,,,,
brasileirao_serie_b_2026,2026-03-22,1,Avaí,Juventude,2,0,75,,goal,W. d. S. França,True,,,,,,,2,0
brasileirao_serie_b_2026,2026-03-22,1,Avaí,Juventude,2,0,76,,card,W. d. S. França,True,yellow,,,,,,,
brasileirao_serie_b_2026,2026-03-22,1,Avaí,Juventude,2,0,87,,substitution,,True,,,Wesley Gasolina,L. Henrique,,,,
brasileirao_serie_b_2026,2026-03-22,1,Avaí,Juventude,2,0,87,,substitution,,True,,,Wenderson,D. Penha,,,,
brasileirao_serie_b_2026,2026-03-22,1,Avaí,Juventude,2,0,90,,period,,,,,,,FT,,2,0
brasileirao_serie_b_2026,2026-03-22,1,Avaí,Juventude,2,0,90,,injuryTime,,,,,,,,7,,
brasileirao_serie_b_2026,2026-03-22,1,Goiás,América Mineiro,3,1,0,,card,D. Paulista,True,yellow,Argument,,,,,,
brasileirao_serie_b_2026,2026-03-22,1,Goiás,América Mineiro,3,1,31,,goal,Tadeu,True,,,,,,,2,0
brasileirao_serie_b_2026,2026-03-22,1,Goiás,América Mineiro,3,1,43,,card,Filipe Machado,True,red,Foul,,,,,,
brasileirao_serie_b_2026,2026-03-22,1,Goiás,América Mineiro,3,1,45,,period,,,,,,,HT,,2,0
brasileirao_serie_b_2026,2026-03-22,1,Goiás,América Mineiro,3,1,45,2,card,Nicolas,True,yellow,Foul,,,,,,
brasileirao_serie_b_2026,2026-03-22,1,Goiás,América Mineiro,3,1,45,,injuryTime,,,,,,,,9,,
brasileirao_serie_b_2026,2026-03-22,1,Goiás,América Mineiro,3,1,46,,substitution,,False,,,W. Bigode,Y. Souza,,,,
brasileirao_serie_b_2026,2026-03-22,1,Goiás,América Mineiro,3,1,46,,substitution,,False,,,Paulinho,Artur,,,,
brasileirao_serie_b_2026,2026-03-22,1,Goiás,América Mineiro,3,1,46,,substitution,,True,,,M. Camara,L. Lima,,,,
brasileirao_serie_b_2026,2026-03-22,1,Goiás,América Mineiro,3,1,46,,substitution,,True,,,G. B. d. Camargo,J. Carlos,,,,
brasileirao_serie_b_2026,2026-03-22,1,Goiás,América Mineiro,3,1,5,,varDecision,W. Bigode,False,,,,,,,,
brasileirao_serie_b_2026,2026-03-22,1,Goiás,América Mineiro,3,1,53,,substitution,,True,,,Juninho,Lourenço,,,,
brasileirao_serie_b_2026,2026-03-22,1,Goiás,América Mineiro,3,1,60,,substitution,,False,,,F. Elizari,E. Person,,,,
brasileirao_serie_b_2026,2026-03-22,1,Goiás,América Mineiro,3,1,60,,substitution,,False,,,Matías Segovia,G. Barros,,,,
brasileirao_serie_b_2026,2026-03-22,1,Goiás,América Mineiro,3,1,65,,substitution,,True,,,Cadu,A. Ramon,,,,
brasileirao_serie_b_2026,2026-03-22,1,Goiás,América Mineiro,3,1,71,,substitution,,False,,,Alê,F. Amaral,,,,
brasileirao_serie_b_2026,2026-03-22,1,Goiás,América Mineiro,3,1,81,,substitution,,True,,,Djalma,Nicolas,,,,
brasileirao_serie_b_2026,2026-03-22,1,Goiás,América Mineiro,3,1,86,,goal,Gegê,True,,,,,,,3,0
brasileirao_serie_b_2026,2026-03-22,1,Goiás,América Mineiro,3,1,9,,goal,A. Ramon,True,,,,,,,1,0
brasileirao_serie_b_2026,2026-03-22,1,Goiás,América Mineiro,3,1,90,,period,,,,,,,FT,,3,1
brasileirao_serie_b_2026,2026-03-22,1,Goiás,América Mineiro,3,1,90,5,card,Thauan,False,yellow,Argument,,,,,,
brasileirao_serie_b_2026,2026-03-22,1,Goiás,América Mineiro,3,1,90,2,varDecision,G. Mastriani,False,,,,,,,,
brasileirao_serie_b_2026,2026-03-22,1,Goiás,América Mineiro,3,1,90,1,goal,G. Mastriani,False,,,,,,,3,1
brasileirao_serie_b_2026,2026-03-22,1,Goiás,América Mineiro,3,1,90,,injuryTime,,,,,,,,7,,
brasileirao_serie_b_2026,2026-03-22,1,Grêmio Novorizontino,Londrina,1,3,0,,card,A. R. Aal,False,yellow,Argument,,,,,,
brasileirao_serie_b_2026,2026-03-22,1,Grêmio Novorizontino,Londrina,1,3,28,,card,Kevyn,False,yellow,Foul,,,,,,
brasileirao_serie_b_2026,2026-03-22,1,Grêmio Novorizontino,Londrina,1,3,36,,card,Iago,False,yellow,Foul,,,,,,
brasileirao_serie_b_2026,2026-03-22,1,Grêmio Novorizontino,Londrina,1,3,45,,period,,,,,,,HT,,0,0
brasileirao_serie_b_2026,2026-03-22,1,Grêmio Novorizontino,Londrina,1,3,45,,injuryTime,,,,,,,,4,,
brasileirao_serie_b_2026,2026-03-22,1,Grêmio Novorizontino,Londrina,1,3,46,,substitution,,False,,,B. Santos,Gilberto,,,,
brasileirao_serie_b_2026,2026-03-22,1,Grêmio Novorizontino,Londrina,1,3,48,,goal,B. Santos,False,,,,,,,0,1
brasileirao_serie_b_2026,2026-03-22,1,Grêmio Novorizontino,Londrina,1,3,57,,goal,L. Marques,False,,,,,,,0,2
brasileirao_serie_b_2026,2026-03-22,1,Grêmio Novorizontino,Londrina,1,3,59,,substitution,,True,,,Juninho,Luís Oyama,,,,
brasileirao_serie_b_2026,2026-03-22,1,Grêmio Novorizontino,Londrina,1,3,59,,substitution,,True,,,C. Ortíz,Rômulo,,,,
brasileirao_serie_b_2026,2026-03-22,1,Grêmio Novorizontino,Londrina,1,3,66,,substitution,,True,,,Carlão,Robson,,,,
brasileirao_serie_b_2026,2026-03-22,1,Grêmio Novorizontino,Londrina,1,3,66,,substitution,,True,,,D. Mathias,Tavinho,,,,
brasileirao_serie_b_2026,2026-03-22,1,Grêmio Novorizontino,Londrina,1,3,72,,substitution,,False,,,Fabiano,L. Marques,,,,
brasileirao_serie_b_2026,2026-03-22,1,Grêmio Novorizontino,Londrina,1,3,73,,substitution,,False,,,P. Moccelin,Vitinho,,,,
brasileirao_serie_b_2026,2026-03-22,1,Grêmio Novorizontino,Londrina,1,3,73,,substitution,,False,,,Heron,A. Dhominique,,,,
brasileirao_serie_b_2026,2026-03-22,1,Grêmio Novorizontino,Londrina,1,3,83,,substitution,,False,,,J. Tavares,T. Cantanhede,,,,
brasileirao_serie_b_2026,2026-03-22,1,Grêmio Novorizontino,Londrina,1,3,83,,substitution,,True,,,Jardiel,D. Galo,,,,
brasileirao_serie_b_2026,2026-03-22,1,Grêmio Novorizontino,Londrina,1,3,85,,card,Kozlinski,False,yellow,Time wasting,,,,,,
brasileirao_serie_b_2026,2026-03-22,1,Grêmio Novorizontino,Londrina,1,3,89,,goal,A. Luiz,False,,,,,,,0,3
brasileirao_serie_b_2026,2026-03-22,1,Grêmio Novorizontino,Londrina,1,3,90,,period,,,,,,,FT,,1,3
brasileirao_serie_b_2026,2026-03-22,1,Grêmio Novorizontino,Londrina,1,3,90,6,goal,Carlão,True,,,,,,,1,3
brasileirao_serie_b_2026,2026-03-22,1,Grêmio Novorizontino,Londrina,1,3,90,,injuryTime,,,,,,,,7,,
brasileirao_serie_b_2026,2026-03-22,1,Náutico,Criciúma,0,1,0,,card,H. D. Anjos,True,yellow,Argument,,,,,,
brasileirao_serie_b_2026,2026-03-22,1,Náutico,Criciúma,0,1,19,,card,I. Fernandes,True,yellow,Foul,,,,,,
brasileirao_serie_b_2026,2026-03-22,1,Náutico,Criciúma,0,1,35,,card,Arnaldo,True,yellow,Foul,,,,,,
brasileirao_serie_b_2026,2026-03-22,1,Náutico,Criciúma,0,1,35,,card,E. Biasi,False,yellow,Foul,,,,,,
brasileirao_serie_b_2026,2026-03-22,1,Náutico,Criciúma,0,1,38,,card,Vinícius,True,yellow,Simulation,,,,,,
brasileirao_serie_b_2026,2026-03-22,1,Náutico,Criciúma,0,1,45,,period,,,,,,,HT,,0,1
brasileirao_serie_b_2026,2026-03-22,1,Náutico,Criciúma,0,1,45,,injuryTime,,,,,,,,7,,
brasileirao_serie_b_2026,2026-03-22,1,Náutico,Criciúma,0,1,46,,substitution,,True,,,Betão,I. Fernandes,,,,
brasileirao_serie_b_2026,2026-03-22,1,Náutico,Criciúma,0,1,46,,substitution,,False,,,Diego Gonçalves,R. Otero,,,,
brasileirao_serie_b_2026,2026-03-22,1,Náutico,Criciúma,0,1,46,,substitution,,False,,,T. R. S. Modesto,E. Biasi,,,,
brasileirao_serie_b_2026,2026-03-22,1,Náutico,Criciúma,0,1,46,,substitution,,True,,,L. d. O. Jance,Yuri,,,,
brasileirao_serie_b_2026,2026-03-22,1,Náutico,Criciúma,0,1,49,,varDecision,Samuel,True,,,,,,,,
brasileirao_serie_b_2026,2026-03-22,1,Náutico,Criciúma,0,1,51,,card,Samuel,True,red,Foul,,,,,,
brasileirao_serie_b_2026,2026-03-22,1,Náutico,Criciúma,0,1,57,,substitution,,False,,,W. Lepo,Marcinho,,,,
brasileirao_serie_b_2026,2026-03-22,1,Náutico,Criciúma,0,1,6,,goal,Waguininho,False,,,,,,,0,1
brasileirao_serie_b_2026,2026-03-22,1,Náutico,Criciúma,0,1,61,,card,B. Alves,False,yellow,Foul,,,,,,
brasileirao_serie_b_2026,2026-03-22,1,Náutico,Criciúma,0,1,63,,substitution,,True,,,F. Cardoso,Juninho,,,,
brasileirao_serie_b_2026,2026-03-22,1,Náutico,Criciúma,0,1,69,,substitution,,False,,,F. Mateus,Jean Irmer,,,,
brasileirao_serie_b_2026,2026-03-22,1,Náutico,Criciúma,0,1,71,,substitution,,True,,,Ramon,Vitinho,,,,
brasileirao_serie_b_2026,2026-03-22,1,Náutico,Criciúma,0,1,73,,substitution,,False,,,João Carlos,J. Robert,,,,
brasileirao_serie_b_2026,2026-03-22,1,Náutico,Criciúma,0,1,79,,substitution,,True,,,Rosa,Dodô,,,,
brasileirao_serie_b_2026,2026-03-22,1,Náutico,Criciúma,0,1,83,,card,T. R. S. Modesto,False,yellow,Foul,,,,,,
brasileirao_serie_b_2026,2026-03-22,1,Náutico,Criciúma,0,1,90,,period,,,,,,,FT,,0,1
brasileirao_serie_b_2026,2026-03-22,1,Náutico,Criciúma,0,1,90,,injuryTime,,,,,,,,8,,
brasileirao_serie_b_2026,2026-03-31,2,Fortaleza,Cuiabá,0,0,0,,card,T. Carpini,True,red,Violent conduct,,,,,,
brasileirao_serie_b_2026,2026-03-31,2,Fortaleza,Cuiabá,0,0,0,,card,E. Barros,False,red,Violent conduct,,,,,,
brasileirao_serie_b_2026,2026-03-31,2,Fortaleza,Cuiabá,0,0,45,,period,,,,,,,HT,,0,0
brasileirao_serie_b_2026,2026-03-31,2,Fortaleza,Cuiabá,0,0,45,,injuryTime,,,,,,,,5,,
brasileirao_serie_b_2026,2026-03-31,2,Fortaleza,Cuiabá,0,0,46,,substitution,,False,,,J. Basso,Luisão,,,,
brasileirao_serie_b_2026,2026-03-31,2,Fortaleza,Cuiabá,0,0,46,,substitution,,False,,,K. Cristtyan,V. Peixoto,,,,
brasileirao_serie_b_2026,2026-03-31,2,Fortaleza,Cuiabá,0,0,58,,substitution,,True,,,Rodriguinho,Ryan,,,,
brasileirao_serie_b_2026,2026-03-31,2,Fortaleza,Cuiabá,0,0,59,,substitution,,True,,,L. Crispim,G. Fuentes,,,,
brasileirao_serie_b_2026,2026-03-31,2,Fortaleza,Cuiabá,0,0,61,,substitution,,True,,,L. Emanoel,L. Prior,,,,
brasileirao_serie_b_2026,2026-03-31,2,Fortaleza,Cuiabá,0,0,67,,substitution,,False,,,Weverson,L. Otavio,,,,
brasileirao_serie_b_2026,2026-03-31,2,Fortaleza,Cuiabá,0,0,73,,substitution,,True,,,J. Miritello,T. Pochettino,,,,
brasileirao_serie_b_2026,2026-03-31,2,Fortaleza,Cuiabá,0,0,76,,card,L. Emanoel,True,yellow,Argument,,,,,,
brasileirao_serie_b_2026,2026-03-31,2,Fortaleza,Cuiabá,0,0,78,,substitution,,True,,,R. Santos,M. Lima,,,,
brasileirao_serie_b_2026,2026-03-31,2,Fortaleza,Cuiabá,0,0,79,,substitution,,False,,,Hernandes,R. Rodrigues,,,,
brasileirao_serie_b_2026,2026-03-31,2,Fortaleza,Cuiabá,0,0,81,,card,D. M. d. S. Arcanjo,False,yellow,Foul,,,,,,
brasileirao_serie_b_2026,2026-03-31,2,Fortaleza,Cuiabá,0,0,86,,substitution,,False,,,Eric,Lorenzo,,,,
brasileirao_serie_b_2026,2026-03-31,2,Fortaleza,Cuiabá,0,0,86,,card,Hernandes,False,yellow,Foul,,,,,,
brasileirao_serie_b_2026,2026-03-31,2,Fortaleza,Cuiabá,0,0,90,,period,,,,,,,FT,,0,0
brasileirao_serie_b_2026,2026-03-31,2,Fortaleza,Cuiabá,0,0,90,,injuryTime,,,,,,,,10,,
brasileirao_serie_b_2026,2026-03-31,2,Juventude,Grêmio Novorizontino,0,0,13,,card,L. M. Gonçalves,True,yellow,,,,,,,
brasileirao_serie_b_2026,2026-03-31,2,Juventude,Grêmio Novorizontino,0,0,24,,card,Luís Oyama,False,yellow,,,,,,,
brasileirao_serie_b_2026,2026-03-31,2,Juventude,Grêmio Novorizontino,0,0,46,,substitution,,False,,,Juninho,D. Mathias,,,,
brasileirao_serie_b_2026,2026-03-31,2,Juventude,Grêmio Novorizontino,0,0,57,,substitution,,True,,,Nathan,R. Ramos,,,,
brasileirao_serie_b_2026,2026-03-31,2,Juventude,Grêmio Novorizontino,0,0,58,,substitution,,True,,,A. Safira,M. Castro,,,,
brasileirao_serie_b_2026,2026-03-31,2,Juventude,Grêmio Novorizontino,0,0,59,,card,N. Castrillón,False,yellow,,,,,,,
brasileirao_serie_b_2026,2026-03-31,2,Juventude,Grêmio Novorizontino,0,0,66,,card,M. Paulo,True,yellow,,,,,,,
brasileirao_serie_b_2026,2026-03-31,2,Juventude,Grêmio Novorizontino,0,0,68,,substitution,,True,,,Allanzinho,M. Paulo,,,,
brasileirao_serie_b_2026,2026-03-31,2,Juventude,Grêmio Novorizontino,0,0,68,,substitution,,True,,,Alan Kardec,Raí,,,,
brasileirao_serie_b_2026,2026-03-31,2,Juventude,Grêmio Novorizontino,0,0,71,,substitution,,False,,,Tavinho,Vinicius Paiva,,,,
brasileirao_serie_b_2026,2026-03-31,2,Juventude,Grêmio Novorizontino,0,0,71,,substitution,,False,,,C. Ortíz,Rômulo,,,,
brasileirao_serie_b_2026,2026-03-31,2,Juventude,Grêmio Novorizontino,0,0,82,,substitution,,False,,,N. Careca,Robson,,,,
brasileirao_serie_b_2026,2026-03-31,2,Juventude,Grêmio Novorizontino,0,0,85,,substitution,,False,,,Carlinhos,E. Brock,,,,
brasileirao_serie_b_2026,2026-03-31,2,Juventude,Grêmio Novorizontino,0,0,87,,card,Allanzinho,True,yellow,,,,,,,
brasileirao_serie_b_2026,2026-03-31,2,Juventude,Grêmio Novorizontino,0,0,90,,card,L. Mandaca,True,yellow,,,,,,,
brasileirao_serie_b_2026,2026-03-31,2,Juventude,Grêmio Novorizontino,0,0,90,,card,N. Careca,False,yellow,,,,,,,
brasileirao_serie_b_2026,2026-04-01,2,América Mineiro,Botafogo-SP,1,2,0,,card,C. Tencati,False,yellow,Argument,,,,,,
brasileirao_serie_b_2026,2026-04-01,2,América Mineiro,Botafogo-SP,1,2,32,,goal,E. Morelli,False,,,,,,,1,1
brasileirao_serie_b_2026,2026-04-01,2,América Mineiro,Botafogo-SP,1,2,45,,period,,,,,,,HT,,1,1
brasileirao_serie_b_2026,2026-04-01,2,América Mineiro,Botafogo-SP,1,2,45,4,card,Kelvin,False,yellow,Foul,,,,,,
brasileirao_serie_b_2026,2026-04-01,2,América Mineiro,Botafogo-SP,1,2,45,,injuryTime,,,,,,,,4,,
brasileirao_serie_b_2026,2026-04-01,2,América Mineiro,Botafogo-SP,1,2,46,,substitution,,True,,,Thauan,G. Barros,,,,
brasileirao_serie_b_2026,2026-04-01,2,América Mineiro,Botafogo-SP,1,2,54,,card,Z. Hugo,False,yellow,Foul,,,,,,
brasileirao_serie_b_2026,2026-04-01,2,América Mineiro,Botafogo-SP,1,2,59,,goal,Z. Hugo,False,,,,,,,1,2
brasileirao_serie_b_2026,2026-04-01,2,América Mineiro,Botafogo-SP,1,2,61,,substitution,,True,,,Y. Souza,F. Amaral,,,,
brasileirao_serie_b_2026,2026-04-01,2,América Mineiro,Botafogo-SP,1,2,72,,substitution,,True,,,Matías Segovia,W. Bigode,,,,
brasileirao_serie_b_2026,2026-04-01,2,América Mineiro,Botafogo-SP,1,2,72,,substitution,,True,,,Jhonny,L. Alaba,,,,
brasileirao_serie_b_2026,2026-04-01,2,América Mineiro,Botafogo-SP,1,2,75,,substitution,,False,,,M. Sales,R. Gava,,,,
brasileirao_serie_b_2026,2026-04-01,2,América Mineiro,Botafogo-SP,1,2,75,,substitution,,False,,,Luizão,Hygor,,,,
brasileirao_serie_b_2026,2026-04-01,2,América Mineiro,Botafogo-SP,1,2,76,,card,Luizão,False,yellow,Time wasting,,,,,,
brasileirao_serie_b_2026,2026-04-01,2,América Mineiro,Botafogo-SP,1,2,78,,substitution,,True,,,P. Victor,E. Person,,,,
brasileirao_serie_b_2026,2026-04-01,2,América Mineiro,Botafogo-SP,1,2,8,,goal,G. Mastriani,True,,,,,,,1,0
brasileirao_serie_b_2026,2026-04-01,2,América Mineiro,Botafogo-SP,1,2,83,,substitution,,False,,,Jonathan,Gabriel Inocêncio,,,,
brasileirao_serie_b_2026,2026-04-01,2,América Mineiro,Botafogo-SP,1,2,83,,substitution,,False,,,J. Nem,Kelvin,,,,
brasileirao_serie_b_2026,2026-04-01,2,América Mineiro,Botafogo-SP,1,2,89,,card,M. Sales,False,yellow,Foul,,,,,,
brasileirao_serie_b_2026,2026-04-01,2,América Mineiro,Botafogo-SP,1,2,90,,period,,,,,,,FT,,1,2
brasileirao_serie_b_2026,2026-04-01,2,América Mineiro,Botafogo-SP,1,2,90,2,card,Gustavo,True,yellow,Argument,,,,,,
brasileirao_serie_b_2026,2026-04-01,2,América Mineiro,Botafogo-SP,1,2,90,1,card,G. Mastriani,True,yellow,Argument,,,,,,
brasileirao_serie_b_2026,2026-04-01,2,América Mineiro,Botafogo-SP,1,2,90,,substitution,,False,,,Thiaguinho,Z. Hugo,,,,
brasileirao_serie_b_2026,2026-04-01,2,América Mineiro,Botafogo-SP,1,2,90,,injuryTime,,,,,,,,6,,
brasileirao_serie_b_2026,2026-04-01,2,Atlético Goianiense,Náutico,1,2,38,,card,L. Felipe,False,yellow,,,,,,,
brasileirao_serie_b_2026,2026-04-01,2,Atlético Goianiense,Náutico,1,2,41,,goal,L. Jacó,True,,,,,,,1,0
brasileirao_serie_b_2026,2026-04-01,2,Atlético Goianiense,Náutico,1,2,45,,period,,,,,,,HT,,1,0
brasileirao_serie_b_2026,2026-04-01,2,Atlético Goianiense,Náutico,1,2,45,,injuryTime,,,,,,,,3,,
brasileirao_serie_b_2026,2026-04-01,2,Atlético Goianiense,Náutico,1,2,46,,substitution,,False,,,Leonai,L. Felipe,,,,
brasileirao_serie_b_2026,2026-04-01,2,Atlético Goianiense,Náutico,1,2,46,,substitution,,False,,,I. Fernandes,Betão,,,,
brasileirao_serie_b_2026,2026-04-01,2,Atlético Goianiense,Náutico,1,2,50,,card,Leonai,False,yellow,,,,,,,
brasileirao_serie_b_2026,2026-04-01,2,Atlético Goianiense,Náutico,1,2,55,,substitution,,False,,,F. Saraiva,Vitinho,,,,
brasileirao_serie_b_2026,2026-04-01,2,Atlético Goianiense,Náutico,1,2,55,,substitution,,False,,,V. Andrade,Juninho,,,,
brasileirao_serie_b_2026,2026-04-01,2,Atlético Goianiense,Náutico,1,2,69,,substitution,,True,,,Indio,I. Henrique,,,,
brasileirao_serie_b_2026,2026-04-01,2,Atlético Goianiense,Náutico,1,2,78,,goal,Vinícius,False,,,,,,,1,1
brasileirao_serie_b_2026,2026-04-01,2,Atlético Goianiense,Náutico,1,2,80,,substitution,,True,,,Vitinho,Guilherme Marques,,,,
brasileirao_serie_b_2026,2026-04-01,2,Atlético Goianiense,Náutico,1,2,80,,substitution,,True,,,G. Soares,L. Jacó,,,,
brasileirao_serie_b_2026,2026-04-01,2,Atlético Goianiense,Náutico,1,2,80,,substitution,,False,,,Wanderson,Mateus Silva,,,,
brasileirao_serie_b_2026,2026-04-01,2,Atlético Goianiense,Náutico,1,2,82,,goal,I. Fernandes,False,,,,,,,1,2
brasileirao_serie_b_2026,2026-04-01,2,Atlético Goianiense,Náutico,1,2,83,,substitution,,True,,,J. Gentil,Cristiano,,,,
brasileirao_serie_b_2026,2026-04-01,2,Atlético Goianiense,Náutico,1,2,84,,substitution,,True,,,F. Guimarães,Ewerthon,,,,
brasileirao_serie_b_2026,2026-04-01,2,Atlético Goianiense,Náutico,1,2,85,,card,Indio,True,yellow,,,,,,,
brasileirao_serie_b_2026,2026-04-01,2,Atlético Goianiense,Náutico,1,2,88,,card,Wanderson,False,red,,,,,,,
brasileirao_serie_b_2026,2026-04-01,2,Atlético Goianiense,Náutico,1,2,90,,period,,,,,,,FT,,1,2
brasileirao_serie_b_2026,2026-04-01,2,Atlético Goianiense,Náutico,1,2,90,9,card,F. Saraiva,False,yellow,,,,,,,
brasileirao_serie_b_2026,2026-04-01,2,Atlético Goianiense,Náutico,1,2,90,,varDecision,F. Saraiva,False,,,,,,,,
brasileirao_serie_b_2026,2026-04-01,2,Atlético Goianiense,Náutico,1,2,90,5,card,Yuri,False,yellow,,,,,,,
brasileirao_serie_b_2026,2026-04-01,2,Atlético Goianiense,Náutico,1,2,90,,injuryTime,,,,,,,,7,,
brasileirao_serie_b_2026,2026-04-01,2,Londrina,Goiás,2,2,23,,card,G. B. d. Camargo,False,yellow,,,,,,,
brasileirao_serie_b_2026,2026-04-01,2,Londrina,Goiás,2,2,32,,card,Vitinho,True,yellow,,,,,,,
brasileirao_serie_b_2026,2026-04-01,2,Londrina,Goiás,2,2,33,,goal,B. Santos,True,,,,,,,1,0
brasileirao_serie_b_2026,2026-04-01,2,Londrina,Goiás,2,2,38,,goal,A. Ramon,False,,,,,,,1,1
brasileirao_serie_b_2026,2026-04-01,2,Londrina,Goiás,2,2,39,,card,Lourenço,False,yellow,,,,,,,
brasileirao_serie_b_2026,2026-04-01,2,Londrina,Goiás,2,2,42,,card,Luiz Felipe,False,yellow,,,,,,,
brasileirao_serie_b_2026,2026-04-01,2,Londrina,Goiás,2,2,45,,period,,,,,,,HT,,1,1
brasileirao_serie_b_2026,2026-04-01,2,Londrina,Goiás,2,2,45,,card,Kevyn,True,yellow,,,,,,,
brasileirao_serie_b_2026,2026-04-01,2,Londrina,Goiás,2,2,45,,injuryTime,,,,,,,,2,,
brasileirao_serie_b_2026,2026-04-01,2,Londrina,Goiás,2,2,46,,substitution,,False,,,Juninho,G. B. d. Camargo,,,,
brasileirao_serie_b_2026,2026-04-01,2,Londrina,Goiás,2,2,46,,substitution,,True,,,Weverton,A. Dhominique,,,,
brasileirao_serie_b_2026,2026-04-01,2,Londrina,Goiás,2,2,54,,card,L. Lima,False,yellow,,,,,,,
brasileirao_serie_b_2026,2026-04-01,2,Londrina,Goiás,2,2,59,,goal,Iago,True,,,,,,,2,1
brasileirao_serie_b_2026,2026-04-01,2,Londrina,Goiás,2,2,60,,card,Iago,True,yellow,,,,,,,
brasileirao_serie_b_2026,2026-04-01,2,Londrina,Goiás,2,2,62,,substitution,,False,,,E. García,L. Lima,,,,
brasileirao_serie_b_2026,2026-04-01,2,Londrina,Goiás,2,2,62,,substitution,,False,,,B. Sávio,J. Carlos,,,,
brasileirao_serie_b_2026,2026-04-01,2,Londrina,Goiás,2,2,65,,card,L. Marques,True,yellow,,,,,,,
brasileirao_serie_b_2026,2026-04-01,2,Londrina,Goiás,2,2,69,,substitution,,False,,,Diego Caito,R. Soares,,,,
brasileirao_serie_b_2026,2026-04-01,2,Londrina,Goiás,2,2,75,,substitution,,True,,,P. Moccelin,Vitinho,,,,
brasileirao_serie_b_2026,2026-04-01,2,Londrina,Goiás,2,2,76,,substitution,,False,,,Cadu,Gegê,,,,
brasileirao_serie_b_2026,2026-04-01,2,Londrina,Goiás,2,2,81,,substitution,,True,,,Fabiano,L. Marques,,,,
brasileirao_serie_b_2026,2026-04-01,2,Londrina,Goiás,2,2,81,,substitution,,True,,,G. Lacerda,T. Cantanhede,,,,
brasileirao_serie_b_2026,2026-04-01,2,Londrina,Goiás,2,2,87,,substitution,,True,,,Juninho,Iago,,,,
brasileirao_serie_b_2026,2026-04-01,2,Londrina,Goiás,2,2,88,,card,L. Fellipe,False,yellow,,,,,,,
brasileirao_serie_b_2026,2026-04-01,2,Londrina,Goiás,2,2,90,,period,,,,,,,FT,,2,2
brasileirao_serie_b_2026,2026-04-01,2,Londrina,Goiás,2,2,90,6,goal,E. García,False,,,,,,,2,2
brasileirao_serie_b_2026,2026-04-01,2,Londrina,Goiás,2,2,90,,injuryTime,,,,,,,,7,,
brasileirao_serie_b_2026,2026-04-01,2,Sport Recife,Vila Nova FC,1,1,35,,substitution,,True,,,Perotti,Z. Roberto,,,,
brasileirao_serie_b_2026,2026-04-01,2,Sport Recife,Vila Nova FC,1,1,36,,card,C. Marcelo,False,yellow,,,,,,,
brasileirao_serie_b_2026,2026-04-01,2,Sport Recife,Vila Nova FC,1,1,39,,card,R. Lima,False,yellow,,,,,,,
brasileirao_serie_b_2026,2026-04-01,2,Sport Recife,Vila Nova FC,1,1,43,,card,Z. Marcos,True,yellow,,,,,,,
brasileirao_serie_b_2026,2026-04-01,2,Sport Recife,Vila Nova FC,1,1,45,,period,,,,,,,HT,,0,0
brasileirao_serie_b_2026,2026-04-01,2,Sport Recife,Vila Nova FC,1,1,45,8,card,Nathan Camargo,False,yellow,,,,,,,
brasileirao_serie_b_2026,2026-04-01,2,Sport Recife,Vila Nova FC,1,1,45,5,card,I. Castilho,True,red,,,,,,,
brasileirao_serie_b_2026,2026-04-01,2,Sport Recife,Vila Nova FC,1,1,45,,varDecision,I. Castilho,True,,,,,,,,
brasileirao_serie_b_2026,2026-04-01,2,Sport Recife,Vila Nova FC,1,1,45,,injuryTime,,,,,,,,4,,
brasileirao_serie_b_2026,2026-04-01,2,Sport Recife,Vila Nova FC,1,1,46,,substitution,,False,,,Willian Maranhão,Nathan Camargo,,,,
brasileirao_serie_b_2026,2026-04-01,2,Sport Recife,Vila Nova FC,1,1,53,,card,Hayner,False,yellow,,,,,,,
brasileirao_serie_b_2026,2026-04-01,2,Sport Recife,Vila Nova FC,1,1,57,,substitution,,False,,,Elias,Hayner,,,,
brasileirao_serie_b_2026,2026-04-01,2,Sport Recife,Vila Nova FC,1,1,59,,goal,Janderson,False,,,,,,,0,1
brasileirao_serie_b_2026,2026-04-01,2,Sport Recife,Vila Nova FC,1,1,67,,substitution,,True,,,Carlos De Pena,Zé Gabriel,,,,
brasileirao_serie_b_2026,2026-04-01,2,Sport Recife,Vila Nova FC,1,1,69,,card,Y. Felipe,True,yellow,,,,,,,
brasileirao_serie_b_2026,2026-04-01,2,Sport Recife,Vila Nova FC,1,1,77,,substitution,,True,,,P. Victor,A. Pucci,,,,
brasileirao_serie_b_2026,2026-04-01,2,Sport Recife,Vila Nova FC,1,1,77,,substitution,,True,,,Clayson,C. Barletta,,,,
brasileirao_serie_b_2026,2026-04-01,2,Sport Recife,Vila Nova FC,1,1,77,,substitution,,True,,,Marlon,Y. Felipe,,,,
brasileirao_serie_b_2026,2026-04-01,2,Sport Recife,Vila Nova FC,1,1,78,,goal,Perotti,True,,,,,,,1,1
brasileirao_serie_b_2026,2026-04-01,2,Sport Recife,Vila Nova FC,1,1,78,,substitution,,False,,,Dodô,Janderson,,,,
brasileirao_serie_b_2026,2026-04-01,2,Sport Recife,Vila Nova FC,1,1,78,,substitution,,False,,,B. Xavier,R. Lima,,,,
brasileirao_serie_b_2026,2026-04-01,2,Sport Recife,Vila Nova FC,1,1,88,,substitution,,False,,,Dudu,T. Pagnussat,,,,
brasileirao_serie_b_2026,2026-04-01,2,Sport Recife,Vila Nova FC,1,1,90,,period,,,,,,,FT,,1,1
brasileirao_serie_b_2026,2026-04-01,2,Sport Recife,Vila Nova FC,1,1,90,7,card,Dellatorre,False,red,,,,,,,
brasileirao_serie_b_2026,2026-04-01,2,Sport Recife,Vila Nova FC,1,1,90,,varDecision,Dellatorre,False,,,,,,,,
brasileirao_serie_b_2026,2026-04-01,2,Sport Recife,Vila Nova FC,1,1,90,,injuryTime,,,,,,,,5,,
brasileirao_serie_b_2026,2026-04-02,2,Clube De Regatas Brasil,Avaí,0,1,15,,substitution,,False,,,P. Vitor,D. Penha,,,,
brasileirao_serie_b_2026,2026-04-02,2,Clube De Regatas Brasil,Avaí,0,1,26,,card,F. Alemão,True,yellow,,,,,,,
brasileirao_serie_b_2026,2026-04-02,2,Clube De Regatas Brasil,Avaí,0,1,35,,card,D. Teixeira,False,yellow,,,,,,,
brasileirao_serie_b_2026,2026-04-02,2,Clube De Regatas Brasil,Avaí,0,1,43,,substitution,,True,,,G. Estrella,P. Castro,,,,
brasileirao_serie_b_2026,2026-04-02,2,Clube De Regatas Brasil,Avaí,0,1,45,,period,,,,,,,HT,,0,0
brasileirao_serie_b_2026,2026-04-02,2,Clube De Regatas Brasil,Avaí,0,1,45,1,card,Z. Ricardo,False,yellow,,,,,,,
brasileirao_serie_b_2026,2026-04-02,2,Clube De Regatas Brasil,Avaí,0,1,45,,injuryTime,,,,,,,,4,,
brasileirao_serie_b_2026,2026-04-02,2,Clube De Regatas Brasil,Avaí,0,1,59,,substitution,,True,,,Guilherme Pato,Danielzinho,,,,
brasileirao_serie_b_2026,2026-04-02,2,Clube De Regatas Brasil,Avaí,0,1,60,,substitution,,True,,,D. Braw,D. Belmonte,,,,
brasileirao_serie_b_2026,2026-04-02,2,Clube De Regatas Brasil,Avaí,0,1,68,,substitution,,False,,,Wenderson,L. Henrique,,,,
brasileirao_serie_b_2026,2026-04-02,2,Clube De Regatas Brasil,Avaí,0,1,68,,substitution,,False,,,Sorriso,T. Roberth,,,,
brasileirao_serie_b_2026,2026-04-02,2,Clube De Regatas Brasil,Avaí,0,1,72,,card,Wallison,False,yellow,,,,,,,
brasileirao_serie_b_2026,2026-04-02,2,Clube De Regatas Brasil,Avaí,0,1,73,,substitution,,True,,,V. Barata,D. Baggio,,,,
brasileirao_serie_b_2026,2026-04-02,2,Clube De Regatas Brasil,Avaí,0,1,81,,substitution,,False,,,W. d. S. França,F. Avenatti,,,,
brasileirao_serie_b_2026,2026-04-02,2,Clube De Regatas Brasil,Avaí,0,1,85,,goal,W. d. S. França,False,,,,,,,0,1
brasileirao_serie_b_2026,2026-04-02,2,Clube De Regatas Brasil,Avaí,0,1,86,,card,B. Baldini,False,yellow,,,,,,,
brasileirao_serie_b_2026,2026-04-02,2,Clube De Regatas Brasil,Avaí,0,1,86,,card,W. d. S. França,False,yellow,,,,,,,
brasileirao_serie_b_2026,2026-04-02,2,Clube De Regatas Brasil,Avaí,0,1,88,,card,P. Vitor,False,yellow,,,,,,,
brasileirao_serie_b_2026,2026-04-02,2,Clube De Regatas Brasil,Avaí,0,1,90,,period,,,,,,,FT,,0,1
brasileirao_serie_b_2026,2026-04-02,2,Clube De Regatas Brasil,Avaí,0,1,90,3,card,Allyson,False,red,,,,,,,
brasileirao_serie_b_2026,2026-04-02,2,Clube De Regatas Brasil,Avaí,0,1,90,,varDecision,W. d. S. França,False,,,,,,,,
brasileirao_serie_b_2026,2026-04-02,2,Clube De Regatas Brasil,Avaí,0,1,90,,varDecision,Allyson,False,,,,,,,,
brasileirao_serie_b_2026,2026-04-02,2,Clube De Regatas Brasil,Avaí,0,1,90,,injuryTime,,,,,,,,6,,
brasileirao_serie_b_2026,2026-04-02,2,Criciúma,Athletic Club,1,1,0,,card,G. Tadeu,False,yellow,Argument,,,,,,
brasileirao_serie_b_2026,2026-04-02,2,Criciúma,Athletic Club,1,1,11,,card,Jhonathan,False,yellow,Foul,,,,,,
brasileirao_serie_b_2026,2026-04-02,2,Criciúma,Athletic Club,1,1,14,,card,Jota,False,yellow,Foul,,,,,,
brasileirao_serie_b_2026,2026-04-02,2,Criciúma,Athletic Club,1,1,17,,card,Ruan Assis,False,yellow,Foul,,,,,,
brasileirao_serie_b_2026,2026-04-02,2,Criciúma,Athletic Club,1,1,2,,goal,R. Tavares,False,,,,,,,0,1
brasileirao_serie_b_2026,2026-04-02,2,Criciúma,Athletic Club,1,1,30,,card,F. Mateus,True,yellow,Foul,,,,,,
brasileirao_serie_b_2026,2026-04-02,2,Criciúma,Athletic Club,1,1,32,,substitution,,True,,,H. Alves,B. Alves,,,,
brasileirao_serie_b_2026,2026-04-02,2,Criciúma,Athletic Club,1,1,36,,card,D. Vera,False,yellow,Foul,,,,,,
brasileirao_serie_b_2026,2026-04-02,2,Criciúma,Athletic Club,1,1,40,,card,Nicolas,True,yellow,Foul,,,,,,
brasileirao_serie_b_2026,2026-04-02,2,Criciúma,Athletic Club,1,1,43,,card,D. Vera,False,red,Foul,,,,,,
brasileirao_serie_b_2026,2026-04-02,2,Criciúma,Athletic Club,1,1,45,,period,,,,,,,HT,,0,1
brasileirao_serie_b_2026,2026-04-02,2,Criciúma,Athletic Club,1,1,45,,injuryTime,,,,,,,,5,,
brasileirao_serie_b_2026,2026-04-02,2,Criciúma,Athletic Club,1,1,46,,substitution,,False,,,G. Indio,Ruan Assis,,,,
brasileirao_serie_b_2026,2026-04-02,2,Criciúma,Athletic Club,1,1,46,,substitution,,False,,,J. Miguel,Jota,,,,
brasileirao_serie_b_2026,2026-04-02,2,Criciúma,Athletic Club,1,1,46,,substitution,,True,,,Marcinho,E. Biasi,,,,
brasileirao_serie_b_2026,2026-04-02,2,Criciúma,Athletic Club,1,1,58,,substitution,,False,,,K. Rodrigues,G. Cabezas,,,,
brasileirao_serie_b_2026,2026-04-02,2,Criciúma,Athletic Club,1,1,61,,goal,J. Robert,True,,,,,,,1,1
brasileirao_serie_b_2026,2026-04-02,2,Criciúma,Athletic Club,1,1,68,,card,H. Alves,True,yellow,Foul,,,,,,
brasileirao_serie_b_2026,2026-04-02,2,Criciúma,Athletic Club,1,1,68,,substitution,,True,,,Romarinho,R. Otero,,,,
brasileirao_serie_b_2026,2026-04-02,2,Criciúma,Athletic Club,1,1,79,,substitution,,True,,,T. R. S. Modesto,F. Mateus,,,,
brasileirao_serie_b_2026,2026-04-02,2,Criciúma,Athletic Club,1,1,79,,substitution,,True,,,João Carlos,J. Robert,,,,
brasileirao_serie_b_2026,2026-04-02,2,Criciúma,Athletic Club,1,1,88,,substitution,,False,,,P. Oliveira,Ian Luccas,,,,
brasileirao_serie_b_2026,2026-04-02,2,Criciúma,Athletic Club,1,1,90,,period,,,,,,,FT,,1,1
brasileirao_serie_b_2026,2026-04-02,2,Criciúma,Athletic Club,1,1,90,5,substitution,,False,,,G. Moyses,R. Tavares,,,,
brasileirao_serie_b_2026,2026-04-02,2,Criciúma,Athletic Club,1,1,90,,injuryTime,,,,,,,,7,,
brasileirao_serie_b_2026,2026-04-02,2,Ponte Preta,Ceará,1,1,23,,card,L. Lima,False,yellow,,,,,,,
brasileirao_serie_b_2026,2026-04-02,2,Ponte Preta,Ceará,1,1,45,,period,,,,,,,HT,,0,0
brasileirao_serie_b_2026,2026-04-02,2,Ponte Preta,Ceará,1,1,45,,card,L. Lima,False,yellowRed,,,,,,,
brasileirao_serie_b_2026,2026-04-02,2,Ponte Preta,Ceará,1,1,45,,injuryTime,,,,,,,,3,,
brasileirao_serie_b_2026,2026-04-02,2,Ponte Preta,Ceará,1,1,53,,goal,L. Phelipe,True,,,,,,,1,0
brasileirao_serie_b_2026,2026-04-02,2,Ponte Preta,Ceará,1,1,54,,substitution,,False,,,Matheusinho,Fernandinho,,,,
brasileirao_serie_b_2026,2026-04-02,2,Ponte Preta,Ceará,1,1,54,,substitution,,False,,,J. Alano,Richardson,,,,
brasileirao_serie_b_2026,2026-04-02,2,Ponte Preta,Ceará,1,1,59,,substitution,,True,,,Léo Gomes,Murilo,,,,
brasileirao_serie_b_2026,2026-04-02,2,Ponte Preta,Ceará,1,1,59,,substitution,,True,,,Baianinho,L. Phelipe,,,,
brasileirao_serie_b_2026,2026-04-02,2,Ponte Preta,Ceará,1,1,64,,card,M. Araújo,False,yellow,,,,,,,
brasileirao_serie_b_2026,2026-04-02,2,Ponte Preta,Ceará,1,1,65,,card,D. Braz,True,yellow,,,,,,,
brasileirao_serie_b_2026,2026-04-02,2,Ponte Preta,Ceará,1,1,66,,substitution,,False,,,Sánchez,Wendel,,,,
brasileirao_serie_b_2026,2026-04-02,2,Ponte Preta,Ceará,1,1,66,,substitution,,False,,,Giulio,M. Araújo,,,,
brasileirao_serie_b_2026,2026-04-02,2,Ponte Preta,Ceará,1,1,69,,substitution,,True,,,Justen,Thalys,,,,
brasileirao_serie_b_2026,2026-04-02,2,Ponte Preta,Ceará,1,1,71,,card,B. Borges,True,yellow,,,,,,,
brasileirao_serie_b_2026,2026-04-02,2,Ponte Preta,Ceará,1,1,74,,substitution,,True,,,D. Barcelos,Diego Porfirio,,,,
brasileirao_serie_b_2026,2026-04-02,2,Ponte Preta,Ceará,1,1,74,,substitution,,True,,,B. Lopes,Elvis,,,,
brasileirao_serie_b_2026,2026-04-02,2,Ponte Preta,Ceará,1,1,75,,substitution,,False,,,A. Silva,Fernando,,,,
brasileirao_serie_b_2026,2026-04-02,2,Ponte Preta,Ceará,1,1,81,,goal,Sánchez,False,,,,,,,1,1
brasileirao_serie_b_2026,2026-04-02,2,Ponte Preta,Ceará,1,1,90,,period,,,,,,,FT,,1,1
brasileirao_serie_b_2026,2026-04-02,2,Ponte Preta,Ceará,1,1,90,,injuryTime,,,,,,,,5,,
brasileirao_serie_b_2026,2026-04-02,2,São Bernardo,Operário-PR,1,2,2,,goal,Romisson,True,,,,,,,1,0
brasileirao_serie_b_2026,2026-04-02,2,São Bernardo,Operário-PR,1,2,20,,card,Miranda,False,yellow,,,,,,,
brasileirao_serie_b_2026,2026-04-02,2,São Bernardo,Operário-PR,1,2,30,,card,Índio,False,yellow,,,,,,,
brasileirao_serie_b_2026,2026-04-02,2,São Bernardo,Operário-PR,1,2,32,,card,Fabrício Daniel,True,yellow,,,,,,,
brasileirao_serie_b_2026,2026-04-02,2,São Bernardo,Operário-PR,1,2,41,,goal,Pablo,False,,,,,,,1,1
brasileirao_serie_b_2026,2026-04-02,2,São Bernardo,Operário-PR,1,2,45,,period,,,,,,,HT,,1,1
brasileirao_serie_b_2026,2026-04-02,2,São Bernardo,Operário-PR,1,2,45,5,card,H. Maciel,True,yellow,,,,,,,
brasileirao_serie_b_2026,2026-04-02,2,São Bernardo,Operário-PR,1,2,45,,injuryTime,,,,,,,,4,,
brasileirao_serie_b_2026,2026-04-02,2,São Bernardo,Operário-PR,1,2,46,,substitution,,False,,,M. Trindade,Índio,,,,
brasileirao_serie_b_2026,2026-04-02,2,São Bernardo,Operário-PR,1,2,57,,substitution,,True,,,L. Rian,D. Amorim,,,,
brasileirao_serie_b_2026,2026-04-02,2,São Bernardo,Operário-PR,1,2,57,,substitution,,True,,,P. Dyego,Fabrício Daniel,,,,
brasileirao_serie_b_2026,2026-04-02,2,São Bernardo,Operário-PR,1,2,65,,substitution,,False,,,H. Pereira,E. Torres,,,,
brasileirao_serie_b_2026,2026-04-02,2,São Bernardo,Operário-PR,1,2,68,,substitution,,True,,,Júnior Urso,D. Miraíma,,,,
brasileirao_serie_b_2026,2026-04-02,2,São Bernardo,Operário-PR,1,2,68,,substitution,,True,,,P. Vitor,Pedrinho,,,,
brasileirao_serie_b_2026,2026-04-02,2,São Bernardo,Operário-PR,1,2,78,,substitution,,False,,,N. Paraíba,V. Diniz,,,,
brasileirao_serie_b_2026,2026-04-02,2,São Bernardo,Operário-PR,1,2,79,,substitution,,True,,,Marcão Silva,Foguinho,,,,
brasileirao_serie_b_2026,2026-04-02,2,São Bernardo,Operário-PR,1,2,84,,goal,G. Boschilia,False,,,,,,,1,2
brasileirao_serie_b_2026,2026-04-02,2,São Bernardo,Operário-PR,1,2,90,,period,,,,,,,FT,,1,2
brasileirao_serie_b_2026,2026-04-02,2,São Bernardo,Operário-PR,1,2,90,2,card,N. Paraíba,False,yellow,,,,,,,
brasileirao_serie_b_2026,2026-04-02,2,São Bernardo,Operário-PR,1,2,90,,substitution,,False,,,J. P. Torres,Pablo,,,,
brasileirao_serie_b_2026,2026-04-02,2,São Bernardo,Operário-PR,1,2,90,,substitution,,False,,,C. Dantas,Aylon,,,,
brasileirao_serie_b_2026,2026-04-02,2,São Bernardo,Operário-PR,1,2,90,,injuryTime,,,,,,,,6,,
brasileirao_serie_b_2026,2026-04-04,3,Cuiabá,Ceará,0,2,30,,card,Richard,False,yellow,,,,,,,
brasileirao_serie_b_2026,2026-04-04,3,Cuiabá,Ceará,0,2,45,,period,,,,,,,HT,,0,0
brasileirao_serie_b_2026,2026-04-04,3,Cuiabá,Ceará,0,2,45,,injuryTime,,,,,,,,3,,
brasileirao_serie_b_2026,2026-04-04,3,Cuiabá,Ceará,0,2,46,,substitution,,False,,,J. Gabriel,Melk,,,,
brasileirao_serie_b_2026,2026-04-04,3,Cuiabá,Ceará,0,2,57,,substitution,,False,,,Wendel,Matheusinho,,,,
brasileirao_serie_b_2026,2026-04-04,3,Cuiabá,Ceará,0,2,58,,substitution,,True,,,M. Criciuma,Pepê,,,,
brasileirao_serie_b_2026,2026-04-04,3,Cuiabá,Ceará,0,2,58,,substitution,,False,,,Fernandinho,Giulio,,,,
brasileirao_serie_b_2026,2026-04-04,3,Cuiabá,Ceará,0,2,68,,card,Richardson,False,yellow,,,,,,,
brasileirao_serie_b_2026,2026-04-04,3,Cuiabá,Ceará,0,2,70,,substitution,,True,,,G. Mineiro,K. Cristtyan,,,,
brasileirao_serie_b_2026,2026-04-04,3,Cuiabá,Ceará,0,2,70,,substitution,,True,,,V. Peixoto,R. Rodrigues,,,,
brasileirao_serie_b_2026,2026-04-04,3,Cuiabá,Ceará,0,2,71,,goal,J. Alano,False,,,,,,,0,1
brasileirao_serie_b_2026,2026-04-04,3,Cuiabá,Ceará,0,2,77,,substitution,,False,,,L. Otávio,Richardson,,,,
brasileirao_serie_b_2026,2026-04-04,3,Cuiabá,Ceará,0,2,79,,goal,J. Alano,False,,,,,,,0,2
brasileirao_serie_b_2026,2026-04-04,3,Cuiabá,Ceará,0,2,80,,substitution,,True,,,N. Paraíba,Railan,,,,
brasileirao_serie_b_2026,2026-04-04,3,Cuiabá,Ceará,0,2,80,,substitution,,True,,,Weverson,J. Basso,,,,
brasileirao_serie_b_2026,2026-04-04,3,Cuiabá,Ceará,0,2,84,,substitution,,False,,,M. Araújo,J. Alano,,,,
brasileirao_serie_b_2026,2026-04-04,3,Cuiabá,Ceará,0,2,86,,card,M. Araújo,False,yellow,,,,,,,
brasileirao_serie_b_2026,2026-04-04,3,Cuiabá,Ceará,0,2,90,,period,,,,,,,FT,,0,2
brasileirao_serie_b_2026,2026-04-04,3,Cuiabá,Ceará,0,2,90,7,card,J. Gabriel,False,yellow,,,,,,,
brasileirao_serie_b_2026,2026-04-04,3,Cuiabá,Ceará,0,2,90,,injuryTime,,,,,,,,6,,
brasileirao_serie_b_2026,2026-04-04,3,Fortaleza,Juventude,2,1,0,,card,M. Barbieri,False,red,Argument,,,,,,
brasileirao_serie_b_2026,2026-04-04,3,Fortaleza,Juventude,2,1,11,,card,Maílton,True,yellow,Foul,,,,,,
brasileirao_serie_b_2026,2026-04-04,3,Fortaleza,Juventude,2,1,15,,varDecision,Luiz Fernando,True,,,,,,,,
brasileirao_serie_b_2026,2026-04-04,3,Fortaleza,Juventude,2,1,18,,goal,Maílton,True,,,,,,,1,0
brasileirao_serie_b_2026,2026-04-04,3,Fortaleza,Juventude,2,1,4,,varDecision,Luiz Fernando,True,,,,,,,,
brasileirao_serie_b_2026,2026-04-04,3,Fortaleza,Juventude,2,1,45,,period,,,,,,,HT,,2,0
brasileirao_serie_b_2026,2026-04-04,3,Fortaleza,Juventude,2,1,45,1,goal,L. M. Gonçalves,True,,,,,,,2,0
brasileirao_serie_b_2026,2026-04-04,3,Fortaleza,Juventude,2,1,45,,injuryTime,,,,,,,,5,,
brasileirao_serie_b_2026,2026-04-04,3,Fortaleza,Juventude,2,1,46,,substitution,,False,,,F. Lima,R. Ramos,,,,
brasileirao_serie_b_2026,2026-04-04,3,Fortaleza,Juventude,2,1,46,,substitution,,False,,,Alan Kardec,A. Safira,,,,
brasileirao_serie_b_2026,2026-04-04,3,Fortaleza,Juventude,2,1,50,,goal,Alan Kardec,False,,,,,,,2,1
brasileirao_serie_b_2026,2026-04-04,3,Fortaleza,Juventude,2,1,59,,substitution,,True,,,Rodriguinho,Ryan,,,,
brasileirao_serie_b_2026,2026-04-04,3,Fortaleza,Juventude,2,1,59,,substitution,,True,,,J. Miritello,L. Emanoel,,,,
brasileirao_serie_b_2026,2026-04-04,3,Fortaleza,Juventude,2,1,60,,card,Luiz Fernando,True,yellow,Time wasting,,,,,,
brasileirao_serie_b_2026,2026-04-04,3,Fortaleza,Juventude,2,1,64,,substitution,,True,,,Luan Freitas,L. Sasha,,,,
brasileirao_serie_b_2026,2026-04-04,3,Fortaleza,Juventude,2,1,64,,substitution,,True,,,L. Crispim,M. Lima,,,,
brasileirao_serie_b_2026,2026-04-04,3,Fortaleza,Juventude,2,1,78,,substitution,,False,,,Carlinhos,L. M. Gonçalves,,,,
brasileirao_serie_b_2026,2026-04-04,3,Fortaleza,Juventude,2,1,78,,substitution,,False,,,L. Índio,Messias,,,,
brasileirao_serie_b_2026,2026-04-04,3,Fortaleza,Juventude,2,1,78,,substitution,,True,,,Vitinho,Luiz Fernando,,,,
brasileirao_serie_b_2026,2026-04-04,3,Fortaleza,Juventude,2,1,83,,substitution,,False,,,M. Paulo,Wadson,,,,
brasileirao_serie_b_2026,2026-04-04,3,Fortaleza,Juventude,2,1,86,,substitution,,False,,,Nathan,M. Paulo,,,,
brasileirao_serie_b_2026,2026-04-04,3,Fortaleza,Juventude,2,1,89,,card,R. Santos,True,yellow,Time wasting,,,,,,
brasileirao_serie_b_2026,2026-04-04,3,Fortaleza,Juventude,2,1,89,,substitution,,True,,,R. Santos,T. Pochettino,,,,
brasileirao_serie_b_2026,2026-04-04,3,Fortaleza,Juventude,2,1,90,,period,,,,,,,FT,,2,1
brasileirao_serie_b_2026,2026-04-04,3,Fortaleza,Juventude,2,1,90,,injuryTime,,,,,,,,7,,
brasileirao_serie_b_2026,2026-04-04,3,Londrina,Sport Recife,1,2,22,,goal,B. Santos,True,,,,,,,1,0
brasileirao_serie_b_2026,2026-04-04,3,Londrina,Sport Recife,1,2,44,,card,T. Cantanhede,True,yellow,,,,,,,
brasileirao_serie_b_2026,2026-04-04,3,Londrina,Sport Recife,1,2,45,,period,,,,,,,HT,,1,0
brasileirao_serie_b_2026,2026-04-04,3,Londrina,Sport Recife,1,2,45,,injuryTime,,,,,,,,4,,
brasileirao_serie_b_2026,2026-04-04,3,Londrina,Sport Recife,1,2,46,,substitution,,False,,,Clayson,Zé Lucas,,,,
brasileirao_serie_b_2026,2026-04-04,3,Londrina,Sport Recife,1,2,61,,substitution,,True,,,P. Moccelin,T. Cantanhede,,,,
brasileirao_serie_b_2026,2026-04-04,3,Londrina,Sport Recife,1,2,62,,substitution,,False,,,Marlon,Y. Felipe,,,,
brasileirao_serie_b_2026,2026-04-04,3,Londrina,Sport Recife,1,2,67,,goal,C. Barletta,False,,,,,,,1,1
brasileirao_serie_b_2026,2026-04-04,3,Londrina,Sport Recife,1,2,77,,substitution,,True,,,Juninho,Iago,,,,
brasileirao_serie_b_2026,2026-04-04,3,Londrina,Sport Recife,1,2,77,,substitution,,True,,,C. Maia,Vitinho,,,,
brasileirao_serie_b_2026,2026-04-04,3,Londrina,Sport Recife,1,2,83,,substitution,,True,,,W. Chumbinho,A. Luiz,,,,
brasileirao_serie_b_2026,2026-04-04,3,Londrina,Sport Recife,1,2,87,,goal,Perotti,False,,,,,,,1,2
brasileirao_serie_b_2026,2026-04-04,3,Londrina,Sport Recife,1,2,88,,substitution,,False,,,Carlos De Pena,C. Barletta,,,,
brasileirao_serie_b_2026,2026-04-04,3,Londrina,Sport Recife,1,2,90,,period,,,,,,,FT,,1,2
brasileirao_serie_b_2026,2026-04-04,3,Londrina,Sport Recife,1,2,90,5,substitution,,False,,,P. Victor,A. Pucci,,,,
brasileirao_serie_b_2026,2026-04-04,3,Londrina,Sport Recife,1,2,90,2,card,P. Moccelin,True,yellow,,,,,,,
brasileirao_serie_b_2026,2026-04-04,3,Londrina,Sport Recife,1,2,90,,injuryTime,,,,,,,,5,,
brasileirao_serie_b_2026,2026-04-04,3,Náutico,Ponte Preta,1,0,0,,card,H. D. Anjos,True,yellow,Argument,,,,,,
brasileirao_serie_b_2026,2026-04-04,3,Náutico,Ponte Preta,1,0,31,,card,Leonai,True,yellow,Foul,,,,,,
brasileirao_serie_b_2026,2026-04-04,3,Náutico,Ponte Preta,1,0,45,,period,,,,,,,HT,,0,0
brasileirao_serie_b_2026,2026-04-04,3,Náutico,Ponte Preta,1,0,45,3,card,L. Phelipe,False,yellow,Time wasting,,,,,,
brasileirao_serie_b_2026,2026-04-04,3,Náutico,Ponte Preta,1,0,45,,injuryTime,,,,,,,,3,,
brasileirao_serie_b_2026,2026-04-04,3,Náutico,Ponte Preta,1,0,46,,substitution,,True,,,Ramon,Leonai,,,,
brasileirao_serie_b_2026,2026-04-04,3,Náutico,Ponte Preta,1,0,52,,card,Wenderson,True,yellow,Foul,,,,,,
brasileirao_serie_b_2026,2026-04-04,3,Náutico,Ponte Preta,1,0,58,,substitution,,True,,,V. Andrade,Juninho,,,,
brasileirao_serie_b_2026,2026-04-04,3,Náutico,Ponte Preta,1,0,65,,substitution,,False,,,B. Lopes,L. Phelipe,,,,
brasileirao_serie_b_2026,2026-04-04,3,Náutico,Ponte Preta,1,0,67,,card,R. Saravia,False,red,Professional foul last man,,,,,,
brasileirao_serie_b_2026,2026-04-04,3,Náutico,Ponte Preta,1,0,70,,varDecision,Dodô,True,,,,,,,,
brasileirao_serie_b_2026,2026-04-04,3,Náutico,Ponte Preta,1,0,73,,substitution,,True,,,Derek,P. Sérgio,,,,
brasileirao_serie_b_2026,2026-04-04,3,Náutico,Ponte Preta,1,0,73,,substitution,,True,,,Arnaldo,M. Ribeiro,,,,
brasileirao_serie_b_2026,2026-04-04,3,Náutico,Ponte Preta,1,0,74,,substitution,,False,,,Rodriguinho,William Pottker,,,,
brasileirao_serie_b_2026,2026-04-04,3,Náutico,Ponte Preta,1,0,74,,substitution,,False,,,André,Elvis,,,,
brasileirao_serie_b_2026,2026-04-04,3,Náutico,Ponte Preta,1,0,78,,goal,Vinícius,True,,,,,,,1,0
brasileirao_serie_b_2026,2026-04-04,3,Náutico,Ponte Preta,1,0,81,,substitution,,False,,,Jonathan Cafú,B. Borges,,,,
brasileirao_serie_b_2026,2026-04-04,3,Náutico,Ponte Preta,1,0,81,,substitution,,False,,,D. Barcelos,Diego Porfirio,,,,
brasileirao_serie_b_2026,2026-04-04,3,Náutico,Ponte Preta,1,0,84,,card,Dodô,True,yellow,,,,,,,
brasileirao_serie_b_2026,2026-04-04,3,Náutico,Ponte Preta,1,0,90,,period,,,,,,,FT,,1,0
brasileirao_serie_b_2026,2026-04-04,3,Náutico,Ponte Preta,1,0,90,2,card,Jonathan Cafú,False,red,Foul,,,,,,
brasileirao_serie_b_2026,2026-04-04,3,Náutico,Ponte Preta,1,0,90,,injuryTime,,,,,,,,12,,
brasileirao_serie_b_2026,2026-04-04,3,Vila Nova FC,Atlético Goianiense,2,1,28,,card,Higor,True,yellow,,,,,,,
brasileirao_serie_b_2026,2026-04-04,3,Vila Nova FC,Atlético Goianiense,2,1,33,,goal,Marrony,False,,,,,,,0,1
brasileirao_serie_b_2026,2026-04-04,3,Vila Nova FC,Atlético Goianiense,2,1,45,,period,,,,,,,HT,,0,1
brasileirao_serie_b_2026,2026-04-04,3,Vila Nova FC,Atlético Goianiense,2,1,45,,injuryTime,,,,,,,,2,,
brasileirao_serie_b_2026,2026-04-04,3,Vila Nova FC,Atlético Goianiense,2,1,46,,substitution,,True,,,R. Lima,J. Vieira,,,,
brasileirao_serie_b_2026,2026-04-04,3,Vila Nova FC,Atlético Goianiense,2,1,56,,card,L. Jacó,False,yellow,,,,,,,
brasileirao_serie_b_2026,2026-04-04,3,Vila Nova FC,Atlético Goianiense,2,1,58,,substitution,,False,,,B. José,G. Soares,,,,
brasileirao_serie_b_2026,2026-04-04,3,Vila Nova FC,Atlético Goianiense,2,1,59,,substitution,,False,,,Guilherme Marques,Assis,,,,
brasileirao_serie_b_2026,2026-04-04,3,Vila Nova FC,Atlético Goianiense,2,1,61,,varDecision,R. Silva,True,,,,,,,,
brasileirao_serie_b_2026,2026-04-04,3,Vila Nova FC,Atlético Goianiense,2,1,65,,goal,Marquinhos Gabriel,True,,,,,,,1,1
brasileirao_serie_b_2026,2026-04-04,3,Vila Nova FC,Atlético Goianiense,2,1,66,,substitution,,True,,,Hayner,Elias,,,,
brasileirao_serie_b_2026,2026-04-04,3,Vila Nova FC,Atlético Goianiense,2,1,66,,substitution,,True,,,Emerson Urso,Janderson,,,,
brasileirao_serie_b_2026,2026-04-04,3,Vila Nova FC,Atlético Goianiense,2,1,67,,card,Cristiano,False,yellow,,,,,,,
brasileirao_serie_b_2026,2026-04-04,3,Vila Nova FC,Atlético Goianiense,2,1,72,,substitution,,False,,,Gustavo Coutinho,Marrony,,,,
brasileirao_serie_b_2026,2026-04-04,3,Vila Nova FC,Atlético Goianiense,2,1,73,,substitution,,False,,,L. Tocantins,L. Jacó,,,,
brasileirao_serie_b_2026,2026-04-04,3,Vila Nova FC,Atlético Goianiense,2,1,74,,card,Dudu,True,yellow,,,,,,,
brasileirao_serie_b_2026,2026-04-04,3,Vila Nova FC,Atlético Goianiense,2,1,78,,substitution,,True,,,Nathan Camargo,Willian Maranhão,,,,
brasileirao_serie_b_2026,2026-04-04,3,Vila Nova FC,Atlético Goianiense,2,1,85,,substitution,,True,,,G. P. P. Lemos,R. Silva,,,,
brasileirao_serie_b_2026,2026-04-04,3,Vila Nova FC,Atlético Goianiense,2,1,88,,goal,G. P. P. Lemos,True,,,,,,,2,1
brasileirao_serie_b_2026,2026-04-04,3,Vila Nova FC,Atlético Goianiense,2,1,89,,card,G. P. P. Lemos,True,yellow,,,,,,,
brasileirao_serie_b_2026,2026-04-04,3,Vila Nova FC,Atlético Goianiense,2,1,90,,period,,,,,,,FT,,2,1
brasileirao_serie_b_2026,2026-04-04,3,Vila Nova FC,Atlético Goianiense,2,1,90,,substitution,,False,,,A. Gomes,Cristiano,,,,
brasileirao_serie_b_2026,2026-04-04,3,Vila Nova FC,Atlético Goianiense,2,1,90,,injuryTime,,,,,,,,5,,
brasileirao_serie_b_2026,2026-04-05,3,Athletic Club,América Mineiro,1,1,37,,goal,R. Tavares,True,,,,,,,1,0
brasileirao_serie_b_2026,2026-04-05,3,Athletic Club,América Mineiro,1,1,39,,card,Bruninho,True,yellow,,,,,,,
brasileirao_serie_b_2026,2026-04-05,3,Athletic Club,América Mineiro,1,1,42,,card,Ian Luccas,True,red,,,,,,,
brasileirao_serie_b_2026,2026-04-05,3,Athletic Club,América Mineiro,1,1,45,,period,,,,,,,HT,,1,0
brasileirao_serie_b_2026,2026-04-05,3,Athletic Club,América Mineiro,1,1,45,,injuryTime,,,,,,,,4,,
brasileirao_serie_b_2026,2026-04-05,3,Athletic Club,América Mineiro,1,1,46,,substitution,,False,,,E. Person,N. Cardoso,,,,
brasileirao_serie_b_2026,2026-04-05,3,Athletic Club,América Mineiro,1,1,46,,substitution,,True,,,G. Cabezas,Ruan Assis,,,,
brasileirao_serie_b_2026,2026-04-05,3,Athletic Club,América Mineiro,1,1,46,,substitution,,True,,,J. Miguel,Bruninho,,,,
brasileirao_serie_b_2026,2026-04-05,3,Athletic Club,América Mineiro,1,1,57,,substitution,,False,,,F. Elizari,G. Barros,,,,
brasileirao_serie_b_2026,2026-04-05,3,Athletic Club,América Mineiro,1,1,57,,substitution,,False,,,Everton,Alê,,,,
brasileirao_serie_b_2026,2026-04-05,3,Athletic Club,América Mineiro,1,1,62,,card,Jota,True,yellow,,,,,,,
brasileirao_serie_b_2026,2026-04-05,3,Athletic Club,América Mineiro,1,1,63,,substitution,,True,,,P. Oliveira,Jota,,,,
brasileirao_serie_b_2026,2026-04-05,3,Athletic Club,América Mineiro,1,1,67,,substitution,,False,,,Matías Segovia,Jhonny,,,,
brasileirao_serie_b_2026,2026-04-05,3,Athletic Club,América Mineiro,1,1,73,,substitution,,False,,,V. Soares,F. Amaral,,,,
brasileirao_serie_b_2026,2026-04-05,3,Athletic Club,América Mineiro,1,1,82,,goal,G. Mastriani,False,,,,,,,1,1
brasileirao_serie_b_2026,2026-04-05,3,Athletic Club,América Mineiro,1,1,89,,substitution,,True,,,A. Pena,K. Rodrigues,,,,
brasileirao_serie_b_2026,2026-04-05,3,Athletic Club,América Mineiro,1,1,90,,period,,,,,,,FT,,1,1
brasileirao_serie_b_2026,2026-04-05,3,Athletic Club,América Mineiro,1,1,90,4,card,R. Barcelos,False,yellow,,,,,,,
brasileirao_serie_b_2026,2026-04-05,3,Athletic Club,América Mineiro,1,1,90,4,substitution,,True,,,O. Otusanya,R. Tavares,,,,
brasileirao_serie_b_2026,2026-04-05,3,Athletic Club,América Mineiro,1,1,90,3,card,D. B. d. Souza,True,yellow,,,,,,,
brasileirao_serie_b_2026,2026-04-05,3,Athletic Club,América Mineiro,1,1,90,,injuryTime,,,,,,,,6,,
brasileirao_serie_b_2026,2026-04-05,3,Avaí,Operário-PR,0,0,24,,card,B. Baldini,True,yellow,,,,,,,
brasileirao_serie_b_2026,2026-04-05,3,Avaí,Operário-PR,0,0,28,,card,Aylon,False,yellow,,,,,,,
brasileirao_serie_b_2026,2026-04-05,3,Avaí,Operário-PR,0,0,30,,card,J. Lucas,True,yellow,,,,,,,
brasileirao_serie_b_2026,2026-04-05,3,Avaí,Operário-PR,0,0,42,,varDecision,G. Aquino,True,,,,,,,,
brasileirao_serie_b_2026,2026-04-05,3,Avaí,Operário-PR,0,0,45,,period,,,,,,,HT,,0,0
brasileirao_serie_b_2026,2026-04-05,3,Avaí,Operário-PR,0,0,45,6,card,H. Pereira,False,yellow,,,,,,,
brasileirao_serie_b_2026,2026-04-05,3,Avaí,Operário-PR,0,0,45,,injuryTime,,,,,,,,5,,
brasileirao_serie_b_2026,2026-04-05,3,Avaí,Operário-PR,0,0,55,,substitution,,True,,,Cristiano,Wenderson,,,,
brasileirao_serie_b_2026,2026-04-05,3,Avaí,Operário-PR,0,0,58,,substitution,,False,,,E. Torres,H. Pereira,,,,
brasileirao_serie_b_2026,2026-04-05,3,Avaí,Operário-PR,0,0,58,,substitution,,False,,,G. Feliciano,Moraes Júnior,,,,
brasileirao_serie_b_2026,2026-04-05,3,Avaí,Operário-PR,0,0,63,,substitution,,False,,,N. Paraíba,Aylon,,,,
brasileirao_serie_b_2026,2026-04-05,3,Avaí,Operário-PR,0,0,64,,card,M. Trindade,False,yellow,,,,,,,
brasileirao_serie_b_2026,2026-04-05,3,Avaí,Operário-PR,0,0,72,,substitution,,True,,,W. d. S. França,F. Avenatti,,,,
brasileirao_serie_b_2026,2026-04-05,3,Avaí,Operário-PR,0,0,76,,substitution,,False,,,Índio,M. Trindade,,,,
brasileirao_serie_b_2026,2026-04-05,3,Avaí,Operário-PR,0,0,77,,substitution,,False,,,C. Dantas,Pablo,,,,
brasileirao_serie_b_2026,2026-04-05,3,Avaí,Operário-PR,0,0,80,,card,J. Cuenú,False,yellow,,,,,,,
brasileirao_serie_b_2026,2026-04-05,3,Avaí,Operário-PR,0,0,81,,card,Mikael,False,yellow,,,,,,,
brasileirao_serie_b_2026,2026-04-05,3,Avaí,Operário-PR,0,0,84,,card,Miranda,False,yellow,,,,,,,
brasileirao_serie_b_2026,2026-04-05,3,Avaí,Operário-PR,0,0,85,,substitution,,True,,,Wesley Gasolina,Wallison,,,,
brasileirao_serie_b_2026,2026-04-05,3,Avaí,Operário-PR,0,0,85,,substitution,,True,,,Sorriso,J. Lucas,,,,
brasileirao_serie_b_2026,2026-04-05,3,Avaí,Operário-PR,0,0,85,,substitution,,True,,,P. Vitor,Z. Ricardo,,,,
brasileirao_serie_b_2026,2026-04-05,3,Avaí,Operário-PR,0,0,90,,period,,,,,,,FT,,0,0
brasileirao_serie_b_2026,2026-04-05,3,Avaí,Operário-PR,0,0,90,,injuryTime,,,,,,,,7,,
brasileirao_serie_b_2026,2026-04-05,3,Botafogo-SP,São Bernardo,1,2,18,,substitution,,True,,,Pedrinho,Jonathan,,,,
brasileirao_serie_b_2026,2026-04-05,3,Botafogo-SP,São Bernardo,1,2,33,,card,L. Maciel,True,yellow,,,,,,,
brasileirao_serie_b_2026,2026-04-05,3,Botafogo-SP,São Bernardo,1,2,4,,goal,Hygor,True,,,,,,,1,0
brasileirao_serie_b_2026,2026-04-05,3,Botafogo-SP,São Bernardo,1,2,41,,card,Pará,False,yellow,,,,,,,
brasileirao_serie_b_2026,2026-04-05,3,Botafogo-SP,São Bernardo,1,2,45,,period,,,,,,,HT,,1,0
brasileirao_serie_b_2026,2026-04-05,3,Botafogo-SP,São Bernardo,1,2,45,,varDecision,P. Dyego,False,,,,,,,,
brasileirao_serie_b_2026,2026-04-05,3,Botafogo-SP,São Bernardo,1,2,45,,injuryTime,,,,,,,,6,,
brasileirao_serie_b_2026,2026-04-05,3,Botafogo-SP,São Bernardo,1,2,46,,substitution,,False,,,Echaporã,Pedrinho,,,,
brasileirao_serie_b_2026,2026-04-05,3,Botafogo-SP,São Bernardo,1,2,46,,substitution,,False,,,D. Amorim,Fabrício Daniel,,,,
brasileirao_serie_b_2026,2026-04-05,3,Botafogo-SP,São Bernardo,1,2,46,,substitution,,False,,,P. Vitor,P. Dyego,,,,
brasileirao_serie_b_2026,2026-04-05,3,Botafogo-SP,São Bernardo,1,2,49,,goal,R. Ferreira,False,,,,,,,1,1
brasileirao_serie_b_2026,2026-04-05,3,Botafogo-SP,São Bernardo,1,2,55,,card,Kelvin,True,yellow,,,,,,,
brasileirao_serie_b_2026,2026-04-05,3,Botafogo-SP,São Bernardo,1,2,65,,substitution,,False,,,Júnior Urso,D. Miraíma,,,,
brasileirao_serie_b_2026,2026-04-05,3,Botafogo-SP,São Bernardo,1,2,72,,substitution,,True,,,Thiaguinho,R. Gava,,,,
brasileirao_serie_b_2026,2026-04-05,3,Botafogo-SP,São Bernardo,1,2,72,,substitution,,True,,,W. Pinheiro,Kelvin,,,,
brasileirao_serie_b_2026,2026-04-05,3,Botafogo-SP,São Bernardo,1,2,77,,substitution,,False,,,Lucas Fernandes,Foguinho,,,,
brasileirao_serie_b_2026,2026-04-05,3,Botafogo-SP,São Bernardo,1,2,80,,substitution,,True,,,M. Sales,L. Maciel,,,,
brasileirao_serie_b_2026,2026-04-05,3,Botafogo-SP,São Bernardo,1,2,80,,substitution,,True,,,Luizão,Z. Hugo,,,,
brasileirao_serie_b_2026,2026-04-05,3,Botafogo-SP,São Bernardo,1,2,81,,card,P. Vitor,False,yellow,,,,,,,
brasileirao_serie_b_2026,2026-04-05,3,Botafogo-SP,São Bernardo,1,2,90,,period,,,,,,,FT,,1,2
brasileirao_serie_b_2026,2026-04-05,3,Botafogo-SP,São Bernardo,1,2,90,7,card,Pedrinho,True,yellow,,,,,,,
brasileirao_serie_b_2026,2026-04-05,3,Botafogo-SP,São Bernardo,1,2,90,3,goal,D. Amorim,False,,,,,,,1,2
brasileirao_serie_b_2026,2026-04-05,3,Botafogo-SP,São Bernardo,1,2,90,,injuryTime,,,,,,,,7,,
brasileirao_serie_b_2026,2026-04-05,3,Grêmio Novorizontino,Clube De Regatas Brasil,1,1,0,,card,E. Moreira,True,yellow,Argument,,,,,,
brasileirao_serie_b_2026,2026-04-05,3,Grêmio Novorizontino,Clube De Regatas Brasil,1,1,20,,card,Crystopher,False,yellow,Foul,,,,,,
brasileirao_serie_b_2026,2026-04-05,3,Grêmio Novorizontino,Clube De Regatas Brasil,1,1,45,,period,,,,,,,HT,,0,0
brasileirao_serie_b_2026,2026-04-05,3,Grêmio Novorizontino,Clube De Regatas Brasil,1,1,45,,injuryTime,,,,,,,,2,,
brasileirao_serie_b_2026,2026-04-05,3,Grêmio Novorizontino,Clube De Regatas Brasil,1,1,46,,substitution,,True,,,J. Lora,L. Naldi,,,,
brasileirao_serie_b_2026,2026-04-05,3,Grêmio Novorizontino,Clube De Regatas Brasil,1,1,46,,substitution,,True,,,Luís Oyama,C. Ortíz,,,,
brasileirao_serie_b_2026,2026-04-05,3,Grêmio Novorizontino,Clube De Regatas Brasil,1,1,48,,card,L. Lovat,False,yellow,Foul,,,,,,
brasileirao_serie_b_2026,2026-04-05,3,Grêmio Novorizontino,Clube De Regatas Brasil,1,1,54,,card,Luís Oyama,True,yellow,Foul,,,,,,
brasileirao_serie_b_2026,2026-04-05,3,Grêmio Novorizontino,Clube De Regatas Brasil,1,1,63,,card,Patrick,True,yellow,Foul,,,,,,
brasileirao_serie_b_2026,2026-04-05,3,Grêmio Novorizontino,Clube De Regatas Brasil,1,1,65,,substitution,,True,,,Carlão,Robson,,,,
brasileirao_serie_b_2026,2026-04-05,3,Grêmio Novorizontino,Clube De Regatas Brasil,1,1,68,,substitution,,False,,,João Neto,Mikael,,,,
brasileirao_serie_b_2026,2026-04-05,3,Grêmio Novorizontino,Clube De Regatas Brasil,1,1,71,,substitution,,True,,,N. Careca,Vinicius Paiva,,,,
brasileirao_serie_b_2026,2026-04-05,3,Grêmio Novorizontino,Clube De Regatas Brasil,1,1,71,,substitution,,False,,,P. De Lucca,Crystopher,,,,
brasileirao_serie_b_2026,2026-04-05,3,Grêmio Novorizontino,Clube De Regatas Brasil,1,1,71,,substitution,,False,,,Guilherme Pato,D. Baggio,,,,
brasileirao_serie_b_2026,2026-04-05,3,Grêmio Novorizontino,Clube De Regatas Brasil,1,1,72,,card,F. Alemão,False,yellow,Foul,,,,,,
brasileirao_serie_b_2026,2026-04-05,3,Grêmio Novorizontino,Clube De Regatas Brasil,1,1,74,,goal,Carlão,True,,,,,,,1,0
brasileirao_serie_b_2026,2026-04-05,3,Grêmio Novorizontino,Clube De Regatas Brasil,1,1,77,,substitution,,False,,,G. Estrella,Luizão,,,,
brasileirao_serie_b_2026,2026-04-05,3,Grêmio Novorizontino,Clube De Regatas Brasil,1,1,77,,substitution,,False,,,L. Campos,L. Lovat,,,,
brasileirao_serie_b_2026,2026-04-05,3,Grêmio Novorizontino,Clube De Regatas Brasil,1,1,80,,substitution,,True,,,M. Bianqui,N. Careca,,,,
brasileirao_serie_b_2026,2026-04-05,3,Grêmio Novorizontino,Clube De Regatas Brasil,1,1,86,,card,N. Castrillón,True,yellow,Argument,,,,,,
brasileirao_serie_b_2026,2026-04-05,3,Grêmio Novorizontino,Clube De Regatas Brasil,1,1,86,,card,Danielzinho,False,yellow,Argument,,,,,,
brasileirao_serie_b_2026,2026-04-05,3,Grêmio Novorizontino,Clube De Regatas Brasil,1,1,87,,card,D. Belmonte,False,yellow,Argument,,,,,,
brasileirao_serie_b_2026,2026-04-05,3,Grêmio Novorizontino,Clube De Regatas Brasil,1,1,87,,card,J. Lora,True,yellow,Argument,,,,,,
brasileirao_serie_b_2026,2026-04-05,3,Grêmio Novorizontino,Clube De Regatas Brasil,1,1,90,,period,,,,,,,FT,,1,1
brasileirao_serie_b_2026,2026-04-05,3,Grêmio Novorizontino,Clube De Regatas Brasil,1,1,90,4,goal,D. Belmonte,False,,,,,,,1,1
brasileirao_serie_b_2026,2026-04-05,3,Grêmio Novorizontino,Clube De Regatas Brasil,1,1,90,,injuryTime,,,,,,,,6,,
brasileirao_serie_b_2026,2026-04-07,3,Goiás,Criciúma,1,0,37,,card,L. Lima,True,yellow,,,,,,,
brasileirao_serie_b_2026,2026-04-07,3,Goiás,Criciúma,1,0,45,,period,,,,,,,HT,,0,0
brasileirao_serie_b_2026,2026-04-07,3,Goiás,Criciúma,1,0,45,,injuryTime,,,,,,,,2,,
brasileirao_serie_b_2026,2026-04-07,3,Goiás,Criciúma,1,0,46,,substitution,,True,,,Cadu,J. Carlos,,,,
brasileirao_serie_b_2026,2026-04-07,3,Goiás,Criciúma,1,0,46,,substitution,,False,,,H. Alves,Marcinho,,,,
brasileirao_serie_b_2026,2026-04-07,3,Goiás,Criciúma,1,0,46,,substitution,,False,,,G. Lobo,B. Alves,,,,
brasileirao_serie_b_2026,2026-04-07,3,Goiás,Criciúma,1,0,58,,goal,Cadu,True,,,,,,,1,0
brasileirao_serie_b_2026,2026-04-07,3,Goiás,Criciúma,1,0,65,,substitution,,False,,,Thiaguinho,F. Mateus,,,,
brasileirao_serie_b_2026,2026-04-07,3,Goiás,Criciúma,1,0,66,,substitution,,False,,,L. Mana,Jean Irmer,,,,
brasileirao_serie_b_2026,2026-04-07,3,Goiás,Criciúma,1,0,71,,substitution,,False,,,Romarinho,Diego Gonçalves,,,,
brasileirao_serie_b_2026,2026-04-07,3,Goiás,Criciúma,1,0,82,,substitution,,True,,,G. B. d. Camargo,Filipe Machado,,,,
brasileirao_serie_b_2026,2026-04-07,3,Goiás,Criciúma,1,0,82,,substitution,,True,,,L. Ribeiro,Gegê,,,,
brasileirao_serie_b_2026,2026-04-07,3,Goiás,Criciúma,1,0,82,,substitution,,True,,,B. Sávio,A. Ramon,,,,
brasileirao_serie_b_2026,2026-04-07,3,Goiás,Criciúma,1,0,88,,substitution,,True,,,Juninho,Lourenço,,,,
brasileirao_serie_b_2026,2026-04-07,3,Goiás,Criciúma,1,0,90,,period,,,,,,,FT,,1,0
brasileirao_serie_b_2026,2026-04-07,3,Goiás,Criciúma,1,0,90,,injuryTime,,,,,,,,6,,
brasileirao_serie_b_2026,2026-04-10,4,Criciúma,Botafogo-SP,1,0,43,,card,P. Brey,False,yellow,,,,,,,
brasileirao_serie_b_2026,2026-04-10,4,Criciúma,Botafogo-SP,1,0,45,,period,,,,,,,HT,,0,0
brasileirao_serie_b_2026,2026-04-10,4,Criciúma,Botafogo-SP,1,0,45,1,card,Carlão,False,yellow,,,,,,,
brasileirao_serie_b_2026,2026-04-10,4,Criciúma,Botafogo-SP,1,0,45,,injuryTime,,,,,,,,2,,
brasileirao_serie_b_2026,2026-04-10,4,Criciúma,Botafogo-SP,1,0,46,,substitution,,False,,,L. Maciel,R. Gava,,,,
brasileirao_serie_b_2026,2026-04-10,4,Criciúma,Botafogo-SP,1,0,46,,substitution,,True,,,Nicolas,Romarinho,,,,
brasileirao_serie_b_2026,2026-04-10,4,Criciúma,Botafogo-SP,1,0,49,,substitution,,False,,,Z. Hugo,Hygor,,,,
brasileirao_serie_b_2026,2026-04-10,4,Criciúma,Botafogo-SP,1,0,57,,substitution,,True,,,H. Alves,F. Mateus,,,,
brasileirao_serie_b_2026,2026-04-10,4,Criciúma,Botafogo-SP,1,0,57,,substitution,,True,,,R. Otero,Waguininho,,,,
brasileirao_serie_b_2026,2026-04-10,4,Criciúma,Botafogo-SP,1,0,58,,varDecision,W. Lepo,True,,,,,,,,
brasileirao_serie_b_2026,2026-04-10,4,Criciúma,Botafogo-SP,1,0,60,,card,W. Lepo,True,red,,,,,,,
brasileirao_serie_b_2026,2026-04-10,4,Criciúma,Botafogo-SP,1,0,64,,substitution,,True,,,Jean Irmer,Thiaguinho,,,,
brasileirao_serie_b_2026,2026-04-10,4,Criciúma,Botafogo-SP,1,0,66,,card,Jean Irmer,True,yellow,,,,,,,
brasileirao_serie_b_2026,2026-04-10,4,Criciúma,Botafogo-SP,1,0,69,,substitution,,False,,,Wallace,Carlão,,,,
brasileirao_serie_b_2026,2026-04-10,4,Criciúma,Botafogo-SP,1,0,70,,substitution,,False,,,J. Nem,Thiaguinho,,,,
brasileirao_serie_b_2026,2026-04-10,4,Criciúma,Botafogo-SP,1,0,76,,substitution,,True,,,Diego Gonçalves,G. Lobo,,,,
brasileirao_serie_b_2026,2026-04-10,4,Criciúma,Botafogo-SP,1,0,85,,substitution,,False,,,M. Antonio,Pedrinho,,,,
brasileirao_serie_b_2026,2026-04-10,4,Criciúma,Botafogo-SP,1,0,89,,card,M. Hermes,True,yellow,,,,,,,
brasileirao_serie_b_2026,2026-04-10,4,Criciúma,Botafogo-SP,1,0,90,,period,,,,,,,FT,,1,0
brasileirao_serie_b_2026,2026-04-10,4,Criciúma,Botafogo-SP,1,0,90,8,card,R. Otero,True,yellow,,,,,,,
brasileirao_serie_b_2026,2026-04-10,4,Criciúma,Botafogo-SP,1,0,90,7,goal,R. Otero,True,,,,,,,1,0
brasileirao_serie_b_2026,2026-04-10,4,Criciúma,Botafogo-SP,1,0,90,1,card,Luciano Castan,True,yellow,,,,,,,
brasileirao_serie_b_2026,2026-04-10,4,Criciúma,Botafogo-SP,1,0,90,,injuryTime,,,,,,,,6,,
brasileirao_serie_b_2026,2026-04-11,4,Ceará,Náutico,1,0,12,,card,M. Ribeiro,False,yellow,,,,,,,
brasileirao_serie_b_2026,2026-04-11,4,Ceará,Náutico,1,0,24,,card,Fernandinho,True,yellow,,,,,,,
brasileirao_serie_b_2026,2026-04-11,4,Ceará,Náutico,1,0,33,,card,Leonai,False,yellow,,,,,,,
brasileirao_serie_b_2026,2026-04-11,4,Ceará,Náutico,1,0,45,,period,,,,,,,HT,,0,0
brasileirao_serie_b_2026,2026-04-11,4,Ceará,Náutico,1,0,45,,injuryTime,,,,,,,,3,,
brasileirao_serie_b_2026,2026-04-11,4,Ceará,Náutico,1,0,46,,substitution,,False,,,Ramon,Leonai,,,,
brasileirao_serie_b_2026,2026-04-11,4,Ceará,Náutico,1,0,46,,substitution,,False,,,Arnaldo,M. Ribeiro,,,,
brasileirao_serie_b_2026,2026-04-11,4,Ceará,Náutico,1,0,47,,goal,Fernandinho,True,,,,,,,1,0
brasileirao_serie_b_2026,2026-04-11,4,Ceará,Náutico,1,0,58,,substitution,,True,,,Giulio,Fernandinho,,,,
brasileirao_serie_b_2026,2026-04-11,4,Ceará,Náutico,1,0,58,,substitution,,True,,,Júlio César,Dieguinho,,,,
brasileirao_serie_b_2026,2026-04-11,4,Ceará,Náutico,1,0,6,,card,Derek,False,yellow,,,,,,,
brasileirao_serie_b_2026,2026-04-11,4,Ceará,Náutico,1,0,60,,substitution,,False,,,V. Andrade,Juninho,,,,
brasileirao_serie_b_2026,2026-04-11,4,Ceará,Náutico,1,0,62,,card,Mateus Silva,False,yellow,,,,,,,
brasileirao_serie_b_2026,2026-04-11,4,Ceará,Náutico,1,0,62,,card,M. Araújo,True,yellow,,,,,,,
brasileirao_serie_b_2026,2026-04-11,4,Ceará,Náutico,1,0,65,,substitution,,False,,,P. Sérgio,Derek,,,,
brasileirao_serie_b_2026,2026-04-11,4,Ceará,Náutico,1,0,67,,substitution,,True,,,J. Alano,Vina,,,,
brasileirao_serie_b_2026,2026-04-11,4,Ceará,Náutico,1,0,67,,substitution,,True,,,Wendel,M. Araújo,,,,
brasileirao_serie_b_2026,2026-04-11,4,Ceará,Náutico,1,0,72,,substitution,,False,,,F. Saraiva,Dodô,,,,
brasileirao_serie_b_2026,2026-04-11,4,Ceará,Náutico,1,0,73,,substitution,,True,,,Melk,Matheusinho,,,,
brasileirao_serie_b_2026,2026-04-11,4,Ceará,Náutico,1,0,76,,card,Sánchez,True,yellow,,,,,,,
brasileirao_serie_b_2026,2026-04-11,4,Ceará,Náutico,1,0,77,,card,A. Silva,True,yellow,,,,,,,
brasileirao_serie_b_2026,2026-04-11,4,Ceará,Náutico,1,0,90,,period,,,,,,,FT,,1,0
brasileirao_serie_b_2026,2026-04-11,4,Ceará,Náutico,1,0,90,,injuryTime,,,,,,,,6,,
brasileirao_serie_b_2026,2026-04-11,4,Juventude,Goiás,2,0,39,,goal,Luiz Felipe,True,,,,,,,1,0
brasileirao_serie_b_2026,2026-04-11,4,Juventude,Goiás,2,0,43,,card,R. Soares,False,red,,,,,,,
brasileirao_serie_b_2026,2026-04-11,4,Juventude,Goiás,2,0,43,,varDecision,R. Soares,False,,,,,,,,
brasileirao_serie_b_2026,2026-04-11,4,Juventude,Goiás,2,0,45,,period,,,,,,,HT,,1,0
brasileirao_serie_b_2026,2026-04-11,4,Juventude,Goiás,2,0,45,,injuryTime,,,,,,,,3,,
brasileirao_serie_b_2026,2026-04-11,4,Juventude,Goiás,2,0,46,,substitution,,False,,,E. García,A. Ramon,,,,
brasileirao_serie_b_2026,2026-04-11,4,Juventude,Goiás,2,0,46,,substitution,,False,,,Pedrinho,L. Lima,,,,
brasileirao_serie_b_2026,2026-04-11,4,Juventude,Goiás,2,0,54,,varDecision,E. García,False,,,,,,,,
brasileirao_serie_b_2026,2026-04-11,4,Juventude,Goiás,2,0,55,,card,E. García,False,red,,,,,,,
brasileirao_serie_b_2026,2026-04-11,4,Juventude,Goiás,2,0,60,,goal,Alan Kardec,True,,,,,,,2,0
brasileirao_serie_b_2026,2026-04-11,4,Juventude,Goiás,2,0,61,,card,Lourenço,False,yellow,,,,,,,
brasileirao_serie_b_2026,2026-04-11,4,Juventude,Goiás,2,0,66,,substitution,,True,,,A. Safira,R. Sam,,,,
brasileirao_serie_b_2026,2026-04-11,4,Juventude,Goiás,2,0,66,,substitution,,True,,,L. Mineiro,R. Ramos,,,,
brasileirao_serie_b_2026,2026-04-11,4,Juventude,Goiás,2,0,67,,substitution,,False,,,B. Sávio,Cadu,,,,
brasileirao_serie_b_2026,2026-04-11,4,Juventude,Goiás,2,0,67,,substitution,,False,,,L. Ribeiro,Gegê,,,,
brasileirao_serie_b_2026,2026-04-11,4,Juventude,Goiás,2,0,75,,substitution,,True,,,Índio,L. M. Gonçalves,,,,
brasileirao_serie_b_2026,2026-04-11,4,Juventude,Goiás,2,0,80,,substitution,,False,,,Djalma,Nicolas,,,,
brasileirao_serie_b_2026,2026-04-11,4,Juventude,Goiás,2,0,82,,substitution,,True,,,R. Breno,Alan Kardec,,,,
brasileirao_serie_b_2026,2026-04-11,4,Juventude,Goiás,2,0,83,,substitution,,True,,,Carlinhos,Allanzinho,,,,
brasileirao_serie_b_2026,2026-04-11,4,Juventude,Goiás,2,0,90,,period,,,,,,,FT,,2,0
brasileirao_serie_b_2026,2026-04-11,4,Juventude,Goiás,2,0,90,,injuryTime,,,,,,,,3,,
brasileirao_serie_b_2026,2026-04-11,4,Ponte Preta,Vila Nova FC,0,1,0,,card,G. Ferreira,False,yellow,Argument,,,,,,
brasileirao_serie_b_2026,2026-04-11,4,Ponte Preta,Vila Nova FC,0,1,30,,card,P. Romano,False,yellow,Foul,,,,,,
brasileirao_serie_b_2026,2026-04-11,4,Ponte Preta,Vila Nova FC,0,1,38,,goal,R. Lima,False,,,,,,,0,1
brasileirao_serie_b_2026,2026-04-11,4,Ponte Preta,Vila Nova FC,0,1,45,,period,,,,,,,HT,,0,1
brasileirao_serie_b_2026,2026-04-11,4,Ponte Preta,Vila Nova FC,0,1,45,,injuryTime,,,,,,,,3,,
brasileirao_serie_b_2026,2026-04-11,4,Ponte Preta,Vila Nova FC,0,1,46,,substitution,,True,,,L. Phelipe,Elvis,,,,
brasileirao_serie_b_2026,2026-04-11,4,Ponte Preta,Vila Nova FC,0,1,54,,card,R. Silva,False,yellow,Time wasting,,,,,,
brasileirao_serie_b_2026,2026-04-11,4,Ponte Preta,Vila Nova FC,0,1,6,,substitution,,True,,,L. Cunha,D. Braz,,,,
brasileirao_serie_b_2026,2026-04-11,4,Ponte Preta,Vila Nova FC,0,1,63,,substitution,,True,,,D. Tavares,Rodriguinho,,,,
brasileirao_serie_b_2026,2026-04-11,4,Ponte Preta,Vila Nova FC,0,1,64,,card,R. Lima,False,yellow,Foul,,,,,,
brasileirao_serie_b_2026,2026-04-11,4,Ponte Preta,Vila Nova FC,0,1,70,,substitution,,False,,,Hayner,Janderson,,,,
brasileirao_serie_b_2026,2026-04-11,4,Ponte Preta,Vila Nova FC,0,1,70,,substitution,,False,,,B. Xavier,R. Lima,,,,
brasileirao_serie_b_2026,2026-04-11,4,Ponte Preta,Vila Nova FC,0,1,72,,card,Murilo,True,yellow,Foul,,,,,,
brasileirao_serie_b_2026,2026-04-11,4,Ponte Preta,Vila Nova FC,0,1,74,,substitution,,True,,,Miguel,Murilo,,,,
brasileirao_serie_b_2026,2026-04-11,4,Ponte Preta,Vila Nova FC,0,1,74,,substitution,,True,,,Brandão,William Pottker,,,,
brasileirao_serie_b_2026,2026-04-11,4,Ponte Preta,Vila Nova FC,0,1,78,,substitution,,False,,,G. P. P. Lemos,R. Silva,,,,
brasileirao_serie_b_2026,2026-04-11,4,Ponte Preta,Vila Nova FC,0,1,78,,substitution,,False,,,W. Formiga,Elias,,,,
brasileirao_serie_b_2026,2026-04-11,4,Ponte Preta,Vila Nova FC,0,1,84,,substitution,,False,,,Nathan Camargo,D. D. Santos,,,,
brasileirao_serie_b_2026,2026-04-11,4,Ponte Preta,Vila Nova FC,0,1,90,,period,,,,,,,FT,,0,1
brasileirao_serie_b_2026,2026-04-11,4,Ponte Preta,Vila Nova FC,0,1,90,11,card,Higor,False,yellow,Foul,,,,,,
brasileirao_serie_b_2026,2026-04-11,4,Ponte Preta,Vila Nova FC,0,1,90,5,varDecision,Kevyson,True,,,,,,,,
brasileirao_serie_b_2026,2026-04-11,4,Ponte Preta,Vila Nova FC,0,1,90,,injuryTime,,,,,,,,8,,
brasileirao_serie_b_2026,2026-04-11,4,Sport Recife,Avaí,2,2,0,,card,I. Pereira,False,yellow,Argument,,,,,,
brasileirao_serie_b_2026,2026-04-11,4,Sport Recife,Avaí,2,2,19,,goal,L. Henrique,False,,,,,,,0,1
brasileirao_serie_b_2026,2026-04-11,4,Sport Recife,Avaí,2,2,34,,substitution,,True,,,Habraão,Z. Marcos,,,,
brasileirao_serie_b_2026,2026-04-11,4,Sport Recife,Avaí,2,2,40,,card,C. Barletta,True,yellow,Argument,,,,,,
brasileirao_serie_b_2026,2026-04-11,4,Sport Recife,Avaí,2,2,40,,card,L. Henrique,False,yellow,Argument,,,,,,
brasileirao_serie_b_2026,2026-04-11,4,Sport Recife,Avaí,2,2,41,,card,Wallison,False,yellow,Foul,,,,,,
brasileirao_serie_b_2026,2026-04-11,4,Sport Recife,Avaí,2,2,45,,period,,,,,,,HT,,1,1
brasileirao_serie_b_2026,2026-04-11,4,Sport Recife,Avaí,2,2,45,9,goal,C. Barletta,True,,,,,,,1,1
brasileirao_serie_b_2026,2026-04-11,4,Sport Recife,Avaí,2,2,45,8,card,Z. Ricardo,False,yellow,Argument,,,,,,
brasileirao_serie_b_2026,2026-04-11,4,Sport Recife,Avaí,2,2,45,6,varDecision,Felipinho,True,,,,,,,,
brasileirao_serie_b_2026,2026-04-11,4,Sport Recife,Avaí,2,2,45,,injuryTime,,,,,,,,5,,
brasileirao_serie_b_2026,2026-04-11,4,Sport Recife,Avaí,2,2,46,,substitution,,True,,,Carlos De Pena,B. Fonseca,,,,
brasileirao_serie_b_2026,2026-04-11,4,Sport Recife,Avaí,2,2,46,,substitution,,True,,,I. Castilho,Clayson,,,,
brasileirao_serie_b_2026,2026-04-11,4,Sport Recife,Avaí,2,2,66,,substitution,,False,,,Sorriso,T. Roberth,,,,
brasileirao_serie_b_2026,2026-04-11,4,Sport Recife,Avaí,2,2,67,,substitution,,False,,,Del Piage,L. Henrique,,,,
brasileirao_serie_b_2026,2026-04-11,4,Sport Recife,Avaí,2,2,71,,substitution,,False,,,Wesley Gasolina,Wallison,,,,
brasileirao_serie_b_2026,2026-04-11,4,Sport Recife,Avaí,2,2,72,,substitution,,True,,,G. Maia,Perotti,,,,
brasileirao_serie_b_2026,2026-04-11,4,Sport Recife,Avaí,2,2,74,,card,P. Vitor,False,yellow,Foul,,,,,,
brasileirao_serie_b_2026,2026-04-11,4,Sport Recife,Avaí,2,2,86,,substitution,,False,,,Cristiano,J. Lucas,,,,
brasileirao_serie_b_2026,2026-04-11,4,Sport Recife,Avaí,2,2,86,,substitution,,False,,,I. Pereira,W. d. S. França,,,,
brasileirao_serie_b_2026,2026-04-11,4,Sport Recife,Avaí,2,2,86,,substitution,,True,,,Marlon,Zé Gabriel,,,,
brasileirao_serie_b_2026,2026-04-11,4,Sport Recife,Avaí,2,2,89,,goal,Carlos De Pena,True,,,,,,,2,1
brasileirao_serie_b_2026,2026-04-11,4,Sport Recife,Avaí,2,2,90,,period,,,,,,,FT,,2,2
brasileirao_serie_b_2026,2026-04-11,4,Sport Recife,Avaí,2,2,90,7,card,Sorriso,False,yellow,,,,,,,
brasileirao_serie_b_2026,2026-04-11,4,Sport Recife,Avaí,2,2,90,6,goal,Sorriso,False,,,,,,,2,2
brasileirao_serie_b_2026,2026-04-11,4,Sport Recife,Avaí,2,2,90,4,card,Marlon,True,yellow,,,,,,,
brasileirao_serie_b_2026,2026-04-11,4,Sport Recife,Avaí,2,2,90,1,card,D. Teixeira,False,yellow,Foul,,,,,,
brasileirao_serie_b_2026,2026-04-11,4,Sport Recife,Avaí,2,2,90,,injuryTime,,,,,,,,7,,
brasileirao_serie_b_2026,2026-04-12,4,América Mineiro,Grêmio Novorizontino,0,3,27,,substitution,,True,,,N. Cardoso,E. Santos,,,,
brasileirao_serie_b_2026,2026-04-12,4,América Mineiro,Grêmio Novorizontino,0,3,45,,period,,,,,,,HT,,0,0
brasileirao_serie_b_2026,2026-04-12,4,América Mineiro,Grêmio Novorizontino,0,3,45,,injuryTime,,,,,,,,2,,
brasileirao_serie_b_2026,2026-04-12,4,América Mineiro,Grêmio Novorizontino,0,3,52,,card,Dalbert,True,yellow,,,,,,,
brasileirao_serie_b_2026,2026-04-12,4,América Mineiro,Grêmio Novorizontino,0,3,53,,card,Dantas,False,yellow,,,,,,,
brasileirao_serie_b_2026,2026-04-12,4,América Mineiro,Grêmio Novorizontino,0,3,62,,substitution,,False,,,Tavinho,Vinicius Paiva,,,,
brasileirao_serie_b_2026,2026-04-12,4,América Mineiro,Grêmio Novorizontino,0,3,62,,substitution,,False,,,Patrick,Dantas,,,,
brasileirao_serie_b_2026,2026-04-12,4,América Mineiro,Grêmio Novorizontino,0,3,65,,substitution,,False,,,Juninho,Rômulo,,,,
brasileirao_serie_b_2026,2026-04-12,4,América Mineiro,Grêmio Novorizontino,0,3,69,,substitution,,True,,,Matías Segovia,V. Soares,,,,
brasileirao_serie_b_2026,2026-04-12,4,América Mineiro,Grêmio Novorizontino,0,3,69,,substitution,,True,,,Y. Souza,W. Bigode,,,,
brasileirao_serie_b_2026,2026-04-12,4,América Mineiro,Grêmio Novorizontino,0,3,70,,card,M. Bianqui,False,yellow,,,,,,,
brasileirao_serie_b_2026,2026-04-12,4,América Mineiro,Grêmio Novorizontino,0,3,71,,goal,D. Galo,False,,,,,,,0,1
brasileirao_serie_b_2026,2026-04-12,4,América Mineiro,Grêmio Novorizontino,0,3,74,,goal,Sander,False,,,,,,,0,2
brasileirao_serie_b_2026,2026-04-12,4,América Mineiro,Grêmio Novorizontino,0,3,76,,card,D. Galo,False,yellow,,,,,,,
brasileirao_serie_b_2026,2026-04-12,4,América Mineiro,Grêmio Novorizontino,0,3,77,,substitution,,True,,,E. Person,Alê,,,,
brasileirao_serie_b_2026,2026-04-12,4,América Mineiro,Grêmio Novorizontino,0,3,77,,substitution,,True,,,Thauan,Everton,,,,
brasileirao_serie_b_2026,2026-04-12,4,América Mineiro,Grêmio Novorizontino,0,3,87,,substitution,,False,,,Carlão,Robson,,,,
brasileirao_serie_b_2026,2026-04-12,4,América Mineiro,Grêmio Novorizontino,0,3,87,,substitution,,False,,,L. Naldi,D. Galo,,,,
brasileirao_serie_b_2026,2026-04-12,4,América Mineiro,Grêmio Novorizontino,0,3,90,,period,,,,,,,FT,,0,3
brasileirao_serie_b_2026,2026-04-12,4,América Mineiro,Grêmio Novorizontino,0,3,90,2,goal,Tavinho,False,,,,,,,0,3
brasileirao_serie_b_2026,2026-04-12,4,América Mineiro,Grêmio Novorizontino,0,3,90,,injuryTime,,,,,,,,5,,
brasileirao_serie_b_2026,2026-04-12,4,Atlético Goianiense,Londrina,2,1,21,,goal,G. Lopes,True,,,,,,,1,0
brasileirao_serie_b_2026,2026-04-12,4,Atlético Goianiense,Londrina,2,1,45,,period,,,,,,,HT,,1,0
brasileirao_serie_b_2026,2026-04-12,4,Atlético Goianiense,Londrina,2,1,45,,injuryTime,,,,,,,,2,,
brasileirao_serie_b_2026,2026-04-12,4,Atlético Goianiense,Londrina,2,1,56,,substitution,,False,,,Rafael Monteiro,Kevyn,,,,
brasileirao_serie_b_2026,2026-04-12,4,Atlético Goianiense,Londrina,2,1,56,,substitution,,False,,,C. Rafael,J. Tavares,,,,
brasileirao_serie_b_2026,2026-04-12,4,Atlético Goianiense,Londrina,2,1,56,,substitution,,False,,,E. Rodriguez,P. Moccelin,,,,
brasileirao_serie_b_2026,2026-04-12,4,Atlético Goianiense,Londrina,2,1,61,,card,Heron,False,yellow,,,,,,,
brasileirao_serie_b_2026,2026-04-12,4,Atlético Goianiense,Londrina,2,1,67,,substitution,,True,,,Guilherme Marques,Assis,,,,
brasileirao_serie_b_2026,2026-04-12,4,Atlético Goianiense,Londrina,2,1,67,,substitution,,True,,,L. Tocantins,Marrony,,,,
brasileirao_serie_b_2026,2026-04-12,4,Atlético Goianiense,Londrina,2,1,73,,substitution,,False,,,A. Cardoso,A. Luiz,,,,
brasileirao_serie_b_2026,2026-04-12,4,Atlético Goianiense,Londrina,2,1,83,,substitution,,True,,,L. Jacó,Gustavo Coutinho,,,,
brasileirao_serie_b_2026,2026-04-12,4,Atlético Goianiense,Londrina,2,1,84,,card,Guilherme Marques,True,yellow,,,,,,,
brasileirao_serie_b_2026,2026-04-12,4,Atlético Goianiense,Londrina,2,1,86,,goal,L. Jacó,True,,,,,,,2,0
brasileirao_serie_b_2026,2026-04-12,4,Atlético Goianiense,Londrina,2,1,89,,substitution,,True,,,Natã,Ewerthon,,,,
brasileirao_serie_b_2026,2026-04-12,4,Atlético Goianiense,Londrina,2,1,89,,substitution,,True,,,A. Gomes,G. Soares,,,,
brasileirao_serie_b_2026,2026-04-12,4,Atlético Goianiense,Londrina,2,1,90,,period,,,,,,,FT,,2,1
brasileirao_serie_b_2026,2026-04-12,4,Atlético Goianiense,Londrina,2,1,90,,goal,E. Rodriguez,False,,,,,,,2,1
brasileirao_serie_b_2026,2026-04-12,4,Atlético Goianiense,Londrina,2,1,90,,injuryTime,,,,,,,,6,,
brasileirao_serie_b_2026,2026-04-12,4,Clube De Regatas Brasil,Athletic Club,2,3,21,,goal,P. Castro,True,,,,,,,1,0
brasileirao_serie_b_2026,2026-04-12,4,Clube De Regatas Brasil,Athletic Club,2,3,45,,period,,,,,,,HT,,2,0
brasileirao_serie_b_2026,2026-04-12,4,Clube De Regatas Brasil,Athletic Club,2,3,45,5,goal,D. Baggio,True,,,,,,,2,0
brasileirao_serie_b_2026,2026-04-12,4,Clube De Regatas Brasil,Athletic Club,2,3,45,,injuryTime,,,,,,,,3,,
brasileirao_serie_b_2026,2026-04-12,4,Clube De Regatas Brasil,Athletic Club,2,3,46,,substitution,,True,,,Kevin,D. Hereda,,,,
brasileirao_serie_b_2026,2026-04-12,4,Clube De Regatas Brasil,Athletic Club,2,3,49,,goal,R. Tavares,False,,,,,,,2,1
brasileirao_serie_b_2026,2026-04-12,4,Clube De Regatas Brasil,Athletic Club,2,3,50,,card,D. B. d. Souza,False,yellow,,,,,,,
brasileirao_serie_b_2026,2026-04-12,4,Clube De Regatas Brasil,Athletic Club,2,3,50,,card,D. Belmonte,True,yellow,,,,,,,
brasileirao_serie_b_2026,2026-04-12,4,Clube De Regatas Brasil,Athletic Club,2,3,61,,substitution,,False,,,Léo Chú,Bruninho,,,,
brasileirao_serie_b_2026,2026-04-12,4,Clube De Regatas Brasil,Athletic Club,2,3,64,,substitution,,True,,,P. De Lucca,Luizão,,,,
brasileirao_serie_b_2026,2026-04-12,4,Clube De Regatas Brasil,Athletic Club,2,3,64,,substitution,,True,,,Guilherme Pato,L. Phellype,,,,
brasileirao_serie_b_2026,2026-04-12,4,Clube De Regatas Brasil,Athletic Club,2,3,70,,substitution,,False,,,M. Henrique,D. B. d. Souza,,,,
brasileirao_serie_b_2026,2026-04-12,4,Clube De Regatas Brasil,Athletic Club,2,3,70,,substitution,,False,,,J. Miguel,G. Cabezas,,,,
brasileirao_serie_b_2026,2026-04-12,4,Clube De Regatas Brasil,Athletic Club,2,3,70,,substitution,,False,,,D. Vera,Ruan Assis,,,,
brasileirao_serie_b_2026,2026-04-12,4,Clube De Regatas Brasil,Athletic Club,2,3,77,,substitution,,True,,,Wallace,P. Castro,,,,
brasileirao_serie_b_2026,2026-04-12,4,Clube De Regatas Brasil,Athletic Club,2,3,79,,goal,R. Tavares,False,,,,,,,2,2
brasileirao_serie_b_2026,2026-04-12,4,Clube De Regatas Brasil,Athletic Club,2,3,83,,substitution,,True,,,G. Estrella,Bressan,,,,
brasileirao_serie_b_2026,2026-04-12,4,Clube De Regatas Brasil,Athletic Club,2,3,88,,substitution,,False,,,P. Oliveira,Jota,,,,
brasileirao_serie_b_2026,2026-04-12,4,Clube De Regatas Brasil,Athletic Club,2,3,90,,period,,,,,,,FT,,2,3
brasileirao_serie_b_2026,2026-04-12,4,Clube De Regatas Brasil,Athletic Club,2,3,90,11,goal,R. Tavares,False,,,,,,,2,3
brasileirao_serie_b_2026,2026-04-12,4,Clube De Regatas Brasil,Athletic Club,2,3,90,6,card,K. Rodrigues,False,yellow,,,,,,,
brasileirao_serie_b_2026,2026-04-12,4,Clube De Regatas Brasil,Athletic Club,2,3,90,4,card,G. Estrella,True,yellow,,,,,,,
brasileirao_serie_b_2026,2026-04-12,4,Clube De Regatas Brasil,Athletic Club,2,3,90,,injuryTime,,,,,,,,11,,
brasileirao_serie_b_2026,2026-04-12,4,Operário-PR,Cuiabá,0,0,19,,card,Índio,True,yellow,,,,,,,
brasileirao_serie_b_2026,2026-04-12,4,Operário-PR,Cuiabá,0,0,22,,card,Pepê,False,yellow,,,,,,,
brasileirao_serie_b_2026,2026-04-12,4,Operário-PR,Cuiabá,0,0,39,,varDecision,Railan,False,,,,,,,,
brasileirao_serie_b_2026,2026-04-12,4,Operário-PR,Cuiabá,0,0,45,,period,,,,,,,HT,,0,0
brasileirao_serie_b_2026,2026-04-12,4,Operário-PR,Cuiabá,0,0,45,,injuryTime,,,,,,,,5,,
brasileirao_serie_b_2026,2026-04-12,4,Operário-PR,Cuiabá,0,0,46,,substitution,,True,,,C. Dantas,Pablo,,,,
brasileirao_serie_b_2026,2026-04-12,4,Operário-PR,Cuiabá,0,0,61,,card,Vitor Mendes,False,yellow,,,,,,,
brasileirao_serie_b_2026,2026-04-12,4,Operário-PR,Cuiabá,0,0,63,,card,D. M. d. S. Arcanjo,False,yellow,,,,,,,
brasileirao_serie_b_2026,2026-04-12,4,Operário-PR,Cuiabá,0,0,68,,substitution,,False,,,M. Criciuma,Pepê,,,,
brasileirao_serie_b_2026,2026-04-12,4,Operário-PR,Cuiabá,0,0,68,,substitution,,True,,,N. Paraíba,Índio,,,,
brasileirao_serie_b_2026,2026-04-12,4,Operário-PR,Cuiabá,0,0,68,,substitution,,True,,,E. Torres,H. Pereira,,,,
brasileirao_serie_b_2026,2026-04-12,4,Operário-PR,Cuiabá,0,0,72,,varDecision,Marlon,False,,,,,,,,
brasileirao_serie_b_2026,2026-04-12,4,Operário-PR,Cuiabá,0,0,73,,card,Marlon,False,red,,,,,,,
brasileirao_serie_b_2026,2026-04-12,4,Operário-PR,Cuiabá,0,0,75,,substitution,,False,,,Eric,R. Rodrigues,,,,
brasileirao_serie_b_2026,2026-04-12,4,Operário-PR,Cuiabá,0,0,79,,substitution,,True,,,P. Vilhena,Aylon,,,,
brasileirao_serie_b_2026,2026-04-12,4,Operário-PR,Cuiabá,0,0,83,,substitution,,False,,,Weverson,Hernandes,,,,
brasileirao_serie_b_2026,2026-04-12,4,Operário-PR,Cuiabá,0,0,84,,substitution,,False,,,V. Peixoto,C. Costa,,,,
brasileirao_serie_b_2026,2026-04-12,4,Operário-PR,Cuiabá,0,0,85,,substitution,,True,,,F. Augusto,V. Diniz,,,,
brasileirao_serie_b_2026,2026-04-12,4,Operário-PR,Cuiabá,0,0,85,,card,V. Diniz,True,yellow,,,,,,,
brasileirao_serie_b_2026,2026-04-12,4,Operário-PR,Cuiabá,0,0,85,,substitution,,False,,,Luisão,M. Criciuma,,,,
brasileirao_serie_b_2026,2026-04-12,4,Operário-PR,Cuiabá,0,0,85,,card,M. Criciuma,False,yellow,,,,,,,
brasileirao_serie_b_2026,2026-04-12,4,Operário-PR,Cuiabá,0,0,90,,period,,,,,,,FT,,0,0
brasileirao_serie_b_2026,2026-04-12,4,Operário-PR,Cuiabá,0,0,90,4,card,Weverson,False,yellow,,,,,,,
brasileirao_serie_b_2026,2026-04-12,4,Operário-PR,Cuiabá,0,0,90,,injuryTime,,,,,,,,7,,
brasileirao_serie_b_2026,2026-04-12,4,São Bernardo,Fortaleza,0,1,19,,card,Pará,True,yellow,,,,,,,
brasileirao_serie_b_2026,2026-04-12,4,São Bernardo,Fortaleza,0,1,45,,period,,,,,,,HT,,0,0
brasileirao_serie_b_2026,2026-04-12,4,São Bernardo,Fortaleza,0,1,45,,injuryTime,,,,,,,,3,,
brasileirao_serie_b_2026,2026-04-12,4,São Bernardo,Fortaleza,0,1,46,,substitution,,True,,,H. Maciel,M. Salustiano,,,,
brasileirao_serie_b_2026,2026-04-12,4,São Bernardo,Fortaleza,0,1,52,,card,G. Fuentes,False,yellow,,,,,,,
brasileirao_serie_b_2026,2026-04-12,4,São Bernardo,Fortaleza,0,1,59,,substitution,,False,,,J. Miritello,L. Emanoel,,,,
brasileirao_serie_b_2026,2026-04-12,4,São Bernardo,Fortaleza,0,1,68,,substitution,,False,,,M. Júnior,G. Fuentes,,,,
brasileirao_serie_b_2026,2026-04-12,4,São Bernardo,Fortaleza,0,1,73,,card,Pierre,False,yellow,,,,,,,
brasileirao_serie_b_2026,2026-04-12,4,São Bernardo,Fortaleza,0,1,76,,substitution,,True,,,Echaporã,Pedrinho,,,,
brasileirao_serie_b_2026,2026-04-12,4,São Bernardo,Fortaleza,0,1,76,,substitution,,True,,,Hyoran,D. Miraíma,,,,
brasileirao_serie_b_2026,2026-04-12,4,São Bernardo,Fortaleza,0,1,76,,substitution,,True,,,Marcão Silva,Foguinho,,,,
brasileirao_serie_b_2026,2026-04-12,4,São Bernardo,Fortaleza,0,1,83,,substitution,,False,,,P. Baya,Luiz Fernando,,,,
brasileirao_serie_b_2026,2026-04-12,4,São Bernardo,Fortaleza,0,1,83,,substitution,,False,,,L. Prior,T. Pochettino,,,,
brasileirao_serie_b_2026,2026-04-12,4,São Bernardo,Fortaleza,0,1,83,,substitution,,False,,,Ronald,Ryan,,,,
brasileirao_serie_b_2026,2026-04-12,4,São Bernardo,Fortaleza,0,1,84,,card,E. Brítez,False,yellow,,,,,,,
brasileirao_serie_b_2026,2026-04-12,4,São Bernardo,Fortaleza,0,1,87,,goal,J. Miritello,False,,,,,,,0,1
brasileirao_serie_b_2026,2026-04-12,4,São Bernardo,Fortaleza,0,1,89,,substitution,,True,,,Fabrício Daniel,D. Amorim,,,,
brasileirao_serie_b_2026,2026-04-12,4,São Bernardo,Fortaleza,0,1,90,,period,,,,,,,FT,,0,1
brasileirao_serie_b_2026,2026-04-12,4,São Bernardo,Fortaleza,0,1,90,,injuryTime,,,,,,,,4,,
brasileirao_serie_b_2026,2026-04-18,5,América Mineiro,Sport Recife,0,0,32,,card,I. Castilho,False,yellow,,,,,,,
brasileirao_serie_b_2026,2026-04-18,5,América Mineiro,Sport Recife,0,0,45,,period,,,,,,,HT,,0,0
brasileirao_serie_b_2026,2026-04-18,5,América Mineiro,Sport Recife,0,0,45,,injuryTime,,,,,,,,3,,
brasileirao_serie_b_2026,2026-04-18,5,América Mineiro,Sport Recife,0,0,46,,substitution,,False,,,B.Fonseca,Zé Lucas,,,,
brasileirao_serie_b_2026,2026-04-18,5,América Mineiro,Sport Recife,0,0,46,,substitution,,False,,,Madson,A. Pucci,,,,
brasileirao_serie_b_2026,2026-04-18,5,América Mineiro,Sport Recife,0,0,51,,card,R. Barcelos,True,yellow,,,,,,,
brasileirao_serie_b_2026,2026-04-18,5,América Mineiro,Sport Recife,0,0,61,,substitution,,False,,,Marlon,I. Castilho,,,,
brasileirao_serie_b_2026,2026-04-18,5,América Mineiro,Sport Recife,0,0,62,,substitution,,False,,,Habraão,M. Ajul,,,,
brasileirao_serie_b_2026,2026-04-18,5,América Mineiro,Sport Recife,0,0,74,,substitution,,True,,,J. J. J. d. Lima,Y. Santos,,,,
brasileirao_serie_b_2026,2026-04-18,5,América Mineiro,Sport Recife,0,0,74,,substitution,,True,,,Paulinho,Dalbert,,,,
brasileirao_serie_b_2026,2026-04-18,5,América Mineiro,Sport Recife,0,0,84,,substitution,,True,,,Alê,Matías Segovia,,,,
brasileirao_serie_b_2026,2026-04-18,5,América Mineiro,Sport Recife,0,0,84,,substitution,,True,,,P. Victor,G. Mastriani,,,,
brasileirao_serie_b_2026,2026-04-18,5,América Mineiro,Sport Recife,0,0,84,,substitution,,True,,,L. Alaba,F. Amaral,,,,
brasileirao_serie_b_2026,2026-04-18,5,América Mineiro,Sport Recife,0,0,85,,card,Madson,False,yellow,,,,,,,
brasileirao_serie_b_2026,2026-04-18,5,América Mineiro,Sport Recife,0,0,9,,card,A. Pucci,False,yellow,,,,,,,
brasileirao_serie_b_2026,2026-04-18,5,América Mineiro,Sport Recife,0,0,90,,period,,,,,,,FT,,0,0
brasileirao_serie_b_2026,2026-04-18,5,América Mineiro,Sport Recife,0,0,90,3,card,Zé Gabriel,False,yellow,,,,,,,
brasileirao_serie_b_2026,2026-04-18,5,América Mineiro,Sport Recife,0,0,90,,injuryTime,,,,,,,,5,,
brasileirao_serie_b_2026,2026-04-18,5,Avaí,Ponte Preta,1,2,34,,card,L. Henrique,True,yellow,,,,,,,
brasileirao_serie_b_2026,2026-04-18,5,Avaí,Ponte Preta,1,2,38,,goal,J. Lucas,True,,,,,,,1,0
brasileirao_serie_b_2026,2026-04-18,5,Avaí,Ponte Preta,1,2,45,,period,,,,,,,HT,,1,1
brasileirao_serie_b_2026,2026-04-18,5,Avaí,Ponte Preta,1,2,45,2,goal,William Pottker,False,,,,,,,1,1
brasileirao_serie_b_2026,2026-04-18,5,Avaí,Ponte Preta,1,2,45,,injuryTime,,,,,,,,4,,
brasileirao_serie_b_2026,2026-04-18,5,Avaí,Ponte Preta,1,2,46,,substitution,,False,,,L. Phelipe,R. Saravia,,,,
brasileirao_serie_b_2026,2026-04-18,5,Avaí,Ponte Preta,1,2,46,,substitution,,True,,,Cristiano,Del Piage,,,,
brasileirao_serie_b_2026,2026-04-18,5,Avaí,Ponte Preta,1,2,57,,substitution,,True,,,F. Avenatti,W. d. S. França,,,,
brasileirao_serie_b_2026,2026-04-18,5,Avaí,Ponte Preta,1,2,60,,goal,D. Tavares,False,,,,,,,1,2
brasileirao_serie_b_2026,2026-04-18,5,Avaí,Ponte Preta,1,2,62,,substitution,,True,,,Sorriso,J. Lucas,,,,
brasileirao_serie_b_2026,2026-04-18,5,Avaí,Ponte Preta,1,2,69,,card,B. Borges,False,yellow,,,,,,,
brasileirao_serie_b_2026,2026-04-18,5,Avaí,Ponte Preta,1,2,75,,substitution,,False,,,Rodriguinho,William Pottker,,,,
brasileirao_serie_b_2026,2026-04-18,5,Avaí,Ponte Preta,1,2,77,,substitution,,True,,,Jamerson,L. Henrique,,,,
brasileirao_serie_b_2026,2026-04-18,5,Avaí,Ponte Preta,1,2,77,,substitution,,True,,,I. Pereira,T. Roberth,,,,
brasileirao_serie_b_2026,2026-04-18,5,Avaí,Ponte Preta,1,2,77,,card,T. Roberth,True,yellow,,,,,,,
brasileirao_serie_b_2026,2026-04-18,5,Avaí,Ponte Preta,1,2,79,,card,Sorriso,True,yellow,,,,,,,
brasileirao_serie_b_2026,2026-04-18,5,Avaí,Ponte Preta,1,2,82,,card,Thalys,False,yellow,,,,,,,
brasileirao_serie_b_2026,2026-04-18,5,Avaí,Ponte Preta,1,2,84,,substitution,,False,,,Brandão,D. Tavares,,,,
brasileirao_serie_b_2026,2026-04-18,5,Avaí,Ponte Preta,1,2,85,,substitution,,False,,,R. de Souza,B. Borges,,,,
brasileirao_serie_b_2026,2026-04-18,5,Avaí,Ponte Preta,1,2,89,,substitution,,False,,,D. Barcelos,Kevyson,,,,
brasileirao_serie_b_2026,2026-04-18,5,Avaí,Ponte Preta,1,2,90,,period,,,,,,,FT,,1,2
brasileirao_serie_b_2026,2026-04-18,5,Avaí,Ponte Preta,1,2,90,5,card,Wallison,True,yellow,,,,,,,
brasileirao_serie_b_2026,2026-04-18,5,Avaí,Ponte Preta,1,2,90,,injuryTime,,,,,,,,5,,
brasileirao_serie_b_2026,2026-04-18,5,Clube De Regatas Brasil,Juventude,0,1,18,,substitution,,False,,,Gabriel,Wadson,,,,
brasileirao_serie_b_2026,2026-04-18,5,Clube De Regatas Brasil,Juventude,0,1,18,,substitution,,False,,,D. Barbosa,Messias,,,,
brasileirao_serie_b_2026,2026-04-18,5,Clube De Regatas Brasil,Juventude,0,1,31,,card,Gabriel,False,yellow,,,,,,,
brasileirao_serie_b_2026,2026-04-18,5,Clube De Regatas Brasil,Juventude,0,1,40,,goal,Allanzinho,False,,,,,,,0,1
brasileirao_serie_b_2026,2026-04-18,5,Clube De Regatas Brasil,Juventude,0,1,44,,substitution,,False,,,F. Lima,Allanzinho,,,,
brasileirao_serie_b_2026,2026-04-18,5,Clube De Regatas Brasil,Juventude,0,1,45,,period,,,,,,,HT,,0,1
brasileirao_serie_b_2026,2026-04-18,5,Clube De Regatas Brasil,Juventude,0,1,45,,card,Bressan,True,yellow,,,,,,,
brasileirao_serie_b_2026,2026-04-18,5,Clube De Regatas Brasil,Juventude,0,1,45,,injuryTime,,,,,,,,4,,
brasileirao_serie_b_2026,2026-04-18,5,Clube De Regatas Brasil,Juventude,0,1,46,,substitution,,True,,,Mikael,Luizão,,,,
brasileirao_serie_b_2026,2026-04-18,5,Clube De Regatas Brasil,Juventude,0,1,46,,substitution,,True,,,P. De Lucca,D. Baggio,,,,
brasileirao_serie_b_2026,2026-04-18,5,Clube De Regatas Brasil,Juventude,0,1,46,,substitution,,True,,,H. Santos,Bressan,,,,
brasileirao_serie_b_2026,2026-04-18,5,Clube De Regatas Brasil,Juventude,0,1,55,,card,D. Barbosa,False,yellow,,,,,,,
brasileirao_serie_b_2026,2026-04-18,5,Clube De Regatas Brasil,Juventude,0,1,57,,substitution,,True,,,Guilherme Pato,L. Phellype,,,,
brasileirao_serie_b_2026,2026-04-18,5,Clube De Regatas Brasil,Juventude,0,1,59,,card,Guilherme Pato,True,yellow,,,,,,,
brasileirao_serie_b_2026,2026-04-18,5,Clube De Regatas Brasil,Juventude,0,1,64,,card,D. Hereda,True,red,,,,,,,
brasileirao_serie_b_2026,2026-04-18,5,Clube De Regatas Brasil,Juventude,0,1,70,,substitution,,True,,,Kevin,D. Belmonte,,,,
brasileirao_serie_b_2026,2026-04-18,5,Clube De Regatas Brasil,Juventude,0,1,70,,card,F. Alemão,True,yellow,,,,,,,
brasileirao_serie_b_2026,2026-04-18,5,Clube De Regatas Brasil,Juventude,0,1,75,,substitution,,False,,,Nathan,M. Castro,,,,
brasileirao_serie_b_2026,2026-04-18,5,Clube De Regatas Brasil,Juventude,0,1,75,,substitution,,False,,,A. Safira,Alan Kardec,,,,
brasileirao_serie_b_2026,2026-04-18,5,Clube De Regatas Brasil,Juventude,0,1,84,,card,L. Lovat,True,yellow,,,,,,,
brasileirao_serie_b_2026,2026-04-18,5,Clube De Regatas Brasil,Juventude,0,1,90,,period,,,,,,,FT,,0,1
brasileirao_serie_b_2026,2026-04-18,5,Clube De Regatas Brasil,Juventude,0,1,90,,injuryTime,,,,,,,,5,,
brasileirao_serie_b_2026,2026-04-18,5,Náutico,São Bernardo,0,3,1,,card,R. Ferreira,False,yellow,,,,,,,
brasileirao_serie_b_2026,2026-04-18,5,Náutico,São Bernardo,0,3,29,,card,A. Alves,False,yellow,,,,,,,
brasileirao_serie_b_2026,2026-04-18,5,Náutico,São Bernardo,0,3,36,,card,D. Miraíma,False,yellow,,,,,,,
brasileirao_serie_b_2026,2026-04-18,5,Náutico,São Bernardo,0,3,45,,period,,,,,,,HT,,0,0
brasileirao_serie_b_2026,2026-04-18,5,Náutico,São Bernardo,0,3,45,6,card,Foguinho,False,yellow,,,,,,,
brasileirao_serie_b_2026,2026-04-18,5,Náutico,São Bernardo,0,3,45,6,card,L. Felipe,True,yellow,,,,,,,
brasileirao_serie_b_2026,2026-04-18,5,Náutico,São Bernardo,0,3,45,,injuryTime,,,,,,,,5,,
brasileirao_serie_b_2026,2026-04-18,5,Náutico,São Bernardo,0,3,46,,substitution,,False,,,J. De Oliveira Cordeiro Juni,A. Alves,,,,
brasileirao_serie_b_2026,2026-04-18,5,Náutico,São Bernardo,0,3,46,,substitution,,False,,,Echaporã,Pedrinho,,,,
brasileirao_serie_b_2026,2026-04-18,5,Náutico,São Bernardo,0,3,46,,substitution,,True,,,F. Saraiva,Juninho,,,,
brasileirao_serie_b_2026,2026-04-18,5,Náutico,São Bernardo,0,3,62,,substitution,,True,,,Samuel,L. Felipe,,,,
brasileirao_serie_b_2026,2026-04-18,5,Náutico,São Bernardo,0,3,64,,goal,P. Vitor,False,,,,,,,0,1
brasileirao_serie_b_2026,2026-04-18,5,Náutico,São Bernardo,0,3,66,,varDecision,P. Vitor,False,,,,,,,,
brasileirao_serie_b_2026,2026-04-18,5,Náutico,São Bernardo,0,3,69,,substitution,,False,,,Jemerson,D. Miraíma,,,,
brasileirao_serie_b_2026,2026-04-18,5,Náutico,São Bernardo,0,3,69,,substitution,,False,,,P. Dyego,D. Amorim,,,,
brasileirao_serie_b_2026,2026-04-18,5,Náutico,São Bernardo,0,3,73,,substitution,,True,,,V. Andrade,Vinícius,,,,
brasileirao_serie_b_2026,2026-04-18,5,Náutico,São Bernardo,0,3,73,,substitution,,True,,,Vitinho,Wenderson,,,,
brasileirao_serie_b_2026,2026-04-18,5,Náutico,São Bernardo,0,3,73,,substitution,,True,,,P. Sérgio,Derek,,,,
brasileirao_serie_b_2026,2026-04-18,5,Náutico,São Bernardo,0,3,77,,card,J. De Oliveira Cordeiro Juni,False,yellow,,,,,,,
brasileirao_serie_b_2026,2026-04-18,5,Náutico,São Bernardo,0,3,77,,card,H. Maciel,False,yellow,,,,,,,
brasileirao_serie_b_2026,2026-04-18,5,Náutico,São Bernardo,0,3,81,,goal,Foguinho,False,,,,,,,0,2
brasileirao_serie_b_2026,2026-04-18,5,Náutico,São Bernardo,0,3,83,,varDecision,Foguinho,False,,,,,,,,
brasileirao_serie_b_2026,2026-04-18,5,Náutico,São Bernardo,0,3,87,,substitution,,False,,,Hugo,P. Vitor,,,,
brasileirao_serie_b_2026,2026-04-18,5,Náutico,São Bernardo,0,3,88,,goal,P. Dyego,False,,,,,,,0,3
brasileirao_serie_b_2026,2026-04-18,5,Náutico,São Bernardo,0,3,90,,period,,,,,,,FT,,0,3
brasileirao_serie_b_2026,2026-04-18,5,Náutico,São Bernardo,0,3,90,8,card,Samuel,True,yellow,,,,,,,
brasileirao_serie_b_2026,2026-04-18,5,Náutico,São Bernardo,0,3,90,,injuryTime,,,,,,,,7,,
brasileirao_serie_b_2026,2026-04-18,5,Vila Nova FC,Operário-PR,2,1,19,,goal,R. Silva,True,,,,,,,1,0
brasileirao_serie_b_2026,2026-04-18,5,Vila Nova FC,Operário-PR,2,1,43,,goal,V. Diniz,False,,,,,,,1,1
brasileirao_serie_b_2026,2026-04-18,5,Vila Nova FC,Operário-PR,2,1,45,,period,,,,,,,HT,,1,1
brasileirao_serie_b_2026,2026-04-18,5,Vila Nova FC,Operário-PR,2,1,45,3,card,V. Diniz,False,yellow,,,,,,,
brasileirao_serie_b_2026,2026-04-18,5,Vila Nova FC,Operário-PR,2,1,45,,card,Aylon,False,yellow,,,,,,,
brasileirao_serie_b_2026,2026-04-18,5,Vila Nova FC,Operário-PR,2,1,45,,injuryTime,,,,,,,,3,,
brasileirao_serie_b_2026,2026-04-18,5,Vila Nova FC,Operário-PR,2,1,46,,substitution,,True,,,J. Vieira,Willian Maranhão,,,,
brasileirao_serie_b_2026,2026-04-18,5,Vila Nova FC,Operário-PR,2,1,46,,substitution,,True,,,W. Formiga,Higor,,,,
brasileirao_serie_b_2026,2026-04-18,5,Vila Nova FC,Operário-PR,2,1,48,,card,Janderson,True,yellow,,,,,,,
brasileirao_serie_b_2026,2026-04-18,5,Vila Nova FC,Operário-PR,2,1,50,,goal,R. Lima,True,,,,,,,2,1
brasileirao_serie_b_2026,2026-04-18,5,Vila Nova FC,Operário-PR,2,1,51,,card,C. Marcelo,True,yellow,,,,,,,
brasileirao_serie_b_2026,2026-04-18,5,Vila Nova FC,Operário-PR,2,1,59,,card,P. Romano,True,yellow,,,,,,,
brasileirao_serie_b_2026,2026-04-18,5,Vila Nova FC,Operário-PR,2,1,62,,substitution,,True,,,Anderson,C. Marcelo,,,,
brasileirao_serie_b_2026,2026-04-18,5,Vila Nova FC,Operário-PR,2,1,63,,substitution,,False,,,P. Vilhena,C. Dantas,,,,
brasileirao_serie_b_2026,2026-04-18,5,Vila Nova FC,Operário-PR,2,1,64,,card,W. Formiga,True,yellow,,,,,,,
brasileirao_serie_b_2026,2026-04-18,5,Vila Nova FC,Operário-PR,2,1,64,,substitution,,False,,,N. Paraíba,M. Trindade,,,,
brasileirao_serie_b_2026,2026-04-18,5,Vila Nova FC,Operário-PR,2,1,74,,substitution,,False,,,E. Torres,H. Pereira,,,,
brasileirao_serie_b_2026,2026-04-18,5,Vila Nova FC,Operário-PR,2,1,75,,card,J. Vieira,True,yellow,,,,,,,
brasileirao_serie_b_2026,2026-04-18,5,Vila Nova FC,Operário-PR,2,1,81,,substitution,,False,,,F. Augusto,V. Diniz,,,,
brasileirao_serie_b_2026,2026-04-18,5,Vila Nova FC,Operário-PR,2,1,81,,substitution,,False,,,G. Feliciano,Moraes Júnior,,,,
brasileirao_serie_b_2026,2026-04-18,5,Vila Nova FC,Operário-PR,2,1,82,,card,Dudu,True,yellow,,,,,,,
brasileirao_serie_b_2026,2026-04-18,5,Vila Nova FC,Operário-PR,2,1,82,,substitution,,True,,,Hayner,R. Lima,,,,
brasileirao_serie_b_2026,2026-04-18,5,Vila Nova FC,Operário-PR,2,1,82,,substitution,,True,,,T. Pagnussat,P. Romano,,,,
brasileirao_serie_b_2026,2026-04-18,5,Vila Nova FC,Operário-PR,2,1,84,,varDecision,Mikael,False,,,,,,,,
brasileirao_serie_b_2026,2026-04-18,5,Vila Nova FC,Operário-PR,2,1,87,,card,R. Silva,True,yellow,,,,,,,
brasileirao_serie_b_2026,2026-04-18,5,Vila Nova FC,Operário-PR,2,1,90,,period,,,,,,,FT,,2,1
brasileirao_serie_b_2026,2026-04-18,5,Vila Nova FC,Operário-PR,2,1,90,,injuryTime,,,,,,,,6,,
brasileirao_serie_b_2026,2026-04-19,5,Botafogo-SP,Atlético Goianiense,1,1,0,,card,E. Souza,False,yellow,Argument,,,,,,
brasileirao_serie_b_2026,2026-04-19,5,Botafogo-SP,Atlético Goianiense,1,1,20,,varDecision,Gustavo Coutinho,False,,,,,,,,
brasileirao_serie_b_2026,2026-04-19,5,Botafogo-SP,Atlético Goianiense,1,1,23,,goal,Gustavo Coutinho,False,,,,,,,1,1
brasileirao_serie_b_2026,2026-04-19,5,Botafogo-SP,Atlético Goianiense,1,1,25,,card,G. Lopes,False,yellow,Foul,,,,,,
brasileirao_serie_b_2026,2026-04-19,5,Botafogo-SP,Atlético Goianiense,1,1,26,,card,Wallace,True,yellow,Foul,,,,,,
brasileirao_serie_b_2026,2026-04-19,5,Botafogo-SP,Atlético Goianiense,1,1,34,,substitution,,False,,,A. Gomes,I. Henrique,,,,
brasileirao_serie_b_2026,2026-04-19,5,Botafogo-SP,Atlético Goianiense,1,1,4,,goal,E. Morelli,True,,,,,,,1,0
brasileirao_serie_b_2026,2026-04-19,5,Botafogo-SP,Atlético Goianiense,1,1,40,,card,Luizão,True,yellow,Foul,,,,,,
brasileirao_serie_b_2026,2026-04-19,5,Botafogo-SP,Atlético Goianiense,1,1,45,,period,,,,,,,HT,,1,1
brasileirao_serie_b_2026,2026-04-19,5,Botafogo-SP,Atlético Goianiense,1,1,45,2,card,Gustavo Coutinho,False,yellow,Time wasting,,,,,,
brasileirao_serie_b_2026,2026-04-19,5,Botafogo-SP,Atlético Goianiense,1,1,45,,injuryTime,,,,,,,,3,,
brasileirao_serie_b_2026,2026-04-19,5,Botafogo-SP,Atlético Goianiense,1,1,46,,substitution,,False,,,Guilherme Marques,Assis,,,,
brasileirao_serie_b_2026,2026-04-19,5,Botafogo-SP,Atlético Goianiense,1,1,46,,substitution,,False,,,B. José,G. Soares,,,,
brasileirao_serie_b_2026,2026-04-19,5,Botafogo-SP,Atlético Goianiense,1,1,57,,substitution,,False,,,L. Jacó,Gustavo Coutinho,,,,
brasileirao_serie_b_2026,2026-04-19,5,Botafogo-SP,Atlético Goianiense,1,1,59,,substitution,,True,,,Thalles,Luizão,,,,
brasileirao_serie_b_2026,2026-04-19,5,Botafogo-SP,Atlético Goianiense,1,1,59,,substitution,,True,,,W. Pinheiro,Kelvin,,,,
brasileirao_serie_b_2026,2026-04-19,5,Botafogo-SP,Atlético Goianiense,1,1,74,,substitution,,False,,,L. Tocantins,Marrony,,,,
brasileirao_serie_b_2026,2026-04-19,5,Botafogo-SP,Atlético Goianiense,1,1,77,,substitution,,True,,,J. Nem,Z. Hugo,,,,
brasileirao_serie_b_2026,2026-04-19,5,Botafogo-SP,Atlético Goianiense,1,1,77,,substitution,,True,,,Marquinho,L. Maciel,,,,
brasileirao_serie_b_2026,2026-04-19,5,Botafogo-SP,Atlético Goianiense,1,1,79,,card,A. Gomes,False,yellow,Time wasting,,,,,,
brasileirao_serie_b_2026,2026-04-19,5,Botafogo-SP,Atlético Goianiense,1,1,90,,period,,,,,,,FT,,1,1
brasileirao_serie_b_2026,2026-04-19,5,Botafogo-SP,Atlético Goianiense,1,1,90,,substitution,,True,,,Darlan,Wallace,,,,
brasileirao_serie_b_2026,2026-04-19,5,Botafogo-SP,Atlético Goianiense,1,1,90,,injuryTime,,,,,,,,5,,
brasileirao_serie_b_2026,2026-04-19,5,Fortaleza,Criciúma,3,2,13,,goal,F. Mateus,False,,,,,,,1,1
brasileirao_serie_b_2026,2026-04-19,5,Fortaleza,Criciúma,3,2,29,,goal,R. R. Carvalho,True,,,,,,,2,1
brasileirao_serie_b_2026,2026-04-19,5,Fortaleza,Criciúma,3,2,32,,card,L. Emanoel,True,yellow,,,,,,,
brasileirao_serie_b_2026,2026-04-19,5,Fortaleza,Criciúma,3,2,45,,period,,,,,,,HT,,2,1
brasileirao_serie_b_2026,2026-04-19,5,Fortaleza,Criciúma,3,2,45,,injuryTime,,,,,,,,3,,
brasileirao_serie_b_2026,2026-04-19,5,Fortaleza,Criciúma,3,2,48,,card,Ryan,True,yellow,,,,,,,
brasileirao_serie_b_2026,2026-04-19,5,Fortaleza,Criciúma,3,2,50,,goal,B. Alves,False,,,,,,,2,2
brasileirao_serie_b_2026,2026-04-19,5,Fortaleza,Criciúma,3,2,56,,card,M. Hermes,False,yellow,,,,,,,
brasileirao_serie_b_2026,2026-04-19,5,Fortaleza,Criciúma,3,2,60,,card,R. R. Carvalho,False,yellow,,,,,,,
brasileirao_serie_b_2026,2026-04-19,5,Fortaleza,Criciúma,3,2,64,,substitution,,False,,,Waguininho,Romarinho,,,,
brasileirao_serie_b_2026,2026-04-19,5,Fortaleza,Criciúma,3,2,67,,substitution,,True,,,Rodriguinho,M. Júnior,,,,
brasileirao_serie_b_2026,2026-04-19,5,Fortaleza,Criciúma,3,2,67,,substitution,,True,,,L. Sasha,Pierre,,,,
brasileirao_serie_b_2026,2026-04-19,5,Fortaleza,Criciúma,3,2,71,,substitution,,False,,,R. Otero,Nicolas,,,,
brasileirao_serie_b_2026,2026-04-19,5,Fortaleza,Criciúma,3,2,71,,substitution,,False,,,H. Alves,F. Mateus,,,,
brasileirao_serie_b_2026,2026-04-19,5,Fortaleza,Criciúma,3,2,77,,goal,B. Alves,True,,,,,,,3,2
brasileirao_serie_b_2026,2026-04-19,5,Fortaleza,Criciúma,3,2,77,,substitution,,True,,,P. Baya,L. Emanoel,,,,
brasileirao_serie_b_2026,2026-04-19,5,Fortaleza,Criciúma,3,2,8,,goal,Luiz Fernando,True,,,,,,,1,0
brasileirao_serie_b_2026,2026-04-19,5,Fortaleza,Criciúma,3,2,82,,substitution,,False,,,Bidu,B. Alves,,,,
brasileirao_serie_b_2026,2026-04-19,5,Fortaleza,Criciúma,3,2,82,,substitution,,False,,,L. Mana,R. R. Carvalho,,,,
brasileirao_serie_b_2026,2026-04-19,5,Fortaleza,Criciúma,3,2,88,,substitution,,True,,,Ronald,Ryan,,,,
brasileirao_serie_b_2026,2026-04-19,5,Fortaleza,Criciúma,3,2,88,,substitution,,True,,,Welliton,Maílton,,,,
brasileirao_serie_b_2026,2026-04-19,5,Fortaleza,Criciúma,3,2,90,,period,,,,,,,FT,,3,2
brasileirao_serie_b_2026,2026-04-19,5,Fortaleza,Criciúma,3,2,90,5,card,Rodriguinho,True,yellow,,,,,,,
brasileirao_serie_b_2026,2026-04-19,5,Fortaleza,Criciúma,3,2,90,,injuryTime,,,,,,,,6,,
brasileirao_serie_b_2026,2026-04-19,5,Goiás,Cuiabá,0,2,45,,period,,,,,,,HT,,0,0
brasileirao_serie_b_2026,2026-04-19,5,Goiás,Cuiabá,0,2,45,,injuryTime,,,,,,,,1,,
brasileirao_serie_b_2026,2026-04-19,5,Goiás,Cuiabá,0,2,46,,substitution,,True,,,L. R. M. Costa,Filipe Machado,,,,
brasileirao_serie_b_2026,2026-04-19,5,Goiás,Cuiabá,0,2,46,,substitution,,True,,,Cadu,L. Ribeiro,,,,
brasileirao_serie_b_2026,2026-04-19,5,Goiás,Cuiabá,0,2,5,,card,Filipe Machado,True,yellow,,,,,,,
brasileirao_serie_b_2026,2026-04-19,5,Goiás,Cuiabá,0,2,50,,card,Hernandes,False,yellow,,,,,,,
brasileirao_serie_b_2026,2026-04-19,5,Goiás,Cuiabá,0,2,61,,substitution,,True,,,Brayann,L. Lima,,,,
brasileirao_serie_b_2026,2026-04-19,5,Goiás,Cuiabá,0,2,62,,substitution,,False,,,Eliel,R. Rodrigues,,,,
brasileirao_serie_b_2026,2026-04-19,5,Goiás,Cuiabá,0,2,70,,substitution,,True,,,Djalma,Gegê,,,,
brasileirao_serie_b_2026,2026-04-19,5,Goiás,Cuiabá,0,2,71,,substitution,,False,,,Weverson,D. M. d. S. Arcanjo,,,,
brasileirao_serie_b_2026,2026-04-19,5,Goiás,Cuiabá,0,2,75,,goal,Hernandes,False,,,,,,,0,1
brasileirao_serie_b_2026,2026-04-19,5,Goiás,Cuiabá,0,2,78,,substitution,,True,,,B. Sávio,Nicolas,,,,
brasileirao_serie_b_2026,2026-04-19,5,Goiás,Cuiabá,0,2,78,,substitution,,False,,,Lorenzo,Eric,,,,
brasileirao_serie_b_2026,2026-04-19,5,Goiás,Cuiabá,0,2,78,,substitution,,False,,,Luisão,Pepê,,,,
brasileirao_serie_b_2026,2026-04-19,5,Goiás,Cuiabá,0,2,78,,substitution,,False,,,L. Otavio,C. Costa,,,,
brasileirao_serie_b_2026,2026-04-19,5,Goiás,Cuiabá,0,2,8,,card,Eric,False,yellow,,,,,,,
brasileirao_serie_b_2026,2026-04-19,5,Goiás,Cuiabá,0,2,82,,goal,Hernandes,False,,,,,,,0,2
brasileirao_serie_b_2026,2026-04-19,5,Goiás,Cuiabá,0,2,90,,period,,,,,,,FT,,0,2
brasileirao_serie_b_2026,2026-04-19,5,Goiás,Cuiabá,0,2,90,6,card,B. Sávio,True,yellow,,,,,,,
brasileirao_serie_b_2026,2026-04-19,5,Goiás,Cuiabá,0,2,90,,injuryTime,,,,,,,,7,,
brasileirao_serie_b_2026,2026-04-19,5,Grêmio Novorizontino,Athletic Club,2,1,21,,goal,L. Belezi,False,,,,,,,1,1
brasileirao_serie_b_2026,2026-04-19,5,Grêmio Novorizontino,Athletic Club,2,1,33,,card,L. Belezi,False,red,,,,,,,
brasileirao_serie_b_2026,2026-04-19,5,Grêmio Novorizontino,Athletic Club,2,1,37,,substitution,,False,,,G. Indio,D. Vera,,,,
brasileirao_serie_b_2026,2026-04-19,5,Grêmio Novorizontino,Athletic Club,2,1,45,,period,,,,,,,HT,,1,1
brasileirao_serie_b_2026,2026-04-19,5,Grêmio Novorizontino,Athletic Club,2,1,45,,injuryTime,,,,,,,,4,,
brasileirao_serie_b_2026,2026-04-19,5,Grêmio Novorizontino,Athletic Club,2,1,46,,substitution,,False,,,J. Miguel,Bruninho,,,,
brasileirao_serie_b_2026,2026-04-19,5,Grêmio Novorizontino,Athletic Club,2,1,53,,card,Jota,False,yellow,,,,,,,
brasileirao_serie_b_2026,2026-04-19,5,Grêmio Novorizontino,Athletic Club,2,1,54,,card,D. B. d. Souza,False,yellow,,,,,,,
brasileirao_serie_b_2026,2026-04-19,5,Grêmio Novorizontino,Athletic Club,2,1,54,,card,Jhonathan,False,yellow,,,,,,,
brasileirao_serie_b_2026,2026-04-19,5,Grêmio Novorizontino,Athletic Club,2,1,55,,card,Jhonathan,False,yellowRed,,,,,,,
brasileirao_serie_b_2026,2026-04-19,5,Grêmio Novorizontino,Athletic Club,2,1,59,,substitution,,False,,,G. Cabezas,Jota,,,,
brasileirao_serie_b_2026,2026-04-19,5,Grêmio Novorizontino,Athletic Club,2,1,60,,substitution,,True,,,Vinicius Paiva,D. Galo,,,,
brasileirao_serie_b_2026,2026-04-19,5,Grêmio Novorizontino,Athletic Club,2,1,61,,substitution,,True,,,Juninho,A. Alvariño,,,,
brasileirao_serie_b_2026,2026-04-19,5,Grêmio Novorizontino,Athletic Club,2,1,64,,goal,Robson,True,,,,,,,2,1
brasileirao_serie_b_2026,2026-04-19,5,Grêmio Novorizontino,Athletic Club,2,1,70,,substitution,,False,,,O. Otusanya,R. Tavares,,,,
brasileirao_serie_b_2026,2026-04-19,5,Grêmio Novorizontino,Athletic Club,2,1,71,,substitution,,False,,,M. Henrique,K. Rodrigues,,,,
brasileirao_serie_b_2026,2026-04-19,5,Grêmio Novorizontino,Athletic Club,2,1,77,,substitution,,True,,,Carlão,Robson,,,,
brasileirao_serie_b_2026,2026-04-19,5,Grêmio Novorizontino,Athletic Club,2,1,77,,substitution,,True,,,C. Ortíz,Rômulo,,,,
brasileirao_serie_b_2026,2026-04-19,5,Grêmio Novorizontino,Athletic Club,2,1,83,,card,Carlão,True,yellow,,,,,,,
brasileirao_serie_b_2026,2026-04-19,5,Grêmio Novorizontino,Athletic Club,2,1,9,,goal,Tavinho,True,,,,,,,1,0
brasileirao_serie_b_2026,2026-04-19,5,Grêmio Novorizontino,Athletic Club,2,1,90,,period,,,,,,,FT,,2,1
brasileirao_serie_b_2026,2026-04-19,5,Grêmio Novorizontino,Athletic Club,2,1,90,3,substitution,,True,,,Hélio Borges,Tavinho,,,,
brasileirao_serie_b_2026,2026-04-19,5,Grêmio Novorizontino,Athletic Club,2,1,90,,injuryTime,,,,,,,,7,,
brasileirao_serie_b_2026,2026-04-19,5,Londrina,Ceará,0,0,45,,period,,,,,,,HT,,0,0
brasileirao_serie_b_2026,2026-04-19,5,Londrina,Ceará,0,0,45,,injuryTime,,,,,,,,5,,
brasileirao_serie_b_2026,2026-04-19,5,Londrina,Ceará,0,0,46,,substitution,,False,,,P. Henrique,Vina,,,,
brasileirao_serie_b_2026,2026-04-19,5,Londrina,Ceará,0,0,55,,substitution,,True,,,J. Tavares,W. Chumbinho,,,,
brasileirao_serie_b_2026,2026-04-19,5,Londrina,Ceará,0,0,6,,card,Y. Lincoln,True,yellow,,,,,,,
brasileirao_serie_b_2026,2026-04-19,5,Londrina,Ceará,0,0,65,,substitution,,False,,,L. Lima,Dieguinho,,,,
brasileirao_serie_b_2026,2026-04-19,5,Londrina,Ceará,0,0,65,,substitution,,False,,,Giulio,Fernandinho,,,,
brasileirao_serie_b_2026,2026-04-19,5,Londrina,Ceará,0,0,69,,substitution,,False,,,Richardson,Júlio César,,,,
brasileirao_serie_b_2026,2026-04-19,5,Londrina,Ceará,0,0,78,,substitution,,True,,,C. Rafael,E. Rodriguez,,,,
brasileirao_serie_b_2026,2026-04-19,5,Londrina,Ceará,0,0,79,,substitution,,False,,,J. Gabriel,J. Alano,,,,
brasileirao_serie_b_2026,2026-04-19,5,Londrina,Ceará,0,0,84,,substitution,,True,,,Gilberto,L. Marques,,,,
brasileirao_serie_b_2026,2026-04-19,5,Londrina,Ceará,0,0,90,,period,,,,,,,FT,,0,0
brasileirao_serie_b_2026,2026-04-19,5,Londrina,Ceará,0,0,90,,injuryTime,,,,,,,,5,,
brasileirao_serie_b_2026,2026-04-23,6,Cuiabá,Botafogo-SP,1,1,25,,card,Wallace,False,yellow,,,,,,,
brasileirao_serie_b_2026,2026-04-23,6,Cuiabá,Botafogo-SP,1,1,40,,substitution,,True,,,Luisão,Vitor Mendes,,,,
brasileirao_serie_b_2026,2026-04-23,6,Cuiabá,Botafogo-SP,1,1,45,,period,,,,,,,HT,,0,0
brasileirao_serie_b_2026,2026-04-23,6,Cuiabá,Botafogo-SP,1,1,45,4,card,R. Rodrigues,True,yellow,,,,,,,
brasileirao_serie_b_2026,2026-04-23,6,Cuiabá,Botafogo-SP,1,1,45,,injuryTime,,,,,,,,5,,
brasileirao_serie_b_2026,2026-04-23,6,Cuiabá,Botafogo-SP,1,1,46,,substitution,,True,,,Eliel,R. Rodrigues,,,,
brasileirao_serie_b_2026,2026-04-23,6,Cuiabá,Botafogo-SP,1,1,47,,card,Eric,True,yellow,,,,,,,
brasileirao_serie_b_2026,2026-04-23,6,Cuiabá,Botafogo-SP,1,1,63,,substitution,,True,,,V. Peixoto,Pepê,,,,
brasileirao_serie_b_2026,2026-04-23,6,Cuiabá,Botafogo-SP,1,1,63,,substitution,,True,,,Weverson,D. M. d. S. Arcanjo,,,,
brasileirao_serie_b_2026,2026-04-23,6,Cuiabá,Botafogo-SP,1,1,63,,substitution,,False,,,L. Maciel,M. Sales,,,,
brasileirao_serie_b_2026,2026-04-23,6,Cuiabá,Botafogo-SP,1,1,63,,substitution,,False,,,Kelvin,J. Nem,,,,
brasileirao_serie_b_2026,2026-04-23,6,Cuiabá,Botafogo-SP,1,1,64,,goal,Eric,True,,,,,,,1,0
brasileirao_serie_b_2026,2026-04-23,6,Cuiabá,Botafogo-SP,1,1,75,,varDecision,M. Antonio,False,,,,,,,,
brasileirao_serie_b_2026,2026-04-23,6,Cuiabá,Botafogo-SP,1,1,77,,card,Weverson,True,yellow,,,,,,,
brasileirao_serie_b_2026,2026-04-23,6,Cuiabá,Botafogo-SP,1,1,78,,goal,Luizão,False,,,,,,,1,1
brasileirao_serie_b_2026,2026-04-23,6,Cuiabá,Botafogo-SP,1,1,82,,substitution,,False,,,Thiaguinho,M. Antonio,,,,
brasileirao_serie_b_2026,2026-04-23,6,Cuiabá,Botafogo-SP,1,1,82,,substitution,,False,,,Gabriel Inocêncio,Pedrinho,,,,
brasileirao_serie_b_2026,2026-04-23,6,Cuiabá,Botafogo-SP,1,1,84,,substitution,,True,,,K. Cristtyan,Hernandes,,,,
brasileirao_serie_b_2026,2026-04-23,6,Cuiabá,Botafogo-SP,1,1,85,,card,Raul,True,yellow,,,,,,,
brasileirao_serie_b_2026,2026-04-23,6,Cuiabá,Botafogo-SP,1,1,89,,substitution,,False,,,M. C. Maranhão,Z. Hugo,,,,
brasileirao_serie_b_2026,2026-04-23,6,Cuiabá,Botafogo-SP,1,1,90,,period,,,,,,,FT,,1,1
brasileirao_serie_b_2026,2026-04-23,6,Cuiabá,Botafogo-SP,1,1,90,3,card,Thiaguinho,False,yellow,,,,,,,
brasileirao_serie_b_2026,2026-04-23,6,Cuiabá,Botafogo-SP,1,1,90,,card,L. Maciel,False,yellow,,,,,,,
brasileirao_serie_b_2026,2026-04-23,6,Cuiabá,Botafogo-SP,1,1,90,,injuryTime,,,,,,,,10,,
brasileirao_serie_b_2026,2026-04-24,6,Ponte Preta,América Mineiro,1,0,18,,card,R. Barcelos,False,yellow,Foul,,,,,,
brasileirao_serie_b_2026,2026-04-24,6,Ponte Preta,América Mineiro,1,0,33,,card,William Pottker,True,yellow,Foul,,,,,,
brasileirao_serie_b_2026,2026-04-24,6,Ponte Preta,América Mineiro,1,0,44,,goal,William Pottker,True,,,,,,,1,0
brasileirao_serie_b_2026,2026-04-24,6,Ponte Preta,América Mineiro,1,0,45,,period,,,,,,,HT,,1,0
brasileirao_serie_b_2026,2026-04-24,6,Ponte Preta,América Mineiro,1,0,45,,injuryTime,,,,,,,,5,,
brasileirao_serie_b_2026,2026-04-24,6,Ponte Preta,América Mineiro,1,0,46,,substitution,,False,,,Paulinho,Dalbert,,,,
brasileirao_serie_b_2026,2026-04-24,6,Ponte Preta,América Mineiro,1,0,46,,substitution,,False,,,J. Lima,Y. Santos,,,,
brasileirao_serie_b_2026,2026-04-24,6,Ponte Preta,América Mineiro,1,0,46,,substitution,,True,,,Brandão,William Pottker,,,,
brasileirao_serie_b_2026,2026-04-24,6,Ponte Preta,América Mineiro,1,0,56,,card,Kevyson,True,yellow,Argument,,,,,,
brasileirao_serie_b_2026,2026-04-24,6,Ponte Preta,América Mineiro,1,0,56,,card,Matías Segovia,False,yellow,Argument,,,,,,
brasileirao_serie_b_2026,2026-04-24,6,Ponte Preta,América Mineiro,1,0,60,,substitution,,True,,,Miguel,L. Phelipe,,,,
brasileirao_serie_b_2026,2026-04-24,6,Ponte Preta,América Mineiro,1,0,64,,substitution,,False,,,Y. Souza,E. Person,,,,
brasileirao_serie_b_2026,2026-04-24,6,Ponte Preta,América Mineiro,1,0,64,,substitution,,False,,,P. Victor,Matías Segovia,,,,
brasileirao_serie_b_2026,2026-04-24,6,Ponte Preta,América Mineiro,1,0,71,,substitution,,True,,,Jonathan Cafú,D. Tavares,,,,
brasileirao_serie_b_2026,2026-04-24,6,Ponte Preta,América Mineiro,1,0,71,,substitution,,True,,,Justen,Thalys,,,,
brasileirao_serie_b_2026,2026-04-24,6,Ponte Preta,América Mineiro,1,0,72,,card,Jonathan Cafú,True,yellow,Foul,,,,,,
brasileirao_serie_b_2026,2026-04-24,6,Ponte Preta,América Mineiro,1,0,74,,card,Miguel,True,yellow,Simulation,,,,,,
brasileirao_serie_b_2026,2026-04-24,6,Ponte Preta,América Mineiro,1,0,78,,substitution,,True,,,R. de Souza,Murilo,,,,
brasileirao_serie_b_2026,2026-04-24,6,Ponte Preta,América Mineiro,1,0,80,,substitution,,False,,,W. Bigode,G. Mastriani,,,,
brasileirao_serie_b_2026,2026-04-24,6,Ponte Preta,América Mineiro,1,0,90,,period,,,,,,,FT,,1,0
brasileirao_serie_b_2026,2026-04-24,6,Ponte Preta,América Mineiro,1,0,90,,injuryTime,,,,,,,,6,,
brasileirao_serie_b_2026,2026-04-25,6,Sport Recife,Grêmio Novorizontino,1,0,16,,card,Tavinho,False,yellow,,,,,,,
brasileirao_serie_b_2026,2026-04-25,6,Sport Recife,Grêmio Novorizontino,1,0,45,,period,,,,,,,HT,,0,0
brasileirao_serie_b_2026,2026-04-25,6,Sport Recife,Grêmio Novorizontino,1,0,45,,injuryTime,,,,,,,,4,,
brasileirao_serie_b_2026,2026-04-25,6,Sport Recife,Grêmio Novorizontino,1,0,46,,substitution,,False,,,Vinicius Paiva,Tavinho,,,,
brasileirao_serie_b_2026,2026-04-25,6,Sport Recife,Grêmio Novorizontino,1,0,46,,substitution,,True,,,I. Castilho,Zé Gabriel,,,,
brasileirao_serie_b_2026,2026-04-25,6,Sport Recife,Grêmio Novorizontino,1,0,46,,substitution,,True,,,Carlos De Pena,Clayson,,,,
brasileirao_serie_b_2026,2026-04-25,6,Sport Recife,Grêmio Novorizontino,1,0,52,,goal,Perotti,True,,,,,,,1,0
brasileirao_serie_b_2026,2026-04-25,6,Sport Recife,Grêmio Novorizontino,1,0,55,,card,Juninho,False,yellow,,,,,,,
brasileirao_serie_b_2026,2026-04-25,6,Sport Recife,Grêmio Novorizontino,1,0,59,,substitution,,True,,,A. Pucci,Madson,,,,
brasileirao_serie_b_2026,2026-04-25,6,Sport Recife,Grêmio Novorizontino,1,0,60,,substitution,,False,,,Alemão,A. Alvariño,,,,
brasileirao_serie_b_2026,2026-04-25,6,Sport Recife,Grêmio Novorizontino,1,0,60,,substitution,,False,,,Rômulo,Juninho,,,,
brasileirao_serie_b_2026,2026-04-25,6,Sport Recife,Grêmio Novorizontino,1,0,63,,card,Carlos De Pena,True,yellow,,,,,,,
brasileirao_serie_b_2026,2026-04-25,6,Sport Recife,Grêmio Novorizontino,1,0,67,,substitution,,True,,,Patrick,Habraão,,,,
brasileirao_serie_b_2026,2026-04-25,6,Sport Recife,Grêmio Novorizontino,1,0,75,,substitution,,False,,,Hélio Borges,D. Galo,,,,
brasileirao_serie_b_2026,2026-04-25,6,Sport Recife,Grêmio Novorizontino,1,0,77,,substitution,,True,,,Y. Felipe,B.Fonseca,,,,
brasileirao_serie_b_2026,2026-04-25,6,Sport Recife,Grêmio Novorizontino,1,0,81,,substitution,,False,,,C. Ortiz,Luís Oyama,,,,
brasileirao_serie_b_2026,2026-04-25,6,Sport Recife,Grêmio Novorizontino,1,0,81,,card,Luís Oyama,False,yellow,,,,,,,
brasileirao_serie_b_2026,2026-04-25,6,Sport Recife,Grêmio Novorizontino,1,0,90,,period,,,,,,,Second half,,1,0
brasileirao_serie_b_2026,2026-04-25,6,Sport Recife,Grêmio Novorizontino,1,0,90,,card,Hélio Borges,False,yellow,,,,,,,
brasileirao_serie_b_2026,2026-04-25,6,Sport Recife,Grêmio Novorizontino,1,0,90,,card,Felipinho,True,yellow,,,,,,,
brasileirao_serie_b_2026,2026-04-25,6,Sport Recife,Grêmio Novorizontino,1,0,90,,card,Perotti,True,yellow,,,,,,,
brasileirao_serie_b_2026,2026-04-25,6,Sport Recife,Grêmio Novorizontino,1,0,90,,card,Patrick,False,yellow,,,,,,,
brasileirao_serie_b_2026,2026-04-25,6,Sport Recife,Grêmio Novorizontino,1,0,90,,card,I. Castilho,True,yellow,,,,,,,
brasileirao_serie_b_2026,2026-04-25,6,Sport Recife,Grêmio Novorizontino,1,0,90,,injuryTime,,,,,,,,7,,
brasileirao_serie_b_2026,2026-04-26,6,Atlético Goianiense,Avaí,2,1,0,,card,E. Souza,True,yellow,Argument,,,,,,
brasileirao_serie_b_2026,2026-04-26,6,Atlético Goianiense,Avaí,2,1,1,,card,J. Lucas,False,yellow,Foul,,,,,,
brasileirao_serie_b_2026,2026-04-26,6,Atlético Goianiense,Avaí,2,1,22,,goal,Gustavo Coutinho,True,,,,,,,1,0
brasileirao_serie_b_2026,2026-04-26,6,Atlético Goianiense,Avaí,2,1,3,,card,G. Lopes,True,yellow,Foul,,,,,,
brasileirao_serie_b_2026,2026-04-26,6,Atlético Goianiense,Avaí,2,1,45,,period,,,,,,,HT,,1,0
brasileirao_serie_b_2026,2026-04-26,6,Atlético Goianiense,Avaí,2,1,45,4,card,D. Teixeira,False,yellow,Argument,,,,,,
brasileirao_serie_b_2026,2026-04-26,6,Atlético Goianiense,Avaí,2,1,45,4,card,Assis,True,yellow,Argument,,,,,,
brasileirao_serie_b_2026,2026-04-26,6,Atlético Goianiense,Avaí,2,1,45,,injuryTime,,,,,,,,3,,
brasileirao_serie_b_2026,2026-04-26,6,Atlético Goianiense,Avaí,2,1,56,,substitution,,False,,,W. d. S. França,F. Avenatti,,,,
brasileirao_serie_b_2026,2026-04-26,6,Atlético Goianiense,Avaí,2,1,57,,substitution,,True,,,Guilherme Marques,Assis,,,,
brasileirao_serie_b_2026,2026-04-26,6,Atlético Goianiense,Avaí,2,1,65,,substitution,,True,,,L. Tocantins,Marrony,,,,
brasileirao_serie_b_2026,2026-04-26,6,Atlético Goianiense,Avaí,2,1,65,,substitution,,True,,,A. Gomes,L. Vilela,,,,
brasileirao_serie_b_2026,2026-04-26,6,Atlético Goianiense,Avaí,2,1,69,,goal,W. d. S. França,False,,,,,,,1,1
brasileirao_serie_b_2026,2026-04-26,6,Atlético Goianiense,Avaí,2,1,71,,substitution,,False,,,Sorriso,T. Roberth,,,,
brasileirao_serie_b_2026,2026-04-26,6,Atlético Goianiense,Avaí,2,1,71,,substitution,,False,,,P. Vitor,L. Henrique,,,,
brasileirao_serie_b_2026,2026-04-26,6,Atlético Goianiense,Avaí,2,1,74,,goal,Guilherme Marques,True,,,,,,,2,1
brasileirao_serie_b_2026,2026-04-26,6,Atlético Goianiense,Avaí,2,1,81,,substitution,,False,,,Rafael Bilú,J. Lucas,,,,
brasileirao_serie_b_2026,2026-04-26,6,Atlético Goianiense,Avaí,2,1,81,,substitution,,False,,,Hyan,Z. Ricardo,,,,
brasileirao_serie_b_2026,2026-04-26,6,Atlético Goianiense,Avaí,2,1,81,,substitution,,True,,,Natã,G. Soares,,,,
brasileirao_serie_b_2026,2026-04-26,6,Atlético Goianiense,Avaí,2,1,81,,substitution,,True,,,F. Guimarães,Ewerthon,,,,
brasileirao_serie_b_2026,2026-04-26,6,Atlético Goianiense,Avaí,2,1,89,,card,F. Guimarães,True,yellow,Foul,,,,,,
brasileirao_serie_b_2026,2026-04-26,6,Atlético Goianiense,Avaí,2,1,90,,period,,,,,,,FT,,2,1
brasileirao_serie_b_2026,2026-04-26,6,Atlético Goianiense,Avaí,2,1,90,6,card,Rafael Bilú,False,yellow,Argument,,,,,,
brasileirao_serie_b_2026,2026-04-26,6,Atlético Goianiense,Avaí,2,1,90,5,card,Allyson,False,yellow,Foul,,,,,,
brasileirao_serie_b_2026,2026-04-26,6,Atlético Goianiense,Avaí,2,1,90,4,card,Natã,True,yellow,Foul,,,,,,
brasileirao_serie_b_2026,2026-04-26,6,Atlético Goianiense,Avaí,2,1,90,1,card,Cristiano,True,yellow,Foul,,,,,,
brasileirao_serie_b_2026,2026-04-26,6,Atlético Goianiense,Avaí,2,1,90,,injuryTime,,,,,,,,6,,
brasileirao_serie_b_2026,2026-04-26,6,Ceará,Vila Nova FC,3,3,0,,card,G. Ferreira,False,yellow,Argument,,,,,,
brasileirao_serie_b_2026,2026-04-26,6,Ceará,Vila Nova FC,3,3,13,,goal,R. Silva,False,,,,,,,0,1
brasileirao_serie_b_2026,2026-04-26,6,Ceará,Vila Nova FC,3,3,15,,goal,L. Lima,True,,,,,,,1,1
brasileirao_serie_b_2026,2026-04-26,6,Ceará,Vila Nova FC,3,3,23,,card,Wendel,True,yellow,Foul,,,,,,
brasileirao_serie_b_2026,2026-04-26,6,Ceará,Vila Nova FC,3,3,28,,substitution,,True,,,L. Holanda,Wendel,,,,
brasileirao_serie_b_2026,2026-04-26,6,Ceará,Vila Nova FC,3,3,44,,goal,M. Araújo,True,,,,,,,2,1
brasileirao_serie_b_2026,2026-04-26,6,Ceará,Vila Nova FC,3,3,45,,period,,,,,,,HT,,3,1
brasileirao_serie_b_2026,2026-04-26,6,Ceará,Vila Nova FC,3,3,45,3,goal,M. Araújo,True,,,,,,,3,1
brasileirao_serie_b_2026,2026-04-26,6,Ceará,Vila Nova FC,3,3,45,,injuryTime,,,,,,,,5,,
brasileirao_serie_b_2026,2026-04-26,6,Ceará,Vila Nova FC,3,3,46,,substitution,,False,,,Hayner,C. Marcelo,,,,
brasileirao_serie_b_2026,2026-04-26,6,Ceará,Vila Nova FC,3,3,46,,substitution,,False,,,Anderson,Elias,,,,
brasileirao_serie_b_2026,2026-04-26,6,Ceará,Vila Nova FC,3,3,52,,card,W. Formiga,False,yellow,Foul,,,,,,
brasileirao_serie_b_2026,2026-04-26,6,Ceará,Vila Nova FC,3,3,57,,substitution,,False,,,Higor,W. Formiga,,,,
brasileirao_serie_b_2026,2026-04-26,6,Ceará,Vila Nova FC,3,3,58,,card,Willian Maranhão,False,yellow,Foul,,,,,,
brasileirao_serie_b_2026,2026-04-26,6,Ceará,Vila Nova FC,3,3,60,,varDecision,Higor,False,,,,,,,,
brasileirao_serie_b_2026,2026-04-26,6,Ceará,Vila Nova FC,3,3,63,,substitution,,True,,,P. Henrique,Fernandinho,,,,
brasileirao_serie_b_2026,2026-04-26,6,Ceará,Vila Nova FC,3,3,63,,goal,J. Vieira,False,,,,,,,3,2
brasileirao_serie_b_2026,2026-04-26,6,Ceará,Vila Nova FC,3,3,67,,goal,R. Silva,False,,,,,,,3,3
brasileirao_serie_b_2026,2026-04-26,6,Ceará,Vila Nova FC,3,3,69,,substitution,,True,,,J. Gabriel,Vinicius Zanocelo,,,,
brasileirao_serie_b_2026,2026-04-26,6,Ceará,Vila Nova FC,3,3,69,,substitution,,True,,,J. Alano,M. Araújo,,,,
brasileirao_serie_b_2026,2026-04-26,6,Ceará,Vila Nova FC,3,3,69,,substitution,,True,,,Júlio César,L. Lima,,,,
brasileirao_serie_b_2026,2026-04-26,6,Ceará,Vila Nova FC,3,3,77,,substitution,,False,,,Nathan Camargo,Willian Maranhão,,,,
brasileirao_serie_b_2026,2026-04-26,6,Ceará,Vila Nova FC,3,3,83,,card,T. Pagnussat,False,yellow,Foul,,,,,,
brasileirao_serie_b_2026,2026-04-26,6,Ceará,Vila Nova FC,3,3,84,,substitution,,False,,,S. Lucas,T. Pagnussat,,,,
brasileirao_serie_b_2026,2026-04-26,6,Ceará,Vila Nova FC,3,3,90,,period,,,,,,,FT,,3,3
brasileirao_serie_b_2026,2026-04-26,6,Ceará,Vila Nova FC,3,3,90,,injuryTime,,,,,,,,9,,
brasileirao_serie_b_2026,2026-04-26,6,Criciúma,Clube De Regatas Brasil,3,1,0,,card,Luizão,False,yellow,Argument,,,,,,
brasileirao_serie_b_2026,2026-04-26,6,Criciúma,Clube De Regatas Brasil,3,1,37,,goal,Nicolas,True,,,,,,,2,0
brasileirao_serie_b_2026,2026-04-26,6,Criciúma,Clube De Regatas Brasil,3,1,45,,period,,,,,,,HT,,2,0
brasileirao_serie_b_2026,2026-04-26,6,Criciúma,Clube De Regatas Brasil,3,1,45,,injuryTime,,,,,,,,2,,
brasileirao_serie_b_2026,2026-04-26,6,Criciúma,Clube De Regatas Brasil,3,1,46,,substitution,,True,,,Waguininho,T. R. S. Modesto,,,,
brasileirao_serie_b_2026,2026-04-26,6,Criciúma,Clube De Regatas Brasil,3,1,46,,substitution,,False,,,P. De Lucca,Luizão,,,,
brasileirao_serie_b_2026,2026-04-26,6,Criciúma,Clube De Regatas Brasil,3,1,49,,goal,Mikael,False,,,,,,,2,1
brasileirao_serie_b_2026,2026-04-26,6,Criciúma,Clube De Regatas Brasil,3,1,54,,card,Matheus Albino,False,yellow,Argument,,,,,,
brasileirao_serie_b_2026,2026-04-26,6,Criciúma,Clube De Regatas Brasil,3,1,56,,substitution,,False,,,G. Estrella,P. Castro,,,,
brasileirao_serie_b_2026,2026-04-26,6,Criciúma,Clube De Regatas Brasil,3,1,60,,substitution,,True,,,J. Robert,Romarinho,,,,
brasileirao_serie_b_2026,2026-04-26,6,Criciúma,Clube De Regatas Brasil,3,1,60,,substitution,,True,,,Jean Irmer,F. Mateus,,,,
brasileirao_serie_b_2026,2026-04-26,6,Criciúma,Clube De Regatas Brasil,3,1,70,,card,B. Alves,True,yellow,Foul,,,,,,
brasileirao_serie_b_2026,2026-04-26,6,Criciúma,Clube De Regatas Brasil,3,1,72,,substitution,,False,,,V. Barata,Bressan,,,,
brasileirao_serie_b_2026,2026-04-26,6,Criciúma,Clube De Regatas Brasil,3,1,72,,substitution,,True,,,H. Alves,Nicolas,,,,
brasileirao_serie_b_2026,2026-04-26,6,Criciúma,Clube De Regatas Brasil,3,1,75,,goal,Waguininho,True,,,,,,,3,1
brasileirao_serie_b_2026,2026-04-26,6,Criciúma,Clube De Regatas Brasil,3,1,81,,substitution,,True,,,W. Lepo,Marcinho,,,,
brasileirao_serie_b_2026,2026-04-26,6,Criciúma,Clube De Regatas Brasil,3,1,83,,substitution,,False,,,L. Phellype,D. Baggio,,,,
brasileirao_serie_b_2026,2026-04-26,6,Criciúma,Clube De Regatas Brasil,3,1,9,,goal,B. Alves,True,,,,,,,1,0
brasileirao_serie_b_2026,2026-04-26,6,Criciúma,Clube De Regatas Brasil,3,1,90,,period,,,,,,,FT,,3,1
brasileirao_serie_b_2026,2026-04-26,6,Criciúma,Clube De Regatas Brasil,3,1,90,,injuryTime,,,,,,,,5,,
brasileirao_serie_b_2026,2026-04-26,6,Juventude,Londrina,1,0,0,,card,M. Barbieri,True,yellow,Argument,,,,,,
brasileirao_serie_b_2026,2026-04-26,6,Juventude,Londrina,1,0,0,,card,Kevyn,False,yellow,Argument,,,,,,
brasileirao_serie_b_2026,2026-04-26,6,Juventude,Londrina,1,0,14,,substitution,,False,,,Rafael Monteiro,Kevyn,,,,
brasileirao_serie_b_2026,2026-04-26,6,Juventude,Londrina,1,0,45,,period,,,,,,,HT,,1,0
brasileirao_serie_b_2026,2026-04-26,6,Juventude,Londrina,1,0,45,3,card,M. Paulo,True,yellow,Foul,,,,,,
brasileirao_serie_b_2026,2026-04-26,6,Juventude,Londrina,1,0,45,,goal,M. Paulo,True,,,,,,,1,0
brasileirao_serie_b_2026,2026-04-26,6,Juventude,Londrina,1,0,45,,injuryTime,,,,,,,,3,,
brasileirao_serie_b_2026,2026-04-26,6,Juventude,Londrina,1,0,56,,substitution,,True,,,F. Lima,M. Castro,,,,
brasileirao_serie_b_2026,2026-04-26,6,Juventude,Londrina,1,0,56,,substitution,,True,,,L. M. Gonçalves,M. Paulo,,,,
brasileirao_serie_b_2026,2026-04-26,6,Juventude,Londrina,1,0,61,,card,L. M. Gonçalves,True,yellow,Foul,,,,,,
brasileirao_serie_b_2026,2026-04-26,6,Juventude,Londrina,1,0,71,,substitution,,True,,,A. Safira,L. Mineiro,,,,
brasileirao_serie_b_2026,2026-04-26,6,Juventude,Londrina,1,0,71,,card,A. Luiz,False,yellow,Foul,,,,,,
brasileirao_serie_b_2026,2026-04-26,6,Juventude,Londrina,1,0,72,,substitution,,False,,,Gilberto,J. Tavares,,,,
brasileirao_serie_b_2026,2026-04-26,6,Juventude,Londrina,1,0,72,,substitution,,False,,,P. Moccelin,E. Rodriguez,,,,
brasileirao_serie_b_2026,2026-04-26,6,Juventude,Londrina,1,0,72,,substitution,,True,,,I. Ly,Raí,,,,
brasileirao_serie_b_2026,2026-04-26,6,Juventude,Londrina,1,0,79,,substitution,,True,,,Titi,D. Barbosa,,,,
brasileirao_serie_b_2026,2026-04-26,6,Juventude,Londrina,1,0,80,,card,R. Ramos,True,yellow,Time wasting,,,,,,
brasileirao_serie_b_2026,2026-04-26,6,Juventude,Londrina,1,0,82,,substitution,,False,,,Fabiano,A. Luiz,,,,
brasileirao_serie_b_2026,2026-04-26,6,Juventude,Londrina,1,0,83,,substitution,,False,,,A. Dhominique,Weverton,,,,
brasileirao_serie_b_2026,2026-04-26,6,Juventude,Londrina,1,0,90,,period,,,,,,,FT,,1,0
brasileirao_serie_b_2026,2026-04-26,6,Juventude,Londrina,1,0,90,3,card,Fabiano,False,yellow,Foul,,,,,,
brasileirao_serie_b_2026,2026-04-26,6,Juventude,Londrina,1,0,90,,injuryTime,,,,,,,,6,,
brasileirao_serie_b_2026,2026-04-26,6,Operário-PR,Fortaleza,0,0,34,,card,T. Pochettino,False,yellow,,,,,,,
brasileirao_serie_b_2026,2026-04-26,6,Operário-PR,Fortaleza,0,0,41,,card,J. Cuenú,True,yellow,,,,,,,
brasileirao_serie_b_2026,2026-04-26,6,Operário-PR,Fortaleza,0,0,45,,period,,,,,,,HT,,0,0
brasileirao_serie_b_2026,2026-04-26,6,Operário-PR,Fortaleza,0,0,45,,injuryTime,,,,,,,,2,,
brasileirao_serie_b_2026,2026-04-26,6,Operário-PR,Fortaleza,0,0,46,,substitution,,True,,,H. Pereira,E. Torres,,,,
brasileirao_serie_b_2026,2026-04-26,6,Operário-PR,Fortaleza,0,0,61,,card,Luiz Fernando,False,yellow,,,,,,,
brasileirao_serie_b_2026,2026-04-26,6,Operário-PR,Fortaleza,0,0,70,,substitution,,True,,,P. Vilhena,G. Boschilia,,,,
brasileirao_serie_b_2026,2026-04-26,6,Operário-PR,Fortaleza,0,0,70,,substitution,,False,,,L. Sasha,Ryan,,,,
brasileirao_serie_b_2026,2026-04-26,6,Operário-PR,Fortaleza,0,0,70,,substitution,,False,,,R. Santos,Pierre,,,,
brasileirao_serie_b_2026,2026-04-26,6,Operário-PR,Fortaleza,0,0,70,,substitution,,False,,,Vitinho,J. Miritello,,,,
brasileirao_serie_b_2026,2026-04-26,6,Operário-PR,Fortaleza,0,0,71,,substitution,,True,,,N. Paraíba,Índio,,,,
brasileirao_serie_b_2026,2026-04-26,6,Operário-PR,Fortaleza,0,0,71,,substitution,,True,,,M. Trindade,Aylon,,,,
brasileirao_serie_b_2026,2026-04-26,6,Operário-PR,Fortaleza,0,0,90,,period,,,,,,,FT,,0,0
brasileirao_serie_b_2026,2026-04-26,6,Operário-PR,Fortaleza,0,0,90,5,card,L. Gazal,False,yellow,,,,,,,
brasileirao_serie_b_2026,2026-04-26,6,Operário-PR,Fortaleza,0,0,90,3,substitution,,False,,,L. Emanoel,Luiz Fernando,,,,
brasileirao_serie_b_2026,2026-04-26,6,Operário-PR,Fortaleza,0,0,90,3,substitution,,False,,,P. Baya,T. Pochettino,,,,
brasileirao_serie_b_2026,2026-04-26,6,Operário-PR,Fortaleza,0,0,90,,substitution,,True,,,W. Klaus,Miranda,,,,
brasileirao_serie_b_2026,2026-04-26,6,Operário-PR,Fortaleza,0,0,90,,injuryTime,,,,,,,,9,,
brasileirao_serie_b_2026,2026-04-26,6,São Bernardo,Goiás,1,0,18,,substitution,,False,,,G. B. d. Camargo,Lourenço,,,,
brasileirao_serie_b_2026,2026-04-26,6,São Bernardo,Goiás,1,0,19,,card,H. Maciel,True,yellow,,,,,,,
brasileirao_serie_b_2026,2026-04-26,6,São Bernardo,Goiás,1,0,29,,card,L. R. M. Costa,False,yellow,,,,,,,
brasileirao_serie_b_2026,2026-04-26,6,São Bernardo,Goiás,1,0,41,,card,R. Ferreira,True,yellow,,,,,,,
brasileirao_serie_b_2026,2026-04-26,6,São Bernardo,Goiás,1,0,44,,card,P. Vitor,True,yellow,,,,,,,
brasileirao_serie_b_2026,2026-04-26,6,São Bernardo,Goiás,1,0,45,,period,,,,,,,HT,,0,0
brasileirao_serie_b_2026,2026-04-26,6,São Bernardo,Goiás,1,0,45,,injuryTime,,,,,,,,4,,
brasileirao_serie_b_2026,2026-04-26,6,São Bernardo,Goiás,1,0,46,,substitution,,False,,,Cadu,E. García,,,,
brasileirao_serie_b_2026,2026-04-26,6,São Bernardo,Goiás,1,0,59,,substitution,,False,,,Pedrinho,Gegê,,,,
brasileirao_serie_b_2026,2026-04-26,6,São Bernardo,Goiás,1,0,59,,substitution,,False,,,L. Lima,A. Ramon,,,,
brasileirao_serie_b_2026,2026-04-26,6,São Bernardo,Goiás,1,0,64,,substitution,,True,,,Pedrinho,Echaporã,,,,
brasileirao_serie_b_2026,2026-04-26,6,São Bernardo,Goiás,1,0,64,,substitution,,True,,,F. Garcia,D. Amorim,,,,
brasileirao_serie_b_2026,2026-04-26,6,São Bernardo,Goiás,1,0,72,,substitution,,True,,,Hyoran,D. Miraíma,,,,
brasileirao_serie_b_2026,2026-04-26,6,São Bernardo,Goiás,1,0,72,,substitution,,True,,,Fabrício Daniel,P. Vitor,,,,
brasileirao_serie_b_2026,2026-04-26,6,São Bernardo,Goiás,1,0,80,,substitution,,False,,,Juninho,L. R. M. Costa,,,,
brasileirao_serie_b_2026,2026-04-26,6,São Bernardo,Goiás,1,0,90,,period,,,,,,,FT,,1,0
brasileirao_serie_b_2026,2026-04-26,6,São Bernardo,Goiás,1,0,90,4,substitution,,True,,,Jemerson,Romisson,,,,
brasileirao_serie_b_2026,2026-04-26,6,São Bernardo,Goiás,1,0,90,3,goal,F. Garcia,True,,,,,,,1,0
brasileirao_serie_b_2026,2026-04-26,6,São Bernardo,Goiás,1,0,90,,injuryTime,,,,,,,,5,,
brasileirao_serie_b_2026,2026-04-27,6,Athletic Club,Náutico,0,1,17,,substitution,,True,,,O. Otusanya,R. Tavares,,,,
brasileirao_serie_b_2026,2026-04-27,6,Athletic Club,Náutico,0,1,20,,card,Derek,False,yellow,,,,,,,
brasileirao_serie_b_2026,2026-04-27,6,Athletic Club,Náutico,0,1,21,,card,Mateus Silva,False,yellow,,,,,,,
brasileirao_serie_b_2026,2026-04-27,6,Athletic Club,Náutico,0,1,24,,card,Ian Luccas,True,yellow,,,,,,,
brasileirao_serie_b_2026,2026-04-27,6,Athletic Club,Náutico,0,1,42,,card,M. Henrique,True,yellow,,,,,,,
brasileirao_serie_b_2026,2026-04-27,6,Athletic Club,Náutico,0,1,45,,period,,,,,,,HT,,0,0
brasileirao_serie_b_2026,2026-04-27,6,Athletic Club,Náutico,0,1,45,,injuryTime,,,,,,,,5,,
brasileirao_serie_b_2026,2026-04-27,6,Athletic Club,Náutico,0,1,56,,substitution,,True,,,P. Oliveira,Ian Luccas,,,,
brasileirao_serie_b_2026,2026-04-27,6,Athletic Club,Náutico,0,1,57,,substitution,,True,,,D. Vera,Douglas,,,,
brasileirao_serie_b_2026,2026-04-27,6,Athletic Club,Náutico,0,1,66,,substitution,,True,,,K. Lindes,Gustavinho,,,,
brasileirao_serie_b_2026,2026-04-27,6,Athletic Club,Náutico,0,1,66,,substitution,,False,,,Yuri,Mateus Silva,,,,
brasileirao_serie_b_2026,2026-04-27,6,Athletic Club,Náutico,0,1,66,,substitution,,False,,,V. Andrade,Vinícius,,,,
brasileirao_serie_b_2026,2026-04-27,6,Athletic Club,Náutico,0,1,72,,substitution,,False,,,F. Saraiva,Todinho,,,,
brasileirao_serie_b_2026,2026-04-27,6,Athletic Club,Náutico,0,1,81,,goal,V. Andrade,False,,,,,,,0,1
brasileirao_serie_b_2026,2026-04-27,6,Athletic Club,Náutico,0,1,82,,card,V. Andrade,False,yellow,,,,,,,
brasileirao_serie_b_2026,2026-04-27,6,Athletic Club,Náutico,0,1,83,,card,F. Saraiva,False,yellow,,,,,,,
brasileirao_serie_b_2026,2026-04-27,6,Athletic Club,Náutico,0,1,86,,substitution,,False,,,Ramon,Wenderson,,,,
brasileirao_serie_b_2026,2026-04-27,6,Athletic Club,Náutico,0,1,86,,substitution,,False,,,Samuel,L. Felipe,,,,
brasileirao_serie_b_2026,2026-04-27,6,Athletic Club,Náutico,0,1,90,,period,,,,,,,FT,,0,1
brasileirao_serie_b_2026,2026-04-27,6,Athletic Club,Náutico,0,1,90,4,card,Zeca,True,yellow,,,,,,,
brasileirao_serie_b_2026,2026-04-27,6,Athletic Club,Náutico,0,1,90,,injuryTime,,,,,,,,5,,
brasileirao_serie_b_2026,2026-05-02,7,Botafogo-SP,Náutico,1,1,42,,goal,E. Morelli,True,,,,,,,1,0
brasileirao_serie_b_2026,2026-05-02,7,Botafogo-SP,Náutico,1,1,45,,period,,,,,,,HT,,1,0
brasileirao_serie_b_2026,2026-05-02,7,Botafogo-SP,Náutico,1,1,45,,injuryTime,,,,,,,,4,,
brasileirao_serie_b_2026,2026-05-02,7,Botafogo-SP,Náutico,1,1,46,,substitution,,False,,,V. Andrade,Todinho,,,,
brasileirao_serie_b_2026,2026-05-02,7,Botafogo-SP,Náutico,1,1,46,,substitution,,False,,,Reginaldo,M. Ribeiro,,,,
brasileirao_serie_b_2026,2026-05-02,7,Botafogo-SP,Náutico,1,1,46,,substitution,,True,,,G. Mariano,Wallace,,,,
brasileirao_serie_b_2026,2026-05-02,7,Botafogo-SP,Náutico,1,1,50,,card,G. Mariano,True,yellow,,,,,,,
brasileirao_serie_b_2026,2026-05-02,7,Botafogo-SP,Náutico,1,1,58,,goal,V. Andrade,False,,,,,,,1,1
brasileirao_serie_b_2026,2026-05-02,7,Botafogo-SP,Náutico,1,1,64,,substitution,,True,,,R. Gava,M. Sales,,,,
brasileirao_serie_b_2026,2026-05-02,7,Botafogo-SP,Náutico,1,1,64,,substitution,,True,,,G. Queiróz,Luizão,,,,
brasileirao_serie_b_2026,2026-05-02,7,Botafogo-SP,Náutico,1,1,66,,card,L. Felipe,False,yellow,,,,,,,
brasileirao_serie_b_2026,2026-05-02,7,Botafogo-SP,Náutico,1,1,74,,substitution,,True,,,J. Nem,Kelvin,,,,
brasileirao_serie_b_2026,2026-05-02,7,Botafogo-SP,Náutico,1,1,79,,substitution,,False,,,F. Saraiva,Derek,,,,
brasileirao_serie_b_2026,2026-05-02,7,Botafogo-SP,Náutico,1,1,79,,substitution,,False,,,Samuel,Wenderson,,,,
brasileirao_serie_b_2026,2026-05-02,7,Botafogo-SP,Náutico,1,1,80,,substitution,,True,,,M. C. Maranhão,Z. Hugo,,,,
brasileirao_serie_b_2026,2026-05-02,7,Botafogo-SP,Náutico,1,1,87,,substitution,,False,,,Ramon,Dodô,,,,
brasileirao_serie_b_2026,2026-05-02,7,Botafogo-SP,Náutico,1,1,88,,card,M. C. Maranhão,True,yellow,,,,,,,
brasileirao_serie_b_2026,2026-05-02,7,Botafogo-SP,Náutico,1,1,90,,period,,,,,,,Second half,,1,1
brasileirao_serie_b_2026,2026-05-02,7,Botafogo-SP,Náutico,1,1,90,2,card,V. Andrade,False,yellow,,,,,,,
brasileirao_serie_b_2026,2026-05-02,7,Botafogo-SP,Náutico,1,1,90,,injuryTime,,,,,,,,5,,
brasileirao_serie_b_2026,2026-05-02,7,Cuiabá,Criciúma,1,1,21,,goal,J. Basso,True,,,,,,,1,0
brasileirao_serie_b_2026,2026-05-02,7,Cuiabá,Criciúma,1,1,45,,period,,,,,,,HT,,1,0
brasileirao_serie_b_2026,2026-05-02,7,Cuiabá,Criciúma,1,1,45,,injuryTime,,,,,,,,4,,
brasileirao_serie_b_2026,2026-05-02,7,Cuiabá,Criciúma,1,1,46,,substitution,,False,,,J. Robert,Thiaguinho,,,,
brasileirao_serie_b_2026,2026-05-02,7,Cuiabá,Criciúma,1,1,46,,substitution,,False,,,Waguininho,Nicolas,,,,
brasileirao_serie_b_2026,2026-05-02,7,Cuiabá,Criciúma,1,1,46,,substitution,,False,,,W. Lepo,Luciano Castan,,,,
brasileirao_serie_b_2026,2026-05-02,7,Cuiabá,Criciúma,1,1,62,,substitution,,True,,,K. Cristtyan,Eliel,,,,
brasileirao_serie_b_2026,2026-05-02,7,Cuiabá,Criciúma,1,1,64,,substitution,,False,,,R. Otero,Romarinho,,,,
brasileirao_serie_b_2026,2026-05-02,7,Cuiabá,Criciúma,1,1,69,,substitution,,True,,,Luisão,Eric,,,,
brasileirao_serie_b_2026,2026-05-02,7,Cuiabá,Criciúma,1,1,77,,substitution,,False,,,Cauê,Marcinho,,,,
brasileirao_serie_b_2026,2026-05-02,7,Cuiabá,Criciúma,1,1,81,,substitution,,True,,,Weverson,Pepê,,,,
brasileirao_serie_b_2026,2026-05-02,7,Cuiabá,Criciúma,1,1,81,,substitution,,True,,,V. Peixoto,R. Rodrigues,,,,
brasileirao_serie_b_2026,2026-05-02,7,Cuiabá,Criciúma,1,1,81,,substitution,,True,,,N. Paraíba,Railan,,,,
brasileirao_serie_b_2026,2026-05-02,7,Cuiabá,Criciúma,1,1,85,,card,D. M. d. S. Arcanjo,True,yellow,,,,,,,
brasileirao_serie_b_2026,2026-05-02,7,Cuiabá,Criciúma,1,1,90,,period,,,,,,,Second half,,1,1
brasileirao_serie_b_2026,2026-05-02,7,Cuiabá,Criciúma,1,1,90,2,goal,Cauê,False,,,,,,,1,1
brasileirao_serie_b_2026,2026-05-02,7,Cuiabá,Criciúma,1,1,90,,injuryTime,,,,,,,,6,,
brasileirao_serie_b_2026,2026-05-02,7,Fortaleza,Goiás,4,1,22,,card,L. Gazal,True,yellow,,,,,,,
brasileirao_serie_b_2026,2026-05-02,7,Fortaleza,Goiás,4,1,24,,goal,Gegê,False,,,,,,,0,1
brasileirao_serie_b_2026,2026-05-02,7,Fortaleza,Goiás,4,1,26,,card,P. Baya,True,yellow,,,,,,,
brasileirao_serie_b_2026,2026-05-02,7,Fortaleza,Goiás,4,1,30,,card,Nicolas,False,yellow,,,,,,,
brasileirao_serie_b_2026,2026-05-02,7,Fortaleza,Goiás,4,1,30,,substitution,,False,,,A. Ramon,Cadu,,,,
brasileirao_serie_b_2026,2026-05-02,7,Fortaleza,Goiás,4,1,45,,period,,,,,,,HT,,0,1
brasileirao_serie_b_2026,2026-05-02,7,Fortaleza,Goiás,4,1,45,,injuryTime,,,,,,,,4,,
brasileirao_serie_b_2026,2026-05-02,7,Fortaleza,Goiás,4,1,46,,substitution,,True,,,Vitinho,K. Rocha,,,,
brasileirao_serie_b_2026,2026-05-02,7,Fortaleza,Goiás,4,1,46,,substitution,,True,,,Welliton,P. Baya,,,,
brasileirao_serie_b_2026,2026-05-02,7,Fortaleza,Goiás,4,1,54,,goal,Vitinho,True,,,,,,,1,1
brasileirao_serie_b_2026,2026-05-02,7,Fortaleza,Goiás,4,1,56,,card,Ryan,True,yellow,,,,,,,
brasileirao_serie_b_2026,2026-05-02,7,Fortaleza,Goiás,4,1,56,,card,Vitinho,True,yellow,,,,,,,
brasileirao_serie_b_2026,2026-05-02,7,Fortaleza,Goiás,4,1,61,,goal,Vitinho,True,,,,,,,2,1
brasileirao_serie_b_2026,2026-05-02,7,Fortaleza,Goiás,4,1,64,,substitution,,False,,,Diego Caito,R. Soares,,,,
brasileirao_serie_b_2026,2026-05-02,7,Fortaleza,Goiás,4,1,65,,substitution,,False,,,Brayann,G. B. d. Camargo,,,,
brasileirao_serie_b_2026,2026-05-02,7,Fortaleza,Goiás,4,1,70,,substitution,,True,,,Rodriguinho,T. Pochettino,,,,
brasileirao_serie_b_2026,2026-05-02,7,Fortaleza,Goiás,4,1,70,,substitution,,True,,,L. Sasha,Ryan,,,,
brasileirao_serie_b_2026,2026-05-02,7,Fortaleza,Goiás,4,1,72,,card,Diego Caito,False,yellow,,,,,,,
brasileirao_serie_b_2026,2026-05-02,7,Fortaleza,Goiás,4,1,76,,substitution,,True,,,R. Santos,Pierre,,,,
brasileirao_serie_b_2026,2026-05-02,7,Fortaleza,Goiás,4,1,78,,goal,J. Miritello,True,,,,,,,3,1
brasileirao_serie_b_2026,2026-05-02,7,Fortaleza,Goiás,4,1,80,,substitution,,False,,,Pedrinho,J. Carlos,,,,
brasileirao_serie_b_2026,2026-05-02,7,Fortaleza,Goiás,4,1,80,,substitution,,False,,,E. García,L. R. M. Costa,,,,
brasileirao_serie_b_2026,2026-05-02,7,Fortaleza,Goiás,4,1,83,,card,Nicolas,False,yellowRed,,,,,,,
brasileirao_serie_b_2026,2026-05-02,7,Fortaleza,Goiás,4,1,90,,period,,,,,,,Second half,,4,1
brasileirao_serie_b_2026,2026-05-02,7,Fortaleza,Goiás,4,1,90,1,goal,J. Miritello,True,,,,,,,4,1
brasileirao_serie_b_2026,2026-05-02,7,Fortaleza,Goiás,4,1,90,,injuryTime,,,,,,,,4,,
brasileirao_serie_b_2026,2026-05-03,7,América Mineiro,Clube De Regatas Brasil,1,2,10,,goal,E. Santos,True,,,,,,,1,0
brasileirao_serie_b_2026,2026-05-03,7,América Mineiro,Clube De Regatas Brasil,1,2,12,,varDecision,E. Santos,True,,,,,,,,
brasileirao_serie_b_2026,2026-05-03,7,América Mineiro,Clube De Regatas Brasil,1,2,36,,card,D. Baggio,False,yellow,,,,,,,
brasileirao_serie_b_2026,2026-05-03,7,América Mineiro,Clube De Regatas Brasil,1,2,41,,goal,D. Belmonte,False,,,,,,,1,1
brasileirao_serie_b_2026,2026-05-03,7,América Mineiro,Clube De Regatas Brasil,1,2,45,,period,,,,,,,HT,,1,1
brasileirao_serie_b_2026,2026-05-03,7,América Mineiro,Clube De Regatas Brasil,1,2,45,3,card,Mikael,False,yellow,,,,,,,
brasileirao_serie_b_2026,2026-05-03,7,América Mineiro,Clube De Regatas Brasil,1,2,45,,injuryTime,,,,,,,,5,,
brasileirao_serie_b_2026,2026-05-03,7,América Mineiro,Clube De Regatas Brasil,1,2,5,,card,F. Amaral,True,yellow,,,,,,,
brasileirao_serie_b_2026,2026-05-03,7,América Mineiro,Clube De Regatas Brasil,1,2,55,,substitution,,True,,,Alê,F. Amaral,,,,
brasileirao_serie_b_2026,2026-05-03,7,América Mineiro,Clube De Regatas Brasil,1,2,59,,substitution,,False,,,Thiaguinho,D. Baggio,,,,
brasileirao_serie_b_2026,2026-05-03,7,América Mineiro,Clube De Regatas Brasil,1,2,64,,card,N. Cardoso,True,yellow,,,,,,,
brasileirao_serie_b_2026,2026-05-03,7,América Mineiro,Clube De Regatas Brasil,1,2,67,,substitution,,True,,,K. Z. M. Dorna,Matías Segovia,,,,
brasileirao_serie_b_2026,2026-05-03,7,América Mineiro,Clube De Regatas Brasil,1,2,67,,substitution,,True,,,Y. Souza,E. Person,,,,
brasileirao_serie_b_2026,2026-05-03,7,América Mineiro,Clube De Regatas Brasil,1,2,70,,substitution,,False,,,L. Phellype,Mikael,,,,
brasileirao_serie_b_2026,2026-05-03,7,América Mineiro,Clube De Regatas Brasil,1,2,70,,substitution,,False,,,G. Estrella,P. Castro,,,,
brasileirao_serie_b_2026,2026-05-03,7,América Mineiro,Clube De Regatas Brasil,1,2,75,,substitution,,True,,,J. J. J. d. Lima,Y. Santos,,,,
brasileirao_serie_b_2026,2026-05-03,7,América Mineiro,Clube De Regatas Brasil,1,2,75,,substitution,,True,,,W. Bigode,G. Mastriani,,,,
brasileirao_serie_b_2026,2026-05-03,7,América Mineiro,Clube De Regatas Brasil,1,2,8,,card,Paulinho,True,yellow,,,,,,,
brasileirao_serie_b_2026,2026-05-03,7,América Mineiro,Clube De Regatas Brasil,1,2,81,,substitution,,False,,,Guilherme Pato,D. Belmonte,,,,
brasileirao_serie_b_2026,2026-05-03,7,América Mineiro,Clube De Regatas Brasil,1,2,84,,goal,Guilherme Pato,False,,,,,,,1,2
brasileirao_serie_b_2026,2026-05-03,7,América Mineiro,Clube De Regatas Brasil,1,2,88,,card,G. Estrella,False,yellow,,,,,,,
brasileirao_serie_b_2026,2026-05-03,7,América Mineiro,Clube De Regatas Brasil,1,2,90,,period,,,,,,,Second half,,1,2
brasileirao_serie_b_2026,2026-05-03,7,América Mineiro,Clube De Regatas Brasil,1,2,90,5,card,Thauan,True,yellow,,,,,,,
brasileirao_serie_b_2026,2026-05-03,7,América Mineiro,Clube De Regatas Brasil,1,2,90,,injuryTime,,,,,,,,6,,
brasileirao_serie_b_2026,2026-05-03,7,Atlético Goianiense,Juventude,0,0,22,,card,M. Paulo,False,yellow,,,,,,,
brasileirao_serie_b_2026,2026-05-03,7,Atlético Goianiense,Juventude,0,0,45,,period,,,,,,,HT,,0,0
brasileirao_serie_b_2026,2026-05-03,7,Atlético Goianiense,Juventude,0,0,45,,injuryTime,,,,,,,,4,,
brasileirao_serie_b_2026,2026-05-03,7,Atlético Goianiense,Juventude,0,0,50,,card,L. Mineiro,False,yellow,,,,,,,
brasileirao_serie_b_2026,2026-05-03,7,Atlético Goianiense,Juventude,0,0,54,,substitution,,False,,,F. Lima,L. M. Gonçalves,,,,
brasileirao_serie_b_2026,2026-05-03,7,Atlético Goianiense,Juventude,0,0,56,,card,Gabriel,False,yellow,,,,,,,
brasileirao_serie_b_2026,2026-05-03,7,Atlético Goianiense,Juventude,0,0,58,,card,Assis,True,yellow,,,,,,,
brasileirao_serie_b_2026,2026-05-03,7,Atlético Goianiense,Juventude,0,0,59,,substitution,,True,,,I. Henrique,L. Vilela,,,,
brasileirao_serie_b_2026,2026-05-03,7,Atlético Goianiense,Juventude,0,0,59,,substitution,,True,,,Guilherme Marques,Assis,,,,
brasileirao_serie_b_2026,2026-05-03,7,Atlético Goianiense,Juventude,0,0,66,,substitution,,False,,,A. Safira,M. Paulo,,,,
brasileirao_serie_b_2026,2026-05-03,7,Atlético Goianiense,Juventude,0,0,66,,substitution,,False,,,M. Castro,Alan Kardec,,,,
brasileirao_serie_b_2026,2026-05-03,7,Atlético Goianiense,Juventude,0,0,75,,substitution,,True,,,J. Gentil,Marrony,,,,
brasileirao_serie_b_2026,2026-05-03,7,Atlético Goianiense,Juventude,0,0,75,,substitution,,False,,,Messias,Gabriel,,,,
brasileirao_serie_b_2026,2026-05-03,7,Atlético Goianiense,Juventude,0,0,75,,substitution,,False,,,I. Ly,L. Mineiro,,,,
brasileirao_serie_b_2026,2026-05-03,7,Atlético Goianiense,Juventude,0,0,75,,card,Cristiano,True,yellow,,,,,,,
brasileirao_serie_b_2026,2026-05-03,7,Atlético Goianiense,Juventude,0,0,77,,card,J. Barreto,True,yellow,,,,,,,
brasileirao_serie_b_2026,2026-05-03,7,Atlético Goianiense,Juventude,0,0,84,,substitution,,True,,,B. José,Cristiano,,,,
brasileirao_serie_b_2026,2026-05-03,7,Atlético Goianiense,Juventude,0,0,84,,substitution,,True,,,L. Jacó,G. Soares,,,,
brasileirao_serie_b_2026,2026-05-03,7,Atlético Goianiense,Juventude,0,0,85,,card,I. Henrique,True,red,,,,,,,
brasileirao_serie_b_2026,2026-05-03,7,Atlético Goianiense,Juventude,0,0,90,,period,,,,,,,Second half,,0,0
brasileirao_serie_b_2026,2026-05-03,7,Atlético Goianiense,Juventude,0,0,90,,injuryTime,,,,,,,,6,,
brasileirao_serie_b_2026,2026-05-03,7,Avaí,Grêmio Novorizontino,3,3,15,,card,Allyson,True,yellow,,,,,,,
brasileirao_serie_b_2026,2026-05-03,7,Avaí,Grêmio Novorizontino,3,3,23,,goal,L. Henrique,True,,,,,,,1,0
brasileirao_serie_b_2026,2026-05-03,7,Avaí,Grêmio Novorizontino,3,3,29,,card,T. Roberth,True,yellow,,,,,,,
brasileirao_serie_b_2026,2026-05-03,7,Avaí,Grêmio Novorizontino,3,3,30,,card,M. Bianqui,False,yellow,,,,,,,
brasileirao_serie_b_2026,2026-05-03,7,Avaí,Grêmio Novorizontino,3,3,40,,substitution,,True,,,G. Aquino,Allyson,,,,
brasileirao_serie_b_2026,2026-05-03,7,Avaí,Grêmio Novorizontino,3,3,42,,card,W. d. S. França,True,red,,,,,,,
brasileirao_serie_b_2026,2026-05-03,7,Avaí,Grêmio Novorizontino,3,3,45,,period,,,,,,,HT,,1,0
brasileirao_serie_b_2026,2026-05-03,7,Avaí,Grêmio Novorizontino,3,3,45,,card,M. Bianqui,False,yellowRed,,,,,,,
brasileirao_serie_b_2026,2026-05-03,7,Avaí,Grêmio Novorizontino,3,3,46,,substitution,,False,,,Juninho,Tavinho,,,,
brasileirao_serie_b_2026,2026-05-03,7,Avaí,Grêmio Novorizontino,3,3,47,,goal,Robson,False,,,,,,,1,1
brasileirao_serie_b_2026,2026-05-03,7,Avaí,Grêmio Novorizontino,3,3,56,,substitution,,True,,,Sorriso,T. Roberth,,,,
brasileirao_serie_b_2026,2026-05-03,7,Avaí,Grêmio Novorizontino,3,3,67,,substitution,,True,,,Rafael Bilú,J. Lucas,,,,
brasileirao_serie_b_2026,2026-05-03,7,Avaí,Grêmio Novorizontino,3,3,67,,substitution,,True,,,P. Vitor,L. Henrique,,,,
brasileirao_serie_b_2026,2026-05-03,7,Avaí,Grêmio Novorizontino,3,3,71,,substitution,,False,,,Carlão,Robson,,,,
brasileirao_serie_b_2026,2026-05-03,7,Avaí,Grêmio Novorizontino,3,3,74,,goal,Rômulo,False,,,,,,,1,2
brasileirao_serie_b_2026,2026-05-03,7,Avaí,Grêmio Novorizontino,3,3,79,,substitution,,True,,,F. Avenatti,Z. Ricardo,,,,
brasileirao_serie_b_2026,2026-05-03,7,Avaí,Grêmio Novorizontino,3,3,79,,substitution,,True,,,Wesley Gasolina,Wallison,,,,
brasileirao_serie_b_2026,2026-05-03,7,Avaí,Grêmio Novorizontino,3,3,82,,substitution,,False,,,Marlon,Rômulo,,,,
brasileirao_serie_b_2026,2026-05-03,7,Avaí,Grêmio Novorizontino,3,3,82,,substitution,,False,,,Hélio Borges,Vinicius Paiva,,,,
brasileirao_serie_b_2026,2026-05-03,7,Avaí,Grêmio Novorizontino,3,3,9,,substitution,,False,,,Alemão,Patrick,,,,
brasileirao_serie_b_2026,2026-05-03,7,Avaí,Grêmio Novorizontino,3,3,90,,period,,,,,,,Second half,,3,3
brasileirao_serie_b_2026,2026-05-03,7,Avaí,Grêmio Novorizontino,3,3,90,15,goal,P. Vitor,True,,,,,,,3,3
brasileirao_serie_b_2026,2026-05-03,7,Avaí,Grêmio Novorizontino,3,3,90,11,goal,L. Naldi,False,,,,,,,2,3
brasileirao_serie_b_2026,2026-05-03,7,Avaí,Grêmio Novorizontino,3,3,90,10,card,G. Aquino,True,yellow,,,,,,,
brasileirao_serie_b_2026,2026-05-03,7,Avaí,Grêmio Novorizontino,3,3,90,7,card,P. Vitor,True,yellow,,,,,,,
brasileirao_serie_b_2026,2026-05-03,7,Avaí,Grêmio Novorizontino,3,3,90,6,card,Wesley Gasolina,True,yellow,,,,,,,
brasileirao_serie_b_2026,2026-05-03,7,Avaí,Grêmio Novorizontino,3,3,90,,goal,Rafael Bilú,True,,,,,,,2,2
brasileirao_serie_b_2026,2026-05-03,7,Avaí,Grêmio Novorizontino,3,3,90,,substitution,,False,,,N. Castrillón,Alemão,,,,
brasileirao_serie_b_2026,2026-05-03,7,Operário-PR,Londrina,3,0,10,,card,Rafael Monteiro,False,yellow,,,,,,,
brasileirao_serie_b_2026,2026-05-03,7,Operário-PR,Londrina,3,0,23,,card,G. Boschilia,True,yellow,,,,,,,
brasileirao_serie_b_2026,2026-05-03,7,Operário-PR,Londrina,3,0,29,,goal,Aylon,True,,,,,,,2,0
brasileirao_serie_b_2026,2026-05-03,7,Operário-PR,Londrina,3,0,38,,card,Pablo,True,yellow,,,,,,,
brasileirao_serie_b_2026,2026-05-03,7,Operário-PR,Londrina,3,0,38,,card,W. Reis,False,yellow,,,,,,,
brasileirao_serie_b_2026,2026-05-03,7,Operário-PR,Londrina,3,0,45,,period,,,,,,,HT,,2,0
brasileirao_serie_b_2026,2026-05-03,7,Operário-PR,Londrina,3,0,45,3,substitution,,True,,,M. Trindade,Índio,,,,
brasileirao_serie_b_2026,2026-05-03,7,Operário-PR,Londrina,3,0,45,,injuryTime,,,,,,,,4,,
brasileirao_serie_b_2026,2026-05-03,7,Operário-PR,Londrina,3,0,46,,substitution,,False,,,Heron,W. Reis,,,,
brasileirao_serie_b_2026,2026-05-03,7,Operário-PR,Londrina,3,0,5,,goal,G. Boschilia,True,,,,,,,1,0
brasileirao_serie_b_2026,2026-05-03,7,Operário-PR,Londrina,3,0,50,,card,A. Luiz,False,yellow,,,,,,,
brasileirao_serie_b_2026,2026-05-03,7,Operário-PR,Londrina,3,0,60,,goal,G. Boschilia,True,,,,,,,3,0
brasileirao_serie_b_2026,2026-05-03,7,Operário-PR,Londrina,3,0,61,,substitution,,False,,,T. Cantanhede,J. Tavares,,,,
brasileirao_serie_b_2026,2026-05-03,7,Operário-PR,Londrina,3,0,63,,card,Y. Lincoln,False,yellow,,,,,,,
brasileirao_serie_b_2026,2026-05-03,7,Operário-PR,Londrina,3,0,7,,card,Iago,False,yellow,,,,,,,
brasileirao_serie_b_2026,2026-05-03,7,Operário-PR,Londrina,3,0,72,,substitution,,True,,,F. Augusto,H. Pereira,,,,
brasileirao_serie_b_2026,2026-05-03,7,Operário-PR,Londrina,3,0,72,,varDecision,Pablo,True,,,,,,,,
brasileirao_serie_b_2026,2026-05-03,7,Operário-PR,Londrina,3,0,73,,substitution,,False,,,C. Maia,E. Rodriguez,,,,
brasileirao_serie_b_2026,2026-05-03,7,Operário-PR,Londrina,3,0,73,,substitution,,False,,,P. Moccelin,Iago,,,,
brasileirao_serie_b_2026,2026-05-03,7,Operário-PR,Londrina,3,0,73,,substitution,,True,,,P. Vilhena,Aylon,,,,
brasileirao_serie_b_2026,2026-05-03,7,Operário-PR,Londrina,3,0,79,,substitution,,True,,,N. Paraíba,V. Diniz,,,,
brasileirao_serie_b_2026,2026-05-03,7,Operário-PR,Londrina,3,0,79,,substitution,,True,,,C. Dantas,Pablo,,,,
brasileirao_serie_b_2026,2026-05-03,7,Operário-PR,Londrina,3,0,90,,period,,,,,,,Second half,,3,0
brasileirao_serie_b_2026,2026-05-03,7,Sport Recife,Ceará,2,0,16,,card,M. Ajul,True,yellow,,,,,,,
brasileirao_serie_b_2026,2026-05-03,7,Sport Recife,Ceará,2,0,33,,card,B. Ferreira,False,yellow,,,,,,,
brasileirao_serie_b_2026,2026-05-03,7,Sport Recife,Ceará,2,0,45,,period,,,,,,,HT,,0,0
brasileirao_serie_b_2026,2026-05-03,7,Sport Recife,Ceará,2,0,45,,injuryTime,,,,,,,,4,,
brasileirao_serie_b_2026,2026-05-03,7,Sport Recife,Ceará,2,0,46,,substitution,,True,,,Marlon,Clayson,,,,
brasileirao_serie_b_2026,2026-05-03,7,Sport Recife,Ceará,2,0,53,,goal,C. Barletta,True,,,,,,,1,0
brasileirao_serie_b_2026,2026-05-03,7,Sport Recife,Ceará,2,0,57,,card,C. Barletta,True,yellow,,,,,,,
brasileirao_serie_b_2026,2026-05-03,7,Sport Recife,Ceará,2,0,61,,card,L. Holanda,False,yellow,,,,,,,
brasileirao_serie_b_2026,2026-05-03,7,Sport Recife,Ceará,2,0,66,,substitution,,False,,,Sánchez,Fernando,,,,
brasileirao_serie_b_2026,2026-05-03,7,Sport Recife,Ceará,2,0,66,,substitution,,False,,,P. Henrique,Melk,,,,
brasileirao_serie_b_2026,2026-05-03,7,Sport Recife,Ceará,2,0,66,,substitution,,False,,,J. Alano,Vinicius Zanocelo,,,,
brasileirao_serie_b_2026,2026-05-03,7,Sport Recife,Ceará,2,0,66,,substitution,,False,,,Dieguinho,M. Araújo,,,,
brasileirao_serie_b_2026,2026-05-03,7,Sport Recife,Ceará,2,0,69,,card,Rafael Ramos,False,yellow,,,,,,,
brasileirao_serie_b_2026,2026-05-03,7,Sport Recife,Ceará,2,0,71,,goal,Madson,True,,,,,,,2,0
brasileirao_serie_b_2026,2026-05-03,7,Sport Recife,Ceará,2,0,75,,substitution,,True,,,A. Pucci,Madson,,,,
brasileirao_serie_b_2026,2026-05-03,7,Sport Recife,Ceará,2,0,83,,substitution,,True,,,Y. Felipe,B.Fonseca,,,,
brasileirao_serie_b_2026,2026-05-03,7,Sport Recife,Ceará,2,0,83,,substitution,,False,,,Giulio,Fernandinho,,,,
brasileirao_serie_b_2026,2026-05-03,7,Sport Recife,Ceará,2,0,87,,card,Sánchez,False,yellow,,,,,,,
brasileirao_serie_b_2026,2026-05-03,7,Sport Recife,Ceará,2,0,90,,period,,,,,,,Second half,,2,0
brasileirao_serie_b_2026,2026-05-03,7,Sport Recife,Ceará,2,0,90,,substitution,,True,,,I. Castilho,C. Barletta,,,,
brasileirao_serie_b_2026,2026-05-03,7,Sport Recife,Ceará,2,0,90,,substitution,,True,,,Max,Carlos De Pena,,,,
brasileirao_serie_b_2026,2026-05-03,7,Sport Recife,Ceará,2,0,90,,injuryTime,,,,,,,,6,,
brasileirao_serie_b_2026,2026-05-03,7,São Bernardo,Ponte Preta,3,0,13,,goal,Foguinho,True,,,,,,,1,0
brasileirao_serie_b_2026,2026-05-03,7,São Bernardo,Ponte Preta,3,0,21,,card,Foguinho,True,yellow,,,,,,,
brasileirao_serie_b_2026,2026-05-03,7,São Bernardo,Ponte Preta,3,0,45,,period,,,,,,,HT,,1,0
brasileirao_serie_b_2026,2026-05-03,7,São Bernardo,Ponte Preta,3,0,45,,injuryTime,,,,,,,,2,,
brasileirao_serie_b_2026,2026-05-03,7,São Bernardo,Ponte Preta,3,0,46,,substitution,,False,,,Justen,Thalys,,,,
brasileirao_serie_b_2026,2026-05-03,7,São Bernardo,Ponte Preta,3,0,52,,goal,Pará,True,,,,,,,2,0
brasileirao_serie_b_2026,2026-05-03,7,São Bernardo,Ponte Preta,3,0,58,,card,P. Vitor,True,yellow,,,,,,,
brasileirao_serie_b_2026,2026-05-03,7,São Bernardo,Ponte Preta,3,0,61,,substitution,,True,,,F. Garcia,D. Amorim,,,,
brasileirao_serie_b_2026,2026-05-03,7,São Bernardo,Ponte Preta,3,0,61,,substitution,,True,,,Fabrício Daniel,P. Vitor,,,,
brasileirao_serie_b_2026,2026-05-03,7,São Bernardo,Ponte Preta,3,0,67,,substitution,,False,,,Miguel,R. de Souza,,,,
brasileirao_serie_b_2026,2026-05-03,7,São Bernardo,Ponte Preta,3,0,67,,substitution,,False,,,L. Phelipe,D. Tavares,,,,
brasileirao_serie_b_2026,2026-05-03,7,São Bernardo,Ponte Preta,3,0,71,,substitution,,True,,,Hyoran,Romisson,,,,
brasileirao_serie_b_2026,2026-05-03,7,São Bernardo,Ponte Preta,3,0,71,,substitution,,True,,,Marcão Silva,Foguinho,,,,
brasileirao_serie_b_2026,2026-05-03,7,São Bernardo,Ponte Preta,3,0,74,,card,M. Silva,False,yellow,,,,,,,
brasileirao_serie_b_2026,2026-05-03,7,São Bernardo,Ponte Preta,3,0,75,,card,L. Cunha,False,yellow,,,,,,,
brasileirao_serie_b_2026,2026-05-03,7,São Bernardo,Ponte Preta,3,0,79,,goal,Fabrício Daniel,True,,,,,,,3,0
brasileirao_serie_b_2026,2026-05-03,7,São Bernardo,Ponte Preta,3,0,80,,substitution,,True,,,Pedrinho,Echaporã,,,,
brasileirao_serie_b_2026,2026-05-03,7,São Bernardo,Ponte Preta,3,0,85,,substitution,,False,,,Brandão,William Pottker,,,,
brasileirao_serie_b_2026,2026-05-03,7,São Bernardo,Ponte Preta,3,0,86,,substitution,,False,,,Jonathan Cafú,B. Borges,,,,
brasileirao_serie_b_2026,2026-05-03,7,São Bernardo,Ponte Preta,3,0,90,,period,,,,,,,Second half,,3,0
brasileirao_serie_b_2026,2026-05-03,7,São Bernardo,Ponte Preta,3,0,90,,card,L. Phelipe,False,yellow,,,,,,,
brasileirao_serie_b_2026,2026-05-03,7,São Bernardo,Ponte Preta,3,0,90,,injuryTime,,,,,,,,3,,
brasileirao_serie_b_2026,2026-05-04,7,Vila Nova FC,Athletic Club,1,1,23,,card,Douglas,False,yellow,,,,,,,
brasileirao_serie_b_2026,2026-05-04,7,Vila Nova FC,Athletic Club,1,1,45,,period,,,,,,,HT,,0,0
brasileirao_serie_b_2026,2026-05-04,7,Vila Nova FC,Athletic Club,1,1,45,1,card,Hayner,True,yellow,,,,,,,
brasileirao_serie_b_2026,2026-05-04,7,Vila Nova FC,Athletic Club,1,1,45,,injuryTime,,,,,,,,3,,
brasileirao_serie_b_2026,2026-05-04,7,Vila Nova FC,Athletic Club,1,1,46,,substitution,,False,,,G. Moyses,O. Otusanya,,,,
brasileirao_serie_b_2026,2026-05-04,7,Vila Nova FC,Athletic Club,1,1,51,,varDecision,Ian Luccas,False,,,,,,,,
brasileirao_serie_b_2026,2026-05-04,7,Vila Nova FC,Athletic Club,1,1,53,,card,Ian Luccas,False,red,,,,,,,
brasileirao_serie_b_2026,2026-05-04,7,Vila Nova FC,Athletic Club,1,1,54,,substitution,,False,,,F. Vieira,Max,,,,
brasileirao_serie_b_2026,2026-05-04,7,Vila Nova FC,Athletic Club,1,1,58,,substitution,,True,,,Dellatorre,Hayner,,,,
brasileirao_serie_b_2026,2026-05-04,7,Vila Nova FC,Athletic Club,1,1,58,,substitution,,True,,,Enzo,R. Silva,,,,
brasileirao_serie_b_2026,2026-05-04,7,Vila Nova FC,Athletic Club,1,1,70,,goal,Dellatorre,True,,,,,,,1,0
brasileirao_serie_b_2026,2026-05-04,7,Vila Nova FC,Athletic Club,1,1,71,,substitution,,False,,,D. B. d. Souza,Douglas,,,,
brasileirao_serie_b_2026,2026-05-04,7,Vila Nova FC,Athletic Club,1,1,71,,substitution,,False,,,P. Oliveira,Jota,,,,
brasileirao_serie_b_2026,2026-05-04,7,Vila Nova FC,Athletic Club,1,1,78,,substitution,,False,,,Bruninho,Zeca,,,,
brasileirao_serie_b_2026,2026-05-04,7,Vila Nova FC,Athletic Club,1,1,79,,card,F. Vieira,False,yellow,,,,,,,
brasileirao_serie_b_2026,2026-05-04,7,Vila Nova FC,Athletic Club,1,1,80,,card,Janderson,True,yellow,,,,,,,
brasileirao_serie_b_2026,2026-05-04,7,Vila Nova FC,Athletic Club,1,1,82,,substitution,,True,,,P. Romano,T. Pagnussat,,,,
brasileirao_serie_b_2026,2026-05-04,7,Vila Nova FC,Athletic Club,1,1,82,,substitution,,True,,,Elias,Dudu,,,,
brasileirao_serie_b_2026,2026-05-04,7,Vila Nova FC,Athletic Club,1,1,87,,goal,Bruninho,False,,,,,,,1,1
brasileirao_serie_b_2026,2026-05-04,7,Vila Nova FC,Athletic Club,1,1,88,,card,Bruninho,False,yellow,,,,,,,
brasileirao_serie_b_2026,2026-05-04,7,Vila Nova FC,Athletic Club,1,1,90,,period,,,,,,,Second half,,1,1
brasileirao_serie_b_2026,2026-05-04,7,Vila Nova FC,Athletic Club,1,1,90,,injuryTime,,,,,,,,5,,
brasileirao_serie_b_2026,2026-05-09,8,Athletic Club,Cuiabá,0,0,45,,period,,,,,,,HT,,0,0
brasileirao_serie_b_2026,2026-05-09,8,Athletic Club,Cuiabá,0,0,45,2,card,Eric,False,yellow,,,,,,,
brasileirao_serie_b_2026,2026-05-09,8,Athletic Club,Cuiabá,0,0,45,,injuryTime,,,,,,,,2,,
brasileirao_serie_b_2026,2026-05-09,8,Athletic Club,Cuiabá,0,0,54,,substitution,,True,,,Bruninho,Max,,,,
brasileirao_serie_b_2026,2026-05-09,8,Athletic Club,Cuiabá,0,0,54,,substitution,,True,,,O. Otusanya,G. Moyses,,,,
brasileirao_serie_b_2026,2026-05-09,8,Athletic Club,Cuiabá,0,0,61,,substitution,,False,,,Luisão,Eric,,,,
brasileirao_serie_b_2026,2026-05-09,8,Athletic Club,Cuiabá,0,0,61,,substitution,,False,,,Y. Asad,R. Rodrigues,,,,
brasileirao_serie_b_2026,2026-05-09,8,Athletic Club,Cuiabá,0,0,65,,card,K. Rodrigues,True,yellow,,,,,,,
brasileirao_serie_b_2026,2026-05-09,8,Athletic Club,Cuiabá,0,0,65,,card,J. Basso,False,yellow,,,,,,,
brasileirao_serie_b_2026,2026-05-09,8,Athletic Club,Cuiabá,0,0,68,,substitution,,False,,,V. Peixoto,K. Cristtyan,,,,
brasileirao_serie_b_2026,2026-05-09,8,Athletic Club,Cuiabá,0,0,75,,substitution,,True,,,G. Cabezas,P. Oliveira,,,,
brasileirao_serie_b_2026,2026-05-09,8,Athletic Club,Cuiabá,0,0,77,,card,Bruninho,True,yellow,,,,,,,
brasileirao_serie_b_2026,2026-05-09,8,Athletic Club,Cuiabá,0,0,82,,substitution,,True,,,D. Vera,K. Rodrigues,,,,
brasileirao_serie_b_2026,2026-05-09,8,Athletic Club,Cuiabá,0,0,82,,substitution,,True,,,Gustavinho,Jota,,,,
brasileirao_serie_b_2026,2026-05-09,8,Athletic Club,Cuiabá,0,0,82,,substitution,,False,,,Weverson,Pepê,,,,
brasileirao_serie_b_2026,2026-05-09,8,Athletic Club,Cuiabá,0,0,87,,card,L. Belezi,True,yellow,,,,,,,
brasileirao_serie_b_2026,2026-05-09,8,Athletic Club,Cuiabá,0,0,90,,period,,,,,,,Second half,,0,0
brasileirao_serie_b_2026,2026-05-09,8,Athletic Club,Cuiabá,0,0,90,,injuryTime,,,,,,,,4,,
brasileirao_serie_b_2026,2026-05-09,8,Ceará,Atlético Goianiense,0,1,20,,card,Melk,True,yellow,,,,,,,
brasileirao_serie_b_2026,2026-05-09,8,Ceará,Atlético Goianiense,0,1,29,,goal,Gustavo Coutinho,False,,,,,,,0,1
brasileirao_serie_b_2026,2026-05-09,8,Ceará,Atlético Goianiense,0,1,40,,varDecision,B. José,False,,,,,,,,
brasileirao_serie_b_2026,2026-05-09,8,Ceará,Atlético Goianiense,0,1,41,,card,B. José,False,red,,,,,,,
brasileirao_serie_b_2026,2026-05-09,8,Ceará,Atlético Goianiense,0,1,45,,period,,,,,,,HT,,0,1
brasileirao_serie_b_2026,2026-05-09,8,Ceará,Atlético Goianiense,0,1,45,,injuryTime,,,,,,,,4,,
brasileirao_serie_b_2026,2026-05-09,8,Ceará,Atlético Goianiense,0,1,46,,substitution,,True,,,Rafael Ramos,A. Silva,,,,
brasileirao_serie_b_2026,2026-05-09,8,Ceará,Atlético Goianiense,0,1,46,,substitution,,True,,,Vina,Dieguinho,,,,
brasileirao_serie_b_2026,2026-05-09,8,Ceará,Atlético Goianiense,0,1,46,,substitution,,True,,,J. Alano,P. Henrique,,,,
brasileirao_serie_b_2026,2026-05-09,8,Ceará,Atlético Goianiense,0,1,47,,card,Vina,True,yellow,,,,,,,
brasileirao_serie_b_2026,2026-05-09,8,Ceará,Atlético Goianiense,0,1,61,,substitution,,False,,,Adriano Martins,G. Soares,,,,
brasileirao_serie_b_2026,2026-05-09,8,Ceará,Atlético Goianiense,0,1,63,,substitution,,True,,,Fernandinho,L. Lima,,,,
brasileirao_serie_b_2026,2026-05-09,8,Ceará,Atlético Goianiense,0,1,68,,substitution,,False,,,L. Jacó,Gustavo Coutinho,,,,
brasileirao_serie_b_2026,2026-05-09,8,Ceará,Atlético Goianiense,0,1,68,,substitution,,False,,,L. Tocantins,Marrony,,,,
brasileirao_serie_b_2026,2026-05-09,8,Ceará,Atlético Goianiense,0,1,72,,card,P. Vítor,False,yellow,,,,,,,
brasileirao_serie_b_2026,2026-05-09,8,Ceará,Atlético Goianiense,0,1,77,,substitution,,True,,,Richardson,M. Araújo,,,,
brasileirao_serie_b_2026,2026-05-09,8,Ceará,Atlético Goianiense,0,1,78,,card,L. Jacó,False,yellow,,,,,,,
brasileirao_serie_b_2026,2026-05-09,8,Ceará,Atlético Goianiense,0,1,79,,substitution,,False,,,F. Guimarães,G. Lopes,,,,
brasileirao_serie_b_2026,2026-05-09,8,Ceará,Atlético Goianiense,0,1,79,,substitution,,False,,,Natã,Indio,,,,
brasileirao_serie_b_2026,2026-05-09,8,Ceará,Atlético Goianiense,0,1,90,,period,,,,,,,Second half,,0,1
brasileirao_serie_b_2026,2026-05-09,8,Ceará,Atlético Goianiense,0,1,90,,injuryTime,,,,,,,,5,,
brasileirao_serie_b_2026,2026-05-09,8,Clube De Regatas Brasil,Operário-PR,3,0,0,,card,Miranda,False,yellow,Argument,,,,,,
brasileirao_serie_b_2026,2026-05-09,8,Clube De Regatas Brasil,Operário-PR,3,0,11,,goal,P. Castro,True,,,,,,,1,0
brasileirao_serie_b_2026,2026-05-09,8,Clube De Regatas Brasil,Operário-PR,3,0,18,,card,Mikael,False,yellow,Foul,,,,,,
brasileirao_serie_b_2026,2026-05-09,8,Clube De Regatas Brasil,Operário-PR,3,0,27,,goal,P. Castro,True,,,,,,,2,0
brasileirao_serie_b_2026,2026-05-09,8,Clube De Regatas Brasil,Operário-PR,3,0,30,,card,J. Cuenú,False,yellow,Argument,,,,,,
brasileirao_serie_b_2026,2026-05-09,8,Clube De Regatas Brasil,Operário-PR,3,0,38,,card,V. D. D. Antonia,False,yellow,Foul,,,,,,
brasileirao_serie_b_2026,2026-05-09,8,Clube De Regatas Brasil,Operário-PR,3,0,45,,period,,,,,,,HT,,2,0
brasileirao_serie_b_2026,2026-05-09,8,Clube De Regatas Brasil,Operário-PR,3,0,45,,injuryTime,,,,,,,,2,,
brasileirao_serie_b_2026,2026-05-09,8,Clube De Regatas Brasil,Operário-PR,3,0,46,,substitution,,False,,,N. Paraíba,M. Trindade,,,,
brasileirao_serie_b_2026,2026-05-09,8,Clube De Regatas Brasil,Operário-PR,3,0,46,,substitution,,False,,,P. Vilhena,H. Pereira,,,,
brasileirao_serie_b_2026,2026-05-09,8,Clube De Regatas Brasil,Operário-PR,3,0,46,,substitution,,False,,,Maguinho,Mikael,,,,
brasileirao_serie_b_2026,2026-05-09,8,Clube De Regatas Brasil,Operário-PR,3,0,49,,goal,Mikael,True,,,,,,,3,0
brasileirao_serie_b_2026,2026-05-09,8,Clube De Regatas Brasil,Operário-PR,3,0,64,,substitution,,True,,,V. Caetano,Matheus Albino,,,,
brasileirao_serie_b_2026,2026-05-09,8,Clube De Regatas Brasil,Operário-PR,3,0,69,,substitution,,False,,,F. Augusto,Aylon,,,,
brasileirao_serie_b_2026,2026-05-09,8,Clube De Regatas Brasil,Operário-PR,3,0,69,,substitution,,False,,,Pablo,C. Dantas,,,,
brasileirao_serie_b_2026,2026-05-09,8,Clube De Regatas Brasil,Operário-PR,3,0,71,,substitution,,True,,,Geovane,Crystopher,,,,
brasileirao_serie_b_2026,2026-05-09,8,Clube De Regatas Brasil,Operário-PR,3,0,71,,substitution,,True,,,L. Phellype,Mikael,,,,
brasileirao_serie_b_2026,2026-05-09,8,Clube De Regatas Brasil,Operário-PR,3,0,81,,substitution,,True,,,Reverson,D. Belmonte,,,,
brasileirao_serie_b_2026,2026-05-09,8,Clube De Regatas Brasil,Operário-PR,3,0,81,,substitution,,True,,,D. Baggio,Thiaguinho,,,,
brasileirao_serie_b_2026,2026-05-09,8,Clube De Regatas Brasil,Operário-PR,3,0,88,,card,D. Baggio,True,yellow,Foul,,,,,,
brasileirao_serie_b_2026,2026-05-09,8,Clube De Regatas Brasil,Operário-PR,3,0,90,,period,,,,,,,FT,,3,0
brasileirao_serie_b_2026,2026-05-09,8,Clube De Regatas Brasil,Operário-PR,3,0,90,1,card,V. Caetano,True,yellow,Time wasting,,,,,,
brasileirao_serie_b_2026,2026-05-09,8,Clube De Regatas Brasil,Operário-PR,3,0,90,,injuryTime,,,,,,,,5,,
brasileirao_serie_b_2026,2026-05-09,8,Goiás,Vila Nova FC,1,0,0,,card,L. Lima,True,yellow,Argument,,,,,,
brasileirao_serie_b_2026,2026-05-09,8,Goiás,Vila Nova FC,1,0,12,,substitution,,False,,,Elias,Hayner,,,,
brasileirao_serie_b_2026,2026-05-09,8,Goiás,Vila Nova FC,1,0,36,,card,L. Ribeiro,True,yellow,Foul,,,,,,
brasileirao_serie_b_2026,2026-05-09,8,Goiás,Vila Nova FC,1,0,40,,card,R. Menezes,True,yellow,Foul,,,,,,
brasileirao_serie_b_2026,2026-05-09,8,Goiás,Vila Nova FC,1,0,45,,period,,,,,,,HT,,0,0
brasileirao_serie_b_2026,2026-05-09,8,Goiás,Vila Nova FC,1,0,45,1,card,Janderson,False,yellow,Foul,,,,,,
brasileirao_serie_b_2026,2026-05-09,8,Goiás,Vila Nova FC,1,0,45,,injuryTime,,,,,,,,4,,
brasileirao_serie_b_2026,2026-05-09,8,Goiás,Vila Nova FC,1,0,46,,substitution,,False,,,Enzo,D. D. Santos,,,,
brasileirao_serie_b_2026,2026-05-09,8,Goiás,Vila Nova FC,1,0,54,,card,G. B. d. Camargo,True,yellow,Foul,,,,,,
brasileirao_serie_b_2026,2026-05-09,8,Goiás,Vila Nova FC,1,0,60,,substitution,,True,,,Lourenço,G. B. d. Camargo,,,,
brasileirao_serie_b_2026,2026-05-09,8,Goiás,Vila Nova FC,1,0,60,,substitution,,True,,,A. Ramon,Kadu,,,,
brasileirao_serie_b_2026,2026-05-09,8,Goiás,Vila Nova FC,1,0,60,,substitution,,True,,,B. Sávio,J. Carlos,,,,
brasileirao_serie_b_2026,2026-05-09,8,Goiás,Vila Nova FC,1,0,66,,substitution,,False,,,W. Formiga,Higor,,,,
brasileirao_serie_b_2026,2026-05-09,8,Goiás,Vila Nova FC,1,0,67,,card,R. Menezes,True,yellowRed,Foul,,,,,,
brasileirao_serie_b_2026,2026-05-09,8,Goiás,Vila Nova FC,1,0,67,,card,J. Vieira,False,yellow,Foul,,,,,,
brasileirao_serie_b_2026,2026-05-09,8,Goiás,Vila Nova FC,1,0,70,,substitution,,True,,,Luiz Felipe,L. Lima,,,,
brasileirao_serie_b_2026,2026-05-09,8,Goiás,Vila Nova FC,1,0,78,,substitution,,True,,,Diego Caito,Djalma,,,,
brasileirao_serie_b_2026,2026-05-09,8,Goiás,Vila Nova FC,1,0,79,,goal,A. Ramon,True,,,,,,,1,0
brasileirao_serie_b_2026,2026-05-09,8,Goiás,Vila Nova FC,1,0,86,,substitution,,False,,,R. Ribeiro,Janderson,,,,
brasileirao_serie_b_2026,2026-05-09,8,Goiás,Vila Nova FC,1,0,86,,substitution,,False,,,Dodô,Enzo,,,,
brasileirao_serie_b_2026,2026-05-09,8,Goiás,Vila Nova FC,1,0,90,,period,,,,,,,FT,,1,0
brasileirao_serie_b_2026,2026-05-09,8,Goiás,Vila Nova FC,1,0,90,4,card,R. Soares,True,yellow,Foul,,,,,,
brasileirao_serie_b_2026,2026-05-09,8,Goiás,Vila Nova FC,1,0,90,3,varDecision,R. Soares,True,,,,,,,,
brasileirao_serie_b_2026,2026-05-09,8,Goiás,Vila Nova FC,1,0,90,,injuryTime,,,,,,,,11,,
brasileirao_serie_b_2026,2026-05-09,8,Ponte Preta,Sport Recife,1,3,19,,card,M. Ajul,False,yellow,,,,,,,
brasileirao_serie_b_2026,2026-05-09,8,Ponte Preta,Sport Recife,1,3,23,,goal,D. Barcelos,True,,,,,,,1,0
brasileirao_serie_b_2026,2026-05-09,8,Ponte Preta,Sport Recife,1,3,31,,goal,Felipinho,False,,,,,,,1,1
brasileirao_serie_b_2026,2026-05-09,8,Ponte Preta,Sport Recife,1,3,45,,period,,,,,,,HT,,1,2
brasileirao_serie_b_2026,2026-05-09,8,Ponte Preta,Sport Recife,1,3,45,5,goal,C. Barletta,False,,,,,,,1,2
brasileirao_serie_b_2026,2026-05-09,8,Ponte Preta,Sport Recife,1,3,45,4,card,D. Barcelos,True,yellow,,,,,,,
brasileirao_serie_b_2026,2026-05-09,8,Ponte Preta,Sport Recife,1,3,45,,varDecision,Felipinho,False,,,,,,,,
brasileirao_serie_b_2026,2026-05-09,8,Ponte Preta,Sport Recife,1,3,45,,injuryTime,,,,,,,,4,,
brasileirao_serie_b_2026,2026-05-09,8,Ponte Preta,Sport Recife,1,3,50,,card,B. Borges,True,yellow,,,,,,,
brasileirao_serie_b_2026,2026-05-09,8,Ponte Preta,Sport Recife,1,3,59,,goal,Perotti,False,,,,,,,1,3
brasileirao_serie_b_2026,2026-05-09,8,Ponte Preta,Sport Recife,1,3,61,,substitution,,True,,,Tarik,R. de Souza,,,,
brasileirao_serie_b_2026,2026-05-09,8,Ponte Preta,Sport Recife,1,3,61,,substitution,,True,,,Rodriguinho,Kevyson,,,,
brasileirao_serie_b_2026,2026-05-09,8,Ponte Preta,Sport Recife,1,3,63,,card,Rodriguinho,True,yellow,,,,,,,
brasileirao_serie_b_2026,2026-05-09,8,Ponte Preta,Sport Recife,1,3,67,,substitution,,False,,,P. Victor,B. Fonseca,,,,
brasileirao_serie_b_2026,2026-05-09,8,Ponte Preta,Sport Recife,1,3,69,,card,M. Ajul,False,yellowRed,,,,,,,
brasileirao_serie_b_2026,2026-05-09,8,Ponte Preta,Sport Recife,1,3,71,,substitution,,True,,,Thalys,André,,,,
brasileirao_serie_b_2026,2026-05-09,8,Ponte Preta,Sport Recife,1,3,71,,substitution,,True,,,Elvis,Justen,,,,
brasileirao_serie_b_2026,2026-05-09,8,Ponte Preta,Sport Recife,1,3,72,,substitution,,False,,,Zé Gabriel,Carlos De Pena,,,,
brasileirao_serie_b_2026,2026-05-09,8,Ponte Preta,Sport Recife,1,3,72,,substitution,,False,,,Z. Marcos,Clayson,,,,
brasileirao_serie_b_2026,2026-05-09,8,Ponte Preta,Sport Recife,1,3,76,,substitution,,True,,,Baianinho,D. Tavares,,,,
brasileirao_serie_b_2026,2026-05-09,8,Ponte Preta,Sport Recife,1,3,79,,card,Felipinho,False,yellow,,,,,,,
brasileirao_serie_b_2026,2026-05-09,8,Ponte Preta,Sport Recife,1,3,81,,substitution,,False,,,A. Pucci,Madson,,,,
brasileirao_serie_b_2026,2026-05-09,8,Ponte Preta,Sport Recife,1,3,81,,substitution,,False,,,Y. Felipe,Zé Lucas,,,,
brasileirao_serie_b_2026,2026-05-09,8,Ponte Preta,Sport Recife,1,3,82,,card,Z. Marcos,False,yellow,,,,,,,
brasileirao_serie_b_2026,2026-05-09,8,Ponte Preta,Sport Recife,1,3,83,,varDecision,Rodriguinho,True,,,,,,,,
brasileirao_serie_b_2026,2026-05-09,8,Ponte Preta,Sport Recife,1,3,90,,period,,,,,,,Second half,,1,3
brasileirao_serie_b_2026,2026-05-09,8,Ponte Preta,Sport Recife,1,3,90,4,card,M. Silva,True,yellow,,,,,,,
brasileirao_serie_b_2026,2026-05-09,8,Ponte Preta,Sport Recife,1,3,90,3,card,Elvis,True,yellow,,,,,,,
brasileirao_serie_b_2026,2026-05-09,8,Ponte Preta,Sport Recife,1,3,90,,injuryTime,,,,,,,,9,,
brasileirao_serie_b_2026,2026-05-10,8,Avaí,Fortaleza,0,0,0,,card,Pierre,False,red,Argument,,,,,,
brasileirao_serie_b_2026,2026-05-10,8,Avaí,Fortaleza,0,0,0,,card,T. Carpini,False,red,Argument,,,,,,
brasileirao_serie_b_2026,2026-05-10,8,Avaí,Fortaleza,0,0,33,,card,B. Baldini,True,yellow,Foul,,,,,,
brasileirao_serie_b_2026,2026-05-10,8,Avaí,Fortaleza,0,0,38,,card,Ryan,False,yellow,Foul,,,,,,
brasileirao_serie_b_2026,2026-05-10,8,Avaí,Fortaleza,0,0,45,,period,,,,,,,HT,,0,0
brasileirao_serie_b_2026,2026-05-10,8,Avaí,Fortaleza,0,0,45,2,card,G. Aquino,True,yellow,Foul,,,,,,
brasileirao_serie_b_2026,2026-05-10,8,Avaí,Fortaleza,0,0,45,,injuryTime,,,,,,,,3,,
brasileirao_serie_b_2026,2026-05-10,8,Avaí,Fortaleza,0,0,46,,substitution,,False,,,Ronald,K. Rocha,,,,
brasileirao_serie_b_2026,2026-05-10,8,Avaí,Fortaleza,0,0,46,,substitution,,True,,,Sorriso,J. Lucas,,,,
brasileirao_serie_b_2026,2026-05-10,8,Avaí,Fortaleza,0,0,63,,substitution,,False,,,Kayke,Vitinho,,,,
brasileirao_serie_b_2026,2026-05-10,8,Avaí,Fortaleza,0,0,64,,substitution,,False,,,R. Santos,Ryan,,,,
brasileirao_serie_b_2026,2026-05-10,8,Avaí,Fortaleza,0,0,67,,card,E. Brítez,False,yellow,Foul,,,,,,
brasileirao_serie_b_2026,2026-05-10,8,Avaí,Fortaleza,0,0,69,,substitution,,True,,,Wenderson,Rafael Bilú,,,,
brasileirao_serie_b_2026,2026-05-10,8,Avaí,Fortaleza,0,0,80,,substitution,,False,,,Welliton,T. Pochettino,,,,
brasileirao_serie_b_2026,2026-05-10,8,Avaí,Fortaleza,0,0,80,,substitution,,False,,,L. Sasha,Pierre,,,,
brasileirao_serie_b_2026,2026-05-10,8,Avaí,Fortaleza,0,0,83,,card,D. Teixeira,True,yellow,Foul,,,,,,
brasileirao_serie_b_2026,2026-05-10,8,Avaí,Fortaleza,0,0,84,,substitution,,True,,,I. Pereira,T. Roberth,,,,
brasileirao_serie_b_2026,2026-05-10,8,Avaí,Fortaleza,0,0,85,,substitution,,True,,,Hyan,L. Henrique,,,,
brasileirao_serie_b_2026,2026-05-10,8,Avaí,Fortaleza,0,0,90,,period,,,,,,,FT,,0,0
brasileirao_serie_b_2026,2026-05-10,8,Avaí,Fortaleza,0,0,90,5,card,E. Brítez,False,yellowRed,Foul,,,,,,
brasileirao_serie_b_2026,2026-05-10,8,Avaí,Fortaleza,0,0,90,4,substitution,,True,,,F. Avenatti,D. Penha,,,,
brasileirao_serie_b_2026,2026-05-10,8,Avaí,Fortaleza,0,0,90,,injuryTime,,,,,,,,5,,
brasileirao_serie_b_2026,2026-05-10,8,Grêmio Novorizontino,Botafogo-SP,1,0,21,,substitution,,True,,,Juninho,Luís Oyama,,,,
brasileirao_serie_b_2026,2026-05-10,8,Grêmio Novorizontino,Botafogo-SP,1,0,45,,period,,,,,,,HT,,0,0
brasileirao_serie_b_2026,2026-05-10,8,Grêmio Novorizontino,Botafogo-SP,1,0,45,,injuryTime,,,,,,,,4,,
brasileirao_serie_b_2026,2026-05-10,8,Grêmio Novorizontino,Botafogo-SP,1,0,46,,substitution,,True,,,Carlão,Hélio Borges,,,,
brasileirao_serie_b_2026,2026-05-10,8,Grêmio Novorizontino,Botafogo-SP,1,0,55,,substitution,,False,,,G. Queiróz,Luizão,,,,
brasileirao_serie_b_2026,2026-05-10,8,Grêmio Novorizontino,Botafogo-SP,1,0,57,,goal,Robson,True,,,,,,,1,0
brasileirao_serie_b_2026,2026-05-10,8,Grêmio Novorizontino,Botafogo-SP,1,0,65,,substitution,,False,,,M. C. Maranhão,Z. Hugo,,,,
brasileirao_serie_b_2026,2026-05-10,8,Grêmio Novorizontino,Botafogo-SP,1,0,65,,substitution,,False,,,Thiaguinho,R. Gava,,,,
brasileirao_serie_b_2026,2026-05-10,8,Grêmio Novorizontino,Botafogo-SP,1,0,71,,substitution,,False,,,Badaró,G. Mariano,,,,
brasileirao_serie_b_2026,2026-05-10,8,Grêmio Novorizontino,Botafogo-SP,1,0,71,,substitution,,False,,,W. Pinheiro,Kelvin,,,,
brasileirao_serie_b_2026,2026-05-10,8,Grêmio Novorizontino,Botafogo-SP,1,0,76,,card,M. C. Maranhão,False,yellow,,,,,,,
brasileirao_serie_b_2026,2026-05-10,8,Grêmio Novorizontino,Botafogo-SP,1,0,83,,substitution,,True,,,Marlon,Vinicius Paiva,,,,
brasileirao_serie_b_2026,2026-05-10,8,Grêmio Novorizontino,Botafogo-SP,1,0,83,,substitution,,True,,,R. Barcellos,Robson,,,,
brasileirao_serie_b_2026,2026-05-10,8,Grêmio Novorizontino,Botafogo-SP,1,0,87,,card,Carlinhos,True,yellow,,,,,,,
brasileirao_serie_b_2026,2026-05-10,8,Grêmio Novorizontino,Botafogo-SP,1,0,90,,period,,,,,,,Second half,,1,0
brasileirao_serie_b_2026,2026-05-10,8,Grêmio Novorizontino,Botafogo-SP,1,0,90,6,card,D. Galo,True,yellow,,,,,,,
brasileirao_serie_b_2026,2026-05-10,8,Grêmio Novorizontino,Botafogo-SP,1,0,90,4,card,M. Sales,False,yellow,,,,,,,
brasileirao_serie_b_2026,2026-05-10,8,Grêmio Novorizontino,Botafogo-SP,1,0,90,2,substitution,,True,,,D. Galo,Rômulo,,,,
brasileirao_serie_b_2026,2026-05-10,8,Grêmio Novorizontino,Botafogo-SP,1,0,90,2,card,Rômulo,True,yellow,,,,,,,
brasileirao_serie_b_2026,2026-05-10,8,Grêmio Novorizontino,Botafogo-SP,1,0,90,1,card,L. Naldi,True,yellow,,,,,,,
brasileirao_serie_b_2026,2026-05-10,8,Grêmio Novorizontino,Botafogo-SP,1,0,90,,injuryTime,,,,,,,,6,,
brasileirao_serie_b_2026,2026-05-10,8,Juventude,Criciúma,0,0,35,,card,L. Mineiro,True,yellow,,,,,,,
brasileirao_serie_b_2026,2026-05-10,8,Juventude,Criciúma,0,0,45,,period,,,,,,,HT,,0,0
brasileirao_serie_b_2026,2026-05-10,8,Juventude,Criciúma,0,0,45,,injuryTime,,,,,,,,2,,
brasileirao_serie_b_2026,2026-05-10,8,Juventude,Criciúma,0,0,54,,varDecision,L. M. Gonçalves,True,,,,,,,,
brasileirao_serie_b_2026,2026-05-10,8,Juventude,Criciúma,0,0,57,,card,L. M. Gonçalves,True,yellow,,,,,,,
brasileirao_serie_b_2026,2026-05-10,8,Juventude,Criciúma,0,0,61,,substitution,,False,,,Diego Gonçalves,Romarinho,,,,
brasileirao_serie_b_2026,2026-05-10,8,Juventude,Criciúma,0,0,64,,card,B. Alves,False,yellow,,,,,,,
brasileirao_serie_b_2026,2026-05-10,8,Juventude,Criciúma,0,0,65,,card,Luciano Castan,False,yellow,,,,,,,
brasileirao_serie_b_2026,2026-05-10,8,Juventude,Criciúma,0,0,69,,card,R. R. Carvalho,False,yellow,,,,,,,
brasileirao_serie_b_2026,2026-05-10,8,Juventude,Criciúma,0,0,70,,substitution,,True,,,M. Castro,L. M. Gonçalves,,,,
brasileirao_serie_b_2026,2026-05-10,8,Juventude,Criciúma,0,0,76,,substitution,,True,,,F. Lima,Nathan,,,,
brasileirao_serie_b_2026,2026-05-10,8,Juventude,Criciúma,0,0,76,,substitution,,True,,,A. Safira,Alan Kardec,,,,
brasileirao_serie_b_2026,2026-05-10,8,Juventude,Criciúma,0,0,76,,substitution,,False,,,Jean Irmer,J. Robert,,,,
brasileirao_serie_b_2026,2026-05-10,8,Juventude,Criciúma,0,0,76,,substitution,,False,,,Cauê,Waguininho,,,,
brasileirao_serie_b_2026,2026-05-10,8,Juventude,Criciúma,0,0,83,,substitution,,False,,,W. Lepo,Marcinho,,,,
brasileirao_serie_b_2026,2026-05-10,8,Juventude,Criciúma,0,0,83,,substitution,,False,,,R. Otero,F. Mateus,,,,
brasileirao_serie_b_2026,2026-05-10,8,Juventude,Criciúma,0,0,90,,period,,,,,,,Second half,,0,0
brasileirao_serie_b_2026,2026-05-10,8,Juventude,Criciúma,0,0,90,,card,W. Lepo,False,yellow,,,,,,,
brasileirao_serie_b_2026,2026-05-10,8,Juventude,Criciúma,0,0,90,,substitution,,True,,,Wadson,D. Barbosa,,,,
brasileirao_serie_b_2026,2026-05-10,8,Juventude,Criciúma,0,0,90,,substitution,,True,,,I. Ly,M. Paulo,,,,
brasileirao_serie_b_2026,2026-05-10,8,Juventude,Criciúma,0,0,90,,injuryTime,,,,,,,,6,,
brasileirao_serie_b_2026,2026-05-10,8,Náutico,América Mineiro,4,0,26,,goal,Vinícius,True,,,,,,,1,0
brasileirao_serie_b_2026,2026-05-10,8,Náutico,América Mineiro,4,0,31,,card,O. Gonçalves,False,yellow,,,,,,,
brasileirao_serie_b_2026,2026-05-10,8,Náutico,América Mineiro,4,0,31,,card,Wenderson,True,yellow,,,,,,,
brasileirao_serie_b_2026,2026-05-10,8,Náutico,América Mineiro,4,0,42,,card,E. Santos,False,red,,,,,,,
brasileirao_serie_b_2026,2026-05-10,8,Náutico,América Mineiro,4,0,45,,period,,,,,,,HT,,2,0
brasileirao_serie_b_2026,2026-05-10,8,Náutico,América Mineiro,4,0,45,5,goal,Jhonny,True,,,,,,,2,0
brasileirao_serie_b_2026,2026-05-10,8,Náutico,América Mineiro,4,0,45,,injuryTime,,,,,,,,8,,
brasileirao_serie_b_2026,2026-05-10,8,Náutico,América Mineiro,4,0,46,,substitution,,False,,,Alê,Y. Souza,,,,
brasileirao_serie_b_2026,2026-05-10,8,Náutico,América Mineiro,4,0,46,,substitution,,False,,,L. Alaba,Jhonny,,,,
brasileirao_serie_b_2026,2026-05-10,8,Náutico,América Mineiro,4,0,46,,substitution,,False,,,Artur,Thauan,,,,
brasileirao_serie_b_2026,2026-05-10,8,Náutico,América Mineiro,4,0,46,,substitution,,False,,,J. J. J. d. Lima,W. Bigode,,,,
brasileirao_serie_b_2026,2026-05-10,8,Náutico,América Mineiro,4,0,52,,goal,Dodô,True,,,,,,,3,0
brasileirao_serie_b_2026,2026-05-10,8,Náutico,América Mineiro,4,0,67,,card,R. Barcelos,False,yellow,,,,,,,
brasileirao_serie_b_2026,2026-05-10,8,Náutico,América Mineiro,4,0,68,,substitution,,True,,,Auremir,Samuel,,,,
brasileirao_serie_b_2026,2026-05-10,8,Náutico,América Mineiro,4,0,68,,substitution,,True,,,F. Saraiva,V. Andrade,,,,
brasileirao_serie_b_2026,2026-05-10,8,Náutico,América Mineiro,4,0,68,,substitution,,True,,,Halan,Wenderson,,,,
brasileirao_serie_b_2026,2026-05-10,8,Náutico,América Mineiro,4,0,73,,goal,Vinícius,True,,,,,,,4,0
brasileirao_serie_b_2026,2026-05-10,8,Náutico,América Mineiro,4,0,78,,substitution,,True,,,Todinho,Dodô,,,,
brasileirao_serie_b_2026,2026-05-10,8,Náutico,América Mineiro,4,0,79,,substitution,,True,,,F. Cardoso,Derek,,,,
brasileirao_serie_b_2026,2026-05-10,8,Náutico,América Mineiro,4,0,87,,card,J. J. J. d. Lima,False,yellow,,,,,,,
brasileirao_serie_b_2026,2026-05-10,8,Náutico,América Mineiro,4,0,90,,period,,,,,,,FT,,4,0
brasileirao_serie_b_2026,2026-05-10,8,Náutico,América Mineiro,4,0,90,3,card,Yuri,True,yellow,,,,,,,
brasileirao_serie_b_2026,2026-05-10,8,Náutico,América Mineiro,4,0,90,,injuryTime,,,,,,,,3,,
brasileirao_serie_b_2026,2026-05-12,8,Londrina,São Bernardo,1,3,21,,goal,D. Miraíma,False,,,,,,,0,2
brasileirao_serie_b_2026,2026-05-12,8,Londrina,São Bernardo,1,3,25,,card,Weverton,True,yellow,,,,,,,
brasileirao_serie_b_2026,2026-05-12,8,Londrina,São Bernardo,1,3,4,,substitution,,False,,,P. Dyego,Fabrício Daniel,,,,
brasileirao_serie_b_2026,2026-05-12,8,Londrina,São Bernardo,1,3,45,,period,,,,,,,HT,,0,2
brasileirao_serie_b_2026,2026-05-12,8,Londrina,São Bernardo,1,3,45,2,substitution,,True,,,Vitinho,Heron,,,,
brasileirao_serie_b_2026,2026-05-12,8,Londrina,São Bernardo,1,3,45,1,card,L. Marques,True,yellow,,,,,,,
brasileirao_serie_b_2026,2026-05-12,8,Londrina,São Bernardo,1,3,45,,injuryTime,,,,,,,,5,,
brasileirao_serie_b_2026,2026-05-12,8,Londrina,São Bernardo,1,3,46,,substitution,,True,,,K. Leonardo,Weverton,,,,
brasileirao_serie_b_2026,2026-05-12,8,Londrina,São Bernardo,1,3,46,,substitution,,True,,,Juninho,E. Rodriguez,,,,
brasileirao_serie_b_2026,2026-05-12,8,Londrina,São Bernardo,1,3,52,,card,Foguinho,False,yellow,,,,,,,
brasileirao_serie_b_2026,2026-05-12,8,Londrina,São Bernardo,1,3,59,,goal,D. Miraíma,False,,,,,,,0,3
brasileirao_serie_b_2026,2026-05-12,8,Londrina,São Bernardo,1,3,67,,substitution,,False,,,Marcão Silva,Foguinho,,,,
brasileirao_serie_b_2026,2026-05-12,8,Londrina,São Bernardo,1,3,67,,substitution,,False,,,F. Garcia,D. Amorim,,,,
brasileirao_serie_b_2026,2026-05-12,8,Londrina,São Bernardo,1,3,7,,goal,D. Amorim,False,,,,,,,0,1
brasileirao_serie_b_2026,2026-05-12,8,Londrina,São Bernardo,1,3,76,,substitution,,False,,,L. Rian,D. Miraíma,,,,
brasileirao_serie_b_2026,2026-05-12,8,Londrina,São Bernardo,1,3,76,,substitution,,False,,,Lucas Fernandes,Echaporã,,,,
brasileirao_serie_b_2026,2026-05-12,8,Londrina,São Bernardo,1,3,78,,substitution,,True,,,J. Tavares,L. Marques,,,,
brasileirao_serie_b_2026,2026-05-12,8,Londrina,São Bernardo,1,3,85,,goal,P. Moccelin,True,,,,,,,1,3
brasileirao_serie_b_2026,2026-05-12,8,Londrina,São Bernardo,1,3,85,,substitution,,True,,,P. Moccelin,T. Cantanhede,,,,
brasileirao_serie_b_2026,2026-05-12,8,Londrina,São Bernardo,1,3,90,,period,,,,,,,Second half,,1,3
brasileirao_serie_b_2026,2026-05-12,8,Londrina,São Bernardo,1,3,90,1,card,Y. Lincoln,True,yellow,,,,,,,
brasileirao_serie_b_2026,2026-05-12,8,Londrina,São Bernardo,1,3,90,,injuryTime,,,,,,,,5,,
brasileirao_serie_b_2026,2026-05-16,9,Cuiabá,Grêmio Novorizontino,0,0,45,,period,,,,,,,HT,,0,0
brasileirao_serie_b_2026,2026-05-16,9,Cuiabá,Grêmio Novorizontino,0,0,45,3,card,Gabriel,True,yellow,,,,,,,
brasileirao_serie_b_2026,2026-05-16,9,Cuiabá,Grêmio Novorizontino,0,0,45,1,card,Robson,False,yellow,,,,,,,
brasileirao_serie_b_2026,2026-05-16,9,Cuiabá,Grêmio Novorizontino,0,0,45,,injuryTime,,,,,,,,3,,
brasileirao_serie_b_2026,2026-05-16,9,Cuiabá,Grêmio Novorizontino,0,0,46,,substitution,,True,,,Y. Asad,Gabriel,,,,
brasileirao_serie_b_2026,2026-05-16,9,Cuiabá,Grêmio Novorizontino,0,0,60,,substitution,,False,,,Tavinho,Rômulo,,,,
brasileirao_serie_b_2026,2026-05-16,9,Cuiabá,Grêmio Novorizontino,0,0,60,,substitution,,False,,,Jordi,César,,,,
brasileirao_serie_b_2026,2026-05-16,9,Cuiabá,Grêmio Novorizontino,0,0,61,,substitution,,True,,,M. Criciuma,K. Cristtyan,,,,
brasileirao_serie_b_2026,2026-05-16,9,Cuiabá,Grêmio Novorizontino,0,0,66,,card,D. M. d. S. Arcanjo,True,yellow,,,,,,,
brasileirao_serie_b_2026,2026-05-16,9,Cuiabá,Grêmio Novorizontino,0,0,76,,substitution,,False,,,Marlon,M. Bianqui,,,,
brasileirao_serie_b_2026,2026-05-16,9,Cuiabá,Grêmio Novorizontino,0,0,76,,substitution,,True,,,V. Peixoto,R. Rodrigues,,,,
brasileirao_serie_b_2026,2026-05-16,9,Cuiabá,Grêmio Novorizontino,0,0,76,,substitution,,False,,,Carlão,Robson,,,,
brasileirao_serie_b_2026,2026-05-16,9,Cuiabá,Grêmio Novorizontino,0,0,77,,card,V. Peixoto,True,yellow,,,,,,,
brasileirao_serie_b_2026,2026-05-16,9,Cuiabá,Grêmio Novorizontino,0,0,85,,substitution,,False,,,C. Ortíz,Juninho,,,,
brasileirao_serie_b_2026,2026-05-16,9,Cuiabá,Grêmio Novorizontino,0,0,90,,period,,,,,,,Second half,,0,0
brasileirao_serie_b_2026,2026-05-16,9,Cuiabá,Grêmio Novorizontino,0,0,90,4,card,M. Jesus,False,yellow,,,,,,,
brasileirao_serie_b_2026,2026-05-16,9,Cuiabá,Grêmio Novorizontino,0,0,90,,injuryTime,,,,,,,,5,,
brasileirao_serie_b_2026,2026-05-16,9,Goiás,Botafogo-SP,1,0,28,,card,Jordan,False,yellow,,,,,,,
brasileirao_serie_b_2026,2026-05-16,9,Goiás,Botafogo-SP,1,0,45,,period,,,,,,,HT,,0,0
brasileirao_serie_b_2026,2026-05-16,9,Goiás,Botafogo-SP,1,0,45,,card,P. Brey,False,yellow,,,,,,,
brasileirao_serie_b_2026,2026-05-16,9,Goiás,Botafogo-SP,1,0,45,,injuryTime,,,,,,,,4,,
brasileirao_serie_b_2026,2026-05-16,9,Goiás,Botafogo-SP,1,0,46,,substitution,,True,,,Kadu,J. Carlos,,,,
brasileirao_serie_b_2026,2026-05-16,9,Goiás,Botafogo-SP,1,0,46,,substitution,,True,,,E. García,Gegê,,,,
brasileirao_serie_b_2026,2026-05-16,9,Goiás,Botafogo-SP,1,0,46,,substitution,,False,,,G. Queiróz,Luizão,,,,
brasileirao_serie_b_2026,2026-05-16,9,Goiás,Botafogo-SP,1,0,51,,card,Kadu,True,yellow,,,,,,,
brasileirao_serie_b_2026,2026-05-16,9,Goiás,Botafogo-SP,1,0,69,,substitution,,True,,,Brayann,L. R. M. Costa,,,,
brasileirao_serie_b_2026,2026-05-16,9,Goiás,Botafogo-SP,1,0,70,,substitution,,False,,,Thiaguinho,R. Gava,,,,
brasileirao_serie_b_2026,2026-05-16,9,Goiás,Botafogo-SP,1,0,70,,card,Vilar,False,yellow,,,,,,,
brasileirao_serie_b_2026,2026-05-16,9,Goiás,Botafogo-SP,1,0,73,,goal,Kadu,True,,,,,,,1,0
brasileirao_serie_b_2026,2026-05-16,9,Goiás,Botafogo-SP,1,0,76,,substitution,,True,,,R. Soares,Diego Caito,,,,
brasileirao_serie_b_2026,2026-05-16,9,Goiás,Botafogo-SP,1,0,77,,substitution,,False,,,Z. Hugo,M. Antonio,,,,
brasileirao_serie_b_2026,2026-05-16,9,Goiás,Botafogo-SP,1,0,77,,substitution,,False,,,M. C. Maranhão,Kelvin,,,,
brasileirao_serie_b_2026,2026-05-16,9,Goiás,Botafogo-SP,1,0,83,,substitution,,False,,,J. Nem,E. Morelli,,,,
brasileirao_serie_b_2026,2026-05-16,9,Goiás,Botafogo-SP,1,0,85,,card,E. García,True,yellow,,,,,,,
brasileirao_serie_b_2026,2026-05-16,9,Goiás,Botafogo-SP,1,0,85,,substitution,,True,,,Djalma,Nicolas,,,,
brasileirao_serie_b_2026,2026-05-16,9,Goiás,Botafogo-SP,1,0,90,,period,,,,,,,Second half,,1,0
brasileirao_serie_b_2026,2026-05-16,9,Goiás,Botafogo-SP,1,0,90,3,card,Djalma,True,yellow,,,,,,,
brasileirao_serie_b_2026,2026-05-16,9,Goiás,Botafogo-SP,1,0,90,,card,Filipe Machado,True,yellow,,,,,,,
brasileirao_serie_b_2026,2026-05-16,9,Goiás,Botafogo-SP,1,0,90,,injuryTime,,,,,,,,5,,
brasileirao_serie_b_2026,2026-05-16,9,Operário-PR,Náutico,2,6,24,,card,G. Boschilia,True,yellow,,,,,,,
brasileirao_serie_b_2026,2026-05-16,9,Operário-PR,Náutico,2,6,27,,goal,Derek,False,,,,,,,1,1
brasileirao_serie_b_2026,2026-05-16,9,Operário-PR,Náutico,2,6,28,,substitution,,False,,,P. Sérgio,Derek,,,,
brasileirao_serie_b_2026,2026-05-16,9,Operário-PR,Náutico,2,6,43,,card,Wanderson,False,yellow,,,,,,,
brasileirao_serie_b_2026,2026-05-16,9,Operário-PR,Náutico,2,6,45,,period,,,,,,,HT,,1,2
brasileirao_serie_b_2026,2026-05-16,9,Operário-PR,Náutico,2,6,45,1,goal,Reginaldo,False,,,,,,,1,2
brasileirao_serie_b_2026,2026-05-16,9,Operário-PR,Náutico,2,6,45,,injuryTime,,,,,,,,8,,
brasileirao_serie_b_2026,2026-05-16,9,Operário-PR,Náutico,2,6,46,,substitution,,True,,,G. Feliciano,P. Vilhena,,,,
brasileirao_serie_b_2026,2026-05-16,9,Operário-PR,Náutico,2,6,46,,substitution,,True,,,H. Pereira,Aylon,,,,
brasileirao_serie_b_2026,2026-05-16,9,Operário-PR,Náutico,2,6,53,,goal,Vinícius,False,,,,,,,1,3
brasileirao_serie_b_2026,2026-05-16,9,Operário-PR,Náutico,2,6,57,,substitution,,True,,,M. Trindade,Moraes Júnior,,,,
brasileirao_serie_b_2026,2026-05-16,9,Operário-PR,Náutico,2,6,58,,substitution,,True,,,F. Augusto,J. P. Torres,,,,
brasileirao_serie_b_2026,2026-05-16,9,Operário-PR,Náutico,2,6,61,,substitution,,False,,,Todinho,V. Andrade,,,,
brasileirao_serie_b_2026,2026-05-16,9,Operário-PR,Náutico,2,6,63,,goal,Todinho,False,,,,,,,1,4
brasileirao_serie_b_2026,2026-05-16,9,Operário-PR,Náutico,2,6,67,,goal,G. Boschilia,True,,,,,,,2,4
brasileirao_serie_b_2026,2026-05-16,9,Operário-PR,Náutico,2,6,68,,goal,Dodô,False,,,,,,,2,5
brasileirao_serie_b_2026,2026-05-16,9,Operário-PR,Náutico,2,6,7,,goal,Pablo,True,,,,,,,1,0
brasileirao_serie_b_2026,2026-05-16,9,Operário-PR,Náutico,2,6,76,,substitution,,True,,,C. Dantas,N. Paraíba,,,,
brasileirao_serie_b_2026,2026-05-16,9,Operário-PR,Náutico,2,6,77,,substitution,,False,,,M. Ribeiro,Wenderson,,,,
brasileirao_serie_b_2026,2026-05-16,9,Operário-PR,Náutico,2,6,78,,card,H. Pereira,True,yellow,,,,,,,
brasileirao_serie_b_2026,2026-05-16,9,Operário-PR,Náutico,2,6,78,,substitution,,False,,,Samuel,L. Felipe,,,,
brasileirao_serie_b_2026,2026-05-16,9,Operário-PR,Náutico,2,6,78,,substitution,,False,,,Leonai,Dodô,,,,
brasileirao_serie_b_2026,2026-05-16,9,Operário-PR,Náutico,2,6,84,,card,W. Klaus,True,yellow,,,,,,,
brasileirao_serie_b_2026,2026-05-16,9,Operário-PR,Náutico,2,6,90,,period,,,,,,,Second half,,2,6
brasileirao_serie_b_2026,2026-05-16,9,Operário-PR,Náutico,2,6,90,2,goal,P. Sérgio,False,,,,,,,2,6
brasileirao_serie_b_2026,2026-05-16,9,Operário-PR,Náutico,2,6,90,1,card,H. Pereira,True,yellowRed,,,,,,,
brasileirao_serie_b_2026,2026-05-16,9,Operário-PR,Náutico,2,6,90,,substitution,,True,,,,Índio,,,,
brasileirao_serie_b_2026,2026-05-16,9,Operário-PR,Náutico,2,6,90,,injuryTime,,,,,,,,6,,
brasileirao_serie_b_2026,2026-05-16,9,São Bernardo,América Mineiro,1,1,17,,substitution,,True,,,Hyoran,Romisson,,,,
brasileirao_serie_b_2026,2026-05-16,9,São Bernardo,América Mineiro,1,1,19,,goal,F. Elizari,False,,,,,,,0,1
brasileirao_serie_b_2026,2026-05-16,9,São Bernardo,América Mineiro,1,1,22,,card,L. Alaba,False,yellow,,,,,,,
brasileirao_serie_b_2026,2026-05-16,9,São Bernardo,América Mineiro,1,1,23,,substitution,,False,,,O. Gonçalves,F. Amaral,,,,
brasileirao_serie_b_2026,2026-05-16,9,São Bernardo,América Mineiro,1,1,25,,card,Hyoran,True,yellow,,,,,,,
brasileirao_serie_b_2026,2026-05-16,9,São Bernardo,América Mineiro,1,1,38,,card,Gustavo,False,yellow,,,,,,,
brasileirao_serie_b_2026,2026-05-16,9,São Bernardo,América Mineiro,1,1,41,,card,Matías Segovia,False,yellow,,,,,,,
brasileirao_serie_b_2026,2026-05-16,9,São Bernardo,América Mineiro,1,1,43,,card,H. Maciel,True,yellow,,,,,,,
brasileirao_serie_b_2026,2026-05-16,9,São Bernardo,América Mineiro,1,1,43,,card,G. Mastriani,False,yellow,,,,,,,
brasileirao_serie_b_2026,2026-05-16,9,São Bernardo,América Mineiro,1,1,45,,period,,,,,,,HT,,0,1
brasileirao_serie_b_2026,2026-05-16,9,São Bernardo,América Mineiro,1,1,45,,injuryTime,,,,,,,,4,,
brasileirao_serie_b_2026,2026-05-16,9,São Bernardo,América Mineiro,1,1,46,,substitution,,False,,,Dalbert,Artur,,,,
brasileirao_serie_b_2026,2026-05-16,9,São Bernardo,América Mineiro,1,1,46,,substitution,,True,,,F. Garcia,D. Amorim,,,,
brasileirao_serie_b_2026,2026-05-16,9,São Bernardo,América Mineiro,1,1,64,,substitution,,True,,,D. D. S. Roque,P. Vitor,,,,
brasileirao_serie_b_2026,2026-05-16,9,São Bernardo,América Mineiro,1,1,64,,substitution,,True,,,L. Rian,Echaporã,,,,
brasileirao_serie_b_2026,2026-05-16,9,São Bernardo,América Mineiro,1,1,74,,substitution,,True,,,Jemerson,H. Maciel,,,,
brasileirao_serie_b_2026,2026-05-16,9,São Bernardo,América Mineiro,1,1,74,,substitution,,False,,,Paulinho,N. Cardoso,,,,
brasileirao_serie_b_2026,2026-05-16,9,São Bernardo,América Mineiro,1,1,74,,substitution,,False,,,Thauan,Everton,,,,
brasileirao_serie_b_2026,2026-05-16,9,São Bernardo,América Mineiro,1,1,78,,card,F. Garcia,True,yellow,,,,,,,
brasileirao_serie_b_2026,2026-05-16,9,São Bernardo,América Mineiro,1,1,78,,card,R. Barcelos,False,yellow,,,,,,,
brasileirao_serie_b_2026,2026-05-16,9,São Bernardo,América Mineiro,1,1,82,,substitution,,False,,,Jhonny,Matías Segovia,,,,
brasileirao_serie_b_2026,2026-05-16,9,São Bernardo,América Mineiro,1,1,85,,goal,D. D. S. Roque,True,,,,,,,1,1
brasileirao_serie_b_2026,2026-05-16,9,São Bernardo,América Mineiro,1,1,90,,period,,,,,,,Second half,,1,1
brasileirao_serie_b_2026,2026-05-16,9,São Bernardo,América Mineiro,1,1,90,3,card,Alê,False,yellow,,,,,,,
brasileirao_serie_b_2026,2026-05-16,9,São Bernardo,América Mineiro,1,1,90,,injuryTime,,,,,,,,6,,
brasileirao_serie_b_2026,2026-05-17,9,Athletic Club,Juventude,1,1,0,,card,Ruan Assis,True,yellow,Argument,,,,,,
brasileirao_serie_b_2026,2026-05-17,9,Athletic Club,Juventude,1,1,28,,goal,D. Vera,True,,,,,,,1,0
brasileirao_serie_b_2026,2026-05-17,9,Athletic Club,Juventude,1,1,30,,card,Raí,False,yellow,Foul,,,,,,
brasileirao_serie_b_2026,2026-05-17,9,Athletic Club,Juventude,1,1,32,,card,D. Barbosa,False,yellow,Foul,,,,,,
brasileirao_serie_b_2026,2026-05-17,9,Athletic Club,Juventude,1,1,36,,card,Gabriel,False,yellow,Foul,,,,,,
brasileirao_serie_b_2026,2026-05-17,9,Athletic Club,Juventude,1,1,44,,card,Max,True,yellow,Foul,,,,,,
brasileirao_serie_b_2026,2026-05-17,9,Athletic Club,Juventude,1,1,45,,period,,,,,,,HT,,1,0
brasileirao_serie_b_2026,2026-05-17,9,Athletic Club,Juventude,1,1,45,,injuryTime,,,,,,,,5,,
brasileirao_serie_b_2026,2026-05-17,9,Athletic Club,Juventude,1,1,53,,substitution,,False,,,L. Índio,M. Paulo,,,,
brasileirao_serie_b_2026,2026-05-17,9,Athletic Club,Juventude,1,1,53,,substitution,,False,,,Aderlan,Nathan,,,,
brasileirao_serie_b_2026,2026-05-17,9,Athletic Club,Juventude,1,1,60,,substitution,,True,,,O. Otusanya,G. Moyses,,,,
brasileirao_serie_b_2026,2026-05-17,9,Athletic Club,Juventude,1,1,65,,substitution,,True,,,Ruan Assis,D. Vera,,,,
brasileirao_serie_b_2026,2026-05-17,9,Athletic Club,Juventude,1,1,67,,substitution,,False,,,F. Lima,L. Mineiro,,,,
brasileirao_serie_b_2026,2026-05-17,9,Athletic Club,Juventude,1,1,67,,substitution,,False,,,Wadson,D. Barbosa,,,,
brasileirao_serie_b_2026,2026-05-17,9,Athletic Club,Juventude,1,1,74,,substitution,,True,,,Douglas,Max,,,,
brasileirao_serie_b_2026,2026-05-17,9,Athletic Club,Juventude,1,1,74,,substitution,,True,,,G. Cabezas,Ian Luccas,,,,
brasileirao_serie_b_2026,2026-05-17,9,Athletic Club,Juventude,1,1,75,,substitution,,False,,,A. Safira,M. Castro,,,,
brasileirao_serie_b_2026,2026-05-17,9,Athletic Club,Juventude,1,1,90,,period,,,,,,,FT,,1,1
brasileirao_serie_b_2026,2026-05-17,9,Athletic Club,Juventude,1,1,90,3,goal,Raí,False,,,,,,,1,1
brasileirao_serie_b_2026,2026-05-17,9,Athletic Club,Juventude,1,1,90,,injuryTime,,,,,,,,6,,
brasileirao_serie_b_2026,2026-05-17,9,Ceará,Fortaleza,2,1,28,,goal,Maílton,False,,,,,,,0,1
brasileirao_serie_b_2026,2026-05-17,9,Ceará,Fortaleza,2,1,40,,card,Vitinho,False,yellow,,,,,,,
brasileirao_serie_b_2026,2026-05-17,9,Ceará,Fortaleza,2,1,45,,period,,,,,,,HT,,0,1
brasileirao_serie_b_2026,2026-05-17,9,Ceará,Fortaleza,2,1,45,3,card,J. Miritello,False,yellow,,,,,,,
brasileirao_serie_b_2026,2026-05-17,9,Ceará,Fortaleza,2,1,45,,injuryTime,,,,,,,,3,,
brasileirao_serie_b_2026,2026-05-17,9,Ceará,Fortaleza,2,1,46,,substitution,,True,,,Sánchez,Fernando,,,,
brasileirao_serie_b_2026,2026-05-17,9,Ceará,Fortaleza,2,1,49,,card,Maílton,False,yellow,,,,,,,
brasileirao_serie_b_2026,2026-05-17,9,Ceará,Fortaleza,2,1,49,,card,A. Silva,True,yellow,,,,,,,
brasileirao_serie_b_2026,2026-05-17,9,Ceará,Fortaleza,2,1,53,,substitution,,True,,,E. Lodovico,A. Silva,,,,
brasileirao_serie_b_2026,2026-05-17,9,Ceará,Fortaleza,2,1,58,,goal,Melk,True,,,,,,,1,1
brasileirao_serie_b_2026,2026-05-17,9,Ceará,Fortaleza,2,1,60,,substitution,,True,,,M. Araújo,Fernandinho,,,,
brasileirao_serie_b_2026,2026-05-17,9,Ceará,Fortaleza,2,1,60,,substitution,,True,,,Giulio,G. Prado,,,,
brasileirao_serie_b_2026,2026-05-17,9,Ceará,Fortaleza,2,1,63,,substitution,,False,,,Rodriguinho,Vitinho,,,,
brasileirao_serie_b_2026,2026-05-17,9,Ceará,Fortaleza,2,1,68,,goal,Júlio César,True,,,,,,,2,1
brasileirao_serie_b_2026,2026-05-17,9,Ceará,Fortaleza,2,1,74,,substitution,,False,,,Welliton,T. Pochettino,,,,
brasileirao_serie_b_2026,2026-05-17,9,Ceará,Fortaleza,2,1,75,,substitution,,False,,,P. Baya,Ronald,,,,
brasileirao_serie_b_2026,2026-05-17,9,Ceará,Fortaleza,2,1,77,,card,Dieguinho,True,yellow,,,,,,,
brasileirao_serie_b_2026,2026-05-17,9,Ceará,Fortaleza,2,1,79,,substitution,,True,,,L. Lima,Dieguinho,,,,
brasileirao_serie_b_2026,2026-05-17,9,Ceará,Fortaleza,2,1,87,,substitution,,False,,,L. Prior,R. Santos,,,,
brasileirao_serie_b_2026,2026-05-17,9,Ceará,Fortaleza,2,1,90,,period,,,,,,,Second half,,2,1
brasileirao_serie_b_2026,2026-05-17,9,Ceará,Fortaleza,2,1,90,5,card,L. Sasha,False,yellow,,,,,,,
brasileirao_serie_b_2026,2026-05-17,9,Ceará,Fortaleza,2,1,90,3,card,E. Lodovico,True,yellow,,,,,,,
brasileirao_serie_b_2026,2026-05-17,9,Ceará,Fortaleza,2,1,90,,injuryTime,,,,,,,,8,,
brasileirao_serie_b_2026,2026-05-17,9,Criciúma,Atlético Goianiense,1,1,16,,card,P. Vítor,False,yellow,,,,,,,
brasileirao_serie_b_2026,2026-05-17,9,Criciúma,Atlético Goianiense,1,1,17,,card,C. Martins,True,yellow,,,,,,,
brasileirao_serie_b_2026,2026-05-17,9,Criciúma,Atlético Goianiense,1,1,44,,card,Diego Gonçalves,True,yellow,,,,,,,
brasileirao_serie_b_2026,2026-05-17,9,Criciúma,Atlético Goianiense,1,1,45,,period,,,,,,,HT,,0,0
brasileirao_serie_b_2026,2026-05-17,9,Criciúma,Atlético Goianiense,1,1,45,,injuryTime,,,,,,,,4,,
brasileirao_serie_b_2026,2026-05-17,9,Criciúma,Atlético Goianiense,1,1,46,,substitution,,False,,,I. Henrique,Cristiano,,,,
brasileirao_serie_b_2026,2026-05-17,9,Criciúma,Atlético Goianiense,1,1,46,,substitution,,True,,,Nicolas,Waguininho,,,,
brasileirao_serie_b_2026,2026-05-17,9,Criciúma,Atlético Goianiense,1,1,46,,substitution,,True,,,R. Otero,J. Robert,,,,
brasileirao_serie_b_2026,2026-05-17,9,Criciúma,Atlético Goianiense,1,1,55,,card,F. Mateus,True,yellow,,,,,,,
brasileirao_serie_b_2026,2026-05-17,9,Criciúma,Atlético Goianiense,1,1,59,,goal,Nicolas,True,,,,,,,1,0
brasileirao_serie_b_2026,2026-05-17,9,Criciúma,Atlético Goianiense,1,1,6,,card,Natã,False,yellow,,,,,,,
brasileirao_serie_b_2026,2026-05-17,9,Criciúma,Atlético Goianiense,1,1,61,,goal,Ewerthon,False,,,,,,,1,1
brasileirao_serie_b_2026,2026-05-17,9,Criciúma,Atlético Goianiense,1,1,67,,card,Ewerthon,False,yellow,,,,,,,
brasileirao_serie_b_2026,2026-05-17,9,Criciúma,Atlético Goianiense,1,1,76,,substitution,,False,,,Indio,L. Vilela,,,,
brasileirao_serie_b_2026,2026-05-17,9,Criciúma,Atlético Goianiense,1,1,77,,substitution,,True,,,W. Lepo,Marcinho,,,,
brasileirao_serie_b_2026,2026-05-17,9,Criciúma,Atlético Goianiense,1,1,77,,substitution,,True,,,H. Alves,Diego Gonçalves,,,,
brasileirao_serie_b_2026,2026-05-17,9,Criciúma,Atlético Goianiense,1,1,77,,substitution,,True,,,João Carlos,R. R. Carvalho,,,,
brasileirao_serie_b_2026,2026-05-17,9,Criciúma,Atlético Goianiense,1,1,77,,substitution,,False,,,Assis,Marrony,,,,
brasileirao_serie_b_2026,2026-05-17,9,Criciúma,Atlético Goianiense,1,1,86,,card,G. Lopes,False,yellow,,,,,,,
brasileirao_serie_b_2026,2026-05-17,9,Criciúma,Atlético Goianiense,1,1,87,,substitution,,False,,,L. Jacó,Gustavo Coutinho,,,,
brasileirao_serie_b_2026,2026-05-17,9,Criciúma,Atlético Goianiense,1,1,90,,period,,,,,,,Second half,,1,1
brasileirao_serie_b_2026,2026-05-17,9,Criciúma,Atlético Goianiense,1,1,90,4,substitution,,False,,,G. D. d. S. Gonçalves,G. Lopes,,,,
brasileirao_serie_b_2026,2026-05-17,9,Criciúma,Atlético Goianiense,1,1,90,,injuryTime,,,,,,,,6,,
brasileirao_serie_b_2026,2026-05-17,9,Sport Recife,Clube De Regatas Brasil,1,2,39,,goal,Mikael,False,,,,,,,0,1
brasileirao_serie_b_2026,2026-05-17,9,Sport Recife,Clube De Regatas Brasil,1,2,45,,period,,,,,,,HT,,0,1
brasileirao_serie_b_2026,2026-05-17,9,Sport Recife,Clube De Regatas Brasil,1,2,45,,injuryTime,,,,,,,,5,,
brasileirao_serie_b_2026,2026-05-17,9,Sport Recife,Clube De Regatas Brasil,1,2,46,,card,L. Lovat,False,yellow,,,,,,,
brasileirao_serie_b_2026,2026-05-17,9,Sport Recife,Clube De Regatas Brasil,1,2,46,,substitution,,False,,,Danielzinho,P. De Lucca,,,,
brasileirao_serie_b_2026,2026-05-17,9,Sport Recife,Clube De Regatas Brasil,1,2,56,,card,Madson,True,yellow,,,,,,,
brasileirao_serie_b_2026,2026-05-17,9,Sport Recife,Clube De Regatas Brasil,1,2,59,,goal,Danielzinho,False,,,,,,,0,2
brasileirao_serie_b_2026,2026-05-17,9,Sport Recife,Clube De Regatas Brasil,1,2,60,,substitution,,True,,,I. Castilho,G. Maia,,,,
brasileirao_serie_b_2026,2026-05-17,9,Sport Recife,Clube De Regatas Brasil,1,2,60,,substitution,,True,,,A. Pucci,Madson,,,,
brasileirao_serie_b_2026,2026-05-17,9,Sport Recife,Clube De Regatas Brasil,1,2,64,,card,F. Alemão,False,yellow,,,,,,,
brasileirao_serie_b_2026,2026-05-17,9,Sport Recife,Clube De Regatas Brasil,1,2,72,,card,D. Hereda,False,yellow,,,,,,,
brasileirao_serie_b_2026,2026-05-17,9,Sport Recife,Clube De Regatas Brasil,1,2,76,,card,Zé Lucas,True,yellow,,,,,,,
brasileirao_serie_b_2026,2026-05-17,9,Sport Recife,Clube De Regatas Brasil,1,2,76,,substitution,,True,,,E. Lucas,Carlos De Pena,,,,
brasileirao_serie_b_2026,2026-05-17,9,Sport Recife,Clube De Regatas Brasil,1,2,76,,substitution,,True,,,Y. Felipe,Clayson,,,,
brasileirao_serie_b_2026,2026-05-17,9,Sport Recife,Clube De Regatas Brasil,1,2,78,,goal,Perotti,True,,,,,,,1,2
brasileirao_serie_b_2026,2026-05-17,9,Sport Recife,Clube De Regatas Brasil,1,2,79,,substitution,,False,,,Luizão,P. Castro,,,,
brasileirao_serie_b_2026,2026-05-17,9,Sport Recife,Clube De Regatas Brasil,1,2,8,,substitution,,True,,,G. Maia,Marlon,,,,
brasileirao_serie_b_2026,2026-05-17,9,Sport Recife,Clube De Regatas Brasil,1,2,83,,substitution,,False,,,D. Baggio,Thiaguinho,,,,
brasileirao_serie_b_2026,2026-05-17,9,Sport Recife,Clube De Regatas Brasil,1,2,83,,substitution,,False,,,L. Phellype,Mikael,,,,
brasileirao_serie_b_2026,2026-05-17,9,Sport Recife,Clube De Regatas Brasil,1,2,90,,period,,,,,,,Second half,,1,2
brasileirao_serie_b_2026,2026-05-17,9,Sport Recife,Clube De Regatas Brasil,1,2,90,,substitution,,False,,,Bressan,D. Belmonte,,,,
brasileirao_serie_b_2026,2026-05-17,9,Sport Recife,Clube De Regatas Brasil,1,2,90,,card,Danielzinho,False,yellow,,,,,,,
brasileirao_serie_b_2026,2026-05-17,9,Sport Recife,Clube De Regatas Brasil,1,2,90,,injuryTime,,,,,,,,6,,
brasileirao_serie_b_2026,2026-05-17,9,Vila Nova FC,Avaí,2,0,33,,goal,B. Xavier,True,,,,,,,1,0
brasileirao_serie_b_2026,2026-05-17,9,Vila Nova FC,Avaí,2,0,43,,card,D. Penha,False,yellow,,,,,,,
brasileirao_serie_b_2026,2026-05-17,9,Vila Nova FC,Avaí,2,0,45,,period,,,,,,,HT,,2,0
brasileirao_serie_b_2026,2026-05-17,9,Vila Nova FC,Avaí,2,0,45,1,goal,D. D. Santos,True,,,,,,,2,0
brasileirao_serie_b_2026,2026-05-17,9,Vila Nova FC,Avaí,2,0,45,,card,D. Teixeira,False,yellow,,,,,,,
brasileirao_serie_b_2026,2026-05-17,9,Vila Nova FC,Avaí,2,0,45,,injuryTime,,,,,,,,3,,
brasileirao_serie_b_2026,2026-05-17,9,Vila Nova FC,Avaí,2,0,46,,substitution,,False,,,P. Vitor,J. Lucas,,,,
brasileirao_serie_b_2026,2026-05-17,9,Vila Nova FC,Avaí,2,0,46,,substitution,,False,,,W. d. S. França,T. Roberth,,,,
brasileirao_serie_b_2026,2026-05-17,9,Vila Nova FC,Avaí,2,0,57,,card,Willian Maranhão,True,yellow,,,,,,,
brasileirao_serie_b_2026,2026-05-17,9,Vila Nova FC,Avaí,2,0,64,,substitution,,False,,,Sorriso,Rafael Bilú,,,,
brasileirao_serie_b_2026,2026-05-17,9,Vila Nova FC,Avaí,2,0,80,,card,Anderson,True,yellow,,,,,,,
brasileirao_serie_b_2026,2026-05-17,9,Vila Nova FC,Avaí,2,0,80,,substitution,,True,,,P. Romano,B. Xavier,,,,
brasileirao_serie_b_2026,2026-05-17,9,Vila Nova FC,Avaí,2,0,82,,substitution,,False,,,Wenderson,Z. Ricardo,,,,
brasileirao_serie_b_2026,2026-05-17,9,Vila Nova FC,Avaí,2,0,82,,substitution,,False,,,F. Avenatti,L. Henrique,,,,
brasileirao_serie_b_2026,2026-05-17,9,Vila Nova FC,Avaí,2,0,82,,card,P. Romano,True,yellow,,,,,,,
brasileirao_serie_b_2026,2026-05-17,9,Vila Nova FC,Avaí,2,0,88,,substitution,,True,,,A. Luís,Dellatorre,,,,
brasileirao_serie_b_2026,2026-05-17,9,Vila Nova FC,Avaí,2,0,88,,substitution,,True,,,G. P. P. Lemos,R. Lima,,,,
brasileirao_serie_b_2026,2026-05-17,9,Vila Nova FC,Avaí,2,0,88,,substitution,,True,,,Elias,Nathan Camargo,,,,
brasileirao_serie_b_2026,2026-05-17,9,Vila Nova FC,Avaí,2,0,90,,period,,,,,,,Second half,,2,0
brasileirao_serie_b_2026,2026-05-17,9,Vila Nova FC,Avaí,2,0,90,3,card,G. Aquino,False,yellow,,,,,,,
brasileirao_serie_b_2026,2026-05-17,9,Vila Nova FC,Avaí,2,0,90,2,card,Elias,True,yellow,,,,,,,
brasileirao_serie_b_2026,2026-05-17,9,Vila Nova FC,Avaí,2,0,90,,injuryTime,,,,,,,,7,,
brasileirao_serie_b_2026,2026-05-18,9,Ponte Preta,Londrina,1,4,24,,goal,Iago,False,,,,,,,0,1
brasileirao_serie_b_2026,2026-05-18,9,Ponte Preta,Londrina,1,4,35,,card,Tarik,True,yellow,,,,,,,
brasileirao_serie_b_2026,2026-05-18,9,Ponte Preta,Londrina,1,4,45,,period,,,,,,,HT,,0,1
brasileirao_serie_b_2026,2026-05-18,9,Ponte Preta,Londrina,1,4,45,,injuryTime,,,,,,,,3,,
brasileirao_serie_b_2026,2026-05-18,9,Ponte Preta,Londrina,1,4,46,,substitution,,True,,,Miguel,David,,,,
brasileirao_serie_b_2026,2026-05-18,9,Ponte Preta,Londrina,1,4,46,,substitution,,True,,,Elvis,Tarik,,,,
brasileirao_serie_b_2026,2026-05-18,9,Ponte Preta,Londrina,1,4,52,,card,Julio,True,yellow,,,,,,,
brasileirao_serie_b_2026,2026-05-18,9,Ponte Preta,Londrina,1,4,65,,substitution,,True,,,Rodriguinho,William Pottker,,,,
brasileirao_serie_b_2026,2026-05-18,9,Ponte Preta,Londrina,1,4,65,,substitution,,True,,,L. Phelipe,Julio,,,,
brasileirao_serie_b_2026,2026-05-18,9,Ponte Preta,Londrina,1,4,66,,goal,B. Santos,False,,,,,,,0,2
brasileirao_serie_b_2026,2026-05-18,9,Ponte Preta,Londrina,1,4,69,,card,Miguel,True,yellow,,,,,,,
brasileirao_serie_b_2026,2026-05-18,9,Ponte Preta,Londrina,1,4,70,,substitution,,False,,,J. Tavares,T. Cantanhede,,,,
brasileirao_serie_b_2026,2026-05-18,9,Ponte Preta,Londrina,1,4,72,,card,D. Braz,True,yellow,,,,,,,
brasileirao_serie_b_2026,2026-05-18,9,Ponte Preta,Londrina,1,4,74,,varDecision,L. Marques,False,,,,,,,,
brasileirao_serie_b_2026,2026-05-18,9,Ponte Preta,Londrina,1,4,76,,card,L. Marques,False,red,,,,,,,
brasileirao_serie_b_2026,2026-05-18,9,Ponte Preta,Londrina,1,4,78,,card,D. Barcelos,True,yellow,,,,,,,
brasileirao_serie_b_2026,2026-05-18,9,Ponte Preta,Londrina,1,4,80,,substitution,,True,,,Jonathan Cafú,D. Braz,,,,
brasileirao_serie_b_2026,2026-05-18,9,Ponte Preta,Londrina,1,4,80,,substitution,,False,,,P. Moccelin,Iago,,,,
brasileirao_serie_b_2026,2026-05-18,9,Ponte Preta,Londrina,1,4,80,,substitution,,False,,,A. Cardoso,Vitinho,,,,
brasileirao_serie_b_2026,2026-05-18,9,Ponte Preta,Londrina,1,4,83,,substitution,,False,,,Weverton,Rafael Monteiro,,,,
brasileirao_serie_b_2026,2026-05-18,9,Ponte Preta,Londrina,1,4,83,,substitution,,False,,,K. Leonardo,A. Dhominique,,,,
brasileirao_serie_b_2026,2026-05-18,9,Ponte Preta,Londrina,1,4,86,,card,D. Tavares,True,yellow,,,,,,,
brasileirao_serie_b_2026,2026-05-18,9,Ponte Preta,Londrina,1,4,88,,goal,A. Cardoso,False,,,,,,,0,3
brasileirao_serie_b_2026,2026-05-18,9,Ponte Preta,Londrina,1,4,90,,period,,,,,,,Second half,,1,4
brasileirao_serie_b_2026,2026-05-18,9,Ponte Preta,Londrina,1,4,90,4,goal,Miguel,True,,,,,,,1,4
brasileirao_serie_b_2026,2026-05-18,9,Ponte Preta,Londrina,1,4,90,3,goal,J. Tavares,False,,,,,,,0,4
brasileirao_serie_b_2026,2026-05-18,9,Ponte Preta,Londrina,1,4,90,,injuryTime,,,,,,,,7,,
brasileirao_serie_b_2026,2026-05-22,10,Náutico,Cuiabá,1,0,31,,card,D. M. d. S. Arcanjo,False,yellow,,,,,,,
brasileirao_serie_b_2026,2026-05-22,10,Náutico,Cuiabá,1,0,44,,card,I. Fernandes,True,yellow,,,,,,,
brasileirao_serie_b_2026,2026-05-22,10,Náutico,Cuiabá,1,0,45,,period,,,,,,,HT,,0,0
brasileirao_serie_b_2026,2026-05-22,10,Náutico,Cuiabá,1,0,45,,injuryTime,,,,,,,,5,,
brasileirao_serie_b_2026,2026-05-22,10,Náutico,Cuiabá,1,0,46,,substitution,,False,,,Pepê,M. Criciuma,,,,
brasileirao_serie_b_2026,2026-05-22,10,Náutico,Cuiabá,1,0,46,,substitution,,False,,,Railan,N. Paraíba,,,,
brasileirao_serie_b_2026,2026-05-22,10,Náutico,Cuiabá,1,0,46,,substitution,,False,,,R. Rodrigues,K. Cristtyan,,,,
brasileirao_serie_b_2026,2026-05-22,10,Náutico,Cuiabá,1,0,58,,substitution,,True,,,Todinho,V. Andrade,,,,
brasileirao_serie_b_2026,2026-05-22,10,Náutico,Cuiabá,1,0,58,,substitution,,True,,,Yuri,Mateus Silva,,,,
brasileirao_serie_b_2026,2026-05-22,10,Náutico,Cuiabá,1,0,62,,card,Wenderson,True,yellow,,,,,,,
brasileirao_serie_b_2026,2026-05-22,10,Náutico,Cuiabá,1,0,63,,substitution,,False,,,Y. Asad,Weverson,,,,
brasileirao_serie_b_2026,2026-05-22,10,Náutico,Cuiabá,1,0,64,,substitution,,True,,,Vitinho,Dodô,,,,
brasileirao_serie_b_2026,2026-05-22,10,Náutico,Cuiabá,1,0,71,,card,Todinho,True,yellow,,,,,,,
brasileirao_serie_b_2026,2026-05-22,10,Náutico,Cuiabá,1,0,71,,goal,Todinho,True,,,,,,,1,0
brasileirao_serie_b_2026,2026-05-22,10,Náutico,Cuiabá,1,0,74,,card,Raul,False,yellow,,,,,,,
brasileirao_serie_b_2026,2026-05-22,10,Náutico,Cuiabá,1,0,77,,substitution,,True,,,Wanderson,Betão,,,,
brasileirao_serie_b_2026,2026-05-22,10,Náutico,Cuiabá,1,0,77,,substitution,,True,,,Leonai,L. Felipe,,,,
brasileirao_serie_b_2026,2026-05-22,10,Náutico,Cuiabá,1,0,80,,substitution,,False,,,Victor,D. M. d. S. Arcanjo,,,,
brasileirao_serie_b_2026,2026-05-22,10,Náutico,Cuiabá,1,0,90,,period,,,,,,,Second half,,1,0
brasileirao_serie_b_2026,2026-05-22,10,Náutico,Cuiabá,1,0,90,,injuryTime,,,,,,,,5,,
brasileirao_serie_b_2026,2026-05-23,10,Fortaleza,Londrina,3,0,28,,card,M. Rossetto,True,yellow,,,,,,,
brasileirao_serie_b_2026,2026-05-23,10,Fortaleza,Londrina,3,0,29,,card,E. Brítez,True,yellow,,,,,,,
brasileirao_serie_b_2026,2026-05-23,10,Fortaleza,Londrina,3,0,36,,goal,Vitinho,True,,,,,,,1,0
brasileirao_serie_b_2026,2026-05-23,10,Fortaleza,Londrina,3,0,45,,period,,,,,,,HT,,1,0
brasileirao_serie_b_2026,2026-05-23,10,Fortaleza,Londrina,3,0,45,1,card,C. Rodrigues,False,yellow,,,,,,,
brasileirao_serie_b_2026,2026-05-23,10,Fortaleza,Londrina,3,0,45,,injuryTime,,,,,,,,3,,
brasileirao_serie_b_2026,2026-05-23,10,Fortaleza,Londrina,3,0,46,,substitution,,False,,,A. Cardoso,A. Luiz,,,,
brasileirao_serie_b_2026,2026-05-23,10,Fortaleza,Londrina,3,0,46,,substitution,,True,,,R. Santos,M. Rossetto,,,,
brasileirao_serie_b_2026,2026-05-23,10,Fortaleza,Londrina,3,0,51,,card,Vitinho,False,yellow,,,,,,,
brasileirao_serie_b_2026,2026-05-23,10,Fortaleza,Londrina,3,0,53,,goal,Luiz Fernando,True,,,,,,,2,0
brasileirao_serie_b_2026,2026-05-23,10,Fortaleza,Londrina,3,0,56,,substitution,,False,,,C. Rafael,T. Cantanhede,,,,
brasileirao_serie_b_2026,2026-05-23,10,Fortaleza,Londrina,3,0,56,,substitution,,False,,,P. Moccelin,Vitinho,,,,
brasileirao_serie_b_2026,2026-05-23,10,Fortaleza,Londrina,3,0,63,,card,Rafael Monteiro,False,yellow,,,,,,,
brasileirao_serie_b_2026,2026-05-23,10,Fortaleza,Londrina,3,0,65,,substitution,,False,,,Fabiano,J. Tavares,,,,
brasileirao_serie_b_2026,2026-05-23,10,Fortaleza,Londrina,3,0,74,,substitution,,True,,,M. Júnior,G. Fuentes,,,,
brasileirao_serie_b_2026,2026-05-23,10,Fortaleza,Londrina,3,0,75,,substitution,,False,,,Juninho,C. Rafael,,,,
brasileirao_serie_b_2026,2026-05-23,10,Fortaleza,Londrina,3,0,79,,substitution,,False,,,Heron,Rafael Monteiro,,,,
brasileirao_serie_b_2026,2026-05-23,10,Fortaleza,Londrina,3,0,83,,substitution,,True,,,Welliton,Vitinho,,,,
brasileirao_serie_b_2026,2026-05-23,10,Fortaleza,Londrina,3,0,83,,card,Iago,False,yellow,,,,,,,
brasileirao_serie_b_2026,2026-05-23,10,Fortaleza,Londrina,3,0,83,,card,Rodriguinho,True,yellow,,,,,,,
brasileirao_serie_b_2026,2026-05-23,10,Fortaleza,Londrina,3,0,84,,substitution,,True,,,Kayke,J. Miritello,,,,
brasileirao_serie_b_2026,2026-05-23,10,Fortaleza,Londrina,3,0,90,,period,,,,,,,Second half,,3,0
brasileirao_serie_b_2026,2026-05-23,10,Fortaleza,Londrina,3,0,90,9,goal,L. Prior,True,,,,,,,3,0
brasileirao_serie_b_2026,2026-05-23,10,Fortaleza,Londrina,3,0,90,3,substitution,,True,,,L. Prior,Luiz Fernando,,,,
brasileirao_serie_b_2026,2026-05-23,10,Fortaleza,Londrina,3,0,90,3,substitution,,True,,,Ryan,L. Sasha,,,,
brasileirao_serie_b_2026,2026-05-23,10,Fortaleza,Londrina,3,0,90,,injuryTime,,,,,,,,10,,
brasileirao_serie_b_2026,2026-05-23,10,Grêmio Novorizontino,Ceará,2,1,27,,card,Júlio César,False,yellow,,,,,,,
brasileirao_serie_b_2026,2026-05-23,10,Grêmio Novorizontino,Ceará,2,1,44,,goal,Melk,False,,,,,,,1,1
brasileirao_serie_b_2026,2026-05-23,10,Grêmio Novorizontino,Ceará,2,1,45,,period,,,,,,,HT,,1,1
brasileirao_serie_b_2026,2026-05-23,10,Grêmio Novorizontino,Ceará,2,1,45,,injuryTime,,,,,,,,1,,
brasileirao_serie_b_2026,2026-05-23,10,Grêmio Novorizontino,Ceará,2,1,46,,substitution,,False,,,Rafael Ramos,G. Prado,,,,
brasileirao_serie_b_2026,2026-05-23,10,Grêmio Novorizontino,Ceará,2,1,46,,substitution,,False,,,Sánchez,Fernando,,,,
brasileirao_serie_b_2026,2026-05-23,10,Grêmio Novorizontino,Ceará,2,1,46,,substitution,,True,,,Juninho,L. Naldi,,,,
brasileirao_serie_b_2026,2026-05-23,10,Grêmio Novorizontino,Ceará,2,1,65,,substitution,,False,,,Matheusinho,M. Araújo,,,,
brasileirao_serie_b_2026,2026-05-23,10,Grêmio Novorizontino,Ceará,2,1,65,,substitution,,False,,,Wendel,Melk,,,,
brasileirao_serie_b_2026,2026-05-23,10,Grêmio Novorizontino,Ceará,2,1,66,,substitution,,True,,,R. Barcellos,Vinicius Paiva,,,,
brasileirao_serie_b_2026,2026-05-23,10,Grêmio Novorizontino,Ceará,2,1,67,,card,N. Castrillón,True,yellow,,,,,,,
brasileirao_serie_b_2026,2026-05-23,10,Grêmio Novorizontino,Ceará,2,1,7,,goal,M. Bianqui,True,,,,,,,1,0
brasileirao_serie_b_2026,2026-05-23,10,Grêmio Novorizontino,Ceará,2,1,75,,substitution,,True,,,Carlão,Tavinho,,,,
brasileirao_serie_b_2026,2026-05-23,10,Grêmio Novorizontino,Ceará,2,1,75,,substitution,,False,,,J. Alano,Dieguinho,,,,
brasileirao_serie_b_2026,2026-05-23,10,Grêmio Novorizontino,Ceará,2,1,76,,substitution,,True,,,Alemão,N. Castrillón,,,,
brasileirao_serie_b_2026,2026-05-23,10,Grêmio Novorizontino,Ceará,2,1,78,,card,Sánchez,False,red,,,,,,,
brasileirao_serie_b_2026,2026-05-23,10,Grêmio Novorizontino,Ceará,2,1,82,,card,B. Ferreira,False,yellow,,,,,,,
brasileirao_serie_b_2026,2026-05-23,10,Grêmio Novorizontino,Ceará,2,1,87,,goal,Juninho,True,,,,,,,2,1
brasileirao_serie_b_2026,2026-05-23,10,Grêmio Novorizontino,Ceará,2,1,90,,period,,,,,,,Second half,,2,1
brasileirao_serie_b_2026,2026-05-23,10,Grêmio Novorizontino,Ceará,2,1,90,5,card,Rafael Ramos,False,yellow,,,,,,,
brasileirao_serie_b_2026,2026-05-23,10,Grêmio Novorizontino,Ceará,2,1,90,,injuryTime,,,,,,,,5,,
brasileirao_serie_b_2026,2026-05-23,10,Juventude,Sport Recife,0,1,45,,period,,,,,,,HT,,0,0
brasileirao_serie_b_2026,2026-05-23,10,Juventude,Sport Recife,0,1,45,,injuryTime,,,,,,,,3,,
brasileirao_serie_b_2026,2026-05-23,10,Juventude,Sport Recife,0,1,55,,card,B. Fonseca,False,yellow,,,,,,,
brasileirao_serie_b_2026,2026-05-23,10,Juventude,Sport Recife,0,1,66,,substitution,,True,,,Allanzinho,M. Paulo,,,,
brasileirao_serie_b_2026,2026-05-23,10,Juventude,Sport Recife,0,1,71,,substitution,,False,,,I. Castilho,Clayson,,,,
brasileirao_serie_b_2026,2026-05-23,10,Juventude,Sport Recife,0,1,71,,substitution,,False,,,A. Pucci,Madson,,,,
brasileirao_serie_b_2026,2026-05-23,10,Juventude,Sport Recife,0,1,71,,substitution,,False,,,P. Victor,B. Fonseca,,,,
brasileirao_serie_b_2026,2026-05-23,10,Juventude,Sport Recife,0,1,75,,substitution,,True,,,A. Safira,Alan Kardec,,,,
brasileirao_serie_b_2026,2026-05-23,10,Juventude,Sport Recife,0,1,76,,substitution,,True,,,M. Castro,F. Lima,,,,
brasileirao_serie_b_2026,2026-05-23,10,Juventude,Sport Recife,0,1,79,,card,Messias,True,yellow,,,,,,,
brasileirao_serie_b_2026,2026-05-23,10,Juventude,Sport Recife,0,1,82,,goal,I. Castilho,False,,,,,,,0,1
brasileirao_serie_b_2026,2026-05-23,10,Juventude,Sport Recife,0,1,83,,substitution,,True,,,Wadson,D. Barbosa,,,,
brasileirao_serie_b_2026,2026-05-23,10,Juventude,Sport Recife,0,1,83,,substitution,,True,,,Aderlan,Nathan,,,,
brasileirao_serie_b_2026,2026-05-23,10,Juventude,Sport Recife,0,1,87,,card,Perotti,False,yellow,,,,,,,
brasileirao_serie_b_2026,2026-05-23,10,Juventude,Sport Recife,0,1,90,,period,,,,,,,FT,,0,1
brasileirao_serie_b_2026,2026-05-23,10,Juventude,Sport Recife,0,1,90,6,card,Zé Lucas,False,yellow,,,,,,,
brasileirao_serie_b_2026,2026-05-23,10,Juventude,Sport Recife,0,1,90,4,substitution,,False,,,E. Lucas,C. Barletta,,,,
brasileirao_serie_b_2026,2026-05-23,10,Juventude,Sport Recife,0,1,90,1,card,Felipinho,False,yellow,,,,,,,
brasileirao_serie_b_2026,2026-05-23,10,Juventude,Sport Recife,0,1,90,,substitution,,False,,,Zé Gabriel,Y. Felipe,,,,
brasileirao_serie_b_2026,2026-05-23,10,Juventude,Sport Recife,0,1,90,,injuryTime,,,,,,,,6,,
brasileirao_serie_b_2026,2026-05-24,10,América Mineiro,Vila Nova FC,1,2,0,,card,R. R. d. Silva,True,yellow,Argument,,,,,,
brasileirao_serie_b_2026,2026-05-24,10,América Mineiro,Vila Nova FC,1,2,22,,goal,N. Cardoso,True,,,,,,,1,0
brasileirao_serie_b_2026,2026-05-24,10,América Mineiro,Vila Nova FC,1,2,35,,card,N. Cardoso,True,yellow,Foul,,,,,,
brasileirao_serie_b_2026,2026-05-24,10,América Mineiro,Vila Nova FC,1,2,45,,period,,,,,,,HT,,1,0
brasileirao_serie_b_2026,2026-05-24,10,América Mineiro,Vila Nova FC,1,2,45,,injuryTime,,,,,,,,2,,
brasileirao_serie_b_2026,2026-05-24,10,América Mineiro,Vila Nova FC,1,2,55,,substitution,,True,,,V. Soares,F. Amaral,,,,
brasileirao_serie_b_2026,2026-05-24,10,América Mineiro,Vila Nova FC,1,2,58,,card,V. Soares,True,yellow,Foul,,,,,,
brasileirao_serie_b_2026,2026-05-24,10,América Mineiro,Vila Nova FC,1,2,61,,substitution,,False,,,A. Luís,G. P. P. Lemos,,,,
brasileirao_serie_b_2026,2026-05-24,10,América Mineiro,Vila Nova FC,1,2,61,,substitution,,False,,,Nathan Camargo,D. D. Santos,,,,
brasileirao_serie_b_2026,2026-05-24,10,América Mineiro,Vila Nova FC,1,2,66,,card,Anderson,False,yellow,Foul,,,,,,
brasileirao_serie_b_2026,2026-05-24,10,América Mineiro,Vila Nova FC,1,2,67,,goal,R. Lima,False,,,,,,,1,1
brasileirao_serie_b_2026,2026-05-24,10,América Mineiro,Vila Nova FC,1,2,71,,substitution,,True,,,G. Barros,Matías Segovia,,,,
brasileirao_serie_b_2026,2026-05-24,10,América Mineiro,Vila Nova FC,1,2,72,,substitution,,True,,,J. Lima,F. Elizari,,,,
brasileirao_serie_b_2026,2026-05-24,10,América Mineiro,Vila Nova FC,1,2,76,,goal,Janderson,False,,,,,,,1,2
brasileirao_serie_b_2026,2026-05-24,10,América Mineiro,Vila Nova FC,1,2,78,,substitution,,False,,,Elias,J. Vieira,,,,
brasileirao_serie_b_2026,2026-05-24,10,América Mineiro,Vila Nova FC,1,2,82,,substitution,,True,,,Thauan,Alê,,,,
brasileirao_serie_b_2026,2026-05-24,10,América Mineiro,Vila Nova FC,1,2,82,,substitution,,True,,,W. Bigode,Everton,,,,
brasileirao_serie_b_2026,2026-05-24,10,América Mineiro,Vila Nova FC,1,2,86,,substitution,,False,,,W. Formiga,Marquinhos Gabriel,,,,
brasileirao_serie_b_2026,2026-05-24,10,América Mineiro,Vila Nova FC,1,2,86,,substitution,,False,,,Hayner,R. Lima,,,,
brasileirao_serie_b_2026,2026-05-24,10,América Mineiro,Vila Nova FC,1,2,90,,period,,,,,,,FT,,1,2
brasileirao_serie_b_2026,2026-05-24,10,América Mineiro,Vila Nova FC,1,2,90,3,card,Elias,False,yellow,Foul,,,,,,
brasileirao_serie_b_2026,2026-05-24,10,América Mineiro,Vila Nova FC,1,2,90,2,card,A. Luís,False,yellow,Argument,,,,,,
brasileirao_serie_b_2026,2026-05-24,10,América Mineiro,Vila Nova FC,1,2,90,2,card,L. Alaba,True,yellow,Argument,,,,,,
brasileirao_serie_b_2026,2026-05-24,10,América Mineiro,Vila Nova FC,1,2,90,,injuryTime,,,,,,,,5,,
brasileirao_serie_b_2026,2026-05-24,10,Atlético Goianiense,São Bernardo,0,1,28,,substitution,,True,,,L. Jacó,Gustavo Coutinho,,,,
brasileirao_serie_b_2026,2026-05-24,10,Atlético Goianiense,São Bernardo,0,1,45,,period,,,,,,,HT,,0,0
brasileirao_serie_b_2026,2026-05-24,10,Atlético Goianiense,São Bernardo,0,1,45,,injuryTime,,,,,,,,5,,
brasileirao_serie_b_2026,2026-05-24,10,Atlético Goianiense,São Bernardo,0,1,57,,substitution,,True,,,Assis,B. José,,,,
brasileirao_serie_b_2026,2026-05-24,10,Atlético Goianiense,São Bernardo,0,1,61,,substitution,,False,,,P. Dyego,P. Vitor,,,,
brasileirao_serie_b_2026,2026-05-24,10,Atlético Goianiense,São Bernardo,0,1,61,,substitution,,False,,,Lucas Fernandes,Hyoran,,,,
brasileirao_serie_b_2026,2026-05-24,10,Atlético Goianiense,São Bernardo,0,1,62,,substitution,,False,,,D. Amorim,F. Garcia,,,,
brasileirao_serie_b_2026,2026-05-24,10,Atlético Goianiense,São Bernardo,0,1,66,,substitution,,False,,,D. D. S. Roque,Echaporã,,,,
brasileirao_serie_b_2026,2026-05-24,10,Atlético Goianiense,São Bernardo,0,1,70,,substitution,,True,,,Adriano Martins,Marrony,,,,
brasileirao_serie_b_2026,2026-05-24,10,Atlético Goianiense,São Bernardo,0,1,70,,substitution,,True,,,L. Vilela,I. Henrique,,,,
brasileirao_serie_b_2026,2026-05-24,10,Atlético Goianiense,São Bernardo,0,1,70,,substitution,,True,,,Guilherme Marques,J. Barreto,,,,
brasileirao_serie_b_2026,2026-05-24,10,Atlético Goianiense,São Bernardo,0,1,81,,goal,P. Dyego,False,,,,,,,0,1
brasileirao_serie_b_2026,2026-05-24,10,Atlético Goianiense,São Bernardo,0,1,83,,varDecision,P. Dyego,False,,,,,,,,
brasileirao_serie_b_2026,2026-05-24,10,Atlético Goianiense,São Bernardo,0,1,87,,substitution,,False,,,Marcão Silva,D. Miraíma,,,,
brasileirao_serie_b_2026,2026-05-24,10,Atlético Goianiense,São Bernardo,0,1,89,,card,D. D. S. Roque,False,yellow,,,,,,,
brasileirao_serie_b_2026,2026-05-24,10,Atlético Goianiense,São Bernardo,0,1,90,,period,,,,,,,Second half,,0,1
brasileirao_serie_b_2026,2026-05-24,10,Atlético Goianiense,São Bernardo,0,1,90,5,card,Marcão Silva,False,yellow,,,,,,,
brasileirao_serie_b_2026,2026-05-24,10,Atlético Goianiense,São Bernardo,0,1,90,,injuryTime,,,,,,,,7,,
brasileirao_serie_b_2026,2026-05-24,10,Avaí,Goiás,0,2,42,,varDecision,D. Penha,True,,,,,,,,
brasileirao_serie_b_2026,2026-05-24,10,Avaí,Goiás,0,2,44,,card,D. Penha,True,red,,,,,,,
brasileirao_serie_b_2026,2026-05-24,10,Avaí,Goiás,0,2,45,,period,,,,,,,HT,,0,0
brasileirao_serie_b_2026,2026-05-24,10,Avaí,Goiás,0,2,45,,injuryTime,,,,,,,,7,,
brasileirao_serie_b_2026,2026-05-24,10,Avaí,Goiás,0,2,46,,substitution,,False,,,A. Ramon,G. B. d. Camargo,,,,
brasileirao_serie_b_2026,2026-05-24,10,Avaí,Goiás,0,2,46,,substitution,,False,,,E. García,J. Carlos,,,,
brasileirao_serie_b_2026,2026-05-24,10,Avaí,Goiás,0,2,46,,substitution,,True,,,T. Roberth,Rafael Bilú,,,,
brasileirao_serie_b_2026,2026-05-24,10,Avaí,Goiás,0,2,46,,substitution,,True,,,W. d. S. França,Sorriso,,,,
brasileirao_serie_b_2026,2026-05-24,10,Avaí,Goiás,0,2,47,,card,Nicolas,False,yellow,,,,,,,
brasileirao_serie_b_2026,2026-05-24,10,Avaí,Goiás,0,2,54,,substitution,,False,,,Djalma,Nicolas,,,,
brasileirao_serie_b_2026,2026-05-24,10,Avaí,Goiás,0,2,68,,substitution,,False,,,B. Sávio,Kadu,,,,
brasileirao_serie_b_2026,2026-05-24,10,Avaí,Goiás,0,2,70,,substitution,,True,,,J. Lucas,L. Henrique,,,,
brasileirao_serie_b_2026,2026-05-24,10,Avaí,Goiás,0,2,71,,goal,B. Sávio,False,,,,,,,0,1
brasileirao_serie_b_2026,2026-05-24,10,Avaí,Goiás,0,2,73,,card,L. Lima,False,yellow,,,,,,,
brasileirao_serie_b_2026,2026-05-24,10,Avaí,Goiás,0,2,75,,card,J. Lucas,True,yellow,,,,,,,
brasileirao_serie_b_2026,2026-05-24,10,Avaí,Goiás,0,2,78,,goal,A. Ramon,False,,,,,,,0,2
brasileirao_serie_b_2026,2026-05-24,10,Avaí,Goiás,0,2,80,,substitution,,True,,,Wallison,M. Quaresma,,,,
brasileirao_serie_b_2026,2026-05-24,10,Avaí,Goiás,0,2,80,,substitution,,True,,,Wenderson,Z. Ricardo,,,,
brasileirao_serie_b_2026,2026-05-24,10,Avaí,Goiás,0,2,80,,substitution,,False,,,Juninho,Gegê,,,,
brasileirao_serie_b_2026,2026-05-24,10,Avaí,Goiás,0,2,90,,period,,,,,,,Second half,,0,2
brasileirao_serie_b_2026,2026-05-24,10,Avaí,Goiás,0,2,90,,injuryTime,,,,,,,,4,,
brasileirao_serie_b_2026,2026-05-24,10,Clube De Regatas Brasil,Ponte Preta,4,2,13,,card,Tarik,False,yellow,,,,,,,
brasileirao_serie_b_2026,2026-05-24,10,Clube De Regatas Brasil,Ponte Preta,4,2,28,,goal,David,False,,,,,,,0,1
brasileirao_serie_b_2026,2026-05-24,10,Clube De Regatas Brasil,Ponte Preta,4,2,33,,goal,Elvis,False,,,,,,,0,2
brasileirao_serie_b_2026,2026-05-24,10,Clube De Regatas Brasil,Ponte Preta,4,2,39,,card,Weverton,False,yellow,,,,,,,
brasileirao_serie_b_2026,2026-05-24,10,Clube De Regatas Brasil,Ponte Preta,4,2,39,,substitution,,True,,,Danielzinho,P. De Lucca,,,,
brasileirao_serie_b_2026,2026-05-24,10,Clube De Regatas Brasil,Ponte Preta,4,2,43,,card,Danielzinho,True,yellow,,,,,,,
brasileirao_serie_b_2026,2026-05-24,10,Clube De Regatas Brasil,Ponte Preta,4,2,45,,period,,,,,,,HT,,1,2
brasileirao_serie_b_2026,2026-05-24,10,Clube De Regatas Brasil,Ponte Preta,4,2,45,2,goal,Mikael,True,,,,,,,1,2
brasileirao_serie_b_2026,2026-05-24,10,Clube De Regatas Brasil,Ponte Preta,4,2,45,,injuryTime,,,,,,,,4,,
brasileirao_serie_b_2026,2026-05-24,10,Clube De Regatas Brasil,Ponte Preta,4,2,46,,substitution,,False,,,Jonathan Cafú,David,,,,
brasileirao_serie_b_2026,2026-05-24,10,Clube De Regatas Brasil,Ponte Preta,4,2,57,,goal,Mikael,True,,,,,,,2,2
brasileirao_serie_b_2026,2026-05-24,10,Clube De Regatas Brasil,Ponte Preta,4,2,64,,substitution,,True,,,D. Baggio,Thiaguinho,,,,
brasileirao_serie_b_2026,2026-05-24,10,Clube De Regatas Brasil,Ponte Preta,4,2,73,,substitution,,True,,,L. Campos,Reverson,,,,
brasileirao_serie_b_2026,2026-05-24,10,Clube De Regatas Brasil,Ponte Preta,4,2,73,,substitution,,True,,,L. Phellype,P. Castro,,,,
brasileirao_serie_b_2026,2026-05-24,10,Clube De Regatas Brasil,Ponte Preta,4,2,73,,substitution,,True,,,Geovane,D. Belmonte,,,,
brasileirao_serie_b_2026,2026-05-24,10,Clube De Regatas Brasil,Ponte Preta,4,2,74,,substitution,,False,,,Kevyson,D. Tavares,,,,
brasileirao_serie_b_2026,2026-05-24,10,Clube De Regatas Brasil,Ponte Preta,4,2,74,,substitution,,False,,,Diego Porfirio,D. Barcelos,,,,
brasileirao_serie_b_2026,2026-05-24,10,Clube De Regatas Brasil,Ponte Preta,4,2,80,,goal,L. Phellype,True,,,,,,,3,2
brasileirao_serie_b_2026,2026-05-24,10,Clube De Regatas Brasil,Ponte Preta,4,2,85,,substitution,,False,,,Rodriguinho,André,,,,
brasileirao_serie_b_2026,2026-05-24,10,Clube De Regatas Brasil,Ponte Preta,4,2,85,,substitution,,False,,,G. Telles,Weverton,,,,
brasileirao_serie_b_2026,2026-05-24,10,Clube De Regatas Brasil,Ponte Preta,4,2,90,,period,,,,,,,Second half,,4,2
brasileirao_serie_b_2026,2026-05-24,10,Clube De Regatas Brasil,Ponte Preta,4,2,90,4,goal,L. Phellype,True,,,,,,,4,2
brasileirao_serie_b_2026,2026-05-24,10,Clube De Regatas Brasil,Ponte Preta,4,2,90,,injuryTime,,,,,,,,7,,
brasileirao_serie_b_2026,2026-05-24,10,Operário-PR,Criciúma,1,1,10,,card,N. Paraíba,True,yellow,,,,,,,
brasileirao_serie_b_2026,2026-05-24,10,Operário-PR,Criciúma,1,1,24,,card,B. Alves,False,yellow,,,,,,,
brasileirao_serie_b_2026,2026-05-24,10,Operário-PR,Criciúma,1,1,32,,card,Nicolas,False,yellow,,,,,,,
brasileirao_serie_b_2026,2026-05-24,10,Operário-PR,Criciúma,1,1,38,,card,M. Trindade,True,yellow,,,,,,,
brasileirao_serie_b_2026,2026-05-24,10,Operário-PR,Criciúma,1,1,45,,period,,,,,,,HT,,0,0
brasileirao_serie_b_2026,2026-05-24,10,Operário-PR,Criciúma,1,1,45,,injuryTime,,,,,,,,4,,
brasileirao_serie_b_2026,2026-05-24,10,Operário-PR,Criciúma,1,1,46,,substitution,,False,,,Waguininho,Nicolas,,,,
brasileirao_serie_b_2026,2026-05-24,10,Operário-PR,Criciúma,1,1,46,,substitution,,True,,,Maguinho,Mikael,,,,
brasileirao_serie_b_2026,2026-05-24,10,Operário-PR,Criciúma,1,1,46,,substitution,,False,,,W. Lepo,B. Alves,,,,
brasileirao_serie_b_2026,2026-05-24,10,Operário-PR,Criciúma,1,1,58,,card,F. Mateus,False,yellow,,,,,,,
brasileirao_serie_b_2026,2026-05-24,10,Operário-PR,Criciúma,1,1,61,,substitution,,False,,,G. Lobo,F. Mateus,,,,
brasileirao_serie_b_2026,2026-05-24,10,Operário-PR,Criciúma,1,1,63,,substitution,,True,,,F. Augusto,Aylon,,,,
brasileirao_serie_b_2026,2026-05-24,10,Operário-PR,Criciúma,1,1,70,,substitution,,False,,,J. Robert,R. Otero,,,,
brasileirao_serie_b_2026,2026-05-24,10,Operário-PR,Criciúma,1,1,75,,substitution,,False,,,Jean Irmer,E. Biasi,,,,
brasileirao_serie_b_2026,2026-05-24,10,Operário-PR,Criciúma,1,1,75,,substitution,,True,,,P. Vilhena,Moraes Júnior,,,,
brasileirao_serie_b_2026,2026-05-24,10,Operário-PR,Criciúma,1,1,76,,goal,M. Hermes,False,,,,,,,0,1
brasileirao_serie_b_2026,2026-05-24,10,Operário-PR,Criciúma,1,1,79,,substitution,,True,,,E. Torres,N. Paraíba,,,,
brasileirao_serie_b_2026,2026-05-24,10,Operário-PR,Criciúma,1,1,79,,substitution,,True,,,C. Dantas,Pablo,,,,
brasileirao_serie_b_2026,2026-05-24,10,Operário-PR,Criciúma,1,1,87,,goal,M. Trindade,True,,,,,,,1,1
brasileirao_serie_b_2026,2026-05-24,10,Operário-PR,Criciúma,1,1,90,,period,,,,,,,Second half,,0,2
brasileirao_serie_b_2026,2026-05-24,10,Operário-PR,Criciúma,1,1,90,,injuryTime,,,,,,,,4,,
brasileirao_serie_b_2026,2026-05-25,10,Botafogo-SP,Athletic Club,1,2,31,,card,Gabriel Inocêncio,True,yellow,,,,,,,
brasileirao_serie_b_2026,2026-05-25,10,Botafogo-SP,Athletic Club,1,2,35,,card,M. Sales,True,yellow,,,,,,,
brasileirao_serie_b_2026,2026-05-25,10,Botafogo-SP,Athletic Club,1,2,35,,card,R. Gava,True,yellow,,,,,,,
brasileirao_serie_b_2026,2026-05-25,10,Botafogo-SP,Athletic Club,1,2,37,,goal,Max,False,,,,,,,0,1
brasileirao_serie_b_2026,2026-05-25,10,Botafogo-SP,Athletic Club,1,2,39,,varDecision,Max,False,,,,,,,,
brasileirao_serie_b_2026,2026-05-25,10,Botafogo-SP,Athletic Club,1,2,45,,period,,,,,,,HT,,0,1
brasileirao_serie_b_2026,2026-05-25,10,Botafogo-SP,Athletic Club,1,2,45,,injuryTime,,,,,,,,6,,
brasileirao_serie_b_2026,2026-05-25,10,Botafogo-SP,Athletic Club,1,2,46,,card,Luan Polli,False,yellow,,,,,,,
brasileirao_serie_b_2026,2026-05-25,10,Botafogo-SP,Athletic Club,1,2,46,,substitution,,True,,,L. Maciel,M. Sales,,,,
brasileirao_serie_b_2026,2026-05-25,10,Botafogo-SP,Athletic Club,1,2,46,,substitution,,True,,,Z. Hugo,G. Queiróz,,,,
brasileirao_serie_b_2026,2026-05-25,10,Botafogo-SP,Athletic Club,1,2,49,,goal,E. Morelli,True,,,,,,,1,1
brasileirao_serie_b_2026,2026-05-25,10,Botafogo-SP,Athletic Club,1,2,52,,card,E. Morelli,True,yellow,,,,,,,
brasileirao_serie_b_2026,2026-05-25,10,Botafogo-SP,Athletic Club,1,2,53,,card,M. Henrique,False,yellow,,,,,,,
brasileirao_serie_b_2026,2026-05-25,10,Botafogo-SP,Athletic Club,1,2,54,,varDecision,F. Vieira,True,,,,,,,,
brasileirao_serie_b_2026,2026-05-25,10,Botafogo-SP,Athletic Club,1,2,63,,substitution,,False,,,G. Moyses,Jota,,,,
brasileirao_serie_b_2026,2026-05-25,10,Botafogo-SP,Athletic Club,1,2,69,,goal,D. B. d. Souza,False,,,,,,,1,2
brasileirao_serie_b_2026,2026-05-25,10,Botafogo-SP,Athletic Club,1,2,72,,substitution,,False,,,G. Cabezas,D. Vera,,,,
brasileirao_serie_b_2026,2026-05-25,10,Botafogo-SP,Athletic Club,1,2,72,,substitution,,False,,,Zeca,M. Henrique,,,,
brasileirao_serie_b_2026,2026-05-25,10,Botafogo-SP,Athletic Club,1,2,75,,substitution,,True,,,Pedrinho,F. Vieira,,,,
brasileirao_serie_b_2026,2026-05-25,10,Botafogo-SP,Athletic Club,1,2,75,,substitution,,True,,,M. Antonio,R. Gava,,,,
brasileirao_serie_b_2026,2026-05-25,10,Botafogo-SP,Athletic Club,1,2,78,,substitution,,True,,,Arthur Caíke,Kelvin,,,,
brasileirao_serie_b_2026,2026-05-25,10,Botafogo-SP,Athletic Club,1,2,80,,substitution,,False,,,Bruninho,Max,,,,
brasileirao_serie_b_2026,2026-05-25,10,Botafogo-SP,Athletic Club,1,2,80,,substitution,,False,,,P. Oliveira,K. Rodrigues,,,,
brasileirao_serie_b_2026,2026-05-25,10,Botafogo-SP,Athletic Club,1,2,90,,period,,,,,,,Second half,,1,2
brasileirao_serie_b_2026,2026-05-25,10,Botafogo-SP,Athletic Club,1,2,90,,varDecision,Wallace,True,,,,,,,,
brasileirao_serie_b_2026,2026-05-25,10,Botafogo-SP,Athletic Club,1,2,90,,injuryTime,,,,,,,,10,,
brasileirao_serie_b_2026,2026-05-30,11,Athletic Club,Fortaleza,1,0,45,,period,,,,,,,HT,,0,0
brasileirao_serie_b_2026,2026-05-30,11,Athletic Club,Fortaleza,1,0,45,,injuryTime,,,,,,,,2,,
brasileirao_serie_b_2026,2026-05-30,11,Athletic Club,Fortaleza,1,0,46,,substitution,,False,,,Luiz Fernando,K. Rocha,,,,
brasileirao_serie_b_2026,2026-05-30,11,Athletic Club,Fortaleza,1,0,46,,substitution,,False,,,Maílton,Rodriguinho,,,,
brasileirao_serie_b_2026,2026-05-30,11,Athletic Club,Fortaleza,1,0,55,,goal,Ian Luccas,True,,,,,,,1,0
brasileirao_serie_b_2026,2026-05-30,11,Athletic Club,Fortaleza,1,0,60,,substitution,,False,,,L. Crispim,Vitinho,,,,
brasileirao_serie_b_2026,2026-05-30,11,Athletic Club,Fortaleza,1,0,60,,substitution,,False,,,T. Pochettino,Welliton,,,,
brasileirao_serie_b_2026,2026-05-30,11,Athletic Club,Fortaleza,1,0,65,,substitution,,True,,,Jota,D. Vera,,,,
brasileirao_serie_b_2026,2026-05-30,11,Athletic Club,Fortaleza,1,0,65,,substitution,,True,,,Bruninho,Max,,,,
brasileirao_serie_b_2026,2026-05-30,11,Athletic Club,Fortaleza,1,0,7,,card,K. Rocha,False,yellow,,,,,,,
brasileirao_serie_b_2026,2026-05-30,11,Athletic Club,Fortaleza,1,0,72,,substitution,,False,,,L. Prior,R. Santos,,,,
brasileirao_serie_b_2026,2026-05-30,11,Athletic Club,Fortaleza,1,0,81,,substitution,,True,,,Ruan Assis,Ian Luccas,,,,
brasileirao_serie_b_2026,2026-05-30,11,Athletic Club,Fortaleza,1,0,90,,period,,,,,,,Second half,,1,0
brasileirao_serie_b_2026,2026-05-30,11,Athletic Club,Fortaleza,1,0,90,,substitution,,True,,,F. Vieira,Zeca,,,,
brasileirao_serie_b_2026,2026-05-30,11,Athletic Club,Fortaleza,1,0,90,,substitution,,True,,,A. Pena,G. Cabezas,,,,
brasileirao_serie_b_2026,2026-05-30,11,Athletic Club,Fortaleza,1,0,90,,injuryTime,,,,,,,,6,,
brasileirao_serie_b_2026,2026-05-30,11,Atlético Goianiense,Goiás,1,1,45,,period,,,,,,,HT,,0,0
brasileirao_serie_b_2026,2026-05-30,11,Atlético Goianiense,Goiás,1,1,45,,injuryTime,,,,,,,,4,,
brasileirao_serie_b_2026,2026-05-30,11,Atlético Goianiense,Goiás,1,1,46,,substitution,,False,,,E. García,Djalma,,,,
brasileirao_serie_b_2026,2026-05-30,11,Atlético Goianiense,Goiás,1,1,46,,substitution,,False,,,Lourenço,Kadu,,,,
brasileirao_serie_b_2026,2026-05-30,11,Atlético Goianiense,Goiás,1,1,47,,goal,A. Ramon,False,,,,,,,0,1
brasileirao_serie_b_2026,2026-05-30,11,Atlético Goianiense,Goiás,1,1,52,,substitution,,True,,,Guilherme Marques,Natã,,,,
brasileirao_serie_b_2026,2026-05-30,11,Atlético Goianiense,Goiás,1,1,66,,substitution,,False,,,Luiz Felipe,L. Lima,,,,
brasileirao_serie_b_2026,2026-05-30,11,Atlético Goianiense,Goiás,1,1,70,,card,T. Rodrigues,False,yellow,,,,,,,
brasileirao_serie_b_2026,2026-05-30,11,Atlético Goianiense,Goiás,1,1,73,,goal,Guilherme Marques,True,,,,,,,1,1
brasileirao_serie_b_2026,2026-05-30,11,Atlético Goianiense,Goiás,1,1,74,,card,Cristiano,True,yellow,,,,,,,
brasileirao_serie_b_2026,2026-05-30,11,Atlético Goianiense,Goiás,1,1,80,,substitution,,True,,,I. Henrique,Cristiano,,,,
brasileirao_serie_b_2026,2026-05-30,11,Atlético Goianiense,Goiás,1,1,81,,card,G. Lopes,True,yellow,,,,,,,
brasileirao_serie_b_2026,2026-05-30,11,Atlético Goianiense,Goiás,1,1,84,,substitution,,False,,,B. Sávio,A. Ramon,,,,
brasileirao_serie_b_2026,2026-05-30,11,Atlético Goianiense,Goiás,1,1,85,,card,E. García,False,yellow,,,,,,,
brasileirao_serie_b_2026,2026-05-30,11,Atlético Goianiense,Goiás,1,1,87,,card,L. R. M. Costa,False,yellow,,,,,,,
brasileirao_serie_b_2026,2026-05-30,11,Atlético Goianiense,Goiás,1,1,88,,card,Marrony,True,yellow,,,,,,,
brasileirao_serie_b_2026,2026-05-30,11,Atlético Goianiense,Goiás,1,1,90,,period,,,,,,,Second half,,1,1
brasileirao_serie_b_2026,2026-05-30,11,Atlético Goianiense,Goiás,1,1,90,4,card,Gustavo Coutinho,True,yellow,,,,,,,
brasileirao_serie_b_2026,2026-05-30,11,Atlético Goianiense,Goiás,1,1,90,3,substitution,,True,,,L. Jacó,Indio,,,,
brasileirao_serie_b_2026,2026-05-30,11,Atlético Goianiense,Goiás,1,1,90,1,substitution,,False,,,Juninho,L. R. M. Costa,,,,
brasileirao_serie_b_2026,2026-05-30,11,Atlético Goianiense,Goiás,1,1,90,,injuryTime,,,,,,,,6,,
brasileirao_serie_b_2026,2026-05-30,11,Avaí,Criciúma,1,2,39,,goal,R. Otero,False,,,,,,,0,1
brasileirao_serie_b_2026,2026-05-30,11,Avaí,Criciúma,1,2,45,,period,,,,,,,HT,,0,1
brasileirao_serie_b_2026,2026-05-30,11,Avaí,Criciúma,1,2,45,,injuryTime,,,,,,,,5,,
brasileirao_serie_b_2026,2026-05-30,11,Avaí,Criciúma,1,2,46,,goal,F. Mateus,False,,,,,,,0,2
brasileirao_serie_b_2026,2026-05-30,11,Avaí,Criciúma,1,2,49,,goal,P. Vitor,True,,,,,,,1,2
brasileirao_serie_b_2026,2026-05-30,11,Avaí,Criciúma,1,2,55,,substitution,,True,,,Wallison,D. Teixeira,,,,
brasileirao_serie_b_2026,2026-05-30,11,Avaí,Criciúma,1,2,64,,card,R. Otero,False,yellow,,,,,,,
brasileirao_serie_b_2026,2026-05-30,11,Avaí,Criciúma,1,2,67,,substitution,,False,,,Jean Irmer,G. Lobo,,,,
brasileirao_serie_b_2026,2026-05-30,11,Avaí,Criciúma,1,2,67,,substitution,,False,,,João Carlos,R. Otero,,,,
brasileirao_serie_b_2026,2026-05-30,11,Avaí,Criciúma,1,2,69,,card,G. P. Simples,True,yellow,,,,,,,
brasileirao_serie_b_2026,2026-05-30,11,Avaí,Criciúma,1,2,76,,substitution,,False,,,Diego Gonçalves,E. Biasi,,,,
brasileirao_serie_b_2026,2026-05-30,11,Avaí,Criciúma,1,2,76,,substitution,,False,,,Nicolas,Waguininho,,,,
brasileirao_serie_b_2026,2026-05-30,11,Avaí,Criciúma,1,2,79,,substitution,,True,,,Jamerson,Sorriso,,,,
brasileirao_serie_b_2026,2026-05-30,11,Avaí,Criciúma,1,2,79,,substitution,,True,,,Hyan,Wenderson,,,,
brasileirao_serie_b_2026,2026-05-30,11,Avaí,Criciúma,1,2,79,,substitution,,True,,,I. Pereira,W. d. S. França,,,,
brasileirao_serie_b_2026,2026-05-30,11,Avaí,Criciúma,1,2,81,,card,João Carlos,False,yellow,,,,,,,
brasileirao_serie_b_2026,2026-05-30,11,Avaí,Criciúma,1,2,83,,card,Wesley Gasolina,True,yellow,,,,,,,
brasileirao_serie_b_2026,2026-05-30,11,Avaí,Criciúma,1,2,90,,period,,,,,,,Second half,,1,2
brasileirao_serie_b_2026,2026-05-30,11,Avaí,Criciúma,1,2,90,5,substitution,,False,,,T. R. S. Modesto,Jean Irmer,,,,
brasileirao_serie_b_2026,2026-05-30,11,Avaí,Criciúma,1,2,90,2,substitution,,True,,,C. Brazil,I. Pereira,,,,
brasileirao_serie_b_2026,2026-05-30,11,Avaí,Criciúma,1,2,90,,injuryTime,,,,,,,,7,,
brasileirao_serie_b_2026,2026-05-30,11,Juventude,América Mineiro,3,0,25,,card,Artur,False,yellow,,,,,,,
brasileirao_serie_b_2026,2026-05-30,11,Juventude,América Mineiro,3,0,45,,period,,,,,,,HT,,1,0
brasileirao_serie_b_2026,2026-05-30,11,Juventude,América Mineiro,3,0,45,,injuryTime,,,,,,,,2,,
brasileirao_serie_b_2026,2026-05-30,11,Juventude,América Mineiro,3,0,54,,substitution,,True,,,A. Safira,Alan Kardec,,,,
brasileirao_serie_b_2026,2026-05-30,11,Juventude,América Mineiro,3,0,60,,substitution,,False,,,Dalbert,Artur,,,,
brasileirao_serie_b_2026,2026-05-30,11,Juventude,América Mineiro,3,0,60,,substitution,,False,,,G. Barros,Matías Segovia,,,,
brasileirao_serie_b_2026,2026-05-30,11,Juventude,América Mineiro,3,0,60,,substitution,,False,,,Thauan,F. Elizari,,,,
brasileirao_serie_b_2026,2026-05-30,11,Juventude,América Mineiro,3,0,65,,substitution,,True,,,Aderlan,Nathan,,,,
brasileirao_serie_b_2026,2026-05-30,11,Juventude,América Mineiro,3,0,65,,substitution,,True,,,Wadson,F. Lima,,,,
brasileirao_serie_b_2026,2026-05-30,11,Juventude,América Mineiro,3,0,67,,goal,A. Safira,True,,,,,,,2,0
brasileirao_serie_b_2026,2026-05-30,11,Juventude,América Mineiro,3,0,74,,substitution,,False,,,O. Gonçalves,F. Amaral,,,,
brasileirao_serie_b_2026,2026-05-30,11,Juventude,América Mineiro,3,0,8,,goal,Raí,True,,,,,,,1,0
brasileirao_serie_b_2026,2026-05-30,11,Juventude,América Mineiro,3,0,80,,substitution,,True,,,I. Ly,M. Castro,,,,
brasileirao_serie_b_2026,2026-05-30,11,Juventude,América Mineiro,3,0,80,,substitution,,True,,,Carlinhos,Raí,,,,
brasileirao_serie_b_2026,2026-05-30,11,Juventude,América Mineiro,3,0,81,,substitution,,False,,,W. Bigode,Everton,,,,
brasileirao_serie_b_2026,2026-05-30,11,Juventude,América Mineiro,3,0,81,,card,N. Cardoso,False,yellow,,,,,,,
brasileirao_serie_b_2026,2026-05-30,11,Juventude,América Mineiro,3,0,90,,period,,,,,,,Second half,,3,0
brasileirao_serie_b_2026,2026-05-30,11,Juventude,América Mineiro,3,0,90,2,goal,Wadson,True,,,,,,,3,0
brasileirao_serie_b_2026,2026-05-30,11,Juventude,América Mineiro,3,0,90,,injuryTime,,,,,,,,4,,
brasileirao_serie_b_2026,2026-05-30,11,Sport Recife,Náutico,2,0,21,,card,Y. Felipe,True,yellow,,,,,,,
brasileirao_serie_b_2026,2026-05-30,11,Sport Recife,Náutico,2,0,23,,card,V. Andrade,False,yellow,,,,,,,
brasileirao_serie_b_2026,2026-05-30,11,Sport Recife,Náutico,2,0,26,,card,L. Felipe,False,yellow,,,,,,,
brasileirao_serie_b_2026,2026-05-30,11,Sport Recife,Náutico,2,0,28,,goal,C. Barletta,True,,,,,,,1,0
brasileirao_serie_b_2026,2026-05-30,11,Sport Recife,Náutico,2,0,35,,card,Z. Marcos,True,yellow,,,,,,,
brasileirao_serie_b_2026,2026-05-30,11,Sport Recife,Náutico,2,0,45,,period,,,,,,,HT,,1,0
brasileirao_serie_b_2026,2026-05-30,11,Sport Recife,Náutico,2,0,45,,substitution,,True,,,I. Castilho,Clayson,,,,
brasileirao_serie_b_2026,2026-05-30,11,Sport Recife,Náutico,2,0,45,,injuryTime,,,,,,,,6,,
brasileirao_serie_b_2026,2026-05-30,11,Sport Recife,Náutico,2,0,49,,card,Zé Lucas,True,yellow,,,,,,,
brasileirao_serie_b_2026,2026-05-30,11,Sport Recife,Náutico,2,0,52,,card,P. Sérgio,False,yellow,,,,,,,
brasileirao_serie_b_2026,2026-05-30,11,Sport Recife,Náutico,2,0,62,,substitution,,True,,,P. Victor,Y. Felipe,,,,
brasileirao_serie_b_2026,2026-05-30,11,Sport Recife,Náutico,2,0,64,,card,I. Castilho,True,yellow,,,,,,,
brasileirao_serie_b_2026,2026-05-30,11,Sport Recife,Náutico,2,0,67,,substitution,,False,,,Todinho,P. Sérgio,,,,
brasileirao_serie_b_2026,2026-05-30,11,Sport Recife,Náutico,2,0,67,,substitution,,False,,,Arnaldo,Reginaldo,,,,
brasileirao_serie_b_2026,2026-05-30,11,Sport Recife,Náutico,2,0,67,,substitution,,False,,,Yuri,Betão,,,,
brasileirao_serie_b_2026,2026-05-30,11,Sport Recife,Náutico,2,0,76,,substitution,,False,,,Vitinho,Leonai,,,,
brasileirao_serie_b_2026,2026-05-30,11,Sport Recife,Náutico,2,0,79,,substitution,,True,,,Zé Gabriel,B. Fonseca,,,,
brasileirao_serie_b_2026,2026-05-30,11,Sport Recife,Náutico,2,0,79,,substitution,,True,,,F. Matheus,Perotti,,,,
brasileirao_serie_b_2026,2026-05-30,11,Sport Recife,Náutico,2,0,79,,substitution,,True,,,Carlos De Pena,Zé Lucas,,,,
brasileirao_serie_b_2026,2026-05-30,11,Sport Recife,Náutico,2,0,83,,goal,C. Barletta,True,,,,,,,2,0
brasileirao_serie_b_2026,2026-05-30,11,Sport Recife,Náutico,2,0,84,,substitution,,False,,,Derek,V. Andrade,,,,
brasileirao_serie_b_2026,2026-05-30,11,Sport Recife,Náutico,2,0,86,,card,C. Barletta,True,yellow,,,,,,,
brasileirao_serie_b_2026,2026-05-30,11,Sport Recife,Náutico,2,0,90,,period,,,,,,,Second half,,2,0
brasileirao_serie_b_2026,2026-05-30,11,Sport Recife,Náutico,2,0,90,,injuryTime,,,,,,,,5,,
brasileirao_serie_b_2026,2026-05-31,11,Ceará,Operário-PR,1,2,19,,card,J. Cuenú,False,yellow,,,,,,,
brasileirao_serie_b_2026,2026-05-31,11,Ceará,Operário-PR,1,2,26,,card,Fernandinho,True,yellow,,,,,,,
brasileirao_serie_b_2026,2026-05-31,11,Ceará,Operário-PR,1,2,39,,goal,Melk,True,,,,,,,1,0
brasileirao_serie_b_2026,2026-05-31,11,Ceará,Operário-PR,1,2,45,,period,,,,,,,HT,,1,0
brasileirao_serie_b_2026,2026-05-31,11,Ceará,Operário-PR,1,2,45,1,card,Fernando,True,yellow,,,,,,,
brasileirao_serie_b_2026,2026-05-31,11,Ceará,Operário-PR,1,2,45,,injuryTime,,,,,,,,5,,
brasileirao_serie_b_2026,2026-05-31,11,Ceará,Operário-PR,1,2,51,,card,M. Araújo,True,yellow,,,,,,,
brasileirao_serie_b_2026,2026-05-31,11,Ceará,Operário-PR,1,2,54,,goal,G. Boschilia,False,,,,,,,1,1
brasileirao_serie_b_2026,2026-05-31,11,Ceará,Operário-PR,1,2,59,,goal,G. Feliciano,False,,,,,,,1,2
brasileirao_serie_b_2026,2026-05-31,11,Ceará,Operário-PR,1,2,61,,card,Fernandinho,True,yellowRed,,,,,,,
brasileirao_serie_b_2026,2026-05-31,11,Ceará,Operário-PR,1,2,68,,substitution,,True,,,E. Lodovico,J. Gabriel,,,,
brasileirao_serie_b_2026,2026-05-31,11,Ceará,Operário-PR,1,2,68,,substitution,,True,,,L. Lima,Júlio César,,,,
brasileirao_serie_b_2026,2026-05-31,11,Ceará,Operário-PR,1,2,68,,substitution,,False,,,H. Pereira,Moraes Júnior,,,,
brasileirao_serie_b_2026,2026-05-31,11,Ceará,Operário-PR,1,2,73,,card,G. Feliciano,False,yellow,,,,,,,
brasileirao_serie_b_2026,2026-05-31,11,Ceará,Operário-PR,1,2,75,,substitution,,True,,,P. Esli,Fernando,,,,
brasileirao_serie_b_2026,2026-05-31,11,Ceará,Operário-PR,1,2,75,,substitution,,True,,,Giulio,Wendel,,,,
brasileirao_serie_b_2026,2026-05-31,11,Ceará,Operário-PR,1,2,80,,substitution,,False,,,N. Paraíba,Aylon,,,,
brasileirao_serie_b_2026,2026-05-31,11,Ceará,Operário-PR,1,2,80,,substitution,,False,,,Maguinho,Mikael,,,,
brasileirao_serie_b_2026,2026-05-31,11,Ceará,Operário-PR,1,2,81,,card,L. Lima,True,yellow,,,,,,,
brasileirao_serie_b_2026,2026-05-31,11,Ceará,Operário-PR,1,2,85,,substitution,,False,,,C. Dantas,Pablo,,,,
brasileirao_serie_b_2026,2026-05-31,11,Ceará,Operário-PR,1,2,85,,substitution,,False,,,F. Augusto,V. D. D. Antonia,,,,
brasileirao_serie_b_2026,2026-05-31,11,Ceará,Operário-PR,1,2,88,,card,Miranda,False,yellow,,,,,,,
brasileirao_serie_b_2026,2026-05-31,11,Ceará,Operário-PR,1,2,90,,period,,,,,,,Second half,,1,2
brasileirao_serie_b_2026,2026-05-31,11,Ceará,Operário-PR,1,2,90,7,card,F. Augusto,False,yellow,,,,,,,
brasileirao_serie_b_2026,2026-05-31,11,Ceará,Operário-PR,1,2,90,2,card,L. Lima,True,yellowRed,,,,,,,
brasileirao_serie_b_2026,2026-05-31,11,Ceará,Operário-PR,1,2,90,,injuryTime,,,,,,,,7,,
brasileirao_serie_b_2026,2026-05-31,11,Cuiabá,Clube De Regatas Brasil,2,0,34,,goal,V. Peixoto,True,,,,,,,1,0
brasileirao_serie_b_2026,2026-05-31,11,Cuiabá,Clube De Regatas Brasil,2,0,38,,goal,Pepê,True,,,,,,,2,0
brasileirao_serie_b_2026,2026-05-31,11,Cuiabá,Clube De Regatas Brasil,2,0,45,,period,,,,,,,HT,,2,0
brasileirao_serie_b_2026,2026-05-31,11,Cuiabá,Clube De Regatas Brasil,2,0,45,,injuryTime,,,,,,,,2,,
brasileirao_serie_b_2026,2026-05-31,11,Cuiabá,Clube De Regatas Brasil,2,0,46,,substitution,,False,,,L. Campos,D. Baggio,,,,
brasileirao_serie_b_2026,2026-05-31,11,Cuiabá,Clube De Regatas Brasil,2,0,46,,substitution,,False,,,Danielzinho,L. Lovat,,,,
brasileirao_serie_b_2026,2026-05-31,11,Cuiabá,Clube De Regatas Brasil,2,0,49,,card,A. Empereur,True,yellow,,,,,,,
brasileirao_serie_b_2026,2026-05-31,11,Cuiabá,Clube De Regatas Brasil,2,0,51,,substitution,,True,,,Vitor Mendes,A. Empereur,,,,
brasileirao_serie_b_2026,2026-05-31,11,Cuiabá,Clube De Regatas Brasil,2,0,60,,substitution,,False,,,L. Phellype,P. De Lucca,,,,
brasileirao_serie_b_2026,2026-05-31,11,Cuiabá,Clube De Regatas Brasil,2,0,60,,substitution,,False,,,V. Barata,Thiaguinho,,,,
brasileirao_serie_b_2026,2026-05-31,11,Cuiabá,Clube De Regatas Brasil,2,0,61,,substitution,,True,,,Y. Asad,V. Peixoto,,,,
brasileirao_serie_b_2026,2026-05-31,11,Cuiabá,Clube De Regatas Brasil,2,0,72,,substitution,,True,,,V. Hugo,R. Rodrigues,,,,
brasileirao_serie_b_2026,2026-05-31,11,Cuiabá,Clube De Regatas Brasil,2,0,72,,substitution,,True,,,Weverson,Pepê,,,,
brasileirao_serie_b_2026,2026-05-31,11,Cuiabá,Clube De Regatas Brasil,2,0,72,,substitution,,True,,,Gabriel,Railan,,,,
brasileirao_serie_b_2026,2026-05-31,11,Cuiabá,Clube De Regatas Brasil,2,0,73,,card,M. Carné,True,yellow,,,,,,,
brasileirao_serie_b_2026,2026-05-31,11,Cuiabá,Clube De Regatas Brasil,2,0,76,,substitution,,False,,,G. Kauan,Mikael,,,,
brasileirao_serie_b_2026,2026-05-31,11,Cuiabá,Clube De Regatas Brasil,2,0,90,,period,,,,,,,Second half,,2,0
brasileirao_serie_b_2026,2026-05-31,11,Cuiabá,Clube De Regatas Brasil,2,0,90,,injuryTime,,,,,,,,6,,
brasileirao_serie_b_2026,2026-05-31,11,Londrina,Vila Nova FC,0,1,12,,card,Willian Maranhão,False,yellow,,,,,,,
brasileirao_serie_b_2026,2026-05-31,11,Londrina,Vila Nova FC,0,1,16,,varDecision,Iago,True,,,,,,,,
brasileirao_serie_b_2026,2026-05-31,11,Londrina,Vila Nova FC,0,1,17,,card,Iago,True,red,,,,,,,
brasileirao_serie_b_2026,2026-05-31,11,Londrina,Vila Nova FC,0,1,39,,card,P. Moccelin,True,yellow,,,,,,,
brasileirao_serie_b_2026,2026-05-31,11,Londrina,Vila Nova FC,0,1,45,,period,,,,,,,HT,,0,0
brasileirao_serie_b_2026,2026-05-31,11,Londrina,Vila Nova FC,0,1,45,1,card,P. Romano,False,yellow,,,,,,,
brasileirao_serie_b_2026,2026-05-31,11,Londrina,Vila Nova FC,0,1,45,,injuryTime,,,,,,,,5,,
brasileirao_serie_b_2026,2026-05-31,11,Londrina,Vila Nova FC,0,1,46,,substitution,,False,,,Hayner,Nathan Camargo,,,,
brasileirao_serie_b_2026,2026-05-31,11,Londrina,Vila Nova FC,0,1,46,,substitution,,False,,,Enzo,Willian Maranhão,,,,
brasileirao_serie_b_2026,2026-05-31,11,Londrina,Vila Nova FC,0,1,46,,substitution,,False,,,A. Luís,G. P. P. Lemos,,,,
brasileirao_serie_b_2026,2026-05-31,11,Londrina,Vila Nova FC,0,1,5,,card,G. P. P. Lemos,False,yellow,,,,,,,
brasileirao_serie_b_2026,2026-05-31,11,Londrina,Vila Nova FC,0,1,59,,substitution,,True,,,Vitinho,P. Moccelin,,,,
brasileirao_serie_b_2026,2026-05-31,11,Londrina,Vila Nova FC,0,1,59,,card,D. D. Santos,False,yellow,,,,,,,
brasileirao_serie_b_2026,2026-05-31,11,Londrina,Vila Nova FC,0,1,6,,card,L. Marques,True,yellow,,,,,,,
brasileirao_serie_b_2026,2026-05-31,11,Londrina,Vila Nova FC,0,1,62,,card,P. Romano,False,yellowRed,,,,,,,
brasileirao_serie_b_2026,2026-05-31,11,Londrina,Vila Nova FC,0,1,63,,card,A. Dhominique,True,yellow,,,,,,,
brasileirao_serie_b_2026,2026-05-31,11,Londrina,Vila Nova FC,0,1,65,,goal,A. Luís,False,,,,,,,0,1
brasileirao_serie_b_2026,2026-05-31,11,Londrina,Vila Nova FC,0,1,66,,substitution,,False,,,C. Marcelo,Janderson,,,,
brasileirao_serie_b_2026,2026-05-31,11,Londrina,Vila Nova FC,0,1,68,,card,A. Dhominique,True,yellowRed,,,,,,,
brasileirao_serie_b_2026,2026-05-31,11,Londrina,Vila Nova FC,0,1,70,,substitution,,True,,,Rafael Monteiro,Heron,,,,
brasileirao_serie_b_2026,2026-05-31,11,Londrina,Vila Nova FC,0,1,70,,substitution,,True,,,K. Leonardo,T. Cantanhede,,,,
brasileirao_serie_b_2026,2026-05-31,11,Londrina,Vila Nova FC,0,1,77,,substitution,,False,,,W. Formiga,D. D. Santos,,,,
brasileirao_serie_b_2026,2026-05-31,11,Londrina,Vila Nova FC,0,1,78,,substitution,,True,,,Fabiano,L. Marques,,,,
brasileirao_serie_b_2026,2026-05-31,11,Londrina,Vila Nova FC,0,1,78,,substitution,,True,,,C. Rafael,A. Luiz,,,,
brasileirao_serie_b_2026,2026-05-31,11,Londrina,Vila Nova FC,0,1,81,,card,Fabiano,True,yellow,,,,,,,
brasileirao_serie_b_2026,2026-05-31,11,Londrina,Vila Nova FC,0,1,88,,card,C. Marcelo,False,yellow,,,,,,,
brasileirao_serie_b_2026,2026-05-31,11,Londrina,Vila Nova FC,0,1,90,,period,,,,,,,FT,,0,1
brasileirao_serie_b_2026,2026-05-31,11,Londrina,Vila Nova FC,0,1,90,,injuryTime,,,,,,,,4,,
brasileirao_serie_b_2026,2026-05-31,11,São Bernardo,Grêmio Novorizontino,1,1,0,,card,E. Moreira,False,yellow,Argument,,,,,,
brasileirao_serie_b_2026,2026-05-31,11,São Bernardo,Grêmio Novorizontino,1,1,17,,goal,P. Vitor,True,,,,,,,1,1
brasileirao_serie_b_2026,2026-05-31,11,São Bernardo,Grêmio Novorizontino,1,1,3,,varDecision,Tavinho,False,,,,,,,,
brasileirao_serie_b_2026,2026-05-31,11,São Bernardo,Grêmio Novorizontino,1,1,38,,card,D. Miraíma,True,yellow,Foul,,,,,,
brasileirao_serie_b_2026,2026-05-31,11,São Bernardo,Grêmio Novorizontino,1,1,45,,period,,,,,,,HT,,1,1
brasileirao_serie_b_2026,2026-05-31,11,São Bernardo,Grêmio Novorizontino,1,1,45,,injuryTime,,,,,,,,4,,
brasileirao_serie_b_2026,2026-05-31,11,São Bernardo,Grêmio Novorizontino,1,1,6,,goal,Rômulo,False,,,,,,,0,1
brasileirao_serie_b_2026,2026-05-31,11,São Bernardo,Grêmio Novorizontino,1,1,61,,substitution,,False,,,Juninho,Vinicius Paiva,,,,
brasileirao_serie_b_2026,2026-05-31,11,São Bernardo,Grêmio Novorizontino,1,1,64,,substitution,,True,,,Lucas Fernandes,Hyoran,,,,
brasileirao_serie_b_2026,2026-05-31,11,São Bernardo,Grêmio Novorizontino,1,1,71,,substitution,,True,,,D. D. S. Roque,Echaporã,,,,
brasileirao_serie_b_2026,2026-05-31,11,São Bernardo,Grêmio Novorizontino,1,1,72,,card,P. Vitor,True,yellow,Foul,,,,,,
brasileirao_serie_b_2026,2026-05-31,11,São Bernardo,Grêmio Novorizontino,1,1,77,,substitution,,True,,,L. Rian,P. Vitor,,,,
brasileirao_serie_b_2026,2026-05-31,11,São Bernardo,Grêmio Novorizontino,1,1,77,,substitution,,True,,,Marcão Silva,Foguinho,,,,
brasileirao_serie_b_2026,2026-05-31,11,São Bernardo,Grêmio Novorizontino,1,1,77,,substitution,,True,,,P. Dyego,F. Garcia,,,,
brasileirao_serie_b_2026,2026-05-31,11,São Bernardo,Grêmio Novorizontino,1,1,81,,substitution,,False,,,R. Barcellos,Tavinho,,,,
brasileirao_serie_b_2026,2026-05-31,11,São Bernardo,Grêmio Novorizontino,1,1,82,,substitution,,False,,,C. Ortíz,L. Naldi,,,,
brasileirao_serie_b_2026,2026-05-31,11,São Bernardo,Grêmio Novorizontino,1,1,86,,card,Alemão,False,yellow,Foul,,,,,,
brasileirao_serie_b_2026,2026-05-31,11,São Bernardo,Grêmio Novorizontino,1,1,89,,card,C. Ortíz,False,yellow,Time wasting,,,,,,
brasileirao_serie_b_2026,2026-05-31,11,São Bernardo,Grêmio Novorizontino,1,1,89,,substitution,,False,,,A. Alvariño,Alemão,,,,
brasileirao_serie_b_2026,2026-05-31,11,São Bernardo,Grêmio Novorizontino,1,1,89,,substitution,,False,,,Carlão,Rômulo,,,,
brasileirao_serie_b_2026,2026-05-31,11,São Bernardo,Grêmio Novorizontino,1,1,90,,period,,,,,,,FT,,1,1
brasileirao_serie_b_2026,2026-05-31,11,São Bernardo,Grêmio Novorizontino,1,1,90,1,card,Pará,True,yellow,Foul,,,,,,
brasileirao_serie_b_2026,2026-05-31,11,São Bernardo,Grêmio Novorizontino,1,1,90,,injuryTime,,,,,,,,6,,
brasileirao_serie_b_2026,2026-06-01,11,Ponte Preta,Botafogo-SP,0,0,0,,card,L. Phelipe,True,red,Argument,,,,,,
brasileirao_serie_b_2026,2026-06-01,11,Ponte Preta,Botafogo-SP,0,0,0,,card,L. Phelipe,True,yellow,Argument,,,,,,
brasileirao_serie_b_2026,2026-06-01,11,Ponte Preta,Botafogo-SP,0,0,30,,varDecision,D. Tavares,True,,,,,,,,
brasileirao_serie_b_2026,2026-06-01,11,Ponte Preta,Botafogo-SP,0,0,32,,substitution,,True,,,Weverton,M. Silva,,,,
brasileirao_serie_b_2026,2026-06-01,11,Ponte Preta,Botafogo-SP,0,0,32,,card,William Pottker,True,yellow,Argument,,,,,,
brasileirao_serie_b_2026,2026-06-01,11,Ponte Preta,Botafogo-SP,0,0,32,,card,D. Tavares,True,red,Foul,,,,,,
brasileirao_serie_b_2026,2026-06-01,11,Ponte Preta,Botafogo-SP,0,0,45,,period,,,,,,,HT,,0,0
brasileirao_serie_b_2026,2026-06-01,11,Ponte Preta,Botafogo-SP,0,0,45,,injuryTime,,,,,,,,4,,
brasileirao_serie_b_2026,2026-06-01,11,Ponte Preta,Botafogo-SP,0,0,52,,card,L. Maciel,False,yellow,Foul,,,,,,
brasileirao_serie_b_2026,2026-06-01,11,Ponte Preta,Botafogo-SP,0,0,53,,card,André,True,yellow,Foul,,,,,,
brasileirao_serie_b_2026,2026-06-01,11,Ponte Preta,Botafogo-SP,0,0,60,,substitution,,False,,,Arthur Caíke,L. Maciel,,,,
brasileirao_serie_b_2026,2026-06-01,11,Ponte Preta,Botafogo-SP,0,0,60,,substitution,,False,,,J. Nem,Kelvin,,,,
brasileirao_serie_b_2026,2026-06-01,11,Ponte Preta,Botafogo-SP,0,0,62,,substitution,,True,,,Léo Gomes,Tarik,,,,
brasileirao_serie_b_2026,2026-06-01,11,Ponte Preta,Botafogo-SP,0,0,62,,substitution,,True,,,Kevyson,D. Barcelos,,,,
brasileirao_serie_b_2026,2026-06-01,11,Ponte Preta,Botafogo-SP,0,0,62,,substitution,,True,,,Baianinho,David,,,,
brasileirao_serie_b_2026,2026-06-01,11,Ponte Preta,Botafogo-SP,0,0,64,,card,Vilar,False,yellow,Foul,,,,,,
brasileirao_serie_b_2026,2026-06-01,11,Ponte Preta,Botafogo-SP,0,0,72,,card,Baianinho,True,yellow,Foul,,,,,,
brasileirao_serie_b_2026,2026-06-01,11,Ponte Preta,Botafogo-SP,0,0,75,,substitution,,False,,,Pedrinho,Vilar,,,,
brasileirao_serie_b_2026,2026-06-01,11,Ponte Preta,Botafogo-SP,0,0,76,,substitution,,False,,,W. Pinheiro,Z. Hugo,,,,
brasileirao_serie_b_2026,2026-06-01,11,Ponte Preta,Botafogo-SP,0,0,77,,substitution,,True,,,S. Palacios,William Pottker,,,,
brasileirao_serie_b_2026,2026-06-01,11,Ponte Preta,Botafogo-SP,0,0,86,,substitution,,False,,,Thiaguinho,R. Gava,,,,
brasileirao_serie_b_2026,2026-06-01,11,Ponte Preta,Botafogo-SP,0,0,90,,period,,,,,,,FT,,0,0
brasileirao_serie_b_2026,2026-06-01,11,Ponte Preta,Botafogo-SP,0,0,90,,injuryTime,,,,,,,,6,,
brasileirao_serie_b_2026,2026-06-05,12,Operário-PR,Juventude,2,1,0,,card,M. Barbieri,False,red,Argument,,,,,,
brasileirao_serie_b_2026,2026-06-05,12,Operário-PR,Juventude,2,1,18,,card,Aylon,True,yellow,Foul,,,,,,
brasileirao_serie_b_2026,2026-06-05,12,Operário-PR,Juventude,2,1,27,,card,Vágner,True,yellow,Foul,,,,,,
brasileirao_serie_b_2026,2026-06-05,12,Operário-PR,Juventude,2,1,31,,card,Messias,False,yellow,Foul,,,,,,
brasileirao_serie_b_2026,2026-06-05,12,Operário-PR,Juventude,2,1,42,,goal,Pablo,True,,,,,,,1,0
brasileirao_serie_b_2026,2026-06-05,12,Operário-PR,Juventude,2,1,45,,period,,,,,,,HT,,1,0
brasileirao_serie_b_2026,2026-06-05,12,Operário-PR,Juventude,2,1,45,,injuryTime,,,,,,,,4,,
brasileirao_serie_b_2026,2026-06-05,12,Operário-PR,Juventude,2,1,50,,goal,Raí,False,,,,,,,1,1
brasileirao_serie_b_2026,2026-06-05,12,Operário-PR,Juventude,2,1,56,,card,Nathan,False,yellow,Foul,,,,,,
brasileirao_serie_b_2026,2026-06-05,12,Operário-PR,Juventude,2,1,62,,substitution,,False,,,Gabriel,Messias,,,,
brasileirao_serie_b_2026,2026-06-05,12,Operário-PR,Juventude,2,1,62,,substitution,,False,,,Aderlan,Nathan,,,,
brasileirao_serie_b_2026,2026-06-05,12,Operário-PR,Juventude,2,1,67,,substitution,,False,,,Wadson,M. Castro,,,,
brasileirao_serie_b_2026,2026-06-05,12,Operário-PR,Juventude,2,1,71,,substitution,,True,,,H. Pereira,Aylon,,,,
brasileirao_serie_b_2026,2026-06-05,12,Operário-PR,Juventude,2,1,79,,varDecision,R. Sam,False,,,,,,,,
brasileirao_serie_b_2026,2026-06-05,12,Operário-PR,Juventude,2,1,80,,substitution,,True,,,P. Vilhena,Moraes Júnior,,,,
brasileirao_serie_b_2026,2026-06-05,12,Operário-PR,Juventude,2,1,80,,card,R. Sam,False,yellow,Foul,,,,,,
brasileirao_serie_b_2026,2026-06-05,12,Operário-PR,Juventude,2,1,85,,substitution,,False,,,A. Safira,Alan Kardec,,,,
brasileirao_serie_b_2026,2026-06-05,12,Operário-PR,Juventude,2,1,85,,substitution,,True,,,C. Dantas,Pablo,,,,
brasileirao_serie_b_2026,2026-06-05,12,Operário-PR,Juventude,2,1,85,,substitution,,True,,,Maguinho,Mikael,,,,
brasileirao_serie_b_2026,2026-06-05,12,Operário-PR,Juventude,2,1,86,,substitution,,False,,,I. Ly,F. Lima,,,,
brasileirao_serie_b_2026,2026-06-05,12,Operário-PR,Juventude,2,1,88,,card,W. Klaus,True,yellow,Foul,,,,,,
brasileirao_serie_b_2026,2026-06-05,12,Operário-PR,Juventude,2,1,90,,period,,,,,,,FT,,2,1
brasileirao_serie_b_2026,2026-06-05,12,Operário-PR,Juventude,2,1,90,7,card,M. Paulo,False,yellow,Argument,,,,,,
brasileirao_serie_b_2026,2026-06-05,12,Operário-PR,Juventude,2,1,90,5,goal,G. Boschilia,True,,,,,,,2,1
brasileirao_serie_b_2026,2026-06-05,12,Operário-PR,Juventude,2,1,90,,injuryTime,,,,,,,,6,,
brasileirao_serie_b_2026,2026-06-06,12,Criciúma,Londrina,1,0,16,,card,G. Lacerda,False,yellow,,,,,,,
brasileirao_serie_b_2026,2026-06-06,12,Criciúma,Londrina,1,0,45,,period,,,,,,,HT,,1,0
brasileirao_serie_b_2026,2026-06-06,12,Criciúma,Londrina,1,0,45,,injuryTime,,,,,,,,2,,
brasileirao_serie_b_2026,2026-06-06,12,Criciúma,Londrina,1,0,46,,substitution,,False,,,Y. Lincoln,C. Rodrigues,,,,
brasileirao_serie_b_2026,2026-06-06,12,Criciúma,Londrina,1,0,47,,card,E. Biasi,True,yellow,,,,,,,
brasileirao_serie_b_2026,2026-06-06,12,Criciúma,Londrina,1,0,5,,goal,W. Lepo,True,,,,,,,1,0
brasileirao_serie_b_2026,2026-06-06,12,Criciúma,Londrina,1,0,63,,substitution,,True,,,T. R. S. Modesto,E. Biasi,,,,
brasileirao_serie_b_2026,2026-06-06,12,Criciúma,Londrina,1,0,63,,substitution,,True,,,Nicolas,R. Otero,,,,
brasileirao_serie_b_2026,2026-06-06,12,Criciúma,Londrina,1,0,67,,substitution,,False,,,C. Rafael,P. Moccelin,,,,
brasileirao_serie_b_2026,2026-06-06,12,Criciúma,Londrina,1,0,72,,card,T. Cantanhede,False,yellow,,,,,,,
brasileirao_serie_b_2026,2026-06-06,12,Criciúma,Londrina,1,0,75,,substitution,,True,,,Diego Gonçalves,G. Lobo,,,,
brasileirao_serie_b_2026,2026-06-06,12,Criciúma,Londrina,1,0,80,,substitution,,False,,,E. Rodriguez,T. Cantanhede,,,,
brasileirao_serie_b_2026,2026-06-06,12,Criciúma,Londrina,1,0,82,,substitution,,True,,,J. Robert,Waguininho,,,,
brasileirao_serie_b_2026,2026-06-06,12,Criciúma,Londrina,1,0,82,,substitution,,True,,,Marcinho,W. Lepo,,,,
brasileirao_serie_b_2026,2026-06-06,12,Criciúma,Londrina,1,0,86,,substitution,,False,,,Rafael Monteiro,Vitinho,,,,
brasileirao_serie_b_2026,2026-06-06,12,Criciúma,Londrina,1,0,86,,substitution,,False,,,C. Maia,Heron,,,,
brasileirao_serie_b_2026,2026-06-06,12,Criciúma,Londrina,1,0,90,,period,,,,,,,FT,,1,0
brasileirao_serie_b_2026,2026-06-06,12,Criciúma,Londrina,1,0,90,4,card,Luciano Castan,True,yellow,,,,,,,
brasileirao_serie_b_2026,2026-06-06,12,Criciúma,Londrina,1,0,90,,injuryTime,,,,,,,,5,,
brasileirao_serie_b_2026,2026-06-07,12,Clube De Regatas Brasil,São Bernardo,2,3,0,,card,D. Baggio,True,yellow,Argument,,,,,,
brasileirao_serie_b_2026,2026-06-07,12,Clube De Regatas Brasil,São Bernardo,2,3,26,,goal,F. Garcia,False,,,,,,,0,1
brasileirao_serie_b_2026,2026-06-07,12,Clube De Regatas Brasil,São Bernardo,2,3,29,,goal,D. Belmonte,True,,,,,,,1,1
brasileirao_serie_b_2026,2026-06-07,12,Clube De Regatas Brasil,São Bernardo,2,3,36,,card,A. Alves,False,yellow,Time wasting,,,,,,
brasileirao_serie_b_2026,2026-06-07,12,Clube De Regatas Brasil,São Bernardo,2,3,43,,card,Augusto,False,yellow,Foul,,,,,,
brasileirao_serie_b_2026,2026-06-07,12,Clube De Regatas Brasil,São Bernardo,2,3,44,,card,Wallace,True,yellow,Foul,,,,,,
brasileirao_serie_b_2026,2026-06-07,12,Clube De Regatas Brasil,São Bernardo,2,3,45,,period,,,,,,,HT,,1,1
brasileirao_serie_b_2026,2026-06-07,12,Clube De Regatas Brasil,São Bernardo,2,3,45,,injuryTime,,,,,,,,7,,
brasileirao_serie_b_2026,2026-06-07,12,Clube De Regatas Brasil,São Bernardo,2,3,46,,substitution,,False,,,Romisson,Hyoran,,,,
brasileirao_serie_b_2026,2026-06-07,12,Clube De Regatas Brasil,São Bernardo,2,3,46,,substitution,,True,,,P. De Lucca,Wallace,,,,
brasileirao_serie_b_2026,2026-06-07,12,Clube De Regatas Brasil,São Bernardo,2,3,48,,goal,M. Sergio,False,,,,,,,1,2
brasileirao_serie_b_2026,2026-06-07,12,Clube De Regatas Brasil,São Bernardo,2,3,55,,goal,Mikael,True,,,,,,,2,2
brasileirao_serie_b_2026,2026-06-07,12,Clube De Regatas Brasil,São Bernardo,2,3,57,,card,Jemerson,False,yellow,Argument,,,,,,
brasileirao_serie_b_2026,2026-06-07,12,Clube De Regatas Brasil,São Bernardo,2,3,61,,substitution,,False,,,L. Rian,P. Vitor,,,,
brasileirao_serie_b_2026,2026-06-07,12,Clube De Regatas Brasil,São Bernardo,2,3,62,,substitution,,False,,,D. D. S. Roque,Echaporã,,,,
brasileirao_serie_b_2026,2026-06-07,12,Clube De Regatas Brasil,São Bernardo,2,3,62,,card,Echaporã,False,yellow,Time wasting,,,,,,
brasileirao_serie_b_2026,2026-06-07,12,Clube De Regatas Brasil,São Bernardo,2,3,65,,card,F. Garcia,False,yellow,Argument,,,,,,
brasileirao_serie_b_2026,2026-06-07,12,Clube De Regatas Brasil,São Bernardo,2,3,67,,substitution,,False,,,D. Amorim,F. Garcia,,,,
brasileirao_serie_b_2026,2026-06-07,12,Clube De Regatas Brasil,São Bernardo,2,3,71,,card,F. Alemão,True,yellow,Foul,,,,,,
brasileirao_serie_b_2026,2026-06-07,12,Clube De Regatas Brasil,São Bernardo,2,3,74,,goal,R. Ferreira,False,,,,,,,2,3
brasileirao_serie_b_2026,2026-06-07,12,Clube De Regatas Brasil,São Bernardo,2,3,77,,substitution,,True,,,L. Campos,L. Lovat,,,,
brasileirao_serie_b_2026,2026-06-07,12,Clube De Regatas Brasil,São Bernardo,2,3,78,,substitution,,False,,,Marcão Silva,D. Miraíma,,,,
brasileirao_serie_b_2026,2026-06-07,12,Clube De Regatas Brasil,São Bernardo,2,3,78,,substitution,,True,,,L. Phellype,Crystopher,,,,
brasileirao_serie_b_2026,2026-06-07,12,Clube De Regatas Brasil,São Bernardo,2,3,84,,substitution,,True,,,P. Castro,D. Hereda,,,,
brasileirao_serie_b_2026,2026-06-07,12,Clube De Regatas Brasil,São Bernardo,2,3,84,,substitution,,True,,,Guilherme Pato,Danielzinho,,,,
brasileirao_serie_b_2026,2026-06-07,12,Clube De Regatas Brasil,São Bernardo,2,3,90,,period,,,,,,,FT,,2,3
brasileirao_serie_b_2026,2026-06-07,12,Clube De Regatas Brasil,São Bernardo,2,3,90,,injuryTime,,,,,,,,7,,
brasileirao_serie_b_2026,2026-06-08,12,América Mineiro,Atlético Goianiense,1,2,31,,goal,F. Amaral,True,,,,,,,1,0
brasileirao_serie_b_2026,2026-06-08,12,América Mineiro,Atlético Goianiense,1,2,33,,goal,Marrony,False,,,,,,,1,1
brasileirao_serie_b_2026,2026-06-08,12,América Mineiro,Atlético Goianiense,1,2,45,,period,,,,,,,HT,,1,1
brasileirao_serie_b_2026,2026-06-08,12,América Mineiro,Atlético Goianiense,1,2,45,,injuryTime,,,,,,,,4,,
brasileirao_serie_b_2026,2026-06-08,12,América Mineiro,Atlético Goianiense,1,2,56,,card,Guilherme Marques,False,yellow,,,,,,,
brasileirao_serie_b_2026,2026-06-08,12,América Mineiro,Atlético Goianiense,1,2,64,,substitution,,False,,,B. José,G. Soares,,,,
brasileirao_serie_b_2026,2026-06-08,12,América Mineiro,Atlético Goianiense,1,2,64,,substitution,,False,,,L. Vilela,Indio,,,,
brasileirao_serie_b_2026,2026-06-08,12,América Mineiro,Atlético Goianiense,1,2,68,,substitution,,True,,,Luidy,Dalbert,,,,
brasileirao_serie_b_2026,2026-06-08,12,América Mineiro,Atlético Goianiense,1,2,68,,substitution,,True,,,V. Soares,F. Amaral,,,,
brasileirao_serie_b_2026,2026-06-08,12,América Mineiro,Atlético Goianiense,1,2,73,,goal,Gustavo Coutinho,False,,,,,,,1,2
brasileirao_serie_b_2026,2026-06-08,12,América Mineiro,Atlético Goianiense,1,2,74,,substitution,,True,,,P. Victor,G. Barros,,,,
brasileirao_serie_b_2026,2026-06-08,12,América Mineiro,Atlético Goianiense,1,2,76,,substitution,,False,,,L. Tocantins,Guilherme Marques,,,,
brasileirao_serie_b_2026,2026-06-08,12,América Mineiro,Atlético Goianiense,1,2,81,,substitution,,True,,,Y. Souza,Alê,,,,
brasileirao_serie_b_2026,2026-06-08,12,América Mineiro,Atlético Goianiense,1,2,81,,substitution,,True,,,W. Bigode,Matías Segovia,,,,
brasileirao_serie_b_2026,2026-06-08,12,América Mineiro,Atlético Goianiense,1,2,87,,substitution,,False,,,Natã,Cristiano,,,,
brasileirao_serie_b_2026,2026-06-08,12,América Mineiro,Atlético Goianiense,1,2,87,,substitution,,False,,,Adriano Martins,Marrony,,,,
brasileirao_serie_b_2026,2026-06-08,12,América Mineiro,Atlético Goianiense,1,2,90,,period,,,,,,,FT,,1,2
brasileirao_serie_b_2026,2026-06-08,12,América Mineiro,Atlético Goianiense,1,2,90,,injuryTime,,,,,,,,5,,
brasileirao_serie_b_2026,2026-06-08,12,Vila Nova FC,Botafogo-SP,1,0,21,,goal,A. Luís,True,,,,,,,1,0
brasileirao_serie_b_2026,2026-06-08,12,Vila Nova FC,Botafogo-SP,1,0,32,,card,P. Brey,False,yellow,,,,,,,
brasileirao_serie_b_2026,2026-06-08,12,Vila Nova FC,Botafogo-SP,1,0,45,,period,,,,,,,HT,,1,0
brasileirao_serie_b_2026,2026-06-08,12,Vila Nova FC,Botafogo-SP,1,0,45,,injuryTime,,,,,,,,3,,
brasileirao_serie_b_2026,2026-06-08,12,Vila Nova FC,Botafogo-SP,1,0,48,,card,A. Luís,True,yellow,,,,,,,
brasileirao_serie_b_2026,2026-06-08,12,Vila Nova FC,Botafogo-SP,1,0,56,,substitution,,True,,,G. P. P. Lemos,A. Luís,,,,
brasileirao_serie_b_2026,2026-06-08,12,Vila Nova FC,Botafogo-SP,1,0,61,,substitution,,False,,,J. Nem,Kelvin,,,,
brasileirao_serie_b_2026,2026-06-08,12,Vila Nova FC,Botafogo-SP,1,0,61,,substitution,,False,,,F. Vieira,R. Gava,,,,
brasileirao_serie_b_2026,2026-06-08,12,Vila Nova FC,Botafogo-SP,1,0,74,,substitution,,False,,,M. C. Maranhão,Z. Hugo,,,,
brasileirao_serie_b_2026,2026-06-08,12,Vila Nova FC,Botafogo-SP,1,0,74,,substitution,,False,,,Arthur Caíke,Hygor,,,,
brasileirao_serie_b_2026,2026-06-08,12,Vila Nova FC,Botafogo-SP,1,0,75,,substitution,,True,,,W. Formiga,Higor,,,,
brasileirao_serie_b_2026,2026-06-08,12,Vila Nova FC,Botafogo-SP,1,0,75,,substitution,,True,,,Hayner,Janderson,,,,
brasileirao_serie_b_2026,2026-06-08,12,Vila Nova FC,Botafogo-SP,1,0,87,,substitution,,True,,,B. Xavier,W. Formiga,,,,
brasileirao_serie_b_2026,2026-06-08,12,Vila Nova FC,Botafogo-SP,1,0,87,,substitution,,True,,,Dalberson,H. Leite,,,,
brasileirao_serie_b_2026,2026-06-08,12,Vila Nova FC,Botafogo-SP,1,0,90,,period,,,,,,,FT,,1,0
brasileirao_serie_b_2026,2026-06-08,12,Vila Nova FC,Botafogo-SP,1,0,90,13,card,Wallace,False,yellow,,,,,,,
brasileirao_serie_b_2026,2026-06-08,12,Vila Nova FC,Botafogo-SP,1,0,90,7,card,Thiaguinho,False,yellow,,,,,,,
brasileirao_serie_b_2026,2026-06-08,12,Vila Nova FC,Botafogo-SP,1,0,90,3,substitution,,False,,,Pedrinho,M. Sales,,,,
brasileirao_serie_b_2026,2026-06-08,12,Vila Nova FC,Botafogo-SP,1,0,90,2,substitution,,False,,,Thiaguinho,Gabriel Inocêncio,,,,
brasileirao_serie_b_2026,2026-06-08,12,Vila Nova FC,Botafogo-SP,1,0,90,,card,F. Vieira,False,yellow,,,,,,,
brasileirao_serie_b_2026,2026-06-08,12,Vila Nova FC,Botafogo-SP,1,0,90,,injuryTime,,,,,,,,13,,
brasileirao_serie_b_2026,2026-06-09,12,Náutico,Fortaleza,0,1,0,,card,J. Miritello,False,red,Argument,,,,,,
brasileirao_serie_b_2026,2026-06-09,12,Náutico,Fortaleza,0,1,36,,card,E. Brítez,False,yellow,Foul,,,,,,
brasileirao_serie_b_2026,2026-06-09,12,Náutico,Fortaleza,0,1,38,,card,Leonai,True,yellow,Argument,,,,,,
brasileirao_serie_b_2026,2026-06-09,12,Náutico,Fortaleza,0,1,39,,card,Luiz Fernando,False,yellow,Argument,,,,,,
brasileirao_serie_b_2026,2026-06-09,12,Náutico,Fortaleza,0,1,44,,goal,Mateus Silva,False,,,,,,,0,1
brasileirao_serie_b_2026,2026-06-09,12,Náutico,Fortaleza,0,1,45,,period,,,,,,,HT,,0,1
brasileirao_serie_b_2026,2026-06-09,12,Náutico,Fortaleza,0,1,45,,injuryTime,,,,,,,,5,,
brasileirao_serie_b_2026,2026-06-09,12,Náutico,Fortaleza,0,1,46,,substitution,,False,,,L. Crispim,J. Miritello,,,,
brasileirao_serie_b_2026,2026-06-09,12,Náutico,Fortaleza,0,1,46,,substitution,,False,,,T. Pochettino,Vitinho,,,,
brasileirao_serie_b_2026,2026-06-09,12,Náutico,Fortaleza,0,1,51,,varDecision,Rodriguinho,False,,,,,,,,
brasileirao_serie_b_2026,2026-06-09,12,Náutico,Fortaleza,0,1,52,,card,Rodriguinho,False,red,Foul,,,,,,
brasileirao_serie_b_2026,2026-06-09,12,Náutico,Fortaleza,0,1,60,,substitution,,True,,,Yuri,I. Fernandes,,,,
brasileirao_serie_b_2026,2026-06-09,12,Náutico,Fortaleza,0,1,62,,substitution,,False,,,Kayke,Luiz Fernando,,,,
brasileirao_serie_b_2026,2026-06-09,12,Náutico,Fortaleza,0,1,64,,substitution,,True,,,Juninho,Derek,,,,
brasileirao_serie_b_2026,2026-06-09,12,Náutico,Fortaleza,0,1,64,,substitution,,True,,,Ramon,Leonai,,,,
brasileirao_serie_b_2026,2026-06-09,12,Náutico,Fortaleza,0,1,67,,card,Kayke,False,yellow,Time wasting,,,,,,
brasileirao_serie_b_2026,2026-06-09,12,Náutico,Fortaleza,0,1,76,,card,M. Lima,False,yellow,Argument,,,,,,
brasileirao_serie_b_2026,2026-06-09,12,Náutico,Fortaleza,0,1,80,,substitution,,True,,,Rosa,Wenderson,,,,
brasileirao_serie_b_2026,2026-06-09,12,Náutico,Fortaleza,0,1,80,,substitution,,False,,,G. Fuentes,M. Lima,,,,
brasileirao_serie_b_2026,2026-06-09,12,Náutico,Fortaleza,0,1,80,,substitution,,True,,,Wanderson,Betão,,,,
brasileirao_serie_b_2026,2026-06-09,12,Náutico,Fortaleza,0,1,85,,card,Mateus Silva,True,yellow,Foul,,,,,,
brasileirao_serie_b_2026,2026-06-09,12,Náutico,Fortaleza,0,1,90,,period,,,,,,,FT,,0,1
brasileirao_serie_b_2026,2026-06-09,12,Náutico,Fortaleza,0,1,90,5,card,Juninho,True,yellow,Foul,,,,,,
brasileirao_serie_b_2026,2026-06-09,12,Náutico,Fortaleza,0,1,90,,substitution,,False,,,Ryan,L. Sasha,,,,
brasileirao_serie_b_2026,2026-06-09,12,Náutico,Fortaleza,0,1,90,,injuryTime,,,,,,,,9,,
brasileirao_serie_b_2026,2026-06-09,12,Ponte Preta,Cuiabá,1,2,36,,goal,J. Basso,False,,,,,,,0,1
brasileirao_serie_b_2026,2026-06-09,12,Ponte Preta,Cuiabá,1,2,40,,card,D. Barcelos,True,yellow,,,,,,,
brasileirao_serie_b_2026,2026-06-09,12,Ponte Preta,Cuiabá,1,2,41,,card,L. Cunha,True,yellow,,,,,,,
brasileirao_serie_b_2026,2026-06-09,12,Ponte Preta,Cuiabá,1,2,45,,period,,,,,,,HT,,1,1
brasileirao_serie_b_2026,2026-06-09,12,Ponte Preta,Cuiabá,1,2,45,3,goal,Tarik,True,,,,,,,1,1
brasileirao_serie_b_2026,2026-06-09,12,Ponte Preta,Cuiabá,1,2,45,,injuryTime,,,,,,,,3,,
brasileirao_serie_b_2026,2026-06-09,12,Ponte Preta,Cuiabá,1,2,46,,substitution,,True,,,Baianinho,Jonathan Cafú,,,,
brasileirao_serie_b_2026,2026-06-09,12,Ponte Preta,Cuiabá,1,2,56,,substitution,,False,,,K. Cristtyan,V. Peixoto,,,,
brasileirao_serie_b_2026,2026-06-09,12,Ponte Preta,Cuiabá,1,2,56,,substitution,,False,,,Luisão,D. M. d. S. Arcanjo,,,,
brasileirao_serie_b_2026,2026-06-09,12,Ponte Preta,Cuiabá,1,2,64,,substitution,,False,,,Eric,Marlon,,,,
brasileirao_serie_b_2026,2026-06-09,12,Ponte Preta,Cuiabá,1,2,64,,substitution,,False,,,Weverson,C. Costa,,,,
brasileirao_serie_b_2026,2026-06-09,12,Ponte Preta,Cuiabá,1,2,65,,goal,K. Cristtyan,False,,,,,,,1,2
brasileirao_serie_b_2026,2026-06-09,12,Ponte Preta,Cuiabá,1,2,69,,substitution,,True,,,G. Telles,David,,,,
brasileirao_serie_b_2026,2026-06-09,12,Ponte Preta,Cuiabá,1,2,69,,substitution,,True,,,Miguel,Léo Gomes,,,,
brasileirao_serie_b_2026,2026-06-09,12,Ponte Preta,Cuiabá,1,2,7,,card,D. M. d. S. Arcanjo,False,yellow,,,,,,,
brasileirao_serie_b_2026,2026-06-09,12,Ponte Preta,Cuiabá,1,2,75,,substitution,,True,,,Kevyson,D. Barcelos,,,,
brasileirao_serie_b_2026,2026-06-09,12,Ponte Preta,Cuiabá,1,2,76,,card,William Pottker,True,yellow,,,,,,,
brasileirao_serie_b_2026,2026-06-09,12,Ponte Preta,Cuiabá,1,2,83,,substitution,,False,,,L. Otavio,Pepê,,,,
brasileirao_serie_b_2026,2026-06-09,12,Ponte Preta,Cuiabá,1,2,84,,substitution,,True,,,Brandão,William Pottker,,,,
brasileirao_serie_b_2026,2026-06-09,12,Ponte Preta,Cuiabá,1,2,85,,card,Elvis,True,yellow,,,,,,,
brasileirao_serie_b_2026,2026-06-09,12,Ponte Preta,Cuiabá,1,2,90,,period,,,,,,,FT,,1,2
brasileirao_serie_b_2026,2026-06-09,12,Ponte Preta,Cuiabá,1,2,90,6,card,Baianinho,True,red,,,,,,,
brasileirao_serie_b_2026,2026-06-09,12,Ponte Preta,Cuiabá,1,2,90,,varDecision,Baianinho,True,,,,,,,,
brasileirao_serie_b_2026,2026-06-09,12,Ponte Preta,Cuiabá,1,2,90,,injuryTime,,,,,,,,6,,
brasileirao_serie_b_2026,2026-06-10,12,Ceará,Avaí,2,1,0,,card,L. Otávio,True,yellow,Argument,,,,,,
brasileirao_serie_b_2026,2026-06-10,12,Ceará,Avaí,2,1,19,,goal,Júlio César,True,,,,,,,1,0
brasileirao_serie_b_2026,2026-06-10,12,Ceará,Avaí,2,1,38,,card,W. d. S. França,False,yellow,Foul,,,,,,
brasileirao_serie_b_2026,2026-06-10,12,Ceará,Avaí,2,1,45,,period,,,,,,,HT,,2,0
brasileirao_serie_b_2026,2026-06-10,12,Ceará,Avaí,2,1,45,1,goal,Melk,True,,,,,,,2,0
brasileirao_serie_b_2026,2026-06-10,12,Ceará,Avaí,2,1,45,,injuryTime,,,,,,,,5,,
brasileirao_serie_b_2026,2026-06-10,12,Ceará,Avaí,2,1,48,,card,M. Araújo,True,yellow,Foul,,,,,,
brasileirao_serie_b_2026,2026-06-10,12,Ceará,Avaí,2,1,5,,card,Éder,True,yellow,Foul,,,,,,
brasileirao_serie_b_2026,2026-06-10,12,Ceará,Avaí,2,1,57,,substitution,,False,,,Wesley Gasolina,Wallison,,,,
brasileirao_serie_b_2026,2026-06-10,12,Ceará,Avaí,2,1,57,,substitution,,False,,,Sorriso,T. Roberth,,,,
brasileirao_serie_b_2026,2026-06-10,12,Ceará,Avaí,2,1,60,,goal,Sorriso,False,,,,,,,2,1
brasileirao_serie_b_2026,2026-06-10,12,Ceará,Avaí,2,1,62,,substitution,,True,,,G. Amaral,Wendel,,,,
brasileirao_serie_b_2026,2026-06-10,12,Ceará,Avaí,2,1,67,,card,D. Teixeira,False,yellow,Foul,,,,,,
brasileirao_serie_b_2026,2026-06-10,12,Ceará,Avaí,2,1,70,,substitution,,True,,,G. Prado,M. Araújo,,,,
brasileirao_serie_b_2026,2026-06-10,12,Ceará,Avaí,2,1,70,,substitution,,True,,,Richardson,Dieguinho,,,,
brasileirao_serie_b_2026,2026-06-10,12,Ceará,Avaí,2,1,70,,substitution,,True,,,Sánchez,Fernando,,,,
brasileirao_serie_b_2026,2026-06-10,12,Ceará,Avaí,2,1,78,,substitution,,True,,,E. Lodovico,Rafael Ramos,,,,
brasileirao_serie_b_2026,2026-06-10,12,Ceará,Avaí,2,1,78,,substitution,,False,,,L. Gamalho,W. d. S. França,,,,
brasileirao_serie_b_2026,2026-06-10,12,Ceará,Avaí,2,1,78,,substitution,,False,,,Wenderson,D. Teixeira,,,,
brasileirao_serie_b_2026,2026-06-10,12,Ceará,Avaí,2,1,82,,substitution,,False,,,G. P. Simples,G. Aquino,,,,
brasileirao_serie_b_2026,2026-06-10,12,Ceará,Avaí,2,1,88,,substitution,,True,,,Matheusinho,Melk,,,,
brasileirao_serie_b_2026,2026-06-10,12,Ceará,Avaí,2,1,90,,period,,,,,,,FT,,2,1
brasileirao_serie_b_2026,2026-06-10,12,Ceará,Avaí,2,1,90,2,substitution,,False,,,Del Piage,P. Vitor,,,,
brasileirao_serie_b_2026,2026-06-10,12,Ceará,Avaí,2,1,90,,card,P. Vitor,False,yellow,Foul,,,,,,
brasileirao_serie_b_2026,2026-06-10,12,Ceará,Avaí,2,1,90,,injuryTime,,,,,,,,10,,
brasileirao_serie_b_2026,2026-06-10,12,Goiás,Grêmio Novorizontino,0,4,28,,substitution,,False,,,G. Bahia,Carlinhos,,,,
brasileirao_serie_b_2026,2026-06-10,12,Goiás,Grêmio Novorizontino,0,4,32,,goal,Robson,False,,,,,,,0,1
brasileirao_serie_b_2026,2026-06-10,12,Goiás,Grêmio Novorizontino,0,4,45,,period,,,,,,,HT,,0,1
brasileirao_serie_b_2026,2026-06-10,12,Goiás,Grêmio Novorizontino,0,4,45,4,card,Nicolas,True,yellow,,,,,,,
brasileirao_serie_b_2026,2026-06-10,12,Goiás,Grêmio Novorizontino,0,4,45,,injuryTime,,,,,,,,4,,
brasileirao_serie_b_2026,2026-06-10,12,Goiás,Grêmio Novorizontino,0,4,55,,substitution,,True,,,Brayann,Juninho,,,,
brasileirao_serie_b_2026,2026-06-10,12,Goiás,Grêmio Novorizontino,0,4,55,,substitution,,True,,,J. Carlos,B. Sávio,,,,
brasileirao_serie_b_2026,2026-06-10,12,Goiás,Grêmio Novorizontino,0,4,56,,goal,Robson,False,,,,,,,0,2
brasileirao_serie_b_2026,2026-06-10,12,Goiás,Grêmio Novorizontino,0,4,67,,card,L. Ribeiro,True,yellow,,,,,,,
brasileirao_serie_b_2026,2026-06-10,12,Goiás,Grêmio Novorizontino,0,4,67,,card,Robson,False,yellow,,,,,,,
brasileirao_serie_b_2026,2026-06-10,12,Goiás,Grêmio Novorizontino,0,4,68,,card,L. Fellipe,True,yellow,,,,,,,
brasileirao_serie_b_2026,2026-06-10,12,Goiás,Grêmio Novorizontino,0,4,68,,varDecision,Robson,False,,,,,,,,
brasileirao_serie_b_2026,2026-06-10,12,Goiás,Grêmio Novorizontino,0,4,70,,goal,Rômulo,False,,,,,,,0,3
brasileirao_serie_b_2026,2026-06-10,12,Goiás,Grêmio Novorizontino,0,4,76,,goal,Vinicius Paiva,False,,,,,,,0,4
brasileirao_serie_b_2026,2026-06-10,12,Goiás,Grêmio Novorizontino,0,4,78,,substitution,,True,,,Djalma,Nicolas,,,,
brasileirao_serie_b_2026,2026-06-10,12,Goiás,Grêmio Novorizontino,0,4,78,,substitution,,True,,,R. Soares,Diego Caito,,,,
brasileirao_serie_b_2026,2026-06-10,12,Goiás,Grêmio Novorizontino,0,4,78,,substitution,,False,,,Hélio Borges,Vinicius Paiva,,,,
brasileirao_serie_b_2026,2026-06-10,12,Goiás,Grêmio Novorizontino,0,4,78,,substitution,,False,,,Juninho,D. Galo,,,,
brasileirao_serie_b_2026,2026-06-10,12,Goiás,Grêmio Novorizontino,0,4,78,,substitution,,False,,,Luís Oyama,M. Bianqui,,,,
brasileirao_serie_b_2026,2026-06-10,12,Goiás,Grêmio Novorizontino,0,4,84,,substitution,,False,,,Carlão,Robson,,,,
brasileirao_serie_b_2026,2026-06-10,12,Goiás,Grêmio Novorizontino,0,4,86,,substitution,,True,,,G. B. d. Camargo,Filipe Machado,,,,
brasileirao_serie_b_2026,2026-06-10,12,Goiás,Grêmio Novorizontino,0,4,90,,period,,,,,,,FT,,0,4
brasileirao_serie_b_2026,2026-06-10,12,Goiás,Grêmio Novorizontino,0,4,90,,injuryTime,,,,,,,,4,,
brasileirao_serie_b_2026,2026-06-11,12,Sport Recife,Athletic Club,1,1,0,,card,Jhonatan,False,yellow,Argument,,,,,,
brasileirao_serie_b_2026,2026-06-11,12,Sport Recife,Athletic Club,1,1,45,,period,,,,,,,HT,,0,0
brasileirao_serie_b_2026,2026-06-11,12,Sport Recife,Athletic Club,1,1,45,,injuryTime,,,,,,,,2,,
brasileirao_serie_b_2026,2026-06-11,12,Sport Recife,Athletic Club,1,1,46,,substitution,,True,,,A. Pucci,Madson,,,,
brasileirao_serie_b_2026,2026-06-11,12,Sport Recife,Athletic Club,1,1,46,,substitution,,True,,,Carlos De Pena,E. Lucas,,,,
brasileirao_serie_b_2026,2026-06-11,12,Sport Recife,Athletic Club,1,1,57,,substitution,,False,,,Ruan Assis,D. Vera,,,,
brasileirao_serie_b_2026,2026-06-11,12,Sport Recife,Athletic Club,1,1,57,,substitution,,False,,,Bruninho,Max,,,,
brasileirao_serie_b_2026,2026-06-11,12,Sport Recife,Athletic Club,1,1,60,,goal,A. Pucci,True,,,,,,,1,0
brasileirao_serie_b_2026,2026-06-11,12,Sport Recife,Athletic Club,1,1,66,,goal,Ian Luccas,False,,,,,,,1,1
brasileirao_serie_b_2026,2026-06-11,12,Sport Recife,Athletic Club,1,1,68,,substitution,,False,,,Douglas,D. B. d. Souza,,,,
brasileirao_serie_b_2026,2026-06-11,12,Sport Recife,Athletic Club,1,1,73,,card,Bruninho,False,yellow,Argument,,,,,,
brasileirao_serie_b_2026,2026-06-11,12,Sport Recife,Athletic Club,1,1,73,,card,Carlos De Pena,True,yellow,Argument,,,,,,
brasileirao_serie_b_2026,2026-06-11,12,Sport Recife,Athletic Club,1,1,79,,substitution,,True,,,Marlon,B. Fonseca,,,,
brasileirao_serie_b_2026,2026-06-11,12,Sport Recife,Athletic Club,1,1,83,,substitution,,False,,,Jota,G. Cabezas,,,,
brasileirao_serie_b_2026,2026-06-11,12,Sport Recife,Athletic Club,1,1,83,,substitution,,False,,,G. Moyses,Ian Luccas,,,,
brasileirao_serie_b_2026,2026-06-11,12,Sport Recife,Athletic Club,1,1,86,,substitution,,True,,,Max,C. Barletta,,,,
brasileirao_serie_b_2026,2026-06-11,12,Sport Recife,Athletic Club,1,1,86,,substitution,,True,,,Zé Gabriel,P. Victor,,,,
brasileirao_serie_b_2026,2026-06-11,12,Sport Recife,Athletic Club,1,1,90,,period,,,,,,,FT,,1,1
brasileirao_serie_b_2026,2026-06-11,12,Sport Recife,Athletic Club,1,1,90,,injuryTime,,,,,,,,6,,
brasileirao_serie_b_2026,2026-06-12,13,Atlético Goianiense,Clube De Regatas Brasil,3,3,1,,goal,Mikael,False,,,,,,,0,1
brasileirao_serie_b_2026,2026-06-12,13,Atlético Goianiense,Clube De Regatas Brasil,3,3,12,,card,Danielzinho,False,yellow,,,,,,,
brasileirao_serie_b_2026,2026-06-12,13,Atlético Goianiense,Clube De Regatas Brasil,3,3,21,,substitution,,True,,,L. Vilela,Indio,,,,
brasileirao_serie_b_2026,2026-06-12,13,Atlético Goianiense,Clube De Regatas Brasil,3,3,31,,goal,Mikael,False,,,,,,,0,3
brasileirao_serie_b_2026,2026-06-12,13,Atlético Goianiense,Clube De Regatas Brasil,3,3,38,,card,P. Vítor,True,yellow,,,,,,,
brasileirao_serie_b_2026,2026-06-12,13,Atlético Goianiense,Clube De Regatas Brasil,3,3,4,,substitution,,False,,,P. De Lucca,D. Hereda,,,,
brasileirao_serie_b_2026,2026-06-12,13,Atlético Goianiense,Clube De Regatas Brasil,3,3,45,,period,,,,,,,HT,,0,3
brasileirao_serie_b_2026,2026-06-12,13,Atlético Goianiense,Clube De Regatas Brasil,3,3,45,5,card,Thiaguinho,False,yellow,,,,,,,
brasileirao_serie_b_2026,2026-06-12,13,Atlético Goianiense,Clube De Regatas Brasil,3,3,45,,injuryTime,,,,,,,,5,,
brasileirao_serie_b_2026,2026-06-12,13,Atlético Goianiense,Clube De Regatas Brasil,3,3,46,,substitution,,False,,,Luizão,Danielzinho,,,,
brasileirao_serie_b_2026,2026-06-12,13,Atlético Goianiense,Clube De Regatas Brasil,3,3,46,,substitution,,True,,,B. José,G. Lopes,,,,
brasileirao_serie_b_2026,2026-06-12,13,Atlético Goianiense,Clube De Regatas Brasil,3,3,50,,card,Luizão,False,yellow,,,,,,,
brasileirao_serie_b_2026,2026-06-12,13,Atlético Goianiense,Clube De Regatas Brasil,3,3,53,,card,B. José,True,yellow,,,,,,,
brasileirao_serie_b_2026,2026-06-12,13,Atlético Goianiense,Clube De Regatas Brasil,3,3,54,,goal,Gustavo Coutinho,True,,,,,,,1,3
brasileirao_serie_b_2026,2026-06-12,13,Atlético Goianiense,Clube De Regatas Brasil,3,3,59,,varDecision,Gustavo Coutinho,True,,,,,,,,
brasileirao_serie_b_2026,2026-06-12,13,Atlético Goianiense,Clube De Regatas Brasil,3,3,61,,goal,Gustavo Coutinho,True,,,,,,,2,3
brasileirao_serie_b_2026,2026-06-12,13,Atlético Goianiense,Clube De Regatas Brasil,3,3,62,,substitution,,False,,,Reverson,L. Lovat,,,,
brasileirao_serie_b_2026,2026-06-12,13,Atlético Goianiense,Clube De Regatas Brasil,3,3,67,,substitution,,False,,,Guilherme Pato,Thiaguinho,,,,
brasileirao_serie_b_2026,2026-06-12,13,Atlético Goianiense,Clube De Regatas Brasil,3,3,67,,substitution,,False,,,L. Phellype,Mikael,,,,
brasileirao_serie_b_2026,2026-06-12,13,Atlético Goianiense,Clube De Regatas Brasil,3,3,7,,goal,Thiaguinho,False,,,,,,,0,2
brasileirao_serie_b_2026,2026-06-12,13,Atlético Goianiense,Clube De Regatas Brasil,3,3,71,,substitution,,True,,,I. Henrique,Cristiano,,,,
brasileirao_serie_b_2026,2026-06-12,13,Atlético Goianiense,Clube De Regatas Brasil,3,3,79,,substitution,,True,,,F. Guimarães,Ewerthon,,,,
brasileirao_serie_b_2026,2026-06-12,13,Atlético Goianiense,Clube De Regatas Brasil,3,3,79,,substitution,,True,,,L. Jacó,Marrony,,,,
brasileirao_serie_b_2026,2026-06-12,13,Atlético Goianiense,Clube De Regatas Brasil,3,3,80,,card,Guilherme Pato,False,yellow,,,,,,,
brasileirao_serie_b_2026,2026-06-12,13,Atlético Goianiense,Clube De Regatas Brasil,3,3,81,,card,Gustavo Coutinho,True,yellow,,,,,,,
brasileirao_serie_b_2026,2026-06-12,13,Atlético Goianiense,Clube De Regatas Brasil,3,3,86,,goal,L. Jacó,True,,,,,,,3,3
brasileirao_serie_b_2026,2026-06-12,13,Atlético Goianiense,Clube De Regatas Brasil,3,3,86,,varDecision,D. Belmonte,False,,,,,,,,
brasileirao_serie_b_2026,2026-06-12,13,Atlético Goianiense,Clube De Regatas Brasil,3,3,90,,period,,,,,,,FT,,3,3
brasileirao_serie_b_2026,2026-06-12,13,Atlético Goianiense,Clube De Regatas Brasil,3,3,90,,injuryTime,,,,,,,,7,,
brasileirao_serie_b_2026,2026-06-14,13,Athletic Club,Goiás,1,1,24,,card,Luiz Felipe,False,yellow,,,,,,,
brasileirao_serie_b_2026,2026-06-14,13,Athletic Club,Goiás,1,1,25,,card,L. R. M. Costa,False,yellow,,,,,,,
brasileirao_serie_b_2026,2026-06-14,13,Athletic Club,Goiás,1,1,25,,card,Max,True,yellow,,,,,,,
brasileirao_serie_b_2026,2026-06-14,13,Athletic Club,Goiás,1,1,37,,card,Djalma,False,yellow,,,,,,,
brasileirao_serie_b_2026,2026-06-14,13,Athletic Club,Goiás,1,1,38,,card,Zeca,True,yellow,,,,,,,
brasileirao_serie_b_2026,2026-06-14,13,Athletic Club,Goiás,1,1,45,,period,,,,,,,HT,,0,1
brasileirao_serie_b_2026,2026-06-14,13,Athletic Club,Goiás,1,1,45,3,goal,E. García,False,,,,,,,0,1
brasileirao_serie_b_2026,2026-06-14,13,Athletic Club,Goiás,1,1,45,,injuryTime,,,,,,,,3,,
brasileirao_serie_b_2026,2026-06-14,13,Athletic Club,Goiás,1,1,53,,card,Jhonathan,True,yellow,,,,,,,
brasileirao_serie_b_2026,2026-06-14,13,Athletic Club,Goiás,1,1,57,,substitution,,True,,,G. Moyses,Zeca,,,,
brasileirao_serie_b_2026,2026-06-14,13,Athletic Club,Goiás,1,1,57,,substitution,,True,,,Bruninho,D. Vera,,,,
brasileirao_serie_b_2026,2026-06-14,13,Athletic Club,Goiás,1,1,57,,substitution,,True,,,M. Henrique,Jhonathan,,,,
brasileirao_serie_b_2026,2026-06-14,13,Athletic Club,Goiás,1,1,61,,substitution,,False,,,J. Carlos,E. García,,,,
brasileirao_serie_b_2026,2026-06-14,13,Athletic Club,Goiás,1,1,64,,substitution,,True,,,Gustavinho,Max,,,,
brasileirao_serie_b_2026,2026-06-14,13,Athletic Club,Goiás,1,1,67,,goal,K. Rodrigues,True,,,,,,,1,1
brasileirao_serie_b_2026,2026-06-14,13,Athletic Club,Goiás,1,1,70,,substitution,,False,,,A. Ramon,L. Lima,,,,
brasileirao_serie_b_2026,2026-06-14,13,Athletic Club,Goiás,1,1,71,,substitution,,False,,,Brayann,Juninho,,,,
brasileirao_serie_b_2026,2026-06-14,13,Athletic Club,Goiás,1,1,75,,varDecision,Jota,True,,,,,,,,
brasileirao_serie_b_2026,2026-06-14,13,Athletic Club,Goiás,1,1,77,,card,Jota,True,red,,,,,,,
brasileirao_serie_b_2026,2026-06-14,13,Athletic Club,Goiás,1,1,78,,substitution,,True,,,F. Vieira,Bruninho,,,,
brasileirao_serie_b_2026,2026-06-14,13,Athletic Club,Goiás,1,1,80,,substitution,,False,,,Halerrandrio,Kadu,,,,
brasileirao_serie_b_2026,2026-06-14,13,Athletic Club,Goiás,1,1,80,,substitution,,False,,,R. Soares,Diego Caito,,,,
brasileirao_serie_b_2026,2026-06-14,13,Athletic Club,Goiás,1,1,90,,period,,,,,,,FT,,1,1
brasileirao_serie_b_2026,2026-06-14,13,Athletic Club,Goiás,1,1,90,3,card,Ian Luccas,True,yellow,,,,,,,
brasileirao_serie_b_2026,2026-06-14,13,Athletic Club,Goiás,1,1,90,,injuryTime,,,,,,,,6,,
brasileirao_serie_b_2026,2026-06-14,13,Botafogo-SP,Operário-PR,2,1,15,,card,M. Sales,True,yellow,,,,,,,
brasileirao_serie_b_2026,2026-06-14,13,Botafogo-SP,Operário-PR,2,1,21,,card,Thiaguinho,True,yellow,,,,,,,
brasileirao_serie_b_2026,2026-06-14,13,Botafogo-SP,Operário-PR,2,1,23,,card,W. Klaus,False,yellow,,,,,,,
brasileirao_serie_b_2026,2026-06-14,13,Botafogo-SP,Operário-PR,2,1,36,,card,G. Boschilia,False,yellow,,,,,,,
brasileirao_serie_b_2026,2026-06-14,13,Botafogo-SP,Operário-PR,2,1,44,,card,F. Vieira,True,yellow,,,,,,,
brasileirao_serie_b_2026,2026-06-14,13,Botafogo-SP,Operário-PR,2,1,45,,period,,,,,,,HT,,0,1
brasileirao_serie_b_2026,2026-06-14,13,Botafogo-SP,Operário-PR,2,1,45,6,goal,G. Boschilia,False,,,,,,,0,1
brasileirao_serie_b_2026,2026-06-14,13,Botafogo-SP,Operário-PR,2,1,45,,varDecision,H. Pereira,False,,,,,,,,
brasileirao_serie_b_2026,2026-06-14,13,Botafogo-SP,Operário-PR,2,1,45,,injuryTime,,,,,,,,9,,
brasileirao_serie_b_2026,2026-06-14,13,Botafogo-SP,Operário-PR,2,1,46,,substitution,,False,,,Maguinho,Mikael,,,,
brasileirao_serie_b_2026,2026-06-14,13,Botafogo-SP,Operário-PR,2,1,46,,substitution,,True,,,W. Pinheiro,Thiaguinho,,,,
brasileirao_serie_b_2026,2026-06-14,13,Botafogo-SP,Operário-PR,2,1,62,,substitution,,True,,,Yuri,M. Sales,,,,
brasileirao_serie_b_2026,2026-06-14,13,Botafogo-SP,Operário-PR,2,1,62,,substitution,,True,,,R. Gava,Arthur Caíke,,,,
brasileirao_serie_b_2026,2026-06-14,13,Botafogo-SP,Operário-PR,2,1,62,,substitution,,True,,,J. Nem,Z. Hugo,,,,
brasileirao_serie_b_2026,2026-06-14,13,Botafogo-SP,Operário-PR,2,1,65,,goal,Hygor,True,,,,,,,1,1
brasileirao_serie_b_2026,2026-06-14,13,Botafogo-SP,Operário-PR,2,1,68,,substitution,,False,,,N. Paraíba,H. Pereira,,,,
brasileirao_serie_b_2026,2026-06-14,13,Botafogo-SP,Operário-PR,2,1,73,,varDecision,Maguinho,False,,,,,,,,
brasileirao_serie_b_2026,2026-06-14,13,Botafogo-SP,Operário-PR,2,1,75,,card,Maguinho,False,yellow,,,,,,,
brasileirao_serie_b_2026,2026-06-14,13,Botafogo-SP,Operário-PR,2,1,81,,goal,Hygor,True,,,,,,,2,1
brasileirao_serie_b_2026,2026-06-14,13,Botafogo-SP,Operário-PR,2,1,83,,substitution,,False,,,C. Dantas,Pablo,,,,
brasileirao_serie_b_2026,2026-06-14,13,Botafogo-SP,Operário-PR,2,1,83,,substitution,,False,,,P. Vilhena,V. D. D. Antonia,,,,
brasileirao_serie_b_2026,2026-06-14,13,Botafogo-SP,Operário-PR,2,1,83,,substitution,,False,,,F. Augusto,Moraes Júnior,,,,
brasileirao_serie_b_2026,2026-06-14,13,Botafogo-SP,Operário-PR,2,1,90,,period,,,,,,,FT,,2,1
brasileirao_serie_b_2026,2026-06-14,13,Botafogo-SP,Operário-PR,2,1,90,3,substitution,,True,,,Badaró,Hygor,,,,
brasileirao_serie_b_2026,2026-06-14,13,Botafogo-SP,Operário-PR,2,1,90,,card,E. Morelli,True,yellow,,,,,,,
brasileirao_serie_b_2026,2026-06-14,13,Botafogo-SP,Operário-PR,2,1,90,,injuryTime,,,,,,,,8,,
brasileirao_serie_b_2026,2026-06-14,13,Cuiabá,Vila Nova FC,1,0,45,,period,,,,,,,HT,,0,0
brasileirao_serie_b_2026,2026-06-14,13,Cuiabá,Vila Nova FC,1,0,45,,injuryTime,,,,,,,,5,,
brasileirao_serie_b_2026,2026-06-14,13,Cuiabá,Vila Nova FC,1,0,46,,substitution,,False,,,C. Marcelo,T. Pagnussat,,,,
brasileirao_serie_b_2026,2026-06-14,13,Cuiabá,Vila Nova FC,1,0,46,,substitution,,True,,,K. Cristtyan,R. Rodrigues,,,,
brasileirao_serie_b_2026,2026-06-14,13,Cuiabá,Vila Nova FC,1,0,58,,substitution,,True,,,Luisão,L. Otavio,,,,
brasileirao_serie_b_2026,2026-06-14,13,Cuiabá,Vila Nova FC,1,0,58,,substitution,,True,,,M. Criciuma,V. Peixoto,,,,
brasileirao_serie_b_2026,2026-06-14,13,Cuiabá,Vila Nova FC,1,0,66,,substitution,,False,,,Hayner,Dodô,,,,
brasileirao_serie_b_2026,2026-06-14,13,Cuiabá,Vila Nova FC,1,0,66,,substitution,,False,,,Dellatorre,A. Luís,,,,
brasileirao_serie_b_2026,2026-06-14,13,Cuiabá,Vila Nova FC,1,0,66,,substitution,,False,,,Emerson Urso,Janderson,,,,
brasileirao_serie_b_2026,2026-06-14,13,Cuiabá,Vila Nova FC,1,0,68,,substitution,,True,,,V. Hugo,Pepê,,,,
brasileirao_serie_b_2026,2026-06-14,13,Cuiabá,Vila Nova FC,1,0,84,,card,J. Vieira,False,yellow,,,,,,,
brasileirao_serie_b_2026,2026-06-14,13,Cuiabá,Vila Nova FC,1,0,84,,substitution,,False,,,B. Xavier,R. Lima,,,,
brasileirao_serie_b_2026,2026-06-14,13,Cuiabá,Vila Nova FC,1,0,84,,substitution,,True,,,M. Júnior,Railan,,,,
brasileirao_serie_b_2026,2026-06-14,13,Cuiabá,Vila Nova FC,1,0,90,,period,,,,,,,FT,,1,0
brasileirao_serie_b_2026,2026-06-14,13,Cuiabá,Vila Nova FC,1,0,90,8,card,M. Júnior,True,yellow,,,,,,,
brasileirao_serie_b_2026,2026-06-14,13,Cuiabá,Vila Nova FC,1,0,90,2,goal,C. Costa,True,,,,,,,1,0
brasileirao_serie_b_2026,2026-06-14,13,Cuiabá,Vila Nova FC,1,0,90,,injuryTime,,,,,,,,7,,
brasileirao_serie_b_2026,2026-06-14,13,Grêmio Novorizontino,Náutico,2,2,11,,card,Betão,False,yellow,,,,,,,
brasileirao_serie_b_2026,2026-06-14,13,Grêmio Novorizontino,Náutico,2,2,16,,varDecision,Robson,True,,,,,,,,
brasileirao_serie_b_2026,2026-06-14,13,Grêmio Novorizontino,Náutico,2,2,29,,card,M. Bianqui,True,yellow,,,,,,,
brasileirao_serie_b_2026,2026-06-14,13,Grêmio Novorizontino,Náutico,2,2,31,,goal,Dodô,False,,,,,,,0,1
brasileirao_serie_b_2026,2026-06-14,13,Grêmio Novorizontino,Náutico,2,2,39,,card,Reginaldo,False,yellow,,,,,,,
brasileirao_serie_b_2026,2026-06-14,13,Grêmio Novorizontino,Náutico,2,2,45,,period,,,,,,,HT,,0,1
brasileirao_serie_b_2026,2026-06-14,13,Grêmio Novorizontino,Náutico,2,2,45,,injuryTime,,,,,,,,6,,
brasileirao_serie_b_2026,2026-06-14,13,Grêmio Novorizontino,Náutico,2,2,46,,substitution,,True,,,Luís Oyama,M. Bianqui,,,,
brasileirao_serie_b_2026,2026-06-14,13,Grêmio Novorizontino,Náutico,2,2,46,,substitution,,True,,,Juninho,D. Galo,,,,
brasileirao_serie_b_2026,2026-06-14,13,Grêmio Novorizontino,Náutico,2,2,63,,substitution,,True,,,Carlão,Vinicius Paiva,,,,
brasileirao_serie_b_2026,2026-06-14,13,Grêmio Novorizontino,Náutico,2,2,66,,substitution,,False,,,Todinho,V. Andrade,,,,
brasileirao_serie_b_2026,2026-06-14,13,Grêmio Novorizontino,Náutico,2,2,66,,substitution,,False,,,M. Ribeiro,Reginaldo,,,,
brasileirao_serie_b_2026,2026-06-14,13,Grêmio Novorizontino,Náutico,2,2,67,,goal,Juninho,True,,,,,,,1,1
brasileirao_serie_b_2026,2026-06-14,13,Grêmio Novorizontino,Náutico,2,2,71,,substitution,,False,,,L. Felipe,Leonai,,,,
brasileirao_serie_b_2026,2026-06-14,13,Grêmio Novorizontino,Náutico,2,2,74,,card,Jordi,True,yellow,,,,,,,
brasileirao_serie_b_2026,2026-06-14,13,Grêmio Novorizontino,Náutico,2,2,76,,goal,Dodô,False,,,,,,,1,2
brasileirao_serie_b_2026,2026-06-14,13,Grêmio Novorizontino,Náutico,2,2,79,,goal,Robson,True,,,,,,,2,2
brasileirao_serie_b_2026,2026-06-14,13,Grêmio Novorizontino,Náutico,2,2,86,,substitution,,True,,,Alemão,N. Castrillón,,,,
brasileirao_serie_b_2026,2026-06-14,13,Grêmio Novorizontino,Náutico,2,2,86,,substitution,,False,,,Arnaldo,I. Fernandes,,,,
brasileirao_serie_b_2026,2026-06-14,13,Grêmio Novorizontino,Náutico,2,2,86,,substitution,,False,,,F. Saraiva,Todinho,,,,
brasileirao_serie_b_2026,2026-06-14,13,Grêmio Novorizontino,Náutico,2,2,88,,substitution,,True,,,Tavinho,Rômulo,,,,
brasileirao_serie_b_2026,2026-06-14,13,Grêmio Novorizontino,Náutico,2,2,90,,period,,,,,,,FT,,2,2
brasileirao_serie_b_2026,2026-06-14,13,Grêmio Novorizontino,Náutico,2,2,90,5,card,Derek,False,yellow,,,,,,,
brasileirao_serie_b_2026,2026-06-14,13,Grêmio Novorizontino,Náutico,2,2,90,3,card,Juninho,True,yellow,,,,,,,
brasileirao_serie_b_2026,2026-06-14,13,Grêmio Novorizontino,Náutico,2,2,90,,injuryTime,,,,,,,,7,,
brasileirao_serie_b_2026,2026-06-14,13,Juventude,Ponte Preta,3,0,14,,goal,M. Paulo,True,,,,,,,1,0
brasileirao_serie_b_2026,2026-06-14,13,Juventude,Ponte Preta,3,0,30,,goal,M. Paulo,True,,,,,,,2,0
brasileirao_serie_b_2026,2026-06-14,13,Juventude,Ponte Preta,3,0,38,,varDecision,L. Mineiro,True,,,,,,,,
brasileirao_serie_b_2026,2026-06-14,13,Juventude,Ponte Preta,3,0,41,,card,S. Palacios,False,yellow,,,,,,,
brasileirao_serie_b_2026,2026-06-14,13,Juventude,Ponte Preta,3,0,45,,period,,,,,,,HT,,2,0
brasileirao_serie_b_2026,2026-06-14,13,Juventude,Ponte Preta,3,0,45,,injuryTime,,,,,,,,5,,
brasileirao_serie_b_2026,2026-06-14,13,Juventude,Ponte Preta,3,0,46,,substitution,,False,,,Kevyson,Brandão,,,,
brasileirao_serie_b_2026,2026-06-14,13,Juventude,Ponte Preta,3,0,46,,substitution,,False,,,Miguel,David,,,,
brasileirao_serie_b_2026,2026-06-14,13,Juventude,Ponte Preta,3,0,48,,card,M. Paulo,True,yellow,,,,,,,
brasileirao_serie_b_2026,2026-06-14,13,Juventude,Ponte Preta,3,0,53,,goal,F. Lima,True,,,,,,,3,0
brasileirao_serie_b_2026,2026-06-14,13,Juventude,Ponte Preta,3,0,57,,substitution,,False,,,Julio,Thalys,,,,
brasileirao_serie_b_2026,2026-06-14,13,Juventude,Ponte Preta,3,0,57,,substitution,,True,,,L. M. Gonçalves,L. Mineiro,,,,
brasileirao_serie_b_2026,2026-06-14,13,Juventude,Ponte Preta,3,0,57,,substitution,,True,,,Titi,M. Paulo,,,,
brasileirao_serie_b_2026,2026-06-14,13,Juventude,Ponte Preta,3,0,62,,card,Julio,False,yellow,,,,,,,
brasileirao_serie_b_2026,2026-06-14,13,Juventude,Ponte Preta,3,0,63,,substitution,,False,,,G. Telles,Léo Gomes,,,,
brasileirao_serie_b_2026,2026-06-14,13,Juventude,Ponte Preta,3,0,65,,card,S. Palacios,False,yellowRed,,,,,,,
brasileirao_serie_b_2026,2026-06-14,13,Juventude,Ponte Preta,3,0,67,,substitution,,True,,,L. Mandaca,A. Safira,,,,
brasileirao_serie_b_2026,2026-06-14,13,Juventude,Ponte Preta,3,0,67,,substitution,,True,,,Patryck,D. Barbosa,,,,
brasileirao_serie_b_2026,2026-06-14,13,Juventude,Ponte Preta,3,0,70,,substitution,,False,,,Jonathan Cafú,D. Tavares,,,,
brasileirao_serie_b_2026,2026-06-14,13,Juventude,Ponte Preta,3,0,78,,substitution,,True,,,R. Breno,Raí,,,,
brasileirao_serie_b_2026,2026-06-14,13,Juventude,Ponte Preta,3,0,90,,period,,,,,,,FT,,3,0
brasileirao_serie_b_2026,2026-06-14,13,Juventude,Ponte Preta,3,0,90,,injuryTime,,,,,,,,3,,
brasileirao_serie_b_2026,2026-06-14,13,São Bernardo,Sport Recife,0,0,45,,period,,,,,,,HT,,0,0
brasileirao_serie_b_2026,2026-06-14,13,São Bernardo,Sport Recife,0,0,45,,card,Jemerson,True,yellow,,,,,,,
brasileirao_serie_b_2026,2026-06-14,13,São Bernardo,Sport Recife,0,0,46,,substitution,,True,,,D. Amorim,F. Garcia,,,,
brasileirao_serie_b_2026,2026-06-14,13,São Bernardo,Sport Recife,0,0,49,,card,Jemerson,True,yellowRed,,,,,,,
brasileirao_serie_b_2026,2026-06-14,13,São Bernardo,Sport Recife,0,0,50,,substitution,,True,,,Luizão,Echaporã,,,,
brasileirao_serie_b_2026,2026-06-14,13,São Bernardo,Sport Recife,0,0,58,,card,Madson,False,yellow,,,,,,,
brasileirao_serie_b_2026,2026-06-14,13,São Bernardo,Sport Recife,0,0,62,,substitution,,False,,,A. Pucci,Madson,,,,
brasileirao_serie_b_2026,2026-06-14,13,São Bernardo,Sport Recife,0,0,62,,substitution,,False,,,Marlon,Zé Lucas,,,,
brasileirao_serie_b_2026,2026-06-14,13,São Bernardo,Sport Recife,0,0,63,,substitution,,True,,,Hugo,Romisson,,,,
brasileirao_serie_b_2026,2026-06-14,13,São Bernardo,Sport Recife,0,0,72,,substitution,,True,,,D. D. S. Roque,D. Miraíma,,,,
brasileirao_serie_b_2026,2026-06-14,13,São Bernardo,Sport Recife,0,0,73,,substitution,,True,,,W. Manzoli,P. Vitor,,,,
brasileirao_serie_b_2026,2026-06-14,13,São Bernardo,Sport Recife,0,0,75,,substitution,,False,,,Carlos De Pena,B. Fonseca,,,,
brasileirao_serie_b_2026,2026-06-14,13,São Bernardo,Sport Recife,0,0,80,,card,Marlon,False,yellow,,,,,,,
brasileirao_serie_b_2026,2026-06-14,13,São Bernardo,Sport Recife,0,0,84,,substitution,,False,,,E. Lucas,Felipinho,,,,
brasileirao_serie_b_2026,2026-06-14,13,São Bernardo,Sport Recife,0,0,90,,period,,,,,,,FT,,0,0
brasileirao_serie_b_2026,2026-06-14,13,São Bernardo,Sport Recife,0,0,90,6,card,I. Castilho,False,yellow,,,,,,,
brasileirao_serie_b_2026,2026-06-16,13,Criciúma,Ceará,1,1,20,,substitution,,False,,,Richardson,Júlio César,,,,
brasileirao_serie_b_2026,2026-06-16,13,Criciúma,Ceará,1,1,24,,goal,F. Mateus,True,,,,,,,1,0
brasileirao_serie_b_2026,2026-06-16,13,Criciúma,Ceará,1,1,45,,period,,,,,,,HT,,1,0
brasileirao_serie_b_2026,2026-06-16,13,Criciúma,Ceará,1,1,45,,injuryTime,,,,,,,,3,,
brasileirao_serie_b_2026,2026-06-16,13,Criciúma,Ceará,1,1,60,,substitution,,False,,,L. Holanda,G. Amaral,,,,
brasileirao_serie_b_2026,2026-06-16,13,Criciúma,Ceará,1,1,60,,substitution,,False,,,Matheusinho,Fernando,,,,
brasileirao_serie_b_2026,2026-06-16,13,Criciúma,Ceará,1,1,61,,substitution,,True,,,Cauê,Waguininho,,,,
brasileirao_serie_b_2026,2026-06-16,13,Criciúma,Ceará,1,1,62,,substitution,,True,,,Diego Gonçalves,R. Otero,,,,
brasileirao_serie_b_2026,2026-06-16,13,Criciúma,Ceará,1,1,76,,substitution,,False,,,P. Esli,P. Gilmar,,,,
brasileirao_serie_b_2026,2026-06-16,13,Criciúma,Ceará,1,1,76,,substitution,,False,,,E. Lodovico,Rafael Ramos,,,,
brasileirao_serie_b_2026,2026-06-16,13,Criciúma,Ceará,1,1,79,,substitution,,True,,,T. R. S. Modesto,F. Mateus,,,,
brasileirao_serie_b_2026,2026-06-16,13,Criciúma,Ceará,1,1,80,,goal,J. Gabriel,False,,,,,,,1,1
brasileirao_serie_b_2026,2026-06-16,13,Criciúma,Ceará,1,1,86,,substitution,,True,,,Nicolas,E. Biasi,,,,
brasileirao_serie_b_2026,2026-06-16,13,Criciúma,Ceará,1,1,87,,substitution,,True,,,J. Robert,B. Alves,,,,
brasileirao_serie_b_2026,2026-06-16,13,Criciúma,Ceará,1,1,90,,period,,,,,,,FT,,1,1
brasileirao_serie_b_2026,2026-06-16,13,Criciúma,Ceará,1,1,90,,varDecision,Cauê,True,,,,,,,,
brasileirao_serie_b_2026,2026-06-16,13,Criciúma,Ceará,1,1,90,,injuryTime,,,,,,,,5,,
brasileirao_serie_b_2026,2026-06-16,13,Fortaleza,América Mineiro,0,3,0,,card,T. Carpini,True,yellow,Argument,,,,,,
brasileirao_serie_b_2026,2026-06-16,13,Fortaleza,América Mineiro,0,3,30,,goal,Matías Segovia,False,,,,,,,0,1
brasileirao_serie_b_2026,2026-06-16,13,Fortaleza,América Mineiro,0,3,44,,goal,G. Barros,False,,,,,,,0,2
brasileirao_serie_b_2026,2026-06-16,13,Fortaleza,América Mineiro,0,3,45,,period,,,,,,,HT,,0,2
brasileirao_serie_b_2026,2026-06-16,13,Fortaleza,América Mineiro,0,3,45,,injuryTime,,,,,,,,5,,
brasileirao_serie_b_2026,2026-06-16,13,Fortaleza,América Mineiro,0,3,46,,substitution,,True,,,L. Emanoel,K. Rocha,,,,
brasileirao_serie_b_2026,2026-06-16,13,Fortaleza,América Mineiro,0,3,46,,substitution,,True,,,Welliton,R. Santos,,,,
brasileirao_serie_b_2026,2026-06-16,13,Fortaleza,América Mineiro,0,3,59,,substitution,,True,,,M. Lima,Maílton,,,,
brasileirao_serie_b_2026,2026-06-16,13,Fortaleza,América Mineiro,0,3,59,,substitution,,True,,,T. Pochettino,L. Crispim,,,,
brasileirao_serie_b_2026,2026-06-16,13,Fortaleza,América Mineiro,0,3,62,,substitution,,False,,,Alê,E. Person,,,,
brasileirao_serie_b_2026,2026-06-16,13,Fortaleza,América Mineiro,0,3,62,,substitution,,False,,,P. Victor,Everton,,,,
brasileirao_serie_b_2026,2026-06-16,13,Fortaleza,América Mineiro,0,3,66,,substitution,,False,,,Y. Souza,G. Barros,,,,
brasileirao_serie_b_2026,2026-06-16,13,Fortaleza,América Mineiro,0,3,75,,card,Gustavo,False,yellow,Time wasting,,,,,,
brasileirao_serie_b_2026,2026-06-16,13,Fortaleza,América Mineiro,0,3,79,,substitution,,True,,,L. Prior,Vitinho,,,,
brasileirao_serie_b_2026,2026-06-16,13,Fortaleza,América Mineiro,0,3,84,,substitution,,False,,,W. Bigode,G. Mastriani,,,,
brasileirao_serie_b_2026,2026-06-16,13,Fortaleza,América Mineiro,0,3,84,,substitution,,False,,,E. Santos,J. R. Jiménez,,,,
brasileirao_serie_b_2026,2026-06-16,13,Fortaleza,América Mineiro,0,3,87,,card,Manoel,False,yellow,Foul,,,,,,
brasileirao_serie_b_2026,2026-06-16,13,Fortaleza,América Mineiro,0,3,90,,period,,,,,,,FT,,0,3
brasileirao_serie_b_2026,2026-06-16,13,Fortaleza,América Mineiro,0,3,90,10,goal,W. Bigode,False,,,,,,,0,3
brasileirao_serie_b_2026,2026-06-16,13,Fortaleza,América Mineiro,0,3,90,3,card,L. Emanoel,True,yellow,Foul,,,,,,
brasileirao_serie_b_2026,2026-06-16,13,Fortaleza,América Mineiro,0,3,90,,injuryTime,,,,,,,,8,,
brasileirao_serie_b_2026,2026-06-16,13,Londrina,Avaí,3,2,14,,card,P. Vitor,False,yellow,,,,,,,
brasileirao_serie_b_2026,2026-06-16,13,Londrina,Avaí,3,2,17,,substitution,,False,,,T. Roberth,D. Penha,,,,
brasileirao_serie_b_2026,2026-06-16,13,Londrina,Avaí,3,2,32,,goal,A. Luiz,True,,,,,,,1,0
brasileirao_serie_b_2026,2026-06-16,13,Londrina,Avaí,3,2,44,,substitution,,False,,,Igor,L. Aragão,,,,
brasileirao_serie_b_2026,2026-06-16,13,Londrina,Avaí,3,2,45,,period,,,,,,,HT,,1,1
brasileirao_serie_b_2026,2026-06-16,13,Londrina,Avaí,3,2,45,4,goal,T. Roberth,False,,,,,,,1,1
brasileirao_serie_b_2026,2026-06-16,13,Londrina,Avaí,3,2,45,,injuryTime,,,,,,,,4,,
brasileirao_serie_b_2026,2026-06-16,13,Londrina,Avaí,3,2,46,,goal,L. Henrique,True,,,,,,,2,1
brasileirao_serie_b_2026,2026-06-16,13,Londrina,Avaí,3,2,46,,substitution,,False,,,Del Piage,P. Vitor,,,,
brasileirao_serie_b_2026,2026-06-16,13,Londrina,Avaí,3,2,46,,substitution,,True,,,Murilo,J. Tavares,,,,
brasileirao_serie_b_2026,2026-06-16,13,Londrina,Avaí,3,2,49,,card,K. Leonardo,True,yellow,,,,,,,
brasileirao_serie_b_2026,2026-06-16,13,Londrina,Avaí,3,2,52,,substitution,,True,,,A. Cardoso,L. Marques,,,,
brasileirao_serie_b_2026,2026-06-16,13,Londrina,Avaí,3,2,60,,card,D. Teixeira,False,yellow,,,,,,,
brasileirao_serie_b_2026,2026-06-16,13,Londrina,Avaí,3,2,64,,goal,T. Roberth,False,,,,,,,2,2
brasileirao_serie_b_2026,2026-06-16,13,Londrina,Avaí,3,2,67,,substitution,,True,,,P. Moccelin,Vitinho,,,,
brasileirao_serie_b_2026,2026-06-16,13,Londrina,Avaí,3,2,78,,substitution,,False,,,Wenderson,D. Teixeira,,,,
brasileirao_serie_b_2026,2026-06-16,13,Londrina,Avaí,3,2,78,,substitution,,False,,,W. Fernando,L. Henrique,,,,
brasileirao_serie_b_2026,2026-06-16,13,Londrina,Avaí,3,2,81,,substitution,,True,,,E. Rodriguez,A. Luiz,,,,
brasileirao_serie_b_2026,2026-06-16,13,Londrina,Avaí,3,2,85,,goal,B. Santos,True,,,,,,,3,2
brasileirao_serie_b_2026,2026-06-16,13,Londrina,Avaí,3,2,9,,card,J. Tavares,True,yellow,,,,,,,
brasileirao_serie_b_2026,2026-06-16,13,Londrina,Avaí,3,2,90,,period,,,,,,,FT,,3,2
brasileirao_serie_b_2026,2026-06-16,13,Londrina,Avaí,3,2,90,,injuryTime,,,,,,,,6,,
brasileirao_serie_b_2026,2026-06-19,14,Sport Recife,Atlético Goianiense,1,1,25,,goal,Perotti,True,,,,,,,1,0
brasileirao_serie_b_2026,2026-06-19,14,Sport Recife,Atlético Goianiense,1,1,40,,card,A. Pucci,True,yellow,,,,,,,
brasileirao_serie_b_2026,2026-06-19,14,Sport Recife,Atlético Goianiense,1,1,45,,period,,,,,,,HT,,1,0
brasileirao_serie_b_2026,2026-06-19,14,Sport Recife,Atlético Goianiense,1,1,45,,injuryTime,,,,,,,,2,,
brasileirao_serie_b_2026,2026-06-19,14,Sport Recife,Atlético Goianiense,1,1,46,,substitution,,False,,,L. Jacó,L. Vilela,,,,
brasileirao_serie_b_2026,2026-06-19,14,Sport Recife,Atlético Goianiense,1,1,58,,substitution,,True,,,Marlon,A. Pucci,,,,
brasileirao_serie_b_2026,2026-06-19,14,Sport Recife,Atlético Goianiense,1,1,63,,substitution,,False,,,F. Guimarães,B. José,,,,
brasileirao_serie_b_2026,2026-06-19,14,Sport Recife,Atlético Goianiense,1,1,70,,substitution,,True,,,Carlos De Pena,I. Castilho,,,,
brasileirao_serie_b_2026,2026-06-19,14,Sport Recife,Atlético Goianiense,1,1,70,,substitution,,True,,,P. Victor,Zé Lucas,,,,
brasileirao_serie_b_2026,2026-06-19,14,Sport Recife,Atlético Goianiense,1,1,79,,substitution,,False,,,K. d. O. Pereira,Marrony,,,,
brasileirao_serie_b_2026,2026-06-19,14,Sport Recife,Atlético Goianiense,1,1,79,,substitution,,False,,,G. D. Pae,Ewerthon,,,,
brasileirao_serie_b_2026,2026-06-19,14,Sport Recife,Atlético Goianiense,1,1,79,,substitution,,True,,,F. Matheus,B. Fonseca,,,,
brasileirao_serie_b_2026,2026-06-19,14,Sport Recife,Atlético Goianiense,1,1,85,,card,Tito,False,yellow,,,,,,,
brasileirao_serie_b_2026,2026-06-19,14,Sport Recife,Atlético Goianiense,1,1,90,,period,,,,,,,FT,,1,1
brasileirao_serie_b_2026,2026-06-19,14,Sport Recife,Atlético Goianiense,1,1,90,5,goal,L. Jacó,False,,,,,,,1,1
brasileirao_serie_b_2026,2026-06-19,14,Sport Recife,Atlético Goianiense,1,1,90,5,card,Carlos De Pena,True,yellow,,,,,,,
brasileirao_serie_b_2026,2026-06-19,14,Sport Recife,Atlético Goianiense,1,1,90,1,substitution,,False,,,Assis,Guilherme Marques,,,,
brasileirao_serie_b_2026,2026-06-19,14,Sport Recife,Atlético Goianiense,1,1,90,,card,Guilherme Marques,False,yellow,,,,,,,
brasileirao_serie_b_2026,2026-06-19,14,Sport Recife,Atlético Goianiense,1,1,90,,injuryTime,,,,,,,,5,,
brasileirao_serie_b_2026,2026-06-20,14,Ceará,Botafogo-SP,0,1,0,,card,C. Tencati,False,yellow,Argument,,,,,,
brasileirao_serie_b_2026,2026-06-20,14,Ceará,Botafogo-SP,0,1,45,,period,,,,,,,HT,,0,0
brasileirao_serie_b_2026,2026-06-20,14,Ceará,Botafogo-SP,0,1,45,,injuryTime,,,,,,,,4,,
brasileirao_serie_b_2026,2026-06-20,14,Ceará,Botafogo-SP,0,1,50,,substitution,,False,,,Pedrinho,Gabriel Inocêncio,,,,
brasileirao_serie_b_2026,2026-06-20,14,Ceará,Botafogo-SP,0,1,54,,substitution,,True,,,E. Lodovico,Rafael Ramos,,,,
brasileirao_serie_b_2026,2026-06-20,14,Ceará,Botafogo-SP,0,1,54,,substitution,,True,,,Sánchez,Fernando,,,,
brasileirao_serie_b_2026,2026-06-20,14,Ceará,Botafogo-SP,0,1,55,,substitution,,True,,,L. Holanda,Wendel,,,,
brasileirao_serie_b_2026,2026-06-20,14,Ceará,Botafogo-SP,0,1,6,,card,Yuri,False,yellow,Foul,,,,,,
brasileirao_serie_b_2026,2026-06-20,14,Ceará,Botafogo-SP,0,1,61,,substitution,,True,,,Matheusinho,M. Araújo,,,,
brasileirao_serie_b_2026,2026-06-20,14,Ceará,Botafogo-SP,0,1,66,,substitution,,False,,,W. Pinheiro,J. Nem,,,,
brasileirao_serie_b_2026,2026-06-20,14,Ceará,Botafogo-SP,0,1,66,,substitution,,False,,,Z. Hugo,Kelvin,,,,
brasileirao_serie_b_2026,2026-06-20,14,Ceará,Botafogo-SP,0,1,67,,substitution,,False,,,Arthur Caíke,Hygor,,,,
brasileirao_serie_b_2026,2026-06-20,14,Ceará,Botafogo-SP,0,1,71,,card,Pedrinho,False,yellow,Foul,,,,,,
brasileirao_serie_b_2026,2026-06-20,14,Ceará,Botafogo-SP,0,1,73,,card,Éder,True,yellow,Foul,,,,,,
brasileirao_serie_b_2026,2026-06-20,14,Ceará,Botafogo-SP,0,1,77,,goal,R. Gava,False,,,,,,,0,1
brasileirao_serie_b_2026,2026-06-20,14,Ceará,Botafogo-SP,0,1,79,,substitution,,True,,,P. Esli,Richardson,,,,
brasileirao_serie_b_2026,2026-06-20,14,Ceará,Botafogo-SP,0,1,83,,substitution,,False,,,E. Rebello,R. Gava,,,,
brasileirao_serie_b_2026,2026-06-20,14,Ceará,Botafogo-SP,0,1,89,,varDecision,Éder,True,,,,,,,,
brasileirao_serie_b_2026,2026-06-20,14,Ceará,Botafogo-SP,0,1,90,,period,,,,,,,FT,,0,1
brasileirao_serie_b_2026,2026-06-20,14,Ceará,Botafogo-SP,0,1,90,5,card,L. Holanda,True,yellow,Argument,,,,,,
brasileirao_serie_b_2026,2026-06-20,14,Ceará,Botafogo-SP,0,1,90,,injuryTime,,,,,,,,9,,
brasileirao_serie_b_2026,2026-06-20,14,Londrina,Athletic Club,2,0,34,,card,Iago,True,yellow,,,,,,,
brasileirao_serie_b_2026,2026-06-20,14,Londrina,Athletic Club,2,0,43,,card,L. Belezi,False,yellow,,,,,,,
brasileirao_serie_b_2026,2026-06-20,14,Londrina,Athletic Club,2,0,45,,period,,,,,,,HT,,0,0
brasileirao_serie_b_2026,2026-06-20,14,Londrina,Athletic Club,2,0,45,,injuryTime,,,,,,,,2,,
brasileirao_serie_b_2026,2026-06-20,14,Londrina,Athletic Club,2,0,46,,substitution,,False,,,Bruninho,Gustavinho,,,,
brasileirao_serie_b_2026,2026-06-20,14,Londrina,Athletic Club,2,0,54,,card,L. Belezi,False,yellowRed,,,,,,,
brasileirao_serie_b_2026,2026-06-20,14,Londrina,Athletic Club,2,0,57,,substitution,,True,,,T. Cantanhede,J. Tavares,,,,
brasileirao_serie_b_2026,2026-06-20,14,Londrina,Athletic Club,2,0,57,,substitution,,False,,,Zeca,Max,,,,
brasileirao_serie_b_2026,2026-06-20,14,Londrina,Athletic Club,2,0,66,,goal,B. Santos,True,,,,,,,1,0
brasileirao_serie_b_2026,2026-06-20,14,Londrina,Athletic Club,2,0,67,,substitution,,True,,,P. Moccelin,Vitinho,,,,
brasileirao_serie_b_2026,2026-06-20,14,Londrina,Athletic Club,2,0,67,,substitution,,True,,,Kevyn,Heron,,,,
brasileirao_serie_b_2026,2026-06-20,14,Londrina,Athletic Club,2,0,69,,substitution,,False,,,G. Moyses,M. Henrique,,,,
brasileirao_serie_b_2026,2026-06-20,14,Londrina,Athletic Club,2,0,69,,substitution,,False,,,Enzo,D. B. d. Souza,,,,
brasileirao_serie_b_2026,2026-06-20,14,Londrina,Athletic Club,2,0,83,,substitution,,True,,,Rafael Monteiro,Iago,,,,
brasileirao_serie_b_2026,2026-06-20,14,Londrina,Athletic Club,2,0,83,,substitution,,True,,,A. Cardoso,L. Marques,,,,
brasileirao_serie_b_2026,2026-06-20,14,Londrina,Athletic Club,2,0,86,,substitution,,False,,,D. Vera,F. Vieira,,,,
brasileirao_serie_b_2026,2026-06-20,14,Londrina,Athletic Club,2,0,90,,period,,,,,,,FT,,2,0
brasileirao_serie_b_2026,2026-06-20,14,Londrina,Athletic Club,2,0,90,7,goal,B. Santos,True,,,,,,,2,0
brasileirao_serie_b_2026,2026-06-20,14,Londrina,Athletic Club,2,0,90,5,card,G. Cabezas,False,yellow,,,,,,,
brasileirao_serie_b_2026,2026-06-20,14,Londrina,Athletic Club,2,0,90,,injuryTime,,,,,,,,5,,
brasileirao_serie_b_2026,2026-06-20,14,Vila Nova FC,Náutico,4,3,16,,card,Mateus Silva,False,yellow,,,,,,,
brasileirao_serie_b_2026,2026-06-20,14,Vila Nova FC,Náutico,4,3,18,,goal,Janderson,True,,,,,,,3,0
brasileirao_serie_b_2026,2026-06-20,14,Vila Nova FC,Náutico,4,3,29,,substitution,,False,,,L. Claudio,Leonai,,,,
brasileirao_serie_b_2026,2026-06-20,14,Vila Nova FC,Náutico,4,3,29,,substitution,,False,,,M. Ribeiro,Mateus Silva,,,,
brasileirao_serie_b_2026,2026-06-20,14,Vila Nova FC,Náutico,4,3,34,,card,T. Pagnussat,True,yellow,,,,,,,
brasileirao_serie_b_2026,2026-06-20,14,Vila Nova FC,Náutico,4,3,36,,goal,Dodô,False,,,,,,,3,1
brasileirao_serie_b_2026,2026-06-20,14,Vila Nova FC,Náutico,4,3,4,,goal,Janderson,True,,,,,,,1,0
brasileirao_serie_b_2026,2026-06-20,14,Vila Nova FC,Náutico,4,3,42,,goal,R. Lima,True,,,,,,,4,1
brasileirao_serie_b_2026,2026-06-20,14,Vila Nova FC,Náutico,4,3,45,,period,,,,,,,HT,,4,1
brasileirao_serie_b_2026,2026-06-20,14,Vila Nova FC,Náutico,4,3,45,,card,L. Felipe,False,yellow,,,,,,,
brasileirao_serie_b_2026,2026-06-20,14,Vila Nova FC,Náutico,4,3,45,,injuryTime,,,,,,,,5,,
brasileirao_serie_b_2026,2026-06-20,14,Vila Nova FC,Náutico,4,3,46,,substitution,,False,,,Arnaldo,Reginaldo,,,,
brasileirao_serie_b_2026,2026-06-20,14,Vila Nova FC,Náutico,4,3,62,,substitution,,False,,,L. d. O. Jance,Arnaldo,,,,
brasileirao_serie_b_2026,2026-06-20,14,Vila Nova FC,Náutico,4,3,65,,goal,Vinícius,False,,,,,,,4,2
brasileirao_serie_b_2026,2026-06-20,14,Vila Nova FC,Náutico,4,3,66,,substitution,,True,,,D. D. Santos,Dodô,,,,
brasileirao_serie_b_2026,2026-06-20,14,Vila Nova FC,Náutico,4,3,76,,substitution,,True,,,Dellatorre,A. Luís,,,,
brasileirao_serie_b_2026,2026-06-20,14,Vila Nova FC,Náutico,4,3,76,,substitution,,True,,,Hayner,R. Lima,,,,
brasileirao_serie_b_2026,2026-06-20,14,Vila Nova FC,Náutico,4,3,78,,substitution,,False,,,F. Cardoso,V. Andrade,,,,
brasileirao_serie_b_2026,2026-06-20,14,Vila Nova FC,Náutico,4,3,8,,goal,A. Luís,True,,,,,,,2,0
brasileirao_serie_b_2026,2026-06-20,14,Vila Nova FC,Náutico,4,3,85,,substitution,,True,,,Enzo,J. Vieira,,,,
brasileirao_serie_b_2026,2026-06-20,14,Vila Nova FC,Náutico,4,3,85,,substitution,,True,,,Emerson Urso,Janderson,,,,
brasileirao_serie_b_2026,2026-06-20,14,Vila Nova FC,Náutico,4,3,90,,period,,,,,,,FT,,4,3
brasileirao_serie_b_2026,2026-06-20,14,Vila Nova FC,Náutico,4,3,90,6,card,Emerson Urso,True,yellow,,,,,,,
brasileirao_serie_b_2026,2026-06-20,14,Vila Nova FC,Náutico,4,3,90,1,goal,L. Claudio,False,,,,,,,4,3
brasileirao_serie_b_2026,2026-06-20,14,Vila Nova FC,Náutico,4,3,90,,injuryTime,,,,,,,,6,,
brasileirao_serie_b_2026,2026-06-21,14,Avaí,Cuiabá,1,0,0,,card,Cauan,True,yellow,Argument,,,,,,
brasileirao_serie_b_2026,2026-06-21,14,Avaí,Cuiabá,1,0,31,,goal,J. Lucas,True,,,,,,,1,0
brasileirao_serie_b_2026,2026-06-21,14,Avaí,Cuiabá,1,0,45,,period,,,,,,,HT,,1,0
brasileirao_serie_b_2026,2026-06-21,14,Avaí,Cuiabá,1,0,45,,injuryTime,,,,,,,,2,,
brasileirao_serie_b_2026,2026-06-21,14,Avaí,Cuiabá,1,0,46,,substitution,,False,,,K. Cristtyan,V. Peixoto,,,,
brasileirao_serie_b_2026,2026-06-21,14,Avaí,Cuiabá,1,0,52,,substitution,,True,,,G. Aquino,J. Maistro,,,,
brasileirao_serie_b_2026,2026-06-21,14,Avaí,Cuiabá,1,0,54,,card,L. Gamalho,True,yellow,Foul,,,,,,
brasileirao_serie_b_2026,2026-06-21,14,Avaí,Cuiabá,1,0,54,,substitution,,True,,,D. Teixeira,Sorriso,,,,
brasileirao_serie_b_2026,2026-06-21,14,Avaí,Cuiabá,1,0,57,,card,Marlon,False,yellow,Foul,,,,,,
brasileirao_serie_b_2026,2026-06-21,14,Avaí,Cuiabá,1,0,62,,substitution,,False,,,L. Otavio,D. M. d. S. Arcanjo,,,,
brasileirao_serie_b_2026,2026-06-21,14,Avaí,Cuiabá,1,0,66,,substitution,,True,,,Wenderson,W. Fernando,,,,
brasileirao_serie_b_2026,2026-06-21,14,Avaí,Cuiabá,1,0,66,,substitution,,True,,,W. d. S. França,L. Gamalho,,,,
brasileirao_serie_b_2026,2026-06-21,14,Avaí,Cuiabá,1,0,69,,card,J. Lucas,True,yellow,Time wasting,,,,,,
brasileirao_serie_b_2026,2026-06-21,14,Avaí,Cuiabá,1,0,73,,substitution,,False,,,Weverson,Pepê,,,,
brasileirao_serie_b_2026,2026-06-21,14,Avaí,Cuiabá,1,0,73,,substitution,,False,,,V. Hugo,C. Costa,,,,
brasileirao_serie_b_2026,2026-06-21,14,Avaí,Cuiabá,1,0,79,,substitution,,True,,,P. Vitor,L. Henrique,,,,
brasileirao_serie_b_2026,2026-06-21,14,Avaí,Cuiabá,1,0,79,,substitution,,True,,,Jamerson,T. Roberth,,,,
brasileirao_serie_b_2026,2026-06-21,14,Avaí,Cuiabá,1,0,80,,substitution,,False,,,Eric,Marlon,,,,
brasileirao_serie_b_2026,2026-06-21,14,Avaí,Cuiabá,1,0,81,,substitution,,False,,,M. Júnior,Vitor Mendes,,,,
brasileirao_serie_b_2026,2026-06-21,14,Avaí,Cuiabá,1,0,90,,period,,,,,,,FT,,1,0
brasileirao_serie_b_2026,2026-06-21,14,Avaí,Cuiabá,1,0,90,,injuryTime,,,,,,,,8,,
brasileirao_serie_b_2026,2026-06-21,14,Clube De Regatas Brasil,Fortaleza,1,1,40,,card,Kevin,True,yellow,,,,,,,
brasileirao_serie_b_2026,2026-06-21,14,Clube De Regatas Brasil,Fortaleza,1,1,45,,period,,,,,,,HT,,1,0
brasileirao_serie_b_2026,2026-06-21,14,Clube De Regatas Brasil,Fortaleza,1,1,45,,injuryTime,,,,,,,,4,,
brasileirao_serie_b_2026,2026-06-21,14,Clube De Regatas Brasil,Fortaleza,1,1,46,,substitution,,True,,,Wallace,Kevin,,,,
brasileirao_serie_b_2026,2026-06-21,14,Clube De Regatas Brasil,Fortaleza,1,1,46,,substitution,,False,,,R. Santos,Ryan,,,,
brasileirao_serie_b_2026,2026-06-21,14,Clube De Regatas Brasil,Fortaleza,1,1,46,,substitution,,False,,,P. Baya,G. Fuentes,,,,
brasileirao_serie_b_2026,2026-06-21,14,Clube De Regatas Brasil,Fortaleza,1,1,6,,goal,Mikael,True,,,,,,,1,0
brasileirao_serie_b_2026,2026-06-21,14,Clube De Regatas Brasil,Fortaleza,1,1,74,,substitution,,False,,,Pierre,L. Sasha,,,,
brasileirao_serie_b_2026,2026-06-21,14,Clube De Regatas Brasil,Fortaleza,1,1,75,,substitution,,False,,,Welliton,Vitinho,,,,
brasileirao_serie_b_2026,2026-06-21,14,Clube De Regatas Brasil,Fortaleza,1,1,77,,card,Rodriguinho,False,yellow,,,,,,,
brasileirao_serie_b_2026,2026-06-21,14,Clube De Regatas Brasil,Fortaleza,1,1,80,,substitution,,True,,,Reverson,D. Belmonte,,,,
brasileirao_serie_b_2026,2026-06-21,14,Clube De Regatas Brasil,Fortaleza,1,1,81,,goal,J. Miritello,False,,,,,,,1,1
brasileirao_serie_b_2026,2026-06-21,14,Clube De Regatas Brasil,Fortaleza,1,1,87,,substitution,,True,,,L. Phellype,Mikael,,,,
brasileirao_serie_b_2026,2026-06-21,14,Clube De Regatas Brasil,Fortaleza,1,1,87,,substitution,,True,,,Guilherme Pato,H. Santos,,,,
brasileirao_serie_b_2026,2026-06-21,14,Clube De Regatas Brasil,Fortaleza,1,1,90,,period,,,,,,,FT,,1,1
brasileirao_serie_b_2026,2026-06-21,14,Clube De Regatas Brasil,Fortaleza,1,1,90,,substitution,,False,,,L. Crispim,Luiz Fernando,,,,
brasileirao_serie_b_2026,2026-06-21,14,Clube De Regatas Brasil,Fortaleza,1,1,90,,injuryTime,,,,,,,,6,,
brasileirao_serie_b_2026,2026-06-21,14,Goiás,Operário-PR,0,3,41,,goal,V. D. D. Antonia,False,,,,,,,0,2
brasileirao_serie_b_2026,2026-06-21,14,Goiás,Operário-PR,0,3,45,,period,,,,,,,HT,,0,3
brasileirao_serie_b_2026,2026-06-21,14,Goiás,Operário-PR,0,3,45,3,goal,H. Pereira,False,,,,,,,0,3
brasileirao_serie_b_2026,2026-06-21,14,Goiás,Operário-PR,0,3,45,,injuryTime,,,,,,,,3,,
brasileirao_serie_b_2026,2026-06-21,14,Goiás,Operário-PR,0,3,46,,substitution,,True,,,Brayann,L. Lima,,,,
brasileirao_serie_b_2026,2026-06-21,14,Goiás,Operário-PR,0,3,46,,substitution,,True,,,Cadu,A. Ramon,,,,
brasileirao_serie_b_2026,2026-06-21,14,Goiás,Operário-PR,0,3,46,,substitution,,True,,,Pedrinho,G. B. d. Camargo,,,,
brasileirao_serie_b_2026,2026-06-21,14,Goiás,Operário-PR,0,3,46,,substitution,,True,,,R. Soares,Diego Caito,,,,
brasileirao_serie_b_2026,2026-06-21,14,Goiás,Operário-PR,0,3,6,,goal,H. Pereira,False,,,,,,,0,1
brasileirao_serie_b_2026,2026-06-21,14,Goiás,Operário-PR,0,3,63,,substitution,,False,,,N. Paraíba,H. Pereira,,,,
brasileirao_serie_b_2026,2026-06-21,14,Goiás,Operário-PR,0,3,65,,card,V. D. D. Antonia,False,yellow,,,,,,,
brasileirao_serie_b_2026,2026-06-21,14,Goiás,Operário-PR,0,3,67,,card,Nicolas,True,yellow,,,,,,,
brasileirao_serie_b_2026,2026-06-21,14,Goiás,Operário-PR,0,3,73,,substitution,,False,,,F. Augusto,Aylon,,,,
brasileirao_serie_b_2026,2026-06-21,14,Goiás,Operário-PR,0,3,76,,card,Pablo,False,yellow,,,,,,,
brasileirao_serie_b_2026,2026-06-21,14,Goiás,Operário-PR,0,3,78,,substitution,,False,,,C. Dantas,Pablo,,,,
brasileirao_serie_b_2026,2026-06-21,14,Goiás,Operário-PR,0,3,78,,substitution,,False,,,Maguinho,Mikael,,,,
brasileirao_serie_b_2026,2026-06-21,14,Goiás,Operário-PR,0,3,84,,substitution,,True,,,Assis,Juninho,,,,
brasileirao_serie_b_2026,2026-06-21,14,Goiás,Operário-PR,0,3,90,,period,,,,,,,FT,,0,3
brasileirao_serie_b_2026,2026-06-21,14,Goiás,Operário-PR,0,3,90,,injuryTime,,,,,,,,2,,
brasileirao_serie_b_2026,2026-06-21,14,São Bernardo,Juventude,0,1,33,,card,Luizão,True,yellow,,,,,,,
brasileirao_serie_b_2026,2026-06-21,14,São Bernardo,Juventude,0,1,45,,period,,,,,,,HT,,0,0
brasileirao_serie_b_2026,2026-06-21,14,São Bernardo,Juventude,0,1,45,,injuryTime,,,,,,,,2,,
brasileirao_serie_b_2026,2026-06-21,14,São Bernardo,Juventude,0,1,49,,substitution,,True,,,L. Rian,P. Vitor,,,,
brasileirao_serie_b_2026,2026-06-21,14,São Bernardo,Juventude,0,1,51,,card,Raí,False,yellow,,,,,,,
brasileirao_serie_b_2026,2026-06-21,14,São Bernardo,Juventude,0,1,54,,card,Aderlan,False,yellow,,,,,,,
brasileirao_serie_b_2026,2026-06-21,14,São Bernardo,Juventude,0,1,62,,substitution,,False,,,L. Mandaca,Raí,,,,
brasileirao_serie_b_2026,2026-06-21,14,São Bernardo,Juventude,0,1,62,,substitution,,False,,,L. M. Gonçalves,L. Mineiro,,,,
brasileirao_serie_b_2026,2026-06-21,14,São Bernardo,Juventude,0,1,66,,goal,A. Safira,False,,,,,,,0,1
brasileirao_serie_b_2026,2026-06-21,14,São Bernardo,Juventude,0,1,69,,substitution,,False,,,M. Castro,M. Paulo,,,,
brasileirao_serie_b_2026,2026-06-21,14,São Bernardo,Juventude,0,1,69,,substitution,,False,,,Gabriel,Messias,,,,
brasileirao_serie_b_2026,2026-06-21,14,São Bernardo,Juventude,0,1,71,,card,L. Rian,True,yellow,,,,,,,
brasileirao_serie_b_2026,2026-06-21,14,São Bernardo,Juventude,0,1,75,,card,Augusto,True,yellow,,,,,,,
brasileirao_serie_b_2026,2026-06-21,14,São Bernardo,Juventude,0,1,78,,substitution,,True,,,D. D. S. Roque,Echaporã,,,,
brasileirao_serie_b_2026,2026-06-21,14,São Bernardo,Juventude,0,1,78,,substitution,,True,,,Hyoran,Foguinho,,,,
brasileirao_serie_b_2026,2026-06-21,14,São Bernardo,Juventude,0,1,85,,card,Gabriel,False,yellow,,,,,,,
brasileirao_serie_b_2026,2026-06-21,14,São Bernardo,Juventude,0,1,87,,substitution,,False,,,Allanzinho,Aderlan,,,,
brasileirao_serie_b_2026,2026-06-21,14,São Bernardo,Juventude,0,1,90,,period,,,,,,,FT,,0,1
brasileirao_serie_b_2026,2026-06-21,14,São Bernardo,Juventude,0,1,90,6,card,L. Mandaca,False,yellow,,,,,,,
brasileirao_serie_b_2026,2026-06-21,14,São Bernardo,Juventude,0,1,90,1,substitution,,True,,,P. Dyego,F. Garcia,,,,
brasileirao_serie_b_2026,2026-06-21,14,São Bernardo,Juventude,0,1,90,,substitution,,True,,,M. Sergio,Pará,,,,
brasileirao_serie_b_2026,2026-06-21,14,São Bernardo,Juventude,0,1,90,,injuryTime,,,,,,,,6,,
brasileirao_serie_b_2026,2026-06-22,14,Ponte Preta,Grêmio Novorizontino,0,2,0,,card,E. Moreira,False,yellow,Argument,,,,,,
brasileirao_serie_b_2026,2026-06-22,14,Ponte Preta,Grêmio Novorizontino,0,2,0,,card,M. Zanardi,True,yellow,Argument,,,,,,
brasileirao_serie_b_2026,2026-06-22,14,Ponte Preta,Grêmio Novorizontino,0,2,16,,card,M. Silva,True,red,Foul,,,,,,
brasileirao_serie_b_2026,2026-06-22,14,Ponte Preta,Grêmio Novorizontino,0,2,24,,card,André,True,yellow,Foul,,,,,,
brasileirao_serie_b_2026,2026-06-22,14,Ponte Preta,Grêmio Novorizontino,0,2,32,,goal,Robson,False,,,,,,,0,1
brasileirao_serie_b_2026,2026-06-22,14,Ponte Preta,Grêmio Novorizontino,0,2,45,,period,,,,,,,HT,,0,1
brasileirao_serie_b_2026,2026-06-22,14,Ponte Preta,Grêmio Novorizontino,0,2,45,6,card,Elvis,True,yellow,Argument,,,,,,
brasileirao_serie_b_2026,2026-06-22,14,Ponte Preta,Grêmio Novorizontino,0,2,45,4,card,N. Castrillón,False,yellow,Foul,,,,,,
brasileirao_serie_b_2026,2026-06-22,14,Ponte Preta,Grêmio Novorizontino,0,2,45,,injuryTime,,,,,,,,5,,
brasileirao_serie_b_2026,2026-06-22,14,Ponte Preta,Grêmio Novorizontino,0,2,46,,substitution,,False,,,A. Alvariño,Tavinho,,,,
brasileirao_serie_b_2026,2026-06-22,14,Ponte Preta,Grêmio Novorizontino,0,2,46,,substitution,,False,,,Juninho,N. Castrillón,,,,
brasileirao_serie_b_2026,2026-06-22,14,Ponte Preta,Grêmio Novorizontino,0,2,46,,substitution,,True,,,D. Leão,R. de Souza,,,,
brasileirao_serie_b_2026,2026-06-22,14,Ponte Preta,Grêmio Novorizontino,0,2,46,,substitution,,True,,,Léo Gomes,André,,,,
brasileirao_serie_b_2026,2026-06-22,14,Ponte Preta,Grêmio Novorizontino,0,2,46,,substitution,,True,,,D. Tavares,Baianinho,,,,
brasileirao_serie_b_2026,2026-06-22,14,Ponte Preta,Grêmio Novorizontino,0,2,56,,substitution,,True,,,David,Elvis,,,,
brasileirao_serie_b_2026,2026-06-22,14,Ponte Preta,Grêmio Novorizontino,0,2,59,,goal,Robson,False,,,,,,,0,2
brasileirao_serie_b_2026,2026-06-22,14,Ponte Preta,Grêmio Novorizontino,0,2,67,,substitution,,True,,,G. Telles,William Pottker,,,,
brasileirao_serie_b_2026,2026-06-22,14,Ponte Preta,Grêmio Novorizontino,0,2,7,,card,Tavinho,False,yellow,,,,,,,
brasileirao_serie_b_2026,2026-06-22,14,Ponte Preta,Grêmio Novorizontino,0,2,70,,card,G. Bahia,False,yellow,Foul,,,,,,
brasileirao_serie_b_2026,2026-06-22,14,Ponte Preta,Grêmio Novorizontino,0,2,73,,substitution,,False,,,Carlão,Robson,,,,
brasileirao_serie_b_2026,2026-06-22,14,Ponte Preta,Grêmio Novorizontino,0,2,80,,substitution,,False,,,C. Ortíz,Rômulo,,,,
brasileirao_serie_b_2026,2026-06-22,14,Ponte Preta,Grêmio Novorizontino,0,2,82,,substitution,,False,,,N. Careca,Reidiney,,,,
brasileirao_serie_b_2026,2026-06-22,14,Ponte Preta,Grêmio Novorizontino,0,2,90,,period,,,,,,,FT,,0,2
brasileirao_serie_b_2026,2026-06-22,14,Ponte Preta,Grêmio Novorizontino,0,2,90,,injuryTime,,,,,,,,4,,
brasileirao_serie_b_2026,2026-06-23,14,América Mineiro,Criciúma,0,1,21,,card,Dalbert,True,yellow,,,,,,,
brasileirao_serie_b_2026,2026-06-23,14,América Mineiro,Criciúma,0,1,31,,goal,C. Martins,False,,,,,,,0,1
brasileirao_serie_b_2026,2026-06-23,14,América Mineiro,Criciúma,0,1,41,,card,Waguininho,False,yellow,,,,,,,
brasileirao_serie_b_2026,2026-06-23,14,América Mineiro,Criciúma,0,1,45,,period,,,,,,,HT,,0,1
brasileirao_serie_b_2026,2026-06-23,14,América Mineiro,Criciúma,0,1,45,,injuryTime,,,,,,,,2,,
brasileirao_serie_b_2026,2026-06-23,14,América Mineiro,Criciúma,0,1,51,,card,C. Martins,False,yellow,,,,,,,
brasileirao_serie_b_2026,2026-06-23,14,América Mineiro,Criciúma,0,1,54,,substitution,,False,,,B. Alves,C. Martins,,,,
brasileirao_serie_b_2026,2026-06-23,14,América Mineiro,Criciúma,0,1,57,,substitution,,True,,,F. Amaral,J. R. Jiménez,,,,
brasileirao_serie_b_2026,2026-06-23,14,América Mineiro,Criciúma,0,1,58,,substitution,,True,,,Y. Souza,G. Barros,,,,
brasileirao_serie_b_2026,2026-06-23,14,América Mineiro,Criciúma,0,1,63,,substitution,,False,,,J. Robert,R. Otero,,,,
brasileirao_serie_b_2026,2026-06-23,14,América Mineiro,Criciúma,0,1,63,,substitution,,False,,,Cauê,Waguininho,,,,
brasileirao_serie_b_2026,2026-06-23,14,América Mineiro,Criciúma,0,1,64,,substitution,,True,,,W. Bigode,G. Mastriani,,,,
brasileirao_serie_b_2026,2026-06-23,14,América Mineiro,Criciúma,0,1,64,,substitution,,True,,,P. Victor,Matías Segovia,,,,
brasileirao_serie_b_2026,2026-06-23,14,América Mineiro,Criciúma,0,1,79,,substitution,,True,,,I. Charbaje,Manoel,,,,
brasileirao_serie_b_2026,2026-06-23,14,América Mineiro,Criciúma,0,1,84,,substitution,,False,,,Marcinho,W. Lepo,,,,
brasileirao_serie_b_2026,2026-06-23,14,América Mineiro,Criciúma,0,1,85,,substitution,,False,,,Diego Gonçalves,E. Biasi,,,,
brasileirao_serie_b_2026,2026-06-23,14,América Mineiro,Criciúma,0,1,89,,card,G. Lobo,False,yellow,,,,,,,
brasileirao_serie_b_2026,2026-06-23,14,América Mineiro,Criciúma,0,1,90,,period,,,,,,,FT,,0,1
brasileirao_serie_b_2026,2026-06-23,14,América Mineiro,Criciúma,0,1,90,5,card,P. Victor,True,yellow,,,,,,,
brasileirao_serie_b_2026,2026-06-23,14,América Mineiro,Criciúma,0,1,90,,injuryTime,,,,,,,,5,,
brasileirao_serie_b_2026,2026-06-25,15,Cuiabá,Londrina,2,2,0,,card,Murilo,False,yellow,Argument,,,,,,
brasileirao_serie_b_2026,2026-06-25,15,Cuiabá,Londrina,2,2,0,,card,Gabriel,True,yellowRed,Argument,,,,,,
brasileirao_serie_b_2026,2026-06-25,15,Cuiabá,Londrina,2,2,0,,card,Gabriel,True,yellow,Argument,,,,,,
brasileirao_serie_b_2026,2026-06-25,15,Cuiabá,Londrina,2,2,19,,card,Pepê,True,yellow,Foul,,,,,,
brasileirao_serie_b_2026,2026-06-25,15,Cuiabá,Londrina,2,2,24,,substitution,,False,,,Kevyn,Heron,,,,
brasileirao_serie_b_2026,2026-06-25,15,Cuiabá,Londrina,2,2,3,,goal,B. Santos,False,,,,,,,0,1
brasileirao_serie_b_2026,2026-06-25,15,Cuiabá,Londrina,2,2,40,,card,B. Santos,False,yellow,Argument,,,,,,
brasileirao_serie_b_2026,2026-06-25,15,Cuiabá,Londrina,2,2,45,,period,,,,,,,HT,,0,2
brasileirao_serie_b_2026,2026-06-25,15,Cuiabá,Londrina,2,2,45,6,goal,B. Santos,False,,,,,,,0,2
brasileirao_serie_b_2026,2026-06-25,15,Cuiabá,Londrina,2,2,45,5,card,Railan,True,yellow,Foul,,,,,,
brasileirao_serie_b_2026,2026-06-25,15,Cuiabá,Londrina,2,2,45,,injuryTime,,,,,,,,5,,
brasileirao_serie_b_2026,2026-06-25,15,Cuiabá,Londrina,2,2,46,,substitution,,True,,,V. Peixoto,D. M. d. S. Arcanjo,,,,
brasileirao_serie_b_2026,2026-06-25,15,Cuiabá,Londrina,2,2,60,,substitution,,True,,,Weverson,Railan,,,,
brasileirao_serie_b_2026,2026-06-25,15,Cuiabá,Londrina,2,2,60,,substitution,,True,,,Eric,Marlon,,,,
brasileirao_serie_b_2026,2026-06-25,15,Cuiabá,Londrina,2,2,60,,substitution,,True,,,M. Júnior,R. Rodrigues,,,,
brasileirao_serie_b_2026,2026-06-25,15,Cuiabá,Londrina,2,2,63,,goal,V. Peixoto,True,,,,,,,1,2
brasileirao_serie_b_2026,2026-06-25,15,Cuiabá,Londrina,2,2,67,,substitution,,False,,,T. Cantanhede,J. Tavares,,,,
brasileirao_serie_b_2026,2026-06-25,15,Cuiabá,Londrina,2,2,67,,substitution,,False,,,W. Reis,Vitinho,,,,
brasileirao_serie_b_2026,2026-06-25,15,Cuiabá,Londrina,2,2,73,,substitution,,False,,,Juninho,P. Moccelin,,,,
brasileirao_serie_b_2026,2026-06-25,15,Cuiabá,Londrina,2,2,73,,substitution,,False,,,A. Cardoso,L. Marques,,,,
brasileirao_serie_b_2026,2026-06-25,15,Cuiabá,Londrina,2,2,75,,card,Kevyn,False,yellow,Time wasting,,,,,,
brasileirao_serie_b_2026,2026-06-25,15,Cuiabá,Londrina,2,2,77,,goal,V. Peixoto,True,,,,,,,2,2
brasileirao_serie_b_2026,2026-06-25,15,Cuiabá,Londrina,2,2,81,,card,Juninho,False,yellow,Foul,,,,,,
brasileirao_serie_b_2026,2026-06-25,15,Cuiabá,Londrina,2,2,85,,card,Y. Lincoln,False,yellow,Foul,,,,,,
brasileirao_serie_b_2026,2026-06-25,15,Cuiabá,Londrina,2,2,90,,period,,,,,,,FT,,2,2
brasileirao_serie_b_2026,2026-06-25,15,Cuiabá,Londrina,2,2,90,4,card,C. Costa,True,yellow,Argument,,,,,,
brasileirao_serie_b_2026,2026-06-25,15,Cuiabá,Londrina,2,2,90,,injuryTime,,,,,,,,5,,
brasileirao_serie_b_2026,2026-06-26,15,Grêmio Novorizontino,Vila Nova FC,2,1,31,,varDecision,A. Luís,False,,,,,,,,
brasileirao_serie_b_2026,2026-06-26,15,Grêmio Novorizontino,Vila Nova FC,2,1,41,,goal,Nathan Camargo,False,,,,,,,1,1
brasileirao_serie_b_2026,2026-06-26,15,Grêmio Novorizontino,Vila Nova FC,2,1,45,,period,,,,,,,HT,,1,1
brasileirao_serie_b_2026,2026-06-26,15,Grêmio Novorizontino,Vila Nova FC,2,1,45,4,card,G. Bahia,True,yellow,Foul,,,,,,
brasileirao_serie_b_2026,2026-06-26,15,Grêmio Novorizontino,Vila Nova FC,2,1,45,2,card,R. Lima,False,yellow,Foul,,,,,,
brasileirao_serie_b_2026,2026-06-26,15,Grêmio Novorizontino,Vila Nova FC,2,1,45,,injuryTime,,,,,,,,6,,
brasileirao_serie_b_2026,2026-06-26,15,Grêmio Novorizontino,Vila Nova FC,2,1,59,,substitution,,True,,,Juninho,Reidiney,,,,
brasileirao_serie_b_2026,2026-06-26,15,Grêmio Novorizontino,Vila Nova FC,2,1,6,,goal,Luís Oyama,True,,,,,,,1,0
brasileirao_serie_b_2026,2026-06-26,15,Grêmio Novorizontino,Vila Nova FC,2,1,60,,substitution,,False,,,Marquinhos Gabriel,Willian Maranhão,,,,
brasileirao_serie_b_2026,2026-06-26,15,Grêmio Novorizontino,Vila Nova FC,2,1,60,,substitution,,False,,,D. D. Santos,Dodô,,,,
brasileirao_serie_b_2026,2026-06-26,15,Grêmio Novorizontino,Vila Nova FC,2,1,63,,card,Nathan Camargo,False,yellow,Foul,,,,,,
brasileirao_serie_b_2026,2026-06-26,15,Grêmio Novorizontino,Vila Nova FC,2,1,67,,card,D. D. Santos,False,yellow,Foul,,,,,,
brasileirao_serie_b_2026,2026-06-26,15,Grêmio Novorizontino,Vila Nova FC,2,1,70,,substitution,,False,,,Dellatorre,A. Luís,,,,
brasileirao_serie_b_2026,2026-06-26,15,Grêmio Novorizontino,Vila Nova FC,2,1,70,,substitution,,False,,,Hayner,Nathan Camargo,,,,
brasileirao_serie_b_2026,2026-06-26,15,Grêmio Novorizontino,Vila Nova FC,2,1,75,,substitution,,True,,,Tavinho,L. Naldi,,,,
brasileirao_serie_b_2026,2026-06-26,15,Grêmio Novorizontino,Vila Nova FC,2,1,75,,substitution,,True,,,Carlão,Vinicius Paiva,,,,
brasileirao_serie_b_2026,2026-06-26,15,Grêmio Novorizontino,Vila Nova FC,2,1,86,,card,D. D. Santos,False,yellowRed,Foul,,,,,,
brasileirao_serie_b_2026,2026-06-26,15,Grêmio Novorizontino,Vila Nova FC,2,1,88,,substitution,,False,,,W. Formiga,R. Lima,,,,
brasileirao_serie_b_2026,2026-06-26,15,Grêmio Novorizontino,Vila Nova FC,2,1,88,,substitution,,True,,,Hélio Borges,Robson,,,,
brasileirao_serie_b_2026,2026-06-26,15,Grêmio Novorizontino,Vila Nova FC,2,1,88,,substitution,,True,,,C. Ortíz,Rômulo,,,,
brasileirao_serie_b_2026,2026-06-26,15,Grêmio Novorizontino,Vila Nova FC,2,1,90,,period,,,,,,,FT,,2,1
brasileirao_serie_b_2026,2026-06-26,15,Grêmio Novorizontino,Vila Nova FC,2,1,90,4,goal,Juninho,True,,,,,,,2,1
brasileirao_serie_b_2026,2026-06-26,15,Grêmio Novorizontino,Vila Nova FC,2,1,90,,injuryTime,,,,,,,,6,,
brasileirao_serie_b_2026,2026-06-26,15,Grêmio Novorizontino,Vila Nova FC,2,1,90,,card,G. Ferreira,False,red,Argument,,,,,,
brasileirao_serie_b_2026,2026-06-27,15,Criciúma,São Bernardo,1,0,16,,card,E. Biasi,True,yellow,,,,,,,
brasileirao_serie_b_2026,2026-06-27,15,Criciúma,São Bernardo,1,0,23,,varDecision,W. Lepo,True,,,,,,,,
brasileirao_serie_b_2026,2026-06-27,15,Criciúma,São Bernardo,1,0,26,,goal,R. Otero,True,,,,,,,1,0
brasileirao_serie_b_2026,2026-06-27,15,Criciúma,São Bernardo,1,0,39,,card,Waguininho,True,yellow,,,,,,,
brasileirao_serie_b_2026,2026-06-27,15,Criciúma,São Bernardo,1,0,45,,period,,,,,,,HT,,1,0
brasileirao_serie_b_2026,2026-06-27,15,Criciúma,São Bernardo,1,0,45,,injuryTime,,,,,,,,3,,
brasileirao_serie_b_2026,2026-06-27,15,Criciúma,São Bernardo,1,0,47,,card,Romisson,False,yellow,,,,,,,
brasileirao_serie_b_2026,2026-06-27,15,Criciúma,São Bernardo,1,0,56,,card,D. Miraíma,False,yellow,,,,,,,
brasileirao_serie_b_2026,2026-06-27,15,Criciúma,São Bernardo,1,0,60,,substitution,,False,,,D. D. S. Roque,P. Dyego,,,,
brasileirao_serie_b_2026,2026-06-27,15,Criciúma,São Bernardo,1,0,60,,substitution,,False,,,Hyoran,D. Miraíma,,,,
brasileirao_serie_b_2026,2026-06-27,15,Criciúma,São Bernardo,1,0,64,,substitution,,True,,,Jean Irmer,E. Biasi,,,,
brasileirao_serie_b_2026,2026-06-27,15,Criciúma,São Bernardo,1,0,67,,card,R. Ferreira,False,yellow,,,,,,,
brasileirao_serie_b_2026,2026-06-27,15,Criciúma,São Bernardo,1,0,70,,substitution,,True,,,J. Robert,R. Otero,,,,
brasileirao_serie_b_2026,2026-06-27,15,Criciúma,São Bernardo,1,0,70,,substitution,,True,,,Nicolas,Waguininho,,,,
brasileirao_serie_b_2026,2026-06-27,15,Criciúma,São Bernardo,1,0,71,,substitution,,False,,,L. Rian,Echaporã,,,,
brasileirao_serie_b_2026,2026-06-27,15,Criciúma,São Bernardo,1,0,78,,card,Augusto,False,yellow,,,,,,,
brasileirao_serie_b_2026,2026-06-27,15,Criciúma,São Bernardo,1,0,80,,card,J. Robert,True,yellow,,,,,,,
brasileirao_serie_b_2026,2026-06-27,15,Criciúma,São Bernardo,1,0,81,,substitution,,False,,,Marcão Silva,Foguinho,,,,
brasileirao_serie_b_2026,2026-06-27,15,Criciúma,São Bernardo,1,0,81,,substitution,,False,,,D. Amorim,F. Garcia,,,,
brasileirao_serie_b_2026,2026-06-27,15,Criciúma,São Bernardo,1,0,81,,substitution,,True,,,Romarinho,F. Mateus,,,,
brasileirao_serie_b_2026,2026-06-27,15,Criciúma,São Bernardo,1,0,81,,substitution,,True,,,Marcinho,W. Lepo,,,,
brasileirao_serie_b_2026,2026-06-27,15,Criciúma,São Bernardo,1,0,90,,period,,,,,,,FT,,1,0
brasileirao_serie_b_2026,2026-06-27,15,Criciúma,São Bernardo,1,0,90,,injuryTime,,,,,,,,6,,
brasileirao_serie_b_2026,2026-06-27,15,Operário-PR,América Mineiro,1,0,3,,substitution,,True,,,Moraes Júnior,Aylon,,,,
brasileirao_serie_b_2026,2026-06-27,15,Operário-PR,América Mineiro,1,0,38,,card,H. Pereira,True,yellow,,,,,,,
brasileirao_serie_b_2026,2026-06-27,15,Operário-PR,América Mineiro,1,0,45,,period,,,,,,,HT,,0,0
brasileirao_serie_b_2026,2026-06-27,15,Operário-PR,América Mineiro,1,0,45,,injuryTime,,,,,,,,3,,
brasileirao_serie_b_2026,2026-06-27,15,Operário-PR,América Mineiro,1,0,46,,substitution,,False,,,J. R. Jiménez,F. Amaral,,,,
brasileirao_serie_b_2026,2026-06-27,15,Operário-PR,América Mineiro,1,0,56,,card,Everton,False,yellow,,,,,,,
brasileirao_serie_b_2026,2026-06-27,15,Operário-PR,América Mineiro,1,0,64,,goal,Moraes Júnior,True,,,,,,,1,0
brasileirao_serie_b_2026,2026-06-27,15,Operário-PR,América Mineiro,1,0,66,,substitution,,True,,,F. Augusto,H. Pereira,,,,
brasileirao_serie_b_2026,2026-06-27,15,Operário-PR,América Mineiro,1,0,66,,substitution,,True,,,N. Paraíba,G. Feliciano,,,,
brasileirao_serie_b_2026,2026-06-27,15,Operário-PR,América Mineiro,1,0,70,,substitution,,False,,,P. Victor,Everton,,,,
brasileirao_serie_b_2026,2026-06-27,15,Operário-PR,América Mineiro,1,0,70,,substitution,,False,,,L. Alaba,Jhonny,,,,
brasileirao_serie_b_2026,2026-06-27,15,Operário-PR,América Mineiro,1,0,78,,substitution,,True,,,Índio,V. D. D. Antonia,,,,
brasileirao_serie_b_2026,2026-06-27,15,Operário-PR,América Mineiro,1,0,78,,substitution,,True,,,C. Dantas,Pablo,,,,
brasileirao_serie_b_2026,2026-06-27,15,Operário-PR,América Mineiro,1,0,81,,card,E. Person,False,yellow,,,,,,,
brasileirao_serie_b_2026,2026-06-27,15,Operário-PR,América Mineiro,1,0,83,,substitution,,False,,,Y. Souza,E. Person,,,,
brasileirao_serie_b_2026,2026-06-27,15,Operário-PR,América Mineiro,1,0,84,,substitution,,False,,,G. Mastriani,G. Barros,,,,
brasileirao_serie_b_2026,2026-06-27,15,Operário-PR,América Mineiro,1,0,90,,period,,,,,,,FT,,1,0
brasileirao_serie_b_2026,2026-06-27,15,Operário-PR,América Mineiro,1,0,90,4,card,P. Victor,False,yellow,,,,,,,
brasileirao_serie_b_2026,2026-06-27,15,Operário-PR,América Mineiro,1,0,90,2,card,Y. Souza,False,yellow,,,,,,,
brasileirao_serie_b_2026,2026-06-27,15,Operário-PR,América Mineiro,1,0,90,,injuryTime,,,,,,,,4,,
brasileirao_serie_b_2026,2026-06-28,15,Athletic Club,Avaí,1,0,12,,card,L. Henrique,False,yellow,,,,,,,
brasileirao_serie_b_2026,2026-06-28,15,Athletic Club,Avaí,1,0,45,,period,,,,,,,HT,,0,0
brasileirao_serie_b_2026,2026-06-28,15,Athletic Club,Avaí,1,0,45,,injuryTime,,,,,,,,4,,
brasileirao_serie_b_2026,2026-06-28,15,Athletic Club,Avaí,1,0,46,,substitution,,False,,,P. Vitor,L. Henrique,,,,
brasileirao_serie_b_2026,2026-06-28,15,Athletic Club,Avaí,1,0,46,,substitution,,False,,,D. Penha,Sorriso,,,,
brasileirao_serie_b_2026,2026-06-28,15,Athletic Club,Avaí,1,0,56,,substitution,,True,,,Bruninho,Douglas,,,,
brasileirao_serie_b_2026,2026-06-28,15,Athletic Club,Avaí,1,0,63,,card,K. Rodrigues,True,yellow,,,,,,,
brasileirao_serie_b_2026,2026-06-28,15,Athletic Club,Avaí,1,0,67,,substitution,,False,,,W. Fernando,T. Roberth,,,,
brasileirao_serie_b_2026,2026-06-28,15,Athletic Club,Avaí,1,0,69,,substitution,,True,,,L. Fernando,Max,,,,
brasileirao_serie_b_2026,2026-06-28,15,Athletic Club,Avaí,1,0,69,,substitution,,True,,,D. Vera,Jota,,,,
brasileirao_serie_b_2026,2026-06-28,15,Athletic Club,Avaí,1,0,78,,substitution,,False,,,Wenderson,J. Lucas,,,,
brasileirao_serie_b_2026,2026-06-28,15,Athletic Club,Avaí,1,0,89,,goal,D. Vera,True,,,,,,,1,0
brasileirao_serie_b_2026,2026-06-28,15,Athletic Club,Avaí,1,0,90,,period,,,,,,,FT,,1,0
brasileirao_serie_b_2026,2026-06-28,15,Athletic Club,Avaí,1,0,90,2,substitution,,False,,,M. Vitor,J. Victor,,,,
brasileirao_serie_b_2026,2026-06-28,15,Athletic Club,Avaí,1,0,90,1,substitution,,True,,,G. Cabezas,K. Rodrigues,,,,
brasileirao_serie_b_2026,2026-06-28,15,Athletic Club,Avaí,1,0,90,1,substitution,,True,,,M. Henrique,Enzo,,,,
brasileirao_serie_b_2026,2026-06-28,15,Athletic Club,Avaí,1,0,90,,injuryTime,,,,,,,,5,,
brasileirao_serie_b_2026,2026-06-28,15,Atlético Goianiense,Ponte Preta,2,0,18,,goal,Gustavo Coutinho,True,,,,,,,1,0
brasileirao_serie_b_2026,2026-06-28,15,Atlético Goianiense,Ponte Preta,2,0,20,,goal,Gustavo Coutinho,True,,,,,,,2,0
brasileirao_serie_b_2026,2026-06-28,15,Atlético Goianiense,Ponte Preta,2,0,25,,card,Cristiano,True,yellow,,,,,,,
brasileirao_serie_b_2026,2026-06-28,15,Atlético Goianiense,Ponte Preta,2,0,37,,card,André,False,yellow,,,,,,,
brasileirao_serie_b_2026,2026-06-28,15,Atlético Goianiense,Ponte Preta,2,0,45,,period,,,,,,,HT,,2,0
brasileirao_serie_b_2026,2026-06-28,15,Atlético Goianiense,Ponte Preta,2,0,45,,injuryTime,,,,,,,,6,,
brasileirao_serie_b_2026,2026-06-28,15,Atlético Goianiense,Ponte Preta,2,0,46,,substitution,,False,,,Diego Porfirio,Rodriguinho,,,,
brasileirao_serie_b_2026,2026-06-28,15,Atlético Goianiense,Ponte Preta,2,0,46,,substitution,,False,,,Brandão,William Pottker,,,,
brasileirao_serie_b_2026,2026-06-28,15,Atlético Goianiense,Ponte Preta,2,0,57,,substitution,,False,,,Jonathan Cafú,Baianinho,,,,
brasileirao_serie_b_2026,2026-06-28,15,Atlético Goianiense,Ponte Preta,2,0,70,,substitution,,True,,,Assis,Cristiano,,,,
brasileirao_serie_b_2026,2026-06-28,15,Atlético Goianiense,Ponte Preta,2,0,70,,substitution,,True,,,Natã,Tito,,,,
brasileirao_serie_b_2026,2026-06-28,15,Atlético Goianiense,Ponte Preta,2,0,74,,substitution,,False,,,Juan,D. Leão,,,,
brasileirao_serie_b_2026,2026-06-28,15,Atlético Goianiense,Ponte Preta,2,0,82,,substitution,,False,,,G. Telles,Léo Gomes,,,,
brasileirao_serie_b_2026,2026-06-28,15,Atlético Goianiense,Ponte Preta,2,0,85,,substitution,,True,,,L. Jacó,G. Soares,,,,
brasileirao_serie_b_2026,2026-06-28,15,Atlético Goianiense,Ponte Preta,2,0,88,,substitution,,True,,,F. Guimarães,Ewerthon,,,,
brasileirao_serie_b_2026,2026-06-28,15,Atlético Goianiense,Ponte Preta,2,0,90,,period,,,,,,,FT,,2,0
brasileirao_serie_b_2026,2026-06-28,15,Atlético Goianiense,Ponte Preta,2,0,90,,injuryTime,,,,,,,,5,,
brasileirao_serie_b_2026,2026-06-28,15,Fortaleza,Sport Recife,2,1,28,,goal,R. Santos,True,,,,,,,1,0
brasileirao_serie_b_2026,2026-06-28,15,Fortaleza,Sport Recife,2,1,45,,period,,,,,,,HT,,1,0
brasileirao_serie_b_2026,2026-06-28,15,Fortaleza,Sport Recife,2,1,45,,substitution,,False,,,P. Victor,Zé Lucas,,,,
brasileirao_serie_b_2026,2026-06-28,15,Fortaleza,Sport Recife,2,1,45,,injuryTime,,,,,,,,5,,
brasileirao_serie_b_2026,2026-06-28,15,Fortaleza,Sport Recife,2,1,57,,card,Felipinho,False,yellow,,,,,,,
brasileirao_serie_b_2026,2026-06-28,15,Fortaleza,Sport Recife,2,1,57,,card,Vitinho,True,yellow,,,,,,,
brasileirao_serie_b_2026,2026-06-28,15,Fortaleza,Sport Recife,2,1,58,,card,J. Miritello,True,yellow,,,,,,,
brasileirao_serie_b_2026,2026-06-28,15,Fortaleza,Sport Recife,2,1,58,,card,Marcelo,False,yellow,,,,,,,
brasileirao_serie_b_2026,2026-06-28,15,Fortaleza,Sport Recife,2,1,62,,substitution,,True,,,Welliton,Vitinho,,,,
brasileirao_serie_b_2026,2026-06-28,15,Fortaleza,Sport Recife,2,1,69,,goal,Perotti,False,,,,,,,1,1
brasileirao_serie_b_2026,2026-06-28,15,Fortaleza,Sport Recife,2,1,73,,card,M. Júnior,True,yellow,,,,,,,
brasileirao_serie_b_2026,2026-06-28,15,Fortaleza,Sport Recife,2,1,73,,substitution,,True,,,Ryan,L. Sasha,,,,
brasileirao_serie_b_2026,2026-06-28,15,Fortaleza,Sport Recife,2,1,73,,substitution,,True,,,L. Crispim,R. Santos,,,,
brasileirao_serie_b_2026,2026-06-28,15,Fortaleza,Sport Recife,2,1,76,,substitution,,False,,,Marlon,C. Barletta,,,,
brasileirao_serie_b_2026,2026-06-28,15,Fortaleza,Sport Recife,2,1,76,,substitution,,False,,,Zé Gabriel,B. Fonseca,,,,
brasileirao_serie_b_2026,2026-06-28,15,Fortaleza,Sport Recife,2,1,83,,substitution,,True,,,L. Prior,Pierre,,,,
brasileirao_serie_b_2026,2026-06-28,15,Fortaleza,Sport Recife,2,1,83,,substitution,,True,,,L. Gazal,E. Brítez,,,,
brasileirao_serie_b_2026,2026-06-28,15,Fortaleza,Sport Recife,2,1,86,,substitution,,False,,,Clayson,I. Castilho,,,,
brasileirao_serie_b_2026,2026-06-28,15,Fortaleza,Sport Recife,2,1,86,,substitution,,False,,,Y. Felipe,F. Matheus,,,,
brasileirao_serie_b_2026,2026-06-28,15,Fortaleza,Sport Recife,2,1,90,,period,,,,,,,FT,,2,1
brasileirao_serie_b_2026,2026-06-28,15,Fortaleza,Sport Recife,2,1,90,5,goal,Welliton,True,,,,,,,2,1
brasileirao_serie_b_2026,2026-06-28,15,Fortaleza,Sport Recife,2,1,90,,injuryTime,,,,,,,,6,,
brasileirao_serie_b_2026,2026-06-28,15,Juventude,Ceará,2,0,13,,substitution,,True,,,Gabriel,D. Barbosa,,,,
brasileirao_serie_b_2026,2026-06-28,15,Juventude,Ceará,2,0,26,,goal,A. Safira,True,,,,,,,1,0
brasileirao_serie_b_2026,2026-06-28,15,Juventude,Ceará,2,0,34,,goal,Gabriel,True,,,,,,,2,0
brasileirao_serie_b_2026,2026-06-28,15,Juventude,Ceará,2,0,45,,period,,,,,,,HT,,2,0
brasileirao_serie_b_2026,2026-06-28,15,Juventude,Ceará,2,0,45,,injuryTime,,,,,,,,3,,
brasileirao_serie_b_2026,2026-06-28,15,Juventude,Ceará,2,0,46,,substitution,,False,,,J. W. Neto,P. Esli,,,,
brasileirao_serie_b_2026,2026-06-28,15,Juventude,Ceará,2,0,63,,substitution,,False,,,E. Lodovico,Rafael Ramos,,,,
brasileirao_serie_b_2026,2026-06-28,15,Juventude,Ceará,2,0,63,,substitution,,False,,,L. Otávio,J. Gabriel,,,,
brasileirao_serie_b_2026,2026-06-28,15,Juventude,Ceará,2,0,64,,substitution,,True,,,M. Castro,Raí,,,,
brasileirao_serie_b_2026,2026-06-28,15,Juventude,Ceará,2,0,64,,substitution,,True,,,L. Mandaca,M. Paulo,,,,
brasileirao_serie_b_2026,2026-06-28,15,Juventude,Ceará,2,0,67,,substitution,,False,,,Kauã,Matheusinho,,,,
brasileirao_serie_b_2026,2026-06-28,15,Juventude,Ceará,2,0,68,,card,E. Lodovico,False,yellow,,,,,,,
brasileirao_serie_b_2026,2026-06-28,15,Juventude,Ceará,2,0,78,,substitution,,False,,,Wendel,Melk,,,,
brasileirao_serie_b_2026,2026-06-28,15,Juventude,Ceará,2,0,78,,substitution,,True,,,L. M. Gonçalves,F. Lima,,,,
brasileirao_serie_b_2026,2026-06-28,15,Juventude,Ceará,2,0,78,,substitution,,True,,,Wadson,A. Safira,,,,
brasileirao_serie_b_2026,2026-06-28,15,Juventude,Ceará,2,0,90,,period,,,,,,,FT,,2,0
brasileirao_serie_b_2026,2026-06-28,15,Juventude,Ceará,2,0,90,,injuryTime,,,,,,,,4,,
brasileirao_serie_b_2026,2026-06-28,15,Náutico,Goiás,0,1,26,,goal,Djalma,False,,,,,,,0,1
brasileirao_serie_b_2026,2026-06-28,15,Náutico,Goiás,0,1,45,,period,,,,,,,HT,,0,1
brasileirao_serie_b_2026,2026-06-28,15,Náutico,Goiás,0,1,45,,injuryTime,,,,,,,,4,,
brasileirao_serie_b_2026,2026-06-28,15,Náutico,Goiás,0,1,46,,substitution,,True,,,V. Andrade,F. Saraiva,,,,
brasileirao_serie_b_2026,2026-06-28,15,Náutico,Goiás,0,1,58,,substitution,,True,,,L. Claudio,Derek,,,,
brasileirao_serie_b_2026,2026-06-28,15,Náutico,Goiás,0,1,58,,substitution,,True,,,M. Ribeiro,Reginaldo,,,,
brasileirao_serie_b_2026,2026-06-28,15,Náutico,Goiás,0,1,62,,substitution,,False,,,Diego Caito,J. Carlos,,,,
brasileirao_serie_b_2026,2026-06-28,15,Náutico,Goiás,0,1,63,,substitution,,False,,,G. B. d. Camargo,L. R. M. Costa,,,,
brasileirao_serie_b_2026,2026-06-28,15,Náutico,Goiás,0,1,69,,substitution,,True,,,Wanderson,G. Índio,,,,
brasileirao_serie_b_2026,2026-06-28,15,Náutico,Goiás,0,1,70,,substitution,,True,,,L. Paulo,L. d. O. Jance,,,,
brasileirao_serie_b_2026,2026-06-28,15,Náutico,Goiás,0,1,71,,substitution,,False,,,Halerrandrio,Kadu,,,,
brasileirao_serie_b_2026,2026-06-28,15,Náutico,Goiás,0,1,71,,substitution,,False,,,L. Fellipe,Djalma,,,,
brasileirao_serie_b_2026,2026-06-28,15,Náutico,Goiás,0,1,82,,substitution,,False,,,Juninho,Cadu,,,,
brasileirao_serie_b_2026,2026-06-28,15,Náutico,Goiás,0,1,90,,period,,,,,,,FT,,0,1
brasileirao_serie_b_2026,2026-06-28,15,Náutico,Goiás,0,1,90,8,substitution,,True,,,,Vinícius,,,,
brasileirao_serie_b_2026,2026-06-28,15,Náutico,Goiás,0,1,90,7,card,L. Felipe,True,yellow,,,,,,,
brasileirao_serie_b_2026,2026-06-28,15,Náutico,Goiás,0,1,90,4,card,R. Soares,False,yellow,,,,,,,
brasileirao_serie_b_2026,2026-06-28,15,Náutico,Goiás,0,1,90,,injuryTime,,,,,,,,8,,
brasileirao_serie_b_2026,2026-06-30,15,Botafogo-SP,Clube De Regatas Brasil,0,1,17,,goal,D. Belmonte,False,,,,,,,0,1
brasileirao_serie_b_2026,2026-06-30,15,Botafogo-SP,Clube De Regatas Brasil,0,1,45,,period,,,,,,,HT,,0,1
brasileirao_serie_b_2026,2026-06-30,15,Botafogo-SP,Clube De Regatas Brasil,0,1,45,,card,E. Morelli,True,yellow,,,,,,,
brasileirao_serie_b_2026,2026-06-30,15,Botafogo-SP,Clube De Regatas Brasil,0,1,45,,injuryTime,,,,,,,,2,,
brasileirao_serie_b_2026,2026-06-30,15,Botafogo-SP,Clube De Regatas Brasil,0,1,46,,substitution,,True,,,Kelvin,Yuri,,,,
brasileirao_serie_b_2026,2026-06-30,15,Botafogo-SP,Clube De Regatas Brasil,0,1,46,,substitution,,True,,,F. Vieira,Wallace,,,,
brasileirao_serie_b_2026,2026-06-30,15,Botafogo-SP,Clube De Regatas Brasil,0,1,53,,card,H. Santos,False,yellow,,,,,,,
brasileirao_serie_b_2026,2026-06-30,15,Botafogo-SP,Clube De Regatas Brasil,0,1,56,,card,Thiaguinho,False,yellow,,,,,,,
brasileirao_serie_b_2026,2026-06-30,15,Botafogo-SP,Clube De Regatas Brasil,0,1,67,,substitution,,False,,,P. De Lucca,Thiaguinho,,,,
brasileirao_serie_b_2026,2026-06-30,15,Botafogo-SP,Clube De Regatas Brasil,0,1,67,,substitution,,False,,,D. Baggio,Danielzinho,,,,
brasileirao_serie_b_2026,2026-06-30,15,Botafogo-SP,Clube De Regatas Brasil,0,1,70,,substitution,,True,,,Arthur Caíke,J. Nem,,,,
brasileirao_serie_b_2026,2026-06-30,15,Botafogo-SP,Clube De Regatas Brasil,0,1,70,,substitution,,True,,,L. Maciel,E. Morelli,,,,
brasileirao_serie_b_2026,2026-06-30,15,Botafogo-SP,Clube De Regatas Brasil,0,1,77,,substitution,,False,,,L. Phellype,Mikael,,,,
brasileirao_serie_b_2026,2026-06-30,15,Botafogo-SP,Clube De Regatas Brasil,0,1,82,,substitution,,True,,,Thiaguinho,Pedrinho,,,,
brasileirao_serie_b_2026,2026-06-30,15,Botafogo-SP,Clube De Regatas Brasil,0,1,89,,substitution,,False,,,Bressan,D. Belmonte,,,,
brasileirao_serie_b_2026,2026-06-30,15,Botafogo-SP,Clube De Regatas Brasil,0,1,90,,period,,,,,,,FT,,0,1
brasileirao_serie_b_2026,2026-06-30,15,Botafogo-SP,Clube De Regatas Brasil,0,1,90,,card,D. Baggio,False,yellow,,,,,,,
brasileirao_serie_b_2026,2026-06-30,15,Botafogo-SP,Clube De Regatas Brasil,0,1,90,,injuryTime,,,,,,,,6,,
brasileirao_serie_b_2026,2026-07-02,16,Cuiabá,América Mineiro,1,0,45,,period,,,,,,,HT,,0,0
brasileirao_serie_b_2026,2026-07-02,16,Cuiabá,América Mineiro,1,0,45,,injuryTime,,,,,,,,3,,
brasileirao_serie_b_2026,2026-07-02,16,Cuiabá,América Mineiro,1,0,46,,substitution,,False,,,Luidy,Dalbert,,,,
brasileirao_serie_b_2026,2026-07-02,16,Cuiabá,América Mineiro,1,0,46,,substitution,,True,,,R. Rodrigues,Vitor Mendes,,,,
brasileirao_serie_b_2026,2026-07-02,16,Cuiabá,América Mineiro,1,0,60,,card,F. Amaral,False,yellow,Foul,,,,,,
brasileirao_serie_b_2026,2026-07-02,16,Cuiabá,América Mineiro,1,0,61,,substitution,,True,,,Eric,Marlon,,,,
brasileirao_serie_b_2026,2026-07-02,16,Cuiabá,América Mineiro,1,0,61,,substitution,,True,,,M. Júnior,Weverson,,,,
brasileirao_serie_b_2026,2026-07-02,16,Cuiabá,América Mineiro,1,0,66,,substitution,,False,,,J. R. Jiménez,F. Amaral,,,,
brasileirao_serie_b_2026,2026-07-02,16,Cuiabá,América Mineiro,1,0,74,,substitution,,True,,,Aiyran,V. Peixoto,,,,
brasileirao_serie_b_2026,2026-07-02,16,Cuiabá,América Mineiro,1,0,79,,substitution,,True,,,D. M. d. S. Arcanjo,Pepê,,,,
brasileirao_serie_b_2026,2026-07-02,16,Cuiabá,América Mineiro,1,0,82,,substitution,,False,,,G. Mastriani,W. Bigode,,,,
brasileirao_serie_b_2026,2026-07-02,16,Cuiabá,América Mineiro,1,0,82,,substitution,,False,,,Everton,Y. Souza,,,,
brasileirao_serie_b_2026,2026-07-02,16,Cuiabá,América Mineiro,1,0,89,,card,Eric,True,yellow,Foul,,,,,,
brasileirao_serie_b_2026,2026-07-02,16,Cuiabá,América Mineiro,1,0,90,,period,,,,,,,FT,,1,0
brasileirao_serie_b_2026,2026-07-02,16,Cuiabá,América Mineiro,1,0,90,5,substitution,,False,,,P. Victor,E. Person,,,,
brasileirao_serie_b_2026,2026-07-02,16,Cuiabá,América Mineiro,1,0,90,,goal,Aiyran,True,,,,,,,1,0
brasileirao_serie_b_2026,2026-07-02,16,Cuiabá,América Mineiro,1,0,90,,injuryTime,,,,,,,,6,,
brasileirao_serie_b_2026,2026-07-02,16,Cuiabá,América Mineiro,1,0,90,,card,U. Louzer,False,red,Argument,,,,,,
brasileirao_serie_b_2026,2026-07-03,16,Fortaleza,Ponte Preta,2,0,43,,card,S. Palacios,False,yellow,,,,,,,
brasileirao_serie_b_2026,2026-07-03,16,Fortaleza,Ponte Preta,2,0,43,,card,Luiz Fernando,True,yellow,,,,,,,
brasileirao_serie_b_2026,2026-07-03,16,Fortaleza,Ponte Preta,2,0,45,,period,,,,,,,HT,,0,0
brasileirao_serie_b_2026,2026-07-03,16,Fortaleza,Ponte Preta,2,0,45,,card,Baianinho,False,yellow,,,,,,,
brasileirao_serie_b_2026,2026-07-03,16,Fortaleza,Ponte Preta,2,0,45,,injuryTime,,,,,,,,5,,
brasileirao_serie_b_2026,2026-07-03,16,Fortaleza,Ponte Preta,2,0,46,,substitution,,False,,,D. Tavares,Baianinho,,,,
brasileirao_serie_b_2026,2026-07-03,16,Fortaleza,Ponte Preta,2,0,54,,card,Pierre,True,yellow,,,,,,,
brasileirao_serie_b_2026,2026-07-03,16,Fortaleza,Ponte Preta,2,0,60,,goal,J. Miritello,True,,,,,,,1,0
brasileirao_serie_b_2026,2026-07-03,16,Fortaleza,Ponte Preta,2,0,63,,substitution,,True,,,L. Sasha,Pierre,,,,
brasileirao_serie_b_2026,2026-07-03,16,Fortaleza,Ponte Preta,2,0,64,,substitution,,False,,,David,Diego Porfirio,,,,
brasileirao_serie_b_2026,2026-07-03,16,Fortaleza,Ponte Preta,2,0,64,,substitution,,True,,,L. Prior,M. Júnior,,,,
brasileirao_serie_b_2026,2026-07-03,16,Fortaleza,Ponte Preta,2,0,66,,card,L. Gazal,True,yellow,,,,,,,
brasileirao_serie_b_2026,2026-07-03,16,Fortaleza,Ponte Preta,2,0,76,,substitution,,False,,,Juan,Kevyson,,,,
brasileirao_serie_b_2026,2026-07-03,16,Fortaleza,Ponte Preta,2,0,78,,substitution,,True,,,P. Baya,Welliton,,,,
brasileirao_serie_b_2026,2026-07-03,16,Fortaleza,Ponte Preta,2,0,79,,substitution,,True,,,Maílton,Rodriguinho,,,,
brasileirao_serie_b_2026,2026-07-03,16,Fortaleza,Ponte Preta,2,0,82,,substitution,,False,,,Rodriguinho,Brandão,,,,
brasileirao_serie_b_2026,2026-07-03,16,Fortaleza,Ponte Preta,2,0,83,,substitution,,False,,,Jonathan Cafú,M. Silva,,,,
brasileirao_serie_b_2026,2026-07-03,16,Fortaleza,Ponte Preta,2,0,84,,goal,Maílton,True,,,,,,,2,0
brasileirao_serie_b_2026,2026-07-03,16,Fortaleza,Ponte Preta,2,0,85,,substitution,,True,,,Ryan,R. Santos,,,,
brasileirao_serie_b_2026,2026-07-03,16,Fortaleza,Ponte Preta,2,0,89,,card,D. Tavares,False,yellow,,,,,,,
brasileirao_serie_b_2026,2026-07-03,16,Fortaleza,Ponte Preta,2,0,90,,period,,,,,,,FT,,2,0
brasileirao_serie_b_2026,2026-07-03,16,Fortaleza,Ponte Preta,2,0,90,4,card,L. Prior,True,yellow,,,,,,,
brasileirao_serie_b_2026,2026-07-03,16,Fortaleza,Ponte Preta,2,0,90,,injuryTime,,,,,,,,6,,
brasileirao_serie_b_2026,2026-07-04,16,Criciúma,Sport Recife,1,0,16,,varDecision,Waguininho,True,,,,,,,,
brasileirao_serie_b_2026,2026-07-04,16,Criciúma,Sport Recife,1,0,29,,goal,Waguininho,True,,,,,,,1,0
brasileirao_serie_b_2026,2026-07-04,16,Criciúma,Sport Recife,1,0,3,,card,T. R. S. Modesto,True,yellow,,,,,,,
brasileirao_serie_b_2026,2026-07-04,16,Criciúma,Sport Recife,1,0,32,,card,Waguininho,True,yellow,,,,,,,
brasileirao_serie_b_2026,2026-07-04,16,Criciúma,Sport Recife,1,0,33,,card,Marcelo,False,yellow,,,,,,,
brasileirao_serie_b_2026,2026-07-04,16,Criciúma,Sport Recife,1,0,35,,card,P. Victor,False,yellow,,,,,,,
brasileirao_serie_b_2026,2026-07-04,16,Criciúma,Sport Recife,1,0,45,,period,,,,,,,HT,,1,0
brasileirao_serie_b_2026,2026-07-04,16,Criciúma,Sport Recife,1,0,45,,injuryTime,,,,,,,,5,,
brasileirao_serie_b_2026,2026-07-04,16,Criciúma,Sport Recife,1,0,46,,substitution,,False,,,I. Castilho,Carlos De Pena,,,,
brasileirao_serie_b_2026,2026-07-04,16,Criciúma,Sport Recife,1,0,46,,substitution,,False,,,F. Matheus,P. Victor,,,,
brasileirao_serie_b_2026,2026-07-04,16,Criciúma,Sport Recife,1,0,46,,substitution,,True,,,Jean Irmer,T. R. S. Modesto,,,,
brasileirao_serie_b_2026,2026-07-04,16,Criciúma,Sport Recife,1,0,51,,card,C. Barletta,False,yellow,,,,,,,
brasileirao_serie_b_2026,2026-07-04,16,Criciúma,Sport Recife,1,0,57,,card,C. Martins,True,yellow,,,,,,,
brasileirao_serie_b_2026,2026-07-04,16,Criciúma,Sport Recife,1,0,59,,card,Jean Irmer,True,yellow,,,,,,,
brasileirao_serie_b_2026,2026-07-04,16,Criciúma,Sport Recife,1,0,63,,substitution,,True,,,J. Robert,R. Otero,,,,
brasileirao_serie_b_2026,2026-07-04,16,Criciúma,Sport Recife,1,0,63,,substitution,,True,,,B. Alves,C. Martins,,,,
brasileirao_serie_b_2026,2026-07-04,16,Criciúma,Sport Recife,1,0,77,,substitution,,False,,,Marlon,M. Ajul,,,,
brasileirao_serie_b_2026,2026-07-04,16,Criciúma,Sport Recife,1,0,79,,substitution,,True,,,Romarinho,Waguininho,,,,
brasileirao_serie_b_2026,2026-07-04,16,Criciúma,Sport Recife,1,0,83,,substitution,,False,,,A. Pucci,Madson,,,,
brasileirao_serie_b_2026,2026-07-04,16,Criciúma,Sport Recife,1,0,83,,substitution,,False,,,Y. Felipe,B. Fonseca,,,,
brasileirao_serie_b_2026,2026-07-04,16,Criciúma,Sport Recife,1,0,90,,period,,,,,,,FT,,1,0
brasileirao_serie_b_2026,2026-07-04,16,Criciúma,Sport Recife,1,0,90,3,substitution,,True,,,Cauê,G. Lobo,,,,
brasileirao_serie_b_2026,2026-07-04,16,Criciúma,Sport Recife,1,0,90,,injuryTime,,,,,,,,7,,
brasileirao_serie_b_2026,2026-07-04,16,Goiás,Ceará,2,0,11,,goal,Kadu,True,,,,,,,1,0
brasileirao_serie_b_2026,2026-07-04,16,Goiás,Ceará,2,0,22,,card,Filipe Machado,True,yellow,,,,,,,
brasileirao_serie_b_2026,2026-07-04,16,Goiás,Ceará,2,0,22,,varDecision,Kadu,True,,,,,,,,
brasileirao_serie_b_2026,2026-07-04,16,Goiás,Ceará,2,0,26,,substitution,,True,,,G. B. d. Camargo,Filipe Machado,,,,
brasileirao_serie_b_2026,2026-07-04,16,Goiás,Ceará,2,0,45,,period,,,,,,,HT,,1,0
brasileirao_serie_b_2026,2026-07-04,16,Goiás,Ceará,2,0,45,,injuryTime,,,,,,,,4,,
brasileirao_serie_b_2026,2026-07-04,16,Goiás,Ceará,2,0,46,,card,B. Borges,False,yellow,,,,,,,
brasileirao_serie_b_2026,2026-07-04,16,Goiás,Ceará,2,0,58,,substitution,,True,,,Diego Caito,J. Carlos,,,,
brasileirao_serie_b_2026,2026-07-04,16,Goiás,Ceará,2,0,65,,substitution,,False,,,Wendel,L. Holanda,,,,
brasileirao_serie_b_2026,2026-07-04,16,Goiás,Ceará,2,0,65,,substitution,,False,,,E. Lodovico,L. Otávio,,,,
brasileirao_serie_b_2026,2026-07-04,16,Goiás,Ceará,2,0,67,,card,Kadu,True,yellow,,,,,,,
brasileirao_serie_b_2026,2026-07-04,16,Goiás,Ceará,2,0,69,,substitution,,True,,,A. Ramon,Cadu,,,,
brasileirao_serie_b_2026,2026-07-04,16,Goiás,Ceará,2,0,69,,substitution,,True,,,Nicolas,Djalma,,,,
brasileirao_serie_b_2026,2026-07-04,16,Goiás,Ceará,2,0,69,,substitution,,True,,,L. Ribeiro,R. Soares,,,,
brasileirao_serie_b_2026,2026-07-04,16,Goiás,Ceará,2,0,74,,substitution,,False,,,M. Araújo,Richardson,,,,
brasileirao_serie_b_2026,2026-07-04,16,Goiás,Ceará,2,0,75,,substitution,,False,,,Kauã,B. Borges,,,,
brasileirao_serie_b_2026,2026-07-04,16,Goiás,Ceará,2,0,80,,goal,Juninho,True,,,,,,,2,0
brasileirao_serie_b_2026,2026-07-04,16,Goiás,Ceará,2,0,82,,substitution,,False,,,Rafael Ramos,Fernando,,,,
brasileirao_serie_b_2026,2026-07-04,16,Goiás,Ceará,2,0,90,,period,,,,,,,FT,,2,0
brasileirao_serie_b_2026,2026-07-04,16,Goiás,Ceará,2,0,90,,injuryTime,,,,,,,,5,,
brasileirao_serie_b_2026,2026-07-04,16,Grêmio Novorizontino,Atlético Goianiense,3,0,34,,goal,Luís Oyama,True,,,,,,,1,0
brasileirao_serie_b_2026,2026-07-04,16,Grêmio Novorizontino,Atlético Goianiense,3,0,45,,period,,,,,,,HT,,1,0
brasileirao_serie_b_2026,2026-07-04,16,Grêmio Novorizontino,Atlético Goianiense,3,0,45,1,card,Gustavo Coutinho,False,yellow,,,,,,,
brasileirao_serie_b_2026,2026-07-04,16,Grêmio Novorizontino,Atlético Goianiense,3,0,45,,injuryTime,,,,,,,,2,,
brasileirao_serie_b_2026,2026-07-04,16,Grêmio Novorizontino,Atlético Goianiense,3,0,46,,substitution,,False,,,Assis,L. Vilela,,,,
brasileirao_serie_b_2026,2026-07-04,16,Grêmio Novorizontino,Atlético Goianiense,3,0,46,,substitution,,False,,,G. D. d. S. Gonçalves,G. Lopes,,,,
brasileirao_serie_b_2026,2026-07-04,16,Grêmio Novorizontino,Atlético Goianiense,3,0,63,,substitution,,True,,,Juninho,Reidiney,,,,
brasileirao_serie_b_2026,2026-07-04,16,Grêmio Novorizontino,Atlético Goianiense,3,0,67,,goal,Robson,True,,,,,,,2,0
brasileirao_serie_b_2026,2026-07-04,16,Grêmio Novorizontino,Atlético Goianiense,3,0,70,,substitution,,False,,,F. Guimarães,Ewerthon,,,,
brasileirao_serie_b_2026,2026-07-04,16,Grêmio Novorizontino,Atlético Goianiense,3,0,70,,substitution,,False,,,L. Jacó,B. José,,,,
brasileirao_serie_b_2026,2026-07-04,16,Grêmio Novorizontino,Atlético Goianiense,3,0,74,,substitution,,True,,,M. Bianqui,L. Naldi,,,,
brasileirao_serie_b_2026,2026-07-04,16,Grêmio Novorizontino,Atlético Goianiense,3,0,74,,substitution,,True,,,A. Alvariño,G. Bahia,,,,
brasileirao_serie_b_2026,2026-07-04,16,Grêmio Novorizontino,Atlético Goianiense,3,0,81,,goal,Rômulo,True,,,,,,,3,0
brasileirao_serie_b_2026,2026-07-04,16,Grêmio Novorizontino,Atlético Goianiense,3,0,82,,substitution,,True,,,N. Careca,Vinicius Paiva,,,,
brasileirao_serie_b_2026,2026-07-04,16,Grêmio Novorizontino,Atlético Goianiense,3,0,82,,substitution,,True,,,Carlão,Robson,,,,
brasileirao_serie_b_2026,2026-07-04,16,Grêmio Novorizontino,Atlético Goianiense,3,0,84,,substitution,,False,,,G. D. Pae,G. Soares,,,,
brasileirao_serie_b_2026,2026-07-04,16,Grêmio Novorizontino,Atlético Goianiense,3,0,88,,card,N. Castrillón,True,yellow,,,,,,,
brasileirao_serie_b_2026,2026-07-04,16,Grêmio Novorizontino,Atlético Goianiense,3,0,90,,period,,,,,,,FT,,3,0
brasileirao_serie_b_2026,2026-07-04,16,Grêmio Novorizontino,Atlético Goianiense,3,0,90,3,card,Juninho,True,yellow,,,,,,,
brasileirao_serie_b_2026,2026-07-04,16,Grêmio Novorizontino,Atlético Goianiense,3,0,90,,injuryTime,,,,,,,,4,,
brasileirao_serie_b_2026,2026-07-04,16,Londrina,Clube De Regatas Brasil,5,0,12,,card,Danielzinho,False,yellow,,,,,,,
brasileirao_serie_b_2026,2026-07-04,16,Londrina,Clube De Regatas Brasil,5,0,15,,varDecision,Iago,True,,,,,,,,
brasileirao_serie_b_2026,2026-07-04,16,Londrina,Clube De Regatas Brasil,5,0,17,,card,D. Hereda,False,yellow,,,,,,,
brasileirao_serie_b_2026,2026-07-04,16,Londrina,Clube De Regatas Brasil,5,0,18,,goal,B. Santos,True,,,,,,,1,0
brasileirao_serie_b_2026,2026-07-04,16,Londrina,Clube De Regatas Brasil,5,0,32,,goal,Iago,True,,,,,,,2,0
brasileirao_serie_b_2026,2026-07-04,16,Londrina,Clube De Regatas Brasil,5,0,42,,card,Kozlinski,True,yellow,,,,,,,
brasileirao_serie_b_2026,2026-07-04,16,Londrina,Clube De Regatas Brasil,5,0,43,,card,J. Tavares,True,yellow,,,,,,,
brasileirao_serie_b_2026,2026-07-04,16,Londrina,Clube De Regatas Brasil,5,0,45,,period,,,,,,,HT,,2,0
brasileirao_serie_b_2026,2026-07-04,16,Londrina,Clube De Regatas Brasil,5,0,45,,injuryTime,,,,,,,,9,,
brasileirao_serie_b_2026,2026-07-04,16,Londrina,Clube De Regatas Brasil,5,0,46,,substitution,,True,,,P. Moccelin,Vitinho,,,,
brasileirao_serie_b_2026,2026-07-04,16,Londrina,Clube De Regatas Brasil,5,0,47,,goal,L. Marques,True,,,,,,,3,0
brasileirao_serie_b_2026,2026-07-04,16,Londrina,Clube De Regatas Brasil,5,0,51,,card,H. Santos,False,yellow,,,,,,,
brasileirao_serie_b_2026,2026-07-04,16,Londrina,Clube De Regatas Brasil,5,0,54,,substitution,,False,,,Kevin,D. Hereda,,,,
brasileirao_serie_b_2026,2026-07-04,16,Londrina,Clube De Regatas Brasil,5,0,55,,substitution,,False,,,L. Campos,D. Baggio,,,,
brasileirao_serie_b_2026,2026-07-04,16,Londrina,Clube De Regatas Brasil,5,0,55,,substitution,,False,,,L. Phellype,P. Castro,,,,
brasileirao_serie_b_2026,2026-07-04,16,Londrina,Clube De Regatas Brasil,5,0,55,,substitution,,False,,,P. De Lucca,L. Lovat,,,,
brasileirao_serie_b_2026,2026-07-04,16,Londrina,Clube De Regatas Brasil,5,0,63,,substitution,,True,,,T. Cantanhede,L. Marques,,,,
brasileirao_serie_b_2026,2026-07-04,16,Londrina,Clube De Regatas Brasil,5,0,66,,substitution,,False,,,Bressan,F. Alemão,,,,
brasileirao_serie_b_2026,2026-07-04,16,Londrina,Clube De Regatas Brasil,5,0,73,,card,K. Leonardo,True,yellow,,,,,,,
brasileirao_serie_b_2026,2026-07-04,16,Londrina,Clube De Regatas Brasil,5,0,77,,goal,B. Santos,True,,,,,,,4,0
brasileirao_serie_b_2026,2026-07-04,16,Londrina,Clube De Regatas Brasil,5,0,78,,substitution,,True,,,Kevyn,Heron,,,,
brasileirao_serie_b_2026,2026-07-04,16,Londrina,Clube De Regatas Brasil,5,0,79,,substitution,,True,,,Gilberto,Iago,,,,
brasileirao_serie_b_2026,2026-07-04,16,Londrina,Clube De Regatas Brasil,5,0,83,,substitution,,True,,,W. Reis,K. Leonardo,,,,
brasileirao_serie_b_2026,2026-07-04,16,Londrina,Clube De Regatas Brasil,5,0,84,,goal,Gilberto,True,,,,,,,5,0
brasileirao_serie_b_2026,2026-07-04,16,Londrina,Clube De Regatas Brasil,5,0,90,,period,,,,,,,FT,,5,0
brasileirao_serie_b_2026,2026-07-04,16,Londrina,Clube De Regatas Brasil,5,0,90,,injuryTime,,,,,,,,2,,
brasileirao_serie_b_2026,2026-07-05,16,Náutico,Juventude,0,0,26,,card,Jandrei,False,yellow,,,,,,,
brasileirao_serie_b_2026,2026-07-05,16,Náutico,Juventude,0,0,43,,substitution,,True,,,Reginaldo,Todinho,,,,
brasileirao_serie_b_2026,2026-07-05,16,Náutico,Juventude,0,0,45,,period,,,,,,,HT,,0,0
brasileirao_serie_b_2026,2026-07-05,16,Náutico,Juventude,0,0,45,,injuryTime,,,,,,,,4,,
brasileirao_serie_b_2026,2026-07-05,16,Náutico,Juventude,0,0,48,,card,Derek,True,yellow,,,,,,,
brasileirao_serie_b_2026,2026-07-05,16,Náutico,Juventude,0,0,53,,card,A. Safira,False,yellow,,,,,,,
brasileirao_serie_b_2026,2026-07-05,16,Náutico,Juventude,0,0,64,,substitution,,True,,,L. d. O. Jance,G. Henrique,,,,
brasileirao_serie_b_2026,2026-07-05,16,Náutico,Juventude,0,0,64,,substitution,,False,,,L. Mandaca,Raí,,,,
brasileirao_serie_b_2026,2026-07-05,16,Náutico,Juventude,0,0,64,,substitution,,False,,,L. M. Gonçalves,L. Mineiro,,,,
brasileirao_serie_b_2026,2026-07-05,16,Náutico,Juventude,0,0,72,,substitution,,False,,,Wadson,Patryck,,,,
brasileirao_serie_b_2026,2026-07-05,16,Náutico,Juventude,0,0,72,,substitution,,False,,,Allanzinho,M. Paulo,,,,
brasileirao_serie_b_2026,2026-07-05,16,Náutico,Juventude,0,0,79,,card,M. Ribeiro,True,yellow,,,,,,,
brasileirao_serie_b_2026,2026-07-05,16,Náutico,Juventude,0,0,82,,substitution,,False,,,M. Castro,F. Lima,,,,
brasileirao_serie_b_2026,2026-07-05,16,Náutico,Juventude,0,0,84,,substitution,,True,,,L. Claudio,Derek,,,,
brasileirao_serie_b_2026,2026-07-05,16,Náutico,Juventude,0,0,85,,card,Wenderson,True,yellow,,,,,,,
brasileirao_serie_b_2026,2026-07-05,16,Náutico,Juventude,0,0,90,,period,,,,,,,FT,,0,0
brasileirao_serie_b_2026,2026-07-05,16,Náutico,Juventude,0,0,90,,injuryTime,,,,,,,,6,,
brasileirao_serie_b_2026,2026-07-06,16,Botafogo-SP,Avaí,3,1,12,,card,P. Vitor,False,yellow,,,,,,,
brasileirao_serie_b_2026,2026-07-06,16,Botafogo-SP,Avaí,3,1,28,,goal,E. Morelli,True,,,,,,,1,0
brasileirao_serie_b_2026,2026-07-06,16,Botafogo-SP,Avaí,3,1,45,,period,,,,,,,HT,,1,0
brasileirao_serie_b_2026,2026-07-06,16,Botafogo-SP,Avaí,3,1,45,,injuryTime,,,,,,,,2,,
brasileirao_serie_b_2026,2026-07-06,16,Botafogo-SP,Avaí,3,1,46,,substitution,,False,,,Wenderson,Wesley Gasolina,,,,
brasileirao_serie_b_2026,2026-07-06,16,Botafogo-SP,Avaí,3,1,46,,substitution,,False,,,W. Fernando,D. Teixeira,,,,
brasileirao_serie_b_2026,2026-07-06,16,Botafogo-SP,Avaí,3,1,54,,goal,Hygor,True,,,,,,,2,0
brasileirao_serie_b_2026,2026-07-06,16,Botafogo-SP,Avaí,3,1,58,,substitution,,False,,,M. Vitor,P. Vitor,,,,
brasileirao_serie_b_2026,2026-07-06,16,Botafogo-SP,Avaí,3,1,58,,goal,Wallison,False,,,,,,,2,1
brasileirao_serie_b_2026,2026-07-06,16,Botafogo-SP,Avaí,3,1,64,,substitution,,True,,,Yuri,Pedrinho,,,,
brasileirao_serie_b_2026,2026-07-06,16,Botafogo-SP,Avaí,3,1,64,,substitution,,True,,,J. Nem,Kelvin,,,,
brasileirao_serie_b_2026,2026-07-06,16,Botafogo-SP,Avaí,3,1,77,,substitution,,True,,,L. Maciel,M. Sales,,,,
brasileirao_serie_b_2026,2026-07-06,16,Botafogo-SP,Avaí,3,1,77,,substitution,,True,,,G. Queiróz,Hygor,,,,
brasileirao_serie_b_2026,2026-07-06,16,Botafogo-SP,Avaí,3,1,78,,card,Wenderson,False,yellow,,,,,,,
brasileirao_serie_b_2026,2026-07-06,16,Botafogo-SP,Avaí,3,1,79,,goal,P. Brey,True,,,,,,,3,1
brasileirao_serie_b_2026,2026-07-06,16,Botafogo-SP,Avaí,3,1,81,,substitution,,False,,,Jamerson,D. Penha,,,,
brasileirao_serie_b_2026,2026-07-06,16,Botafogo-SP,Avaí,3,1,86,,substitution,,True,,,F. Vieira,Z. Hugo,,,,
brasileirao_serie_b_2026,2026-07-06,16,Botafogo-SP,Avaí,3,1,88,,substitution,,False,,,M. Quaresma,T. Roberth,,,,
brasileirao_serie_b_2026,2026-07-06,16,Botafogo-SP,Avaí,3,1,90,,period,,,,,,,FT,,3,1
brasileirao_serie_b_2026,2026-07-06,16,Botafogo-SP,Avaí,3,1,90,,injuryTime,,,,,,,,5,,
brasileirao_serie_b_2026,2026-07-06,16,Vila Nova FC,São Bernardo,2,1,23,,goal,Marquinhos Gabriel,True,,,,,,,1,0
brasileirao_serie_b_2026,2026-07-06,16,Vila Nova FC,São Bernardo,2,1,45,,period,,,,,,,HT,,1,0
brasileirao_serie_b_2026,2026-07-06,16,Vila Nova FC,São Bernardo,2,1,45,,injuryTime,,,,,,,,6,,
brasileirao_serie_b_2026,2026-07-06,16,Vila Nova FC,São Bernardo,2,1,48,,card,Foguinho,False,yellow,,,,,,,
brasileirao_serie_b_2026,2026-07-06,16,Vila Nova FC,São Bernardo,2,1,52,,goal,Hyoran,False,,,,,,,1,1
brasileirao_serie_b_2026,2026-07-06,16,Vila Nova FC,São Bernardo,2,1,60,,substitution,,True,,,Enzo,B. Xavier,,,,
brasileirao_serie_b_2026,2026-07-06,16,Vila Nova FC,São Bernardo,2,1,67,,substitution,,True,,,Dellatorre,A. Luís,,,,
brasileirao_serie_b_2026,2026-07-06,16,Vila Nova FC,São Bernardo,2,1,67,,substitution,,True,,,Dodô,Marquinhos Gabriel,,,,
brasileirao_serie_b_2026,2026-07-06,16,Vila Nova FC,São Bernardo,2,1,68,,substitution,,False,,,D. D. S. Roque,L. Rian,,,,
brasileirao_serie_b_2026,2026-07-06,16,Vila Nova FC,São Bernardo,2,1,70,,card,F. Garcia,False,yellow,,,,,,,
brasileirao_serie_b_2026,2026-07-06,16,Vila Nova FC,São Bernardo,2,1,76,,substitution,,False,,,D. Amorim,Echaporã,,,,
brasileirao_serie_b_2026,2026-07-06,16,Vila Nova FC,São Bernardo,2,1,76,,substitution,,False,,,Marcão Silva,Hyoran,,,,
brasileirao_serie_b_2026,2026-07-06,16,Vila Nova FC,São Bernardo,2,1,82,,substitution,,True,,,Emerson Urso,Hayner,,,,
brasileirao_serie_b_2026,2026-07-06,16,Vila Nova FC,São Bernardo,2,1,82,,substitution,,True,,,W. Formiga,Anderson,,,,
brasileirao_serie_b_2026,2026-07-06,16,Vila Nova FC,São Bernardo,2,1,85,,substitution,,False,,,Luizão,Foguinho,,,,
brasileirao_serie_b_2026,2026-07-06,16,Vila Nova FC,São Bernardo,2,1,85,,substitution,,False,,,Fabrício Daniel,F. Garcia,,,,
brasileirao_serie_b_2026,2026-07-06,16,Vila Nova FC,São Bernardo,2,1,89,,card,D. D. S. Roque,False,yellow,,,,,,,
brasileirao_serie_b_2026,2026-07-06,16,Vila Nova FC,São Bernardo,2,1,90,,period,,,,,,,FT,,2,1
brasileirao_serie_b_2026,2026-07-06,16,Vila Nova FC,São Bernardo,2,1,90,1,goal,Janderson,True,,,,,,,2,1
brasileirao_serie_b_2026,2026-07-06,16,Vila Nova FC,São Bernardo,2,1,90,,injuryTime,,,,,,,,5,,
brasileirao_serie_b_2026,2026-07-07,16,Athletic Club,Operário-PR,0,1,38,,card,Jota,True,yellow,,,,,,,
brasileirao_serie_b_2026,2026-07-07,16,Athletic Club,Operário-PR,0,1,45,,period,,,,,,,HT,,0,0
brasileirao_serie_b_2026,2026-07-07,16,Athletic Club,Operário-PR,0,1,45,,injuryTime,,,,,,,,2,,
brasileirao_serie_b_2026,2026-07-07,16,Athletic Club,Operário-PR,0,1,46,,substitution,,True,,,D. Vera,Jota,,,,
brasileirao_serie_b_2026,2026-07-07,16,Athletic Club,Operário-PR,0,1,52,,card,G. Cabezas,True,yellow,,,,,,,
brasileirao_serie_b_2026,2026-07-07,16,Athletic Club,Operário-PR,0,1,54,,goal,G. Cabezas,False,,,,,,,0,1
brasileirao_serie_b_2026,2026-07-07,16,Athletic Club,Operário-PR,0,1,55,,substitution,,True,,,Bruninho,G. Cabezas,,,,
brasileirao_serie_b_2026,2026-07-07,16,Athletic Club,Operário-PR,0,1,71,,substitution,,False,,,N. Paraíba,H. Pereira,,,,
brasileirao_serie_b_2026,2026-07-07,16,Athletic Club,Operário-PR,0,1,72,,substitution,,True,,,L. Fernando,Max,,,,
brasileirao_serie_b_2026,2026-07-07,16,Athletic Club,Operário-PR,0,1,72,,substitution,,True,,,M. Henrique,Enzo,,,,
brasileirao_serie_b_2026,2026-07-07,16,Athletic Club,Operário-PR,0,1,77,,substitution,,False,,,Maguinho,Mikael,,,,
brasileirao_serie_b_2026,2026-07-07,16,Athletic Club,Operário-PR,0,1,77,,substitution,,False,,,F. Augusto,Moraes Júnior,,,,
brasileirao_serie_b_2026,2026-07-07,16,Athletic Club,Operário-PR,0,1,78,,card,J. Cuenú,False,yellow,,,,,,,
brasileirao_serie_b_2026,2026-07-07,16,Athletic Club,Operário-PR,0,1,78,,substitution,,False,,,W. Klaus,Miranda,,,,
brasileirao_serie_b_2026,2026-07-07,16,Athletic Club,Operário-PR,0,1,79,,card,J. Cuenú,False,yellowRed,,,,,,,
brasileirao_serie_b_2026,2026-07-07,16,Athletic Club,Operário-PR,0,1,83,,substitution,,True,,,G. Moyses,Zeca,,,,
brasileirao_serie_b_2026,2026-07-07,16,Athletic Club,Operário-PR,0,1,83,,substitution,,False,,,Charles,Pablo,,,,
brasileirao_serie_b_2026,2026-07-07,16,Athletic Club,Operário-PR,0,1,88,,card,Vágner,False,yellow,,,,,,,
brasileirao_serie_b_2026,2026-07-07,16,Athletic Club,Operário-PR,0,1,90,,period,,,,,,,FT,,0,1
brasileirao_serie_b_2026,2026-07-07,16,Athletic Club,Operário-PR,0,1,90,,injuryTime,,,,,,,,7,,
brasileirao_serie_b_2026,2026-07-08,17,Ponte Preta,Criciúma,1,2,12,,goal,M. Hermes,False,,,,,,,0,1
brasileirao_serie_b_2026,2026-07-08,17,Ponte Preta,Criciúma,1,2,18,,card,L. Cunha,True,yellow,,,,,,,
brasileirao_serie_b_2026,2026-07-08,17,Ponte Preta,Criciúma,1,2,45,,period,,,,,,,HT,,0,1
brasileirao_serie_b_2026,2026-07-08,17,Ponte Preta,Criciúma,1,2,45,,injuryTime,,,,,,,,4,,
brasileirao_serie_b_2026,2026-07-08,17,Ponte Preta,Criciúma,1,2,46,,substitution,,True,,,Juan,David,,,,
brasileirao_serie_b_2026,2026-07-08,17,Ponte Preta,Criciúma,1,2,46,,substitution,,True,,,Baianinho,André,,,,
brasileirao_serie_b_2026,2026-07-08,17,Ponte Preta,Criciúma,1,2,46,,substitution,,True,,,Diego Porfirio,D. Tavares,,,,
brasileirao_serie_b_2026,2026-07-08,17,Ponte Preta,Criciúma,1,2,62,,goal,Baianinho,True,,,,,,,1,1
brasileirao_serie_b_2026,2026-07-08,17,Ponte Preta,Criciúma,1,2,67,,substitution,,False,,,Diego Gonçalves,Waguininho,,,,
brasileirao_serie_b_2026,2026-07-08,17,Ponte Preta,Criciúma,1,2,67,,substitution,,False,,,J. Robert,R. Otero,,,,
brasileirao_serie_b_2026,2026-07-08,17,Ponte Preta,Criciúma,1,2,71,,card,D. Barcelos,True,yellow,,,,,,,
brasileirao_serie_b_2026,2026-07-08,17,Ponte Preta,Criciúma,1,2,71,,varDecision,D. Barcelos,True,,,,,,,,
brasileirao_serie_b_2026,2026-07-08,17,Ponte Preta,Criciúma,1,2,81,,substitution,,False,,,Romarinho,F. Mateus,,,,
brasileirao_serie_b_2026,2026-07-08,17,Ponte Preta,Criciúma,1,2,83,,substitution,,True,,,Miguel,Brandão,,,,
brasileirao_serie_b_2026,2026-07-08,17,Ponte Preta,Criciúma,1,2,88,,card,W. Lepo,False,yellow,,,,,,,
brasileirao_serie_b_2026,2026-07-08,17,Ponte Preta,Criciúma,1,2,89,,substitution,,False,,,Cauê,E. Biasi,,,,
brasileirao_serie_b_2026,2026-07-08,17,Ponte Preta,Criciúma,1,2,90,,period,,,,,,,FT,,1,2
brasileirao_serie_b_2026,2026-07-08,17,Ponte Preta,Criciúma,1,2,90,5,card,Elvis,True,yellow,,,,,,,
brasileirao_serie_b_2026,2026-07-08,17,Ponte Preta,Criciúma,1,2,90,5,card,M. Silva,True,yellow,,,,,,,
brasileirao_serie_b_2026,2026-07-08,17,Ponte Preta,Criciúma,1,2,90,4,goal,M. Hermes,False,,,,,,,1,2
brasileirao_serie_b_2026,2026-07-08,17,Ponte Preta,Criciúma,1,2,90,,substitution,,False,,,Jean Irmer,G. Lobo,,,,
brasileirao_serie_b_2026,2026-07-08,17,Ponte Preta,Criciúma,1,2,90,,injuryTime,,,,,,,,6,,
brasileirao_serie_b_2026,2026-07-10,17,Juventude,Vila Nova FC,1,0,11,,card,L. Mandaca,True,yellow,,,,,,,
brasileirao_serie_b_2026,2026-07-10,17,Juventude,Vila Nova FC,1,0,19,,substitution,,False,,,B. Xavier,R. Lima,,,,
brasileirao_serie_b_2026,2026-07-10,17,Juventude,Vila Nova FC,1,0,45,,period,,,,,,,HT,,1,0
brasileirao_serie_b_2026,2026-07-10,17,Juventude,Vila Nova FC,1,0,45,,goal,Messias,True,,,,,,,1,0
brasileirao_serie_b_2026,2026-07-10,17,Juventude,Vila Nova FC,1,0,45,,injuryTime,,,,,,,,4,,
brasileirao_serie_b_2026,2026-07-10,17,Juventude,Vila Nova FC,1,0,46,,substitution,,False,,,H. Meritão,B. Xavier,,,,
brasileirao_serie_b_2026,2026-07-10,17,Juventude,Vila Nova FC,1,0,57,,card,Patryck,True,yellow,,,,,,,
brasileirao_serie_b_2026,2026-07-10,17,Juventude,Vila Nova FC,1,0,68,,card,A. Luís,False,yellow,,,,,,,
brasileirao_serie_b_2026,2026-07-10,17,Juventude,Vila Nova FC,1,0,70,,substitution,,True,,,F. Lima,L. Mandaca,,,,
brasileirao_serie_b_2026,2026-07-10,17,Juventude,Vila Nova FC,1,0,70,,substitution,,True,,,M. Castro,M. Paulo,,,,
brasileirao_serie_b_2026,2026-07-10,17,Juventude,Vila Nova FC,1,0,70,,substitution,,True,,,L. Mineiro,L. M. Gonçalves,,,,
brasileirao_serie_b_2026,2026-07-10,17,Juventude,Vila Nova FC,1,0,72,,card,L. Mineiro,True,yellow,,,,,,,
brasileirao_serie_b_2026,2026-07-10,17,Juventude,Vila Nova FC,1,0,75,,substitution,,False,,,Dodô,Marquinhos Gabriel,,,,
brasileirao_serie_b_2026,2026-07-10,17,Juventude,Vila Nova FC,1,0,75,,substitution,,False,,,Hayner,Nathan Camargo,,,,
brasileirao_serie_b_2026,2026-07-10,17,Juventude,Vila Nova FC,1,0,77,,substitution,,True,,,Allanzinho,A. Safira,,,,
brasileirao_serie_b_2026,2026-07-10,17,Juventude,Vila Nova FC,1,0,81,,substitution,,False,,,Dellatorre,D. D. Santos,,,,
brasileirao_serie_b_2026,2026-07-10,17,Juventude,Vila Nova FC,1,0,85,,card,R. Sam,True,yellow,,,,,,,
brasileirao_serie_b_2026,2026-07-10,17,Juventude,Vila Nova FC,1,0,86,,substitution,,True,,,Gabriel,R. Ramos,,,,
brasileirao_serie_b_2026,2026-07-10,17,Juventude,Vila Nova FC,1,0,90,,period,,,,,,,FT,,1,0
brasileirao_serie_b_2026,2026-07-10,17,Juventude,Vila Nova FC,1,0,90,,injuryTime,,,,,,,,4,,
brasileirao_serie_b_2026,2026-07-10,17,Sport Recife,Botafogo-SP,3,3,25,,goal,Z. Hugo,False,,,,,,,0,1
brasileirao_serie_b_2026,2026-07-10,17,Sport Recife,Botafogo-SP,3,3,27,,card,R. Gava,False,yellow,Foul,,,,,,
brasileirao_serie_b_2026,2026-07-10,17,Sport Recife,Botafogo-SP,3,3,30,,card,C. Tencati,False,yellow,Argument,,,,,,
brasileirao_serie_b_2026,2026-07-10,17,Sport Recife,Botafogo-SP,3,3,38,,card,Zé Lucas,True,yellow,Foul,,,,,,
brasileirao_serie_b_2026,2026-07-10,17,Sport Recife,Botafogo-SP,3,3,40,,varDecision,P. Brey,False,,,,,,,,
brasileirao_serie_b_2026,2026-07-10,17,Sport Recife,Botafogo-SP,3,3,42,,goal,R. Gava,False,,,,,,,0,2
brasileirao_serie_b_2026,2026-07-10,17,Sport Recife,Botafogo-SP,3,3,45,,period,,,,,,,HT,,0,2
brasileirao_serie_b_2026,2026-07-10,17,Sport Recife,Botafogo-SP,3,3,45,4,card,M. Sales,False,yellow,Foul,,,,,,
brasileirao_serie_b_2026,2026-07-10,17,Sport Recife,Botafogo-SP,3,3,45,,injuryTime,,,,,,,,6,,
brasileirao_serie_b_2026,2026-07-10,17,Sport Recife,Botafogo-SP,3,3,46,,substitution,,True,,,A. Pucci,Madson,,,,
brasileirao_serie_b_2026,2026-07-10,17,Sport Recife,Botafogo-SP,3,3,46,,substitution,,True,,,Zé Gabriel,Zé Lucas,,,,
brasileirao_serie_b_2026,2026-07-10,17,Sport Recife,Botafogo-SP,3,3,46,,substitution,,True,,,Clayson,Marlon,,,,
brasileirao_serie_b_2026,2026-07-10,17,Sport Recife,Botafogo-SP,3,3,47,,goal,C. Barletta,True,,,,,,,1,2
brasileirao_serie_b_2026,2026-07-10,17,Sport Recife,Botafogo-SP,3,3,54,,card,Habraão,True,yellow,Foul,,,,,,
brasileirao_serie_b_2026,2026-07-10,17,Sport Recife,Botafogo-SP,3,3,64,,goal,Marcelo,True,,,,,,,2,2
brasileirao_serie_b_2026,2026-07-10,17,Sport Recife,Botafogo-SP,3,3,65,,substitution,,True,,,Y. Felipe,F. Matheus,,,,
brasileirao_serie_b_2026,2026-07-10,17,Sport Recife,Botafogo-SP,3,3,69,,substitution,,False,,,L. Maciel,M. Sales,,,,
brasileirao_serie_b_2026,2026-07-10,17,Sport Recife,Botafogo-SP,3,3,69,,substitution,,False,,,F. Vieira,Kelvin,,,,
brasileirao_serie_b_2026,2026-07-10,17,Sport Recife,Botafogo-SP,3,3,70,,substitution,,False,,,G. Queiróz,Hygor,,,,
brasileirao_serie_b_2026,2026-07-10,17,Sport Recife,Botafogo-SP,3,3,73,,card,F. Vieira,False,yellow,Time wasting,,,,,,
brasileirao_serie_b_2026,2026-07-10,17,Sport Recife,Botafogo-SP,3,3,76,,goal,P. Brey,False,,,,,,,2,3
brasileirao_serie_b_2026,2026-07-10,17,Sport Recife,Botafogo-SP,3,3,79,,substitution,,False,,,Wallace,R. Gava,,,,
brasileirao_serie_b_2026,2026-07-10,17,Sport Recife,Botafogo-SP,3,3,82,,substitution,,True,,,Z. Roberto,B. Fonseca,,,,
brasileirao_serie_b_2026,2026-07-10,17,Sport Recife,Botafogo-SP,3,3,89,,substitution,,False,,,W. Pinheiro,Z. Hugo,,,,
brasileirao_serie_b_2026,2026-07-10,17,Sport Recife,Botafogo-SP,3,3,90,,period,,,,,,,FT,,3,3
brasileirao_serie_b_2026,2026-07-10,17,Sport Recife,Botafogo-SP,3,3,90,9,card,Clayson,True,red,Violent conduct,,,,,,
brasileirao_serie_b_2026,2026-07-10,17,Sport Recife,Botafogo-SP,3,3,90,6,goal,C. Barletta,True,,,,,,,3,3
brasileirao_serie_b_2026,2026-07-10,17,Sport Recife,Botafogo-SP,3,3,90,4,card,L. Maciel,False,yellow,Foul,,,,,,
brasileirao_serie_b_2026,2026-07-10,17,Sport Recife,Botafogo-SP,3,3,90,3,varDecision,Z. Roberto,True,,,,,,,,
brasileirao_serie_b_2026,2026-07-10,17,Sport Recife,Botafogo-SP,3,3,90,,injuryTime,,,,,,,,11,,
brasileirao_serie_b_2026,2026-07-12,17,Atlético Goianiense,Fortaleza,1,0,20,,card,B. José,True,yellow,,,,,,,
brasileirao_serie_b_2026,2026-07-12,17,Atlético Goianiense,Fortaleza,1,0,32,,varDecision,Gustavo Coutinho,True,,,,,,,,
brasileirao_serie_b_2026,2026-07-12,17,Atlético Goianiense,Fortaleza,1,0,33,,card,Gustavo Coutinho,True,red,,,,,,,
brasileirao_serie_b_2026,2026-07-12,17,Atlético Goianiense,Fortaleza,1,0,36,,substitution,,True,,,Cristiano,G. Soares,,,,
brasileirao_serie_b_2026,2026-07-12,17,Atlético Goianiense,Fortaleza,1,0,36,,substitution,,True,,,Tito,B. José,,,,
brasileirao_serie_b_2026,2026-07-12,17,Atlético Goianiense,Fortaleza,1,0,41,,card,M. Júnior,False,yellow,,,,,,,
brasileirao_serie_b_2026,2026-07-12,17,Atlético Goianiense,Fortaleza,1,0,42,,goal,K. d. O. Pereira,True,,,,,,,1,0
brasileirao_serie_b_2026,2026-07-12,17,Atlético Goianiense,Fortaleza,1,0,45,,period,,,,,,,HT,,1,0
brasileirao_serie_b_2026,2026-07-12,17,Atlético Goianiense,Fortaleza,1,0,45,,injuryTime,,,,,,,,5,,
brasileirao_serie_b_2026,2026-07-12,17,Atlético Goianiense,Fortaleza,1,0,46,,substitution,,False,,,P. Henrique,Vitinho,,,,
brasileirao_serie_b_2026,2026-07-12,17,Atlético Goianiense,Fortaleza,1,0,46,,substitution,,False,,,Welliton,Pierre,,,,
brasileirao_serie_b_2026,2026-07-12,17,Atlético Goianiense,Fortaleza,1,0,46,,substitution,,False,,,Maílton,M. Júnior,,,,
brasileirao_serie_b_2026,2026-07-12,17,Atlético Goianiense,Fortaleza,1,0,49,,card,L. Gazal,False,yellow,,,,,,,
brasileirao_serie_b_2026,2026-07-12,17,Atlético Goianiense,Fortaleza,1,0,62,,card,Rodriguinho,False,yellow,,,,,,,
brasileirao_serie_b_2026,2026-07-12,17,Atlético Goianiense,Fortaleza,1,0,77,,substitution,,True,,,Indio,K. d. O. Pereira,,,,
brasileirao_serie_b_2026,2026-07-12,17,Atlético Goianiense,Fortaleza,1,0,79,,substitution,,False,,,L. Crispim,Rodriguinho,,,,
brasileirao_serie_b_2026,2026-07-12,17,Atlético Goianiense,Fortaleza,1,0,80,,substitution,,False,,,L. Prior,L. Gazal,,,,
brasileirao_serie_b_2026,2026-07-12,17,Atlético Goianiense,Fortaleza,1,0,84,,card,G. Fuentes,False,yellow,,,,,,,
brasileirao_serie_b_2026,2026-07-12,17,Atlético Goianiense,Fortaleza,1,0,87,,substitution,,True,,,L. Jacó,Marrony,,,,
brasileirao_serie_b_2026,2026-07-12,17,Atlético Goianiense,Fortaleza,1,0,90,,period,,,,,,,FT,,1,0
brasileirao_serie_b_2026,2026-07-12,17,Atlético Goianiense,Fortaleza,1,0,90,1,card,Maílton,False,yellow,,,,,,,
brasileirao_serie_b_2026,2026-07-12,17,Atlético Goianiense,Fortaleza,1,0,90,,injuryTime,,,,,,,,6,,
brasileirao_serie_b_2026,2026-07-12,17,Avaí,Náutico,2,0,45,,period,,,,,,,HT,,1,0
brasileirao_serie_b_2026,2026-07-12,17,Avaí,Náutico,2,0,45,,injuryTime,,,,,,,,2,,
brasileirao_serie_b_2026,2026-07-12,17,Avaí,Náutico,2,0,46,,substitution,,False,,,K. Maranhão,Derek,,,,
brasileirao_serie_b_2026,2026-07-12,17,Avaí,Náutico,2,0,46,,substitution,,False,,,Reginaldo,Leonai,,,,
brasileirao_serie_b_2026,2026-07-12,17,Avaí,Náutico,2,0,62,,substitution,,True,,,W. Fernando,Sorriso,,,,
brasileirao_serie_b_2026,2026-07-12,17,Avaí,Náutico,2,0,69,,substitution,,True,,,Wesley Gasolina,Wallison,,,,
brasileirao_serie_b_2026,2026-07-12,17,Avaí,Náutico,2,0,69,,substitution,,False,,,L. Claudio,M. Ribeiro,,,,
brasileirao_serie_b_2026,2026-07-12,17,Avaí,Náutico,2,0,69,,substitution,,False,,,F. Cardoso,V. Andrade,,,,
brasileirao_serie_b_2026,2026-07-12,17,Avaí,Náutico,2,0,7,,goal,D. Teixeira,True,,,,,,,1,0
brasileirao_serie_b_2026,2026-07-12,17,Avaí,Náutico,2,0,76,,substitution,,True,,,G. Aquino,J. Maciel,,,,
brasileirao_serie_b_2026,2026-07-12,17,Avaí,Náutico,2,0,76,,substitution,,True,,,J. Victor,D. Teixeira,,,,
brasileirao_serie_b_2026,2026-07-12,17,Avaí,Náutico,2,0,76,,substitution,,True,,,J. S. R. Leandro,T. Roberth,,,,
brasileirao_serie_b_2026,2026-07-12,17,Avaí,Náutico,2,0,78,,card,J. Lucas,True,yellow,,,,,,,
brasileirao_serie_b_2026,2026-07-12,17,Avaí,Náutico,2,0,79,,substitution,,False,,,L. d. O. Jance,I. Fernandes,,,,
brasileirao_serie_b_2026,2026-07-12,17,Avaí,Náutico,2,0,84,,card,G. Henrique,False,yellow,,,,,,,
brasileirao_serie_b_2026,2026-07-12,17,Avaí,Náutico,2,0,90,,period,,,,,,,FT,,2,0
brasileirao_serie_b_2026,2026-07-12,17,Avaí,Náutico,2,0,90,9,goal,D. Penha,True,,,,,,,2,0
brasileirao_serie_b_2026,2026-07-12,17,Avaí,Náutico,2,0,90,6,card,W. Fernando,True,red,,,,,,,
brasileirao_serie_b_2026,2026-07-12,17,Avaí,Náutico,2,0,90,,injuryTime,,,,,,,,6,,
brasileirao_serie_b_2026,2026-07-12,17,Clube De Regatas Brasil,Goiás,2,2,37,,card,P. De Lucca,True,yellow,,,,,,,
brasileirao_serie_b_2026,2026-07-12,17,Clube De Regatas Brasil,Goiás,2,2,39,,goal,Kadu,False,,,,,,,0,1
brasileirao_serie_b_2026,2026-07-12,17,Clube De Regatas Brasil,Goiás,2,2,44,,card,H. Santos,True,yellow,,,,,,,
brasileirao_serie_b_2026,2026-07-12,17,Clube De Regatas Brasil,Goiás,2,2,45,,period,,,,,,,HT,,0,2
brasileirao_serie_b_2026,2026-07-12,17,Clube De Regatas Brasil,Goiás,2,2,45,,goal,Cadu,False,,,,,,,0,2
brasileirao_serie_b_2026,2026-07-12,17,Clube De Regatas Brasil,Goiás,2,2,45,,injuryTime,,,,,,,,5,,
brasileirao_serie_b_2026,2026-07-12,17,Clube De Regatas Brasil,Goiás,2,2,46,,substitution,,True,,,Bressan,H. Santos,,,,
brasileirao_serie_b_2026,2026-07-12,17,Clube De Regatas Brasil,Goiás,2,2,46,,substitution,,True,,,Danielzinho,P. De Lucca,,,,
brasileirao_serie_b_2026,2026-07-12,17,Clube De Regatas Brasil,Goiás,2,2,67,,substitution,,True,,,Geovane,Crystopher,,,,
brasileirao_serie_b_2026,2026-07-12,17,Clube De Regatas Brasil,Goiás,2,2,67,,substitution,,False,,,A. Ramon,Cadu,,,,
brasileirao_serie_b_2026,2026-07-12,17,Clube De Regatas Brasil,Goiás,2,2,67,,substitution,,False,,,Diego Caito,J. Carlos,,,,
brasileirao_serie_b_2026,2026-07-12,17,Clube De Regatas Brasil,Goiás,2,2,70,,goal,Thiaguinho,True,,,,,,,1,2
brasileirao_serie_b_2026,2026-07-12,17,Clube De Regatas Brasil,Goiás,2,2,72,,varDecision,Thiaguinho,True,,,,,,,,
brasileirao_serie_b_2026,2026-07-12,17,Clube De Regatas Brasil,Goiás,2,2,74,,goal,Mikael,True,,,,,,,2,2
brasileirao_serie_b_2026,2026-07-12,17,Clube De Regatas Brasil,Goiás,2,2,79,,substitution,,False,,,Lourenço,G. B. d. Camargo,,,,
brasileirao_serie_b_2026,2026-07-12,17,Clube De Regatas Brasil,Goiás,2,2,80,,substitution,,False,,,Nicolas,Djalma,,,,
brasileirao_serie_b_2026,2026-07-12,17,Clube De Regatas Brasil,Goiás,2,2,81,,substitution,,True,,,Lyncon,F. Alemão,,,,
brasileirao_serie_b_2026,2026-07-12,17,Clube De Regatas Brasil,Goiás,2,2,86,,substitution,,False,,,E. García,Kadu,,,,
brasileirao_serie_b_2026,2026-07-12,17,Clube De Regatas Brasil,Goiás,2,2,86,,substitution,,True,,,D. Baggio,Thiaguinho,,,,
brasileirao_serie_b_2026,2026-07-12,17,Clube De Regatas Brasil,Goiás,2,2,90,,period,,,,,,,FT,,2,2
brasileirao_serie_b_2026,2026-07-12,17,Clube De Regatas Brasil,Goiás,2,2,90,3,card,L. Lovat,True,yellow,,,,,,,
brasileirao_serie_b_2026,2026-07-12,17,Clube De Regatas Brasil,Goiás,2,2,90,,injuryTime,,,,,,,,6,,
brasileirao_serie_b_2026,2026-07-12,17,Operário-PR,Grêmio Novorizontino,2,1,23,,goal,G. Boschilia,True,,,,,,,1,0
brasileirao_serie_b_2026,2026-07-12,17,Operário-PR,Grêmio Novorizontino,2,1,35,,goal,Robson,False,,,,,,,1,1
brasileirao_serie_b_2026,2026-07-12,17,Operário-PR,Grêmio Novorizontino,2,1,4,,varDecision,Pablo,True,,,,,,,,
brasileirao_serie_b_2026,2026-07-12,17,Operário-PR,Grêmio Novorizontino,2,1,45,,period,,,,,,,HT,,1,1
brasileirao_serie_b_2026,2026-07-12,17,Operário-PR,Grêmio Novorizontino,2,1,45,,injuryTime,,,,,,,,5,,
brasileirao_serie_b_2026,2026-07-12,17,Operário-PR,Grêmio Novorizontino,2,1,51,,card,Reidiney,False,yellow,,,,,,,
brasileirao_serie_b_2026,2026-07-12,17,Operário-PR,Grêmio Novorizontino,2,1,61,,goal,G. Boschilia,True,,,,,,,2,1
brasileirao_serie_b_2026,2026-07-12,17,Operário-PR,Grêmio Novorizontino,2,1,65,,substitution,,False,,,C. Ortíz,Vinicius Paiva,,,,
brasileirao_serie_b_2026,2026-07-12,17,Operário-PR,Grêmio Novorizontino,2,1,65,,substitution,,False,,,Tavinho,Reidiney,,,,
brasileirao_serie_b_2026,2026-07-12,17,Operário-PR,Grêmio Novorizontino,2,1,67,,card,Pablo,True,yellow,,,,,,,
brasileirao_serie_b_2026,2026-07-12,17,Operário-PR,Grêmio Novorizontino,2,1,72,,substitution,,True,,,F. Augusto,N. Paraíba,,,,
brasileirao_serie_b_2026,2026-07-12,17,Operário-PR,Grêmio Novorizontino,2,1,75,,substitution,,True,,,Aylon,H. Pereira,,,,
brasileirao_serie_b_2026,2026-07-12,17,Operário-PR,Grêmio Novorizontino,2,1,78,,substitution,,False,,,M. Bianqui,L. Naldi,,,,
brasileirao_serie_b_2026,2026-07-12,17,Operário-PR,Grêmio Novorizontino,2,1,78,,substitution,,False,,,Carlão,Luís Oyama,,,,
brasileirao_serie_b_2026,2026-07-12,17,Operário-PR,Grêmio Novorizontino,2,1,78,,card,G. Boschilia,True,yellow,,,,,,,
brasileirao_serie_b_2026,2026-07-12,17,Operário-PR,Grêmio Novorizontino,2,1,81,,substitution,,True,,,C. Dantas,Pablo,,,,
brasileirao_serie_b_2026,2026-07-12,17,Operário-PR,Grêmio Novorizontino,2,1,82,,substitution,,True,,,Índio,V. D. D. Antonia,,,,
brasileirao_serie_b_2026,2026-07-12,17,Operário-PR,Grêmio Novorizontino,2,1,87,,substitution,,False,,,R. Barcellos,Rômulo,,,,
brasileirao_serie_b_2026,2026-07-12,17,Operário-PR,Grêmio Novorizontino,2,1,90,,period,,,,,,,FT,,2,1
brasileirao_serie_b_2026,2026-07-12,17,Operário-PR,Grêmio Novorizontino,2,1,90,,injuryTime,,,,,,,,5,,
brasileirao_serie_b_2026,2026-07-12,17,São Bernardo,Cuiabá,2,2,12,,goal,Marlon,False,,,,,,,1,1
brasileirao_serie_b_2026,2026-07-12,17,São Bernardo,Cuiabá,2,2,29,,goal,A. Alves,False,,,,,,,1,2
brasileirao_serie_b_2026,2026-07-12,17,São Bernardo,Cuiabá,2,2,45,,period,,,,,,,HT,,2,2
brasileirao_serie_b_2026,2026-07-12,17,São Bernardo,Cuiabá,2,2,45,1,goal,R. Ferreira,True,,,,,,,2,2
brasileirao_serie_b_2026,2026-07-12,17,São Bernardo,Cuiabá,2,2,45,,injuryTime,,,,,,,,2,,
brasileirao_serie_b_2026,2026-07-12,17,São Bernardo,Cuiabá,2,2,46,,substitution,,False,,,J. Dias,Weverson,,,,
brasileirao_serie_b_2026,2026-07-12,17,São Bernardo,Cuiabá,2,2,58,,substitution,,True,,,Hyoran,Echaporã,,,,
brasileirao_serie_b_2026,2026-07-12,17,São Bernardo,Cuiabá,2,2,59,,card,C. Costa,False,yellow,,,,,,,
brasileirao_serie_b_2026,2026-07-12,17,São Bernardo,Cuiabá,2,2,61,,substitution,,False,,,D. M. d. S. Arcanjo,C. Costa,,,,
brasileirao_serie_b_2026,2026-07-12,17,São Bernardo,Cuiabá,2,2,61,,substitution,,False,,,P. Henrique,V. Peixoto,,,,
brasileirao_serie_b_2026,2026-07-12,17,São Bernardo,Cuiabá,2,2,7,,goal,L. Rian,True,,,,,,,1,0
brasileirao_serie_b_2026,2026-07-12,17,São Bernardo,Cuiabá,2,2,74,,substitution,,True,,,Fabrício Daniel,L. Rian,,,,
brasileirao_serie_b_2026,2026-07-12,17,São Bernardo,Cuiabá,2,2,74,,substitution,,True,,,D. D. S. Roque,Foguinho,,,,
brasileirao_serie_b_2026,2026-07-12,17,São Bernardo,Cuiabá,2,2,75,,substitution,,False,,,Railan,Pepê,,,,
brasileirao_serie_b_2026,2026-07-12,17,São Bernardo,Cuiabá,2,2,80,,card,Augusto,True,yellow,,,,,,,
brasileirao_serie_b_2026,2026-07-12,17,São Bernardo,Cuiabá,2,2,81,,card,D. D. S. Roque,True,yellow,,,,,,,
brasileirao_serie_b_2026,2026-07-12,17,São Bernardo,Cuiabá,2,2,88,,substitution,,True,,,Marcão Silva,D. Miraíma,,,,
brasileirao_serie_b_2026,2026-07-12,17,São Bernardo,Cuiabá,2,2,88,,substitution,,True,,,L. Reis,D. Amorim,,,,
brasileirao_serie_b_2026,2026-07-12,17,São Bernardo,Cuiabá,2,2,89,,substitution,,False,,,R. Rodrigues,K. Cristtyan,,,,
brasileirao_serie_b_2026,2026-07-12,17,São Bernardo,Cuiabá,2,2,90,,period,,,,,,,FT,,2,2
brasileirao_serie_b_2026,2026-07-12,17,São Bernardo,Cuiabá,2,2,90,1,card,J. Dias,False,yellow,,,,,,,
brasileirao_serie_b_2026,2026-07-12,17,São Bernardo,Cuiabá,2,2,90,,injuryTime,,,,,,,,4,,
brasileirao_serie_b_2026,2026-07-13,17,América Mineiro,Londrina,1,1,45,,period,,,,,,,HT,,1,0
brasileirao_serie_b_2026,2026-07-13,17,América Mineiro,Londrina,1,1,45,2,goal,Matías Segovia,True,,,,,,,1,0
brasileirao_serie_b_2026,2026-07-13,17,América Mineiro,Londrina,1,1,45,,injuryTime,,,,,,,,2,,
brasileirao_serie_b_2026,2026-07-13,17,América Mineiro,Londrina,1,1,50,,card,Tarik,False,yellow,,,,,,,
brasileirao_serie_b_2026,2026-07-13,17,América Mineiro,Londrina,1,1,55,,substitution,,False,,,Artur,Heron,,,,
brasileirao_serie_b_2026,2026-07-13,17,América Mineiro,Londrina,1,1,55,,substitution,,False,,,Gilberto,P. Moccelin,,,,
brasileirao_serie_b_2026,2026-07-13,17,América Mineiro,Londrina,1,1,55,,substitution,,False,,,T. Cantanhede,Tarik,,,,
brasileirao_serie_b_2026,2026-07-13,17,América Mineiro,Londrina,1,1,57,,goal,Y. Lincoln,False,,,,,,,1,1
brasileirao_serie_b_2026,2026-07-13,17,América Mineiro,Londrina,1,1,62,,card,T. Cantanhede,False,yellow,,,,,,,
brasileirao_serie_b_2026,2026-07-13,17,América Mineiro,Londrina,1,1,70,,substitution,,True,,,W. Bigode,G. Barros,,,,
brasileirao_serie_b_2026,2026-07-13,17,América Mineiro,Londrina,1,1,70,,substitution,,False,,,N. Paraíba,Vitinho,,,,
brasileirao_serie_b_2026,2026-07-13,17,América Mineiro,Londrina,1,1,74,,card,J. Vitor,False,yellow,,,,,,,
brasileirao_serie_b_2026,2026-07-13,17,América Mineiro,Londrina,1,1,81,,substitution,,True,,,G. Domingos,Y. Souza,,,,
brasileirao_serie_b_2026,2026-07-13,17,América Mineiro,Londrina,1,1,81,,substitution,,True,,,I. Charbaje,P. Victor,,,,
brasileirao_serie_b_2026,2026-07-13,17,América Mineiro,Londrina,1,1,85,,card,W. Bigode,True,yellow,,,,,,,
brasileirao_serie_b_2026,2026-07-13,17,América Mineiro,Londrina,1,1,85,,substitution,,False,,,W. Reis,K. Leonardo,,,,
brasileirao_serie_b_2026,2026-07-13,17,América Mineiro,Londrina,1,1,90,,period,,,,,,,FT,,1,1
brasileirao_serie_b_2026,2026-07-13,17,América Mineiro,Londrina,1,1,90,2,substitution,,True,,,F. Elizari,G. Parede,,,,
brasileirao_serie_b_2026,2026-07-13,17,América Mineiro,Londrina,1,1,90,2,substitution,,True,,,G. Mastriani,F. Amaral,,,,
brasileirao_serie_b_2026,2026-07-13,17,América Mineiro,Londrina,1,1,90,1,varDecision,Gilberto,False,,,,,,,,
brasileirao_serie_b_2026,2026-07-13,17,América Mineiro,Londrina,1,1,90,,injuryTime,,,,,,,,7,,
brasileirao_serie_b_2026,2026-07-13,17,Ceará,Athletic Club,0,0,21,,card,Jhonathan,False,yellow,,,,,,,
brasileirao_serie_b_2026,2026-07-13,17,Ceará,Athletic Club,0,0,45,,period,,,,,,,HT,,0,0
brasileirao_serie_b_2026,2026-07-13,17,Ceará,Athletic Club,0,0,45,,injuryTime,,,,,,,,3,,
brasileirao_serie_b_2026,2026-07-13,17,Ceará,Athletic Club,0,0,46,,substitution,,True,,,L. Otávio,Júlio César,,,,
brasileirao_serie_b_2026,2026-07-13,17,Ceará,Athletic Club,0,0,46,,substitution,,True,,,Sánchez,Fernando,,,,
brasileirao_serie_b_2026,2026-07-13,17,Ceará,Athletic Club,0,0,60,,substitution,,True,,,Vina,J. Alano,,,,
brasileirao_serie_b_2026,2026-07-13,17,Ceará,Athletic Club,0,0,60,,substitution,,True,,,J. W. Neto,Richardson,,,,
brasileirao_serie_b_2026,2026-07-13,17,Ceará,Athletic Club,0,0,66,,card,D. B. d. Souza,False,yellow,,,,,,,
brasileirao_serie_b_2026,2026-07-13,17,Ceará,Athletic Club,0,0,68,,substitution,,False,,,Douglas,D. B. d. Souza,,,,
brasileirao_serie_b_2026,2026-07-13,17,Ceará,Athletic Club,0,0,79,,substitution,,False,,,L. Fernando,Max,,,,
brasileirao_serie_b_2026,2026-07-13,17,Ceará,Athletic Club,0,0,79,,substitution,,False,,,P. Oliveira,J. Miguel,,,,
brasileirao_serie_b_2026,2026-07-13,17,Ceará,Athletic Club,0,0,80,,substitution,,True,,,M. Araújo,L. Mugni,,,,
brasileirao_serie_b_2026,2026-07-13,17,Ceará,Athletic Club,0,0,85,,substitution,,False,,,J. P. Torres,Jota,,,,
brasileirao_serie_b_2026,2026-07-13,17,Ceará,Athletic Club,0,0,90,,period,,,,,,,FT,,0,0
brasileirao_serie_b_2026,2026-07-13,17,Ceará,Athletic Club,0,0,90,6,card,Ian Luccas,False,yellow,,,,,,,
brasileirao_serie_b_2026,2026-07-13,17,Ceará,Athletic Club,0,0,90,4,card,J. W. Neto,True,yellow,,,,,,,
brasileirao_serie_b_2026,2026-07-13,17,Ceará,Athletic Club,0,0,90,3,card,J. P. Torres,False,yellow,,,,,,,
brasileirao_serie_b_2026,2026-07-13,17,Ceará,Athletic Club,0,0,90,,injuryTime,,,,,,,,5,,
brasileirao_serie_b_2026,2026-07-16,18,Clube De Regatas Brasil,Náutico,2,1,20,,card,Wenderson,False,yellow,,,,,,,
brasileirao_serie_b_2026,2026-07-16,18,Clube De Regatas Brasil,Náutico,2,1,31,,varDecision,Danielzinho,True,,,,,,,,
brasileirao_serie_b_2026,2026-07-16,18,Clube De Regatas Brasil,Náutico,2,1,34,,goal,Mikael,True,,,,,,,1,0
brasileirao_serie_b_2026,2026-07-16,18,Clube De Regatas Brasil,Náutico,2,1,45,,period,,,,,,,HT,,1,0
brasileirao_serie_b_2026,2026-07-16,18,Clube De Regatas Brasil,Náutico,2,1,45,,injuryTime,,,,,,,,4,,
brasileirao_serie_b_2026,2026-07-16,18,Clube De Regatas Brasil,Náutico,2,1,46,,substitution,,False,,,Arnaldo,M. Ribeiro,,,,
brasileirao_serie_b_2026,2026-07-16,18,Clube De Regatas Brasil,Náutico,2,1,60,,substitution,,False,,,Derek,Todinho,,,,
brasileirao_serie_b_2026,2026-07-16,18,Clube De Regatas Brasil,Náutico,2,1,63,,substitution,,True,,,Kevin,D. Hereda,,,,
brasileirao_serie_b_2026,2026-07-16,18,Clube De Regatas Brasil,Náutico,2,1,65,,substitution,,False,,,K. Maranhão,V. Andrade,,,,
brasileirao_serie_b_2026,2026-07-16,18,Clube De Regatas Brasil,Náutico,2,1,72,,substitution,,False,,,Samuel,L. Felipe,,,,
brasileirao_serie_b_2026,2026-07-16,18,Clube De Regatas Brasil,Náutico,2,1,72,,substitution,,False,,,L. Paulo,G. Henrique,,,,
brasileirao_serie_b_2026,2026-07-16,18,Clube De Regatas Brasil,Náutico,2,1,75,,substitution,,True,,,Geovane,Thiaguinho,,,,
brasileirao_serie_b_2026,2026-07-16,18,Clube De Regatas Brasil,Náutico,2,1,75,,substitution,,True,,,Guilherme Pato,Danielzinho,,,,
brasileirao_serie_b_2026,2026-07-16,18,Clube De Regatas Brasil,Náutico,2,1,81,,goal,K. Maranhão,False,,,,,,,1,1
brasileirao_serie_b_2026,2026-07-16,18,Clube De Regatas Brasil,Náutico,2,1,83,,goal,Crystopher,True,,,,,,,2,1
brasileirao_serie_b_2026,2026-07-16,18,Clube De Regatas Brasil,Náutico,2,1,85,,substitution,,True,,,P. De Lucca,D. Belmonte,,,,
brasileirao_serie_b_2026,2026-07-16,18,Clube De Regatas Brasil,Náutico,2,1,85,,substitution,,True,,,Lyncon,Bressan,,,,
brasileirao_serie_b_2026,2026-07-16,18,Clube De Regatas Brasil,Náutico,2,1,85,,card,D. Belmonte,True,yellow,,,,,,,
brasileirao_serie_b_2026,2026-07-16,18,Clube De Regatas Brasil,Náutico,2,1,90,,period,,,,,,,FT,,2,1
brasileirao_serie_b_2026,2026-07-16,18,Clube De Regatas Brasil,Náutico,2,1,90,,injuryTime,,,,,,,,6,,
brasileirao_serie_b_2026,2026-07-17,18,América Mineiro,Ceará,1,1,45,,period,,,,,,,HT,,0,0
brasileirao_serie_b_2026,2026-07-17,18,América Mineiro,Ceará,1,1,45,,injuryTime,,,,,,,,2,,
brasileirao_serie_b_2026,2026-07-17,18,América Mineiro,Ceará,1,1,46,,substitution,,False,,,G. Pavani,Richardson,,,,
brasileirao_serie_b_2026,2026-07-17,18,América Mineiro,Ceará,1,1,47,,card,Éder,False,yellow,,,,,,,
brasileirao_serie_b_2026,2026-07-17,18,América Mineiro,Ceará,1,1,56,,substitution,,True,,,R. Barcelos,R. Silva,,,,
brasileirao_serie_b_2026,2026-07-17,18,América Mineiro,Ceará,1,1,65,,substitution,,False,,,R. López,L. Holanda,,,,
brasileirao_serie_b_2026,2026-07-17,18,América Mineiro,Ceará,1,1,67,,goal,Matías Segovia,True,,,,,,,1,0
brasileirao_serie_b_2026,2026-07-17,18,América Mineiro,Ceará,1,1,69,,substitution,,False,,,E. Lodovico,Melk,,,,
brasileirao_serie_b_2026,2026-07-17,18,América Mineiro,Ceará,1,1,69,,substitution,,False,,,Vina,J. Gabriel,,,,
brasileirao_serie_b_2026,2026-07-17,18,América Mineiro,Ceará,1,1,71,,card,B. Borges,False,yellow,,,,,,,
brasileirao_serie_b_2026,2026-07-17,18,América Mineiro,Ceará,1,1,73,,card,Gustavo,True,yellow,,,,,,,
brasileirao_serie_b_2026,2026-07-17,18,América Mineiro,Ceará,1,1,79,,substitution,,True,,,G. Mastriani,P. Victor,,,,
brasileirao_serie_b_2026,2026-07-17,18,América Mineiro,Ceará,1,1,79,,substitution,,True,,,J. R. Jiménez,Y. Souza,,,,
brasileirao_serie_b_2026,2026-07-17,18,América Mineiro,Ceará,1,1,80,,substitution,,False,,,J. Alano,L. Mugni,,,,
brasileirao_serie_b_2026,2026-07-17,18,América Mineiro,Ceará,1,1,88,,card,R. Barcelos,True,yellow,,,,,,,
brasileirao_serie_b_2026,2026-07-17,18,América Mineiro,Ceará,1,1,89,,goal,Vina,False,,,,,,,1,1
brasileirao_serie_b_2026,2026-07-17,18,América Mineiro,Ceará,1,1,90,,period,,,,,,,FT,,1,1
brasileirao_serie_b_2026,2026-07-17,18,América Mineiro,Ceará,1,1,90,5,card,R. López,False,yellow,,,,,,,
brasileirao_serie_b_2026,2026-07-17,18,América Mineiro,Ceará,1,1,90,2,substitution,,True,,,I. Charbaje,G. Parede,,,,
brasileirao_serie_b_2026,2026-07-17,18,América Mineiro,Ceará,1,1,90,2,substitution,,True,,,Júlio,Matías Segovia,,,,
brasileirao_serie_b_2026,2026-07-17,18,América Mineiro,Ceará,1,1,90,,card,A. Silva,True,yellow,,,,,,,
brasileirao_serie_b_2026,2026-07-17,18,América Mineiro,Ceará,1,1,90,,injuryTime,,,,,,,,5,,
brasileirao_serie_b_2026,2026-07-17,18,Juventude,Cuiabá,2,0,32,,goal,A. Safira,True,,,,,,,1,0
brasileirao_serie_b_2026,2026-07-17,18,Juventude,Cuiabá,2,0,41,,card,Marlon,False,yellow,,,,,,,
brasileirao_serie_b_2026,2026-07-17,18,Juventude,Cuiabá,2,0,45,,period,,,,,,,HT,,1,0
brasileirao_serie_b_2026,2026-07-17,18,Juventude,Cuiabá,2,0,45,,injuryTime,,,,,,,,3,,
brasileirao_serie_b_2026,2026-07-17,18,Juventude,Cuiabá,2,0,46,,substitution,,False,,,D. M. d. S. Arcanjo,C. Costa,,,,
brasileirao_serie_b_2026,2026-07-17,18,Juventude,Cuiabá,2,0,46,,substitution,,False,,,P. Henrique,Vitor Mendes,,,,
brasileirao_serie_b_2026,2026-07-17,18,Juventude,Cuiabá,2,0,46,,substitution,,False,,,Eric,Marlon,,,,
brasileirao_serie_b_2026,2026-07-17,18,Juventude,Cuiabá,2,0,65,,substitution,,True,,,Alan Kardec,A. Safira,,,,
brasileirao_serie_b_2026,2026-07-17,18,Juventude,Cuiabá,2,0,71,,goal,Raí,True,,,,,,,2,0
brasileirao_serie_b_2026,2026-07-17,18,Juventude,Cuiabá,2,0,72,,substitution,,False,,,M. Júnior,K. Cristtyan,,,,
brasileirao_serie_b_2026,2026-07-17,18,Juventude,Cuiabá,2,0,74,,substitution,,True,,,Wadson,Patryck,,,,
brasileirao_serie_b_2026,2026-07-17,18,Juventude,Cuiabá,2,0,74,,substitution,,True,,,Allanzinho,M. Paulo,,,,
brasileirao_serie_b_2026,2026-07-17,18,Juventude,Cuiabá,2,0,79,,card,Jandrei,True,yellow,,,,,,,
brasileirao_serie_b_2026,2026-07-17,18,Juventude,Cuiabá,2,0,81,,substitution,,False,,,V. Peixoto,J. Dias,,,,
brasileirao_serie_b_2026,2026-07-17,18,Juventude,Cuiabá,2,0,82,,substitution,,True,,,Gabriel,L. M. Gonçalves,,,,
brasileirao_serie_b_2026,2026-07-17,18,Juventude,Cuiabá,2,0,82,,substitution,,True,,,I. Ly,F. Lima,,,,
brasileirao_serie_b_2026,2026-07-17,18,Juventude,Cuiabá,2,0,84,,card,Wadson,True,yellow,,,,,,,
brasileirao_serie_b_2026,2026-07-17,18,Juventude,Cuiabá,2,0,86,,card,Pepê,False,yellow,,,,,,,
brasileirao_serie_b_2026,2026-07-17,18,Juventude,Cuiabá,2,0,86,,card,D. M. d. S. Arcanjo,False,yellow,,,,,,,
brasileirao_serie_b_2026,2026-07-17,18,Juventude,Cuiabá,2,0,90,,period,,,,,,,FT,,2,0
brasileirao_serie_b_2026,2026-07-17,18,Juventude,Cuiabá,2,0,90,,injuryTime,,,,,,,,5,,
brasileirao_serie_b_2026,2026-07-17,18,São Bernardo,Avaí,1,1,35,,goal,Jemerson,True,,,,,,,1,0
brasileirao_serie_b_2026,2026-07-17,18,São Bernardo,Avaí,1,1,45,,period,,,,,,,HT,,1,0
brasileirao_serie_b_2026,2026-07-17,18,São Bernardo,Avaí,1,1,45,,card,Z. Ricardo,False,yellow,,,,,,,
brasileirao_serie_b_2026,2026-07-17,18,São Bernardo,Avaí,1,1,45,,injuryTime,,,,,,,,1,,
brasileirao_serie_b_2026,2026-07-17,18,São Bernardo,Avaí,1,1,46,,substitution,,False,,,J. S. R. Leandro,Sorriso,,,,
brasileirao_serie_b_2026,2026-07-17,18,São Bernardo,Avaí,1,1,46,,substitution,,False,,,M. Quaresma,D. Teixeira,,,,
brasileirao_serie_b_2026,2026-07-17,18,São Bernardo,Avaí,1,1,57,,card,Echaporã,True,yellow,,,,,,,
brasileirao_serie_b_2026,2026-07-17,18,São Bernardo,Avaí,1,1,6,,card,D. Teixeira,False,yellow,,,,,,,
brasileirao_serie_b_2026,2026-07-17,18,São Bernardo,Avaí,1,1,62,,goal,D. Penha,False,,,,,,,1,1
brasileirao_serie_b_2026,2026-07-17,18,São Bernardo,Avaí,1,1,64,,card,Augusto,True,yellow,,,,,,,
brasileirao_serie_b_2026,2026-07-17,18,São Bernardo,Avaí,1,1,66,,card,D. Miraíma,True,yellow,,,,,,,
brasileirao_serie_b_2026,2026-07-17,18,São Bernardo,Avaí,1,1,69,,substitution,,True,,,L. Lima,Foguinho,,,,
brasileirao_serie_b_2026,2026-07-17,18,São Bernardo,Avaí,1,1,69,,substitution,,True,,,Hyoran,D. Miraíma,,,,
brasileirao_serie_b_2026,2026-07-17,18,São Bernardo,Avaí,1,1,69,,substitution,,True,,,Pedrinho,Echaporã,,,,
brasileirao_serie_b_2026,2026-07-17,18,São Bernardo,Avaí,1,1,79,,substitution,,False,,,L. Gamalho,J. Lucas,,,,
brasileirao_serie_b_2026,2026-07-17,18,São Bernardo,Avaí,1,1,79,,substitution,,False,,,Wenderson,Z. Ricardo,,,,
brasileirao_serie_b_2026,2026-07-17,18,São Bernardo,Avaí,1,1,80,,substitution,,True,,,D. Amorim,L. Rian,,,,
brasileirao_serie_b_2026,2026-07-17,18,São Bernardo,Avaí,1,1,83,,substitution,,False,,,J. Victor,J. Maciel,,,,
brasileirao_serie_b_2026,2026-07-17,18,São Bernardo,Avaí,1,1,90,,period,,,,,,,FT,,1,1
brasileirao_serie_b_2026,2026-07-17,18,São Bernardo,Avaí,1,1,90,,injuryTime,,,,,,,,5,,
brasileirao_serie_b_2026,2026-07-18,18,Atlético Goianiense,Athletic Club,0,0,33,,card,G. Lopes,True,yellow,,,,,,,
brasileirao_serie_b_2026,2026-07-18,18,Atlético Goianiense,Athletic Club,0,0,41,,card,J. Miguel,False,yellow,,,,,,,
brasileirao_serie_b_2026,2026-07-18,18,Atlético Goianiense,Athletic Club,0,0,44,,card,Zeca,False,yellow,,,,,,,
brasileirao_serie_b_2026,2026-07-18,18,Atlético Goianiense,Athletic Club,0,0,45,,period,,,,,,,HT,,0,0
brasileirao_serie_b_2026,2026-07-18,18,Atlético Goianiense,Athletic Club,0,0,45,,injuryTime,,,,,,,,2,,
brasileirao_serie_b_2026,2026-07-18,18,Atlético Goianiense,Athletic Club,0,0,46,,substitution,,False,,,L. Fernando,D. B. d. Souza,,,,
brasileirao_serie_b_2026,2026-07-18,18,Atlético Goianiense,Athletic Club,0,0,46,,substitution,,False,,,Douglas,Zeca,,,,
brasileirao_serie_b_2026,2026-07-18,18,Atlético Goianiense,Athletic Club,0,0,58,,substitution,,True,,,Cristiano,L. Jacó,,,,
brasileirao_serie_b_2026,2026-07-18,18,Atlético Goianiense,Athletic Club,0,0,58,,substitution,,True,,,L. Tocantins,Klebert,,,,
brasileirao_serie_b_2026,2026-07-18,18,Atlético Goianiense,Athletic Club,0,0,60,,substitution,,False,,,G. Cabezas,Jota,,,,
brasileirao_serie_b_2026,2026-07-18,18,Atlético Goianiense,Athletic Club,0,0,60,,substitution,,False,,,P. Oliveira,D. Vera,,,,
brasileirao_serie_b_2026,2026-07-18,18,Atlético Goianiense,Athletic Club,0,0,67,,card,L. Vilela,True,yellow,,,,,,,
brasileirao_serie_b_2026,2026-07-18,18,Atlético Goianiense,Athletic Club,0,0,68,,card,L. Fernando,False,yellow,,,,,,,
brasileirao_serie_b_2026,2026-07-18,18,Atlético Goianiense,Athletic Club,0,0,71,,substitution,,True,,,B. José,G. Soares,,,,
brasileirao_serie_b_2026,2026-07-18,18,Atlético Goianiense,Athletic Club,0,0,71,,substitution,,True,,,G. D. Pae,Guilherme Marques,,,,
brasileirao_serie_b_2026,2026-07-18,18,Atlético Goianiense,Athletic Club,0,0,76,,substitution,,False,,,Bruninho,Max,,,,
brasileirao_serie_b_2026,2026-07-18,18,Atlético Goianiense,Athletic Club,0,0,80,,substitution,,True,,,G. D. d. S. Gonçalves,Marrony,,,,
brasileirao_serie_b_2026,2026-07-18,18,Atlético Goianiense,Athletic Club,0,0,81,,card,L. Tocantins,True,yellow,,,,,,,
brasileirao_serie_b_2026,2026-07-18,18,Atlético Goianiense,Athletic Club,0,0,90,,period,,,,,,,FT,,0,0
brasileirao_serie_b_2026,2026-07-18,18,Atlético Goianiense,Athletic Club,0,0,90,,injuryTime,,,,,,,,4,,
brasileirao_serie_b_2026,2026-07-18,18,Criciúma,Vila Nova FC,2,0,26,,card,Luciano Castan,True,yellow,,,,,,,
brasileirao_serie_b_2026,2026-07-18,18,Criciúma,Vila Nova FC,2,0,34,,card,G. Lobo,True,yellow,,,,,,,
brasileirao_serie_b_2026,2026-07-18,18,Criciúma,Vila Nova FC,2,0,39,,card,T. Pagnussat,False,yellow,,,,,,,
brasileirao_serie_b_2026,2026-07-18,18,Criciúma,Vila Nova FC,2,0,45,,period,,,,,,,HT,,1,0
brasileirao_serie_b_2026,2026-07-18,18,Criciúma,Vila Nova FC,2,0,45,,injuryTime,,,,,,,,5,,
brasileirao_serie_b_2026,2026-07-18,18,Criciúma,Vila Nova FC,2,0,46,,substitution,,True,,,Ronald,G. Lobo,,,,
brasileirao_serie_b_2026,2026-07-18,18,Criciúma,Vila Nova FC,2,0,49,,card,B. Alves,True,yellow,,,,,,,
brasileirao_serie_b_2026,2026-07-18,18,Criciúma,Vila Nova FC,2,0,51,,card,E. Biasi,True,yellow,,,,,,,
brasileirao_serie_b_2026,2026-07-18,18,Criciúma,Vila Nova FC,2,0,58,,substitution,,True,,,Romarinho,R. Otero,,,,
brasileirao_serie_b_2026,2026-07-18,18,Criciúma,Vila Nova FC,2,0,58,,substitution,,True,,,Jean Irmer,E. Biasi,,,,
brasileirao_serie_b_2026,2026-07-18,18,Criciúma,Vila Nova FC,2,0,61,,substitution,,False,,,Emerson Urso,D. D. Santos,,,,
brasileirao_serie_b_2026,2026-07-18,18,Criciúma,Vila Nova FC,2,0,61,,substitution,,False,,,Nathan Camargo,I. Cariús,,,,
brasileirao_serie_b_2026,2026-07-18,18,Criciúma,Vila Nova FC,2,0,61,,substitution,,False,,,Enzo,H. Meritão,,,,
brasileirao_serie_b_2026,2026-07-18,18,Criciúma,Vila Nova FC,2,0,63,,card,Higor,False,yellow,,,,,,,
brasileirao_serie_b_2026,2026-07-18,18,Criciúma,Vila Nova FC,2,0,69,,card,Enzo,False,yellow,,,,,,,
brasileirao_serie_b_2026,2026-07-18,18,Criciúma,Vila Nova FC,2,0,78,,substitution,,False,,,C. Jesus,Janderson,,,,
brasileirao_serie_b_2026,2026-07-18,18,Criciúma,Vila Nova FC,2,0,85,,goal,M. Hermes,True,,,,,,,2,0
brasileirao_serie_b_2026,2026-07-18,18,Criciúma,Vila Nova FC,2,0,89,,substitution,,True,,,João Carlos,Waguininho,,,,
brasileirao_serie_b_2026,2026-07-18,18,Criciúma,Vila Nova FC,2,0,9,,goal,F. Mateus,True,,,,,,,1,0
brasileirao_serie_b_2026,2026-07-18,18,Criciúma,Vila Nova FC,2,0,90,,period,,,,,,,FT,,2,0
brasileirao_serie_b_2026,2026-07-18,18,Criciúma,Vila Nova FC,2,0,90,5,substitution,,True,,,J. Robert,F. Mateus,,,,
brasileirao_serie_b_2026,2026-07-18,18,Criciúma,Vila Nova FC,2,0,90,1,substitution,,False,,,Hayner,Dellatorre,,,,
brasileirao_serie_b_2026,2026-07-18,18,Criciúma,Vila Nova FC,2,0,90,,card,Jean Irmer,True,yellow,,,,,,,
brasileirao_serie_b_2026,2026-07-18,18,Criciúma,Vila Nova FC,2,0,90,,injuryTime,,,,,,,,7,,
brasileirao_serie_b_2026,2026-07-18,18,Fortaleza,Grêmio Novorizontino,1,0,3,,goal,Vitinho,True,,,,,,,1,0
brasileirao_serie_b_2026,2026-07-18,18,Fortaleza,Grêmio Novorizontino,1,0,40,,card,J. Ricardo,True,yellow,,,,,,,
brasileirao_serie_b_2026,2026-07-18,18,Fortaleza,Grêmio Novorizontino,1,0,45,,period,,,,,,,HT,,1,0
brasileirao_serie_b_2026,2026-07-18,18,Fortaleza,Grêmio Novorizontino,1,0,45,1,card,Neris,True,yellow,,,,,,,
brasileirao_serie_b_2026,2026-07-18,18,Fortaleza,Grêmio Novorizontino,1,0,45,1,card,Robson,False,yellow,,,,,,,
brasileirao_serie_b_2026,2026-07-18,18,Fortaleza,Grêmio Novorizontino,1,0,45,,injuryTime,,,,,,,,4,,
brasileirao_serie_b_2026,2026-07-18,18,Fortaleza,Grêmio Novorizontino,1,0,46,,substitution,,False,,,Juninho,Hélio Borges,,,,
brasileirao_serie_b_2026,2026-07-18,18,Fortaleza,Grêmio Novorizontino,1,0,46,,substitution,,True,,,Welliton,Luiz Fernando,,,,
brasileirao_serie_b_2026,2026-07-18,18,Fortaleza,Grêmio Novorizontino,1,0,56,,card,Rodriguinho,True,yellow,,,,,,,
brasileirao_serie_b_2026,2026-07-18,18,Fortaleza,Grêmio Novorizontino,1,0,61,,substitution,,False,,,Tavinho,Luís Oyama,,,,
brasileirao_serie_b_2026,2026-07-18,18,Fortaleza,Grêmio Novorizontino,1,0,61,,substitution,,False,,,Vinicius Paiva,Rômulo,,,,
brasileirao_serie_b_2026,2026-07-18,18,Fortaleza,Grêmio Novorizontino,1,0,64,,card,L. Gazal,True,yellow,,,,,,,
brasileirao_serie_b_2026,2026-07-18,18,Fortaleza,Grêmio Novorizontino,1,0,65,,substitution,,True,,,Pierre,R. Santos,,,,
brasileirao_serie_b_2026,2026-07-18,18,Fortaleza,Grêmio Novorizontino,1,0,65,,substitution,,True,,,Maílton,Rodriguinho,,,,
brasileirao_serie_b_2026,2026-07-18,18,Fortaleza,Grêmio Novorizontino,1,0,68,,substitution,,False,,,Carlão,Reidiney,,,,
brasileirao_serie_b_2026,2026-07-18,18,Fortaleza,Grêmio Novorizontino,1,0,68,,substitution,,False,,,C. Ortíz,Robson,,,,
brasileirao_serie_b_2026,2026-07-18,18,Fortaleza,Grêmio Novorizontino,1,0,74,,substitution,,True,,,Luan Freitas,Neris,,,,
brasileirao_serie_b_2026,2026-07-18,18,Fortaleza,Grêmio Novorizontino,1,0,79,,substitution,,True,,,P. Baya,P. Henrique,,,,
brasileirao_serie_b_2026,2026-07-18,18,Fortaleza,Grêmio Novorizontino,1,0,90,,period,,,,,,,FT,,1,0
brasileirao_serie_b_2026,2026-07-18,18,Fortaleza,Grêmio Novorizontino,1,0,90,,injuryTime,,,,,,,,6,,
brasileirao_serie_b_2026,2026-07-18,18,Londrina,Botafogo-SP,0,0,21,,substitution,,False,,,L. Maciel,E. Morelli,,,,
brasileirao_serie_b_2026,2026-07-18,18,Londrina,Botafogo-SP,0,0,45,,period,,,,,,,HT,,0,0
brasileirao_serie_b_2026,2026-07-18,18,Londrina,Botafogo-SP,0,0,45,,injuryTime,,,,,,,,5,,
brasileirao_serie_b_2026,2026-07-18,18,Londrina,Botafogo-SP,0,0,46,,substitution,,False,,,J. Nem,Kelvin,,,,
brasileirao_serie_b_2026,2026-07-18,18,Londrina,Botafogo-SP,0,0,46,,substitution,,False,,,G. Queiróz,Hygor,,,,
brasileirao_serie_b_2026,2026-07-18,18,Londrina,Botafogo-SP,0,0,49,,card,J. Vitor,True,yellow,,,,,,,
brasileirao_serie_b_2026,2026-07-18,18,Londrina,Botafogo-SP,0,0,49,,card,M. Sales,False,yellow,,,,,,,
brasileirao_serie_b_2026,2026-07-18,18,Londrina,Botafogo-SP,0,0,62,,substitution,,True,,,Gilberto,Vitinho,,,,
brasileirao_serie_b_2026,2026-07-18,18,Londrina,Botafogo-SP,0,0,63,,substitution,,True,,,Artur,Heron,,,,
brasileirao_serie_b_2026,2026-07-18,18,Londrina,Botafogo-SP,0,0,70,,card,W. Reis,True,yellow,,,,,,,
brasileirao_serie_b_2026,2026-07-18,18,Londrina,Botafogo-SP,0,0,72,,substitution,,False,,,W. Pinheiro,Z. Hugo,,,,
brasileirao_serie_b_2026,2026-07-18,18,Londrina,Botafogo-SP,0,0,72,,substitution,,True,,,Murilo,W. Reis,,,,
brasileirao_serie_b_2026,2026-07-18,18,Londrina,Botafogo-SP,0,0,81,,substitution,,True,,,N. Paraíba,K. Leonardo,,,,
brasileirao_serie_b_2026,2026-07-18,18,Londrina,Botafogo-SP,0,0,81,,substitution,,True,,,Kevyn,J. Tavares,,,,
brasileirao_serie_b_2026,2026-07-18,18,Londrina,Botafogo-SP,0,0,88,,card,W. Pinheiro,False,yellow,,,,,,,
brasileirao_serie_b_2026,2026-07-18,18,Londrina,Botafogo-SP,0,0,90,,period,,,,,,,FT,,0,0
brasileirao_serie_b_2026,2026-07-18,18,Londrina,Botafogo-SP,0,0,90,,substitution,,False,,,Yuri,R. Gava,,,,
brasileirao_serie_b_2026,2026-07-18,18,Londrina,Botafogo-SP,0,0,90,,injuryTime,,,,,,,,6,,
brasileirao_serie_b_2026,2026-07-18,18,Ponte Preta,Goiás,1,2,23,,card,S. Palacios,True,yellow,,,,,,,
brasileirao_serie_b_2026,2026-07-18,18,Ponte Preta,Goiás,1,2,24,,card,R. Menezes,False,yellow,,,,,,,
brasileirao_serie_b_2026,2026-07-18,18,Ponte Preta,Goiás,1,2,44,,varDecision,Kevyson,True,,,,,,,,
brasileirao_serie_b_2026,2026-07-18,18,Ponte Preta,Goiás,1,2,45,,period,,,,,,,HT,,1,2
brasileirao_serie_b_2026,2026-07-18,18,Ponte Preta,Goiás,1,2,45,3,goal,Kadu,False,,,,,,,1,2
brasileirao_serie_b_2026,2026-07-18,18,Ponte Preta,Goiás,1,2,45,2,goal,Elvis,True,,,,,,,1,1
brasileirao_serie_b_2026,2026-07-18,18,Ponte Preta,Goiás,1,2,45,,injuryTime,,,,,,,,5,,
brasileirao_serie_b_2026,2026-07-18,18,Ponte Preta,Goiás,1,2,46,,substitution,,True,,,Brandão,David,,,,
brasileirao_serie_b_2026,2026-07-18,18,Ponte Preta,Goiás,1,2,46,,substitution,,True,,,Baianinho,Juan,,,,
brasileirao_serie_b_2026,2026-07-18,18,Ponte Preta,Goiás,1,2,57,,substitution,,False,,,L. Ribeiro,R. Menezes,,,,
brasileirao_serie_b_2026,2026-07-18,18,Ponte Preta,Goiás,1,2,58,,substitution,,True,,,Diego Porfirio,Miguel,,,,
brasileirao_serie_b_2026,2026-07-18,18,Ponte Preta,Goiás,1,2,63,,varDecision,J. Carlos,False,,,,,,,,
brasileirao_serie_b_2026,2026-07-18,18,Ponte Preta,Goiás,1,2,66,,substitution,,False,,,L. Fellipe,R. Soares,,,,
brasileirao_serie_b_2026,2026-07-18,18,Ponte Preta,Goiás,1,2,67,,substitution,,False,,,Lourenço,L. Lima,,,,
brasileirao_serie_b_2026,2026-07-18,18,Ponte Preta,Goiás,1,2,67,,substitution,,False,,,Nicolas,Djalma,,,,
brasileirao_serie_b_2026,2026-07-18,18,Ponte Preta,Goiás,1,2,7,,goal,Kadu,False,,,,,,,0,1
brasileirao_serie_b_2026,2026-07-18,18,Ponte Preta,Goiás,1,2,74,,substitution,,True,,,N. Silva,D. Leão,,,,
brasileirao_serie_b_2026,2026-07-18,18,Ponte Preta,Goiás,1,2,82,,card,L. Ribeiro,False,yellow,,,,,,,
brasileirao_serie_b_2026,2026-07-18,18,Ponte Preta,Goiás,1,2,82,,substitution,,False,,,Gegê,J. Carlos,,,,
brasileirao_serie_b_2026,2026-07-18,18,Ponte Preta,Goiás,1,2,86,,substitution,,True,,,Rodriguinho,Julio,,,,
brasileirao_serie_b_2026,2026-07-18,18,Ponte Preta,Goiás,1,2,90,,period,,,,,,,FT,,1,2
brasileirao_serie_b_2026,2026-07-18,18,Ponte Preta,Goiás,1,2,90,,injuryTime,,,,,,,,7,,
brasileirao_serie_b_2026,2026-07-18,18,Sport Recife,Operário-PR,2,2,17,,goal,B. Fonseca,True,,,,,,,1,1
brasileirao_serie_b_2026,2026-07-18,18,Sport Recife,Operário-PR,2,2,32,,substitution,,False,,,F. Augusto,H. Pereira,,,,
brasileirao_serie_b_2026,2026-07-18,18,Sport Recife,Operário-PR,2,2,40,,card,Marcelo,True,yellow,,,,,,,
brasileirao_serie_b_2026,2026-07-18,18,Sport Recife,Operário-PR,2,2,44,,card,Zé Gabriel,True,yellow,,,,,,,
brasileirao_serie_b_2026,2026-07-18,18,Sport Recife,Operário-PR,2,2,45,,period,,,,,,,HT,,1,1
brasileirao_serie_b_2026,2026-07-18,18,Sport Recife,Operário-PR,2,2,45,,injuryTime,,,,,,,,6,,
brasileirao_serie_b_2026,2026-07-18,18,Sport Recife,Operário-PR,2,2,48,,goal,F. Matheus,True,,,,,,,2,1
brasileirao_serie_b_2026,2026-07-18,18,Sport Recife,Operário-PR,2,2,6,,goal,Aylon,False,,,,,,,0,1
brasileirao_serie_b_2026,2026-07-18,18,Sport Recife,Operário-PR,2,2,60,,card,Mikael,False,yellow,,,,,,,
brasileirao_serie_b_2026,2026-07-18,18,Sport Recife,Operário-PR,2,2,62,,card,C. Barletta,True,yellow,,,,,,,
brasileirao_serie_b_2026,2026-07-18,18,Sport Recife,Operário-PR,2,2,68,,substitution,,True,,,P. Victor,F. Matheus,,,,
brasileirao_serie_b_2026,2026-07-18,18,Sport Recife,Operário-PR,2,2,72,,card,B. Fonseca,True,yellow,,,,,,,
brasileirao_serie_b_2026,2026-07-18,18,Sport Recife,Operário-PR,2,2,72,,substitution,,False,,,P. Vilhena,C. Dantas,,,,
brasileirao_serie_b_2026,2026-07-18,18,Sport Recife,Operário-PR,2,2,72,,substitution,,False,,,Vinicius Mingotti,Aylon,,,,
brasileirao_serie_b_2026,2026-07-18,18,Sport Recife,Operário-PR,2,2,75,,card,Marlon,True,yellow,,,,,,,
brasileirao_serie_b_2026,2026-07-18,18,Sport Recife,Operário-PR,2,2,81,,substitution,,True,,,Z. Roberto,Perotti,,,,
brasileirao_serie_b_2026,2026-07-18,18,Sport Recife,Operário-PR,2,2,81,,substitution,,True,,,E. Lucas,Marlon,,,,
brasileirao_serie_b_2026,2026-07-18,18,Sport Recife,Operário-PR,2,2,83,,substitution,,False,,,Maguinho,N. Paraíba,,,,
brasileirao_serie_b_2026,2026-07-18,18,Sport Recife,Operário-PR,2,2,83,,substitution,,False,,,Índio,M. Trindade,,,,
brasileirao_serie_b_2026,2026-07-18,18,Sport Recife,Operário-PR,2,2,86,,goal,V. D. D. Antonia,False,,,,,,,2,2
brasileirao_serie_b_2026,2026-07-18,18,Sport Recife,Operário-PR,2,2,88,,substitution,,True,,,Diego Hernández,B. Fonseca,,,,
brasileirao_serie_b_2026,2026-07-18,18,Sport Recife,Operário-PR,2,2,88,,card,E. Lucas,True,yellow,,,,,,,
brasileirao_serie_b_2026,2026-07-18,18,Sport Recife,Operário-PR,2,2,90,,period,,,,,,,FT,,2,2
brasileirao_serie_b_2026,2026-07-18,18,Sport Recife,Operário-PR,2,2,90,2,card,V. D. D. Antonia,False,yellow,,,,,,,
brasileirao_serie_b_2026,2026-07-18,18,Sport Recife,Operário-PR,2,2,90,,injuryTime,,,,,,,,6,,
brasileirao_serie_b_2026,2026-07-21,19,Avaí,América Mineiro,2,1,39,,goal,P. Victor,False,,,,,,,0,1
brasileirao_serie_b_2026,2026-07-21,19,Avaí,América Mineiro,2,1,45,,period,,,,,,,HT,,0,1
brasileirao_serie_b_2026,2026-07-21,19,Avaí,América Mineiro,2,1,45,2,card,Matías Segovia,False,yellow,Argument,,,,,,
brasileirao_serie_b_2026,2026-07-21,19,Avaí,América Mineiro,2,1,45,,injuryTime,,,,,,,,4,,
brasileirao_serie_b_2026,2026-07-21,19,Avaí,América Mineiro,2,1,46,,substitution,,True,,,Sorriso,M. Quaresma,,,,
brasileirao_serie_b_2026,2026-07-21,19,Avaí,América Mineiro,2,1,54,,substitution,,False,,,J. R. Jiménez,F. Amaral,,,,
brasileirao_serie_b_2026,2026-07-21,19,Avaí,América Mineiro,2,1,61,,substitution,,True,,,L. Gamalho,J. Lucas,,,,
brasileirao_serie_b_2026,2026-07-21,19,Avaí,América Mineiro,2,1,66,,card,F. P. Dahora,False,yellow,Foul,,,,,,
brasileirao_serie_b_2026,2026-07-21,19,Avaí,América Mineiro,2,1,68,,card,J. R. Jiménez,False,yellow,Foul,,,,,,
brasileirao_serie_b_2026,2026-07-21,19,Avaí,América Mineiro,2,1,69,,substitution,,False,,,Luidy,G. Barros,,,,
brasileirao_serie_b_2026,2026-07-21,19,Avaí,América Mineiro,2,1,69,,substitution,,False,,,G. Domingos,Matías Segovia,,,,
brasileirao_serie_b_2026,2026-07-21,19,Avaí,América Mineiro,2,1,70,,card,William,False,yellow,Argument,,,,,,
brasileirao_serie_b_2026,2026-07-21,19,Avaí,América Mineiro,2,1,75,,substitution,,True,,,Del Piage,Z. Ricardo,,,,
brasileirao_serie_b_2026,2026-07-21,19,Avaí,América Mineiro,2,1,75,,substitution,,True,,,Wenderson,Wallison,,,,
brasileirao_serie_b_2026,2026-07-21,19,Avaí,América Mineiro,2,1,81,,substitution,,False,,,F. Elizari,G. Domingos,,,,
brasileirao_serie_b_2026,2026-07-21,19,Avaí,América Mineiro,2,1,82,,substitution,,False,,,G. Oliveira,Y. Souza,,,,
brasileirao_serie_b_2026,2026-07-21,19,Avaí,América Mineiro,2,1,83,,card,G. Oliveira,False,yellow,Unallowed field entering,,,,,,
brasileirao_serie_b_2026,2026-07-21,19,Avaí,América Mineiro,2,1,85,,varDecision,J. Maciel,True,,,,,,,,
brasileirao_serie_b_2026,2026-07-21,19,Avaí,América Mineiro,2,1,87,,goal,D. Penha,True,,,,,,,1,1
brasileirao_serie_b_2026,2026-07-21,19,Avaí,América Mineiro,2,1,88,,goal,T. Roberth,True,,,,,,,2,1
brasileirao_serie_b_2026,2026-07-21,19,Avaí,América Mineiro,2,1,90,,period,,,,,,,FT,,2,1
brasileirao_serie_b_2026,2026-07-21,19,Avaí,América Mineiro,2,1,90,,injuryTime,,,,,,,,7,,
brasileirao_serie_b_2026,2026-07-21,19,Grêmio Novorizontino,Criciúma,0,1,45,,period,,,,,,,HT,,0,0
brasileirao_serie_b_2026,2026-07-21,19,Grêmio Novorizontino,Criciúma,0,1,45,1,card,Luciano Castan,False,yellow,Foul,,,,,,
brasileirao_serie_b_2026,2026-07-21,19,Grêmio Novorizontino,Criciúma,0,1,45,,injuryTime,,,,,,,,6,,
brasileirao_serie_b_2026,2026-07-21,19,Grêmio Novorizontino,Criciúma,0,1,46,,substitution,,False,,,Cauê,F. Mateus,,,,
brasileirao_serie_b_2026,2026-07-21,19,Grêmio Novorizontino,Criciúma,0,1,56,,card,Luís Oyama,True,yellow,Foul,,,,,,
brasileirao_serie_b_2026,2026-07-21,19,Grêmio Novorizontino,Criciúma,0,1,62,,substitution,,True,,,Juninho,Reidiney,,,,
brasileirao_serie_b_2026,2026-07-21,19,Grêmio Novorizontino,Criciúma,0,1,64,,substitution,,False,,,Ronald,R. Otero,,,,
brasileirao_serie_b_2026,2026-07-21,19,Grêmio Novorizontino,Criciúma,0,1,65,,substitution,,False,,,João Carlos,Waguininho,,,,
brasileirao_serie_b_2026,2026-07-21,19,Grêmio Novorizontino,Criciúma,0,1,72,,substitution,,True,,,L. Naldi,Vinicius Paiva,,,,
brasileirao_serie_b_2026,2026-07-21,19,Grêmio Novorizontino,Criciúma,0,1,72,,substitution,,True,,,R. Barcellos,Luís Oyama,,,,
brasileirao_serie_b_2026,2026-07-21,19,Grêmio Novorizontino,Criciúma,0,1,74,,card,A. Alvariño,True,yellow,Foul,,,,,,
brasileirao_serie_b_2026,2026-07-21,19,Grêmio Novorizontino,Criciúma,0,1,81,,substitution,,False,,,Diego Gonçalves,E. Biasi,,,,
brasileirao_serie_b_2026,2026-07-21,19,Grêmio Novorizontino,Criciúma,0,1,82,,goal,Diego Gonçalves,False,,,,,,,0,1
brasileirao_serie_b_2026,2026-07-21,19,Grêmio Novorizontino,Criciúma,0,1,83,,varDecision,Diego Gonçalves,False,,,,,,,,
brasileirao_serie_b_2026,2026-07-21,19,Grêmio Novorizontino,Criciúma,0,1,84,,substitution,,True,,,D. Mathias,Rômulo,,,,
brasileirao_serie_b_2026,2026-07-21,19,Grêmio Novorizontino,Criciúma,0,1,85,,substitution,,True,,,C. Ortíz,M. Bianqui,,,,
brasileirao_serie_b_2026,2026-07-21,19,Grêmio Novorizontino,Criciúma,0,1,87,,card,L. Naldi,True,yellow,Foul,,,,,,
brasileirao_serie_b_2026,2026-07-21,19,Grêmio Novorizontino,Criciúma,0,1,90,,period,,,,,,,FT,,0,1
brasileirao_serie_b_2026,2026-07-21,19,Grêmio Novorizontino,Criciúma,0,1,90,4,substitution,,False,,,T. R. S. Modesto,G. Lobo,,,,
brasileirao_serie_b_2026,2026-07-21,19,Grêmio Novorizontino,Criciúma,0,1,90,,injuryTime,,,,,,,,6,,
brasileirao_serie_b_2026,2026-07-22,19,Ceará,Clube De Regatas Brasil,0,1,11,,card,J. Gabriel,True,yellow,Foul,,,,,,
brasileirao_serie_b_2026,2026-07-22,19,Ceará,Clube De Regatas Brasil,0,1,38,,card,Éder,True,yellow,Foul,,,,,,
brasileirao_serie_b_2026,2026-07-22,19,Ceará,Clube De Regatas Brasil,0,1,43,,card,L. Mugni,True,yellow,Foul,,,,,,
brasileirao_serie_b_2026,2026-07-22,19,Ceará,Clube De Regatas Brasil,0,1,45,,period,,,,,,,HT,,0,1
brasileirao_serie_b_2026,2026-07-22,19,Ceará,Clube De Regatas Brasil,0,1,45,4,goal,Mikael,False,,,,,,,0,1
brasileirao_serie_b_2026,2026-07-22,19,Ceará,Clube De Regatas Brasil,0,1,45,2,varDecision,Thiaguinho,False,,,,,,,,
brasileirao_serie_b_2026,2026-07-22,19,Ceará,Clube De Regatas Brasil,0,1,45,,injuryTime,,,,,,,,2,,
brasileirao_serie_b_2026,2026-07-22,19,Ceará,Clube De Regatas Brasil,0,1,46,,substitution,,True,,,Vina,L. Mugni,,,,
brasileirao_serie_b_2026,2026-07-22,19,Ceará,Clube De Regatas Brasil,0,1,46,,substitution,,True,,,Sávio,Sánchez,,,,
brasileirao_serie_b_2026,2026-07-22,19,Ceará,Clube De Regatas Brasil,0,1,46,,substitution,,True,,,N. Ferreira,Giulio,,,,
brasileirao_serie_b_2026,2026-07-22,19,Ceará,Clube De Regatas Brasil,0,1,53,,card,L. Lovat,False,yellow,Argument,,,,,,
brasileirao_serie_b_2026,2026-07-22,19,Ceará,Clube De Regatas Brasil,0,1,63,,substitution,,False,,,Geovane,Danielzinho,,,,
brasileirao_serie_b_2026,2026-07-22,19,Ceará,Clube De Regatas Brasil,0,1,63,,substitution,,False,,,Reverson,L. Lovat,,,,
brasileirao_serie_b_2026,2026-07-22,19,Ceará,Clube De Regatas Brasil,0,1,71,,substitution,,True,,,E. Lodovico,B. Borges,,,,
brasileirao_serie_b_2026,2026-07-22,19,Ceará,Clube De Regatas Brasil,0,1,74,,card,Kevin,False,yellow,Foul,,,,,,
brasileirao_serie_b_2026,2026-07-22,19,Ceará,Clube De Regatas Brasil,0,1,76,,card,Júlio César,True,yellow,Foul,,,,,,
brasileirao_serie_b_2026,2026-07-22,19,Ceará,Clube De Regatas Brasil,0,1,78,,substitution,,True,,,J. Alano,G. Pavani,,,,
brasileirao_serie_b_2026,2026-07-22,19,Ceará,Clube De Regatas Brasil,0,1,79,,substitution,,False,,,Guilherme Pato,Thiaguinho,,,,
brasileirao_serie_b_2026,2026-07-22,19,Ceará,Clube De Regatas Brasil,0,1,88,,card,V. Caetano,False,yellow,Time wasting,,,,,,
brasileirao_serie_b_2026,2026-07-22,19,Ceará,Clube De Regatas Brasil,0,1,88,,substitution,,False,,,P. De Lucca,P. Castro,,,,
brasileirao_serie_b_2026,2026-07-22,19,Ceará,Clube De Regatas Brasil,0,1,88,,substitution,,False,,,V. Barata,D. Belmonte,,,,
brasileirao_serie_b_2026,2026-07-22,19,Ceará,Clube De Regatas Brasil,0,1,90,,period,,,,,,,FT,,0,1
brasileirao_serie_b_2026,2026-07-22,19,Ceará,Clube De Regatas Brasil,0,1,90,,injuryTime,,,,,,,,6,,
brasileirao_serie_b_2026,2026-07-22,19,Goiás,Sport Recife,1,1,22,,goal,Perotti,False,,,,,,,0,1
brasileirao_serie_b_2026,2026-07-22,19,Goiás,Sport Recife,1,1,31,,card,Kadu,True,yellow,Foul,,,,,,
brasileirao_serie_b_2026,2026-07-22,19,Goiás,Sport Recife,1,1,45,,period,,,,,,,HT,,0,1
brasileirao_serie_b_2026,2026-07-22,19,Goiás,Sport Recife,1,1,45,,injuryTime,,,,,,,,3,,
brasileirao_serie_b_2026,2026-07-22,19,Goiás,Sport Recife,1,1,46,,substitution,,True,,,Lourenço,Juninho,,,,
brasileirao_serie_b_2026,2026-07-22,19,Goiás,Sport Recife,1,1,61,,substitution,,False,,,Dudu,Diego Hernández,,,,
brasileirao_serie_b_2026,2026-07-22,19,Goiás,Sport Recife,1,1,61,,substitution,,True,,,A. Ramon,J. Carlos,,,,
brasileirao_serie_b_2026,2026-07-22,19,Goiás,Sport Recife,1,1,72,,substitution,,True,,,Gegê,L. Lima,,,,
brasileirao_serie_b_2026,2026-07-22,19,Goiás,Sport Recife,1,1,72,,substitution,,True,,,E. García,Kadu,,,,
brasileirao_serie_b_2026,2026-07-22,19,Goiás,Sport Recife,1,1,80,,substitution,,True,,,Djalma,R. Soares,,,,
brasileirao_serie_b_2026,2026-07-22,19,Goiás,Sport Recife,1,1,81,,substitution,,False,,,K. Almeida,Clayson,,,,
brasileirao_serie_b_2026,2026-07-22,19,Goiás,Sport Recife,1,1,87,,substitution,,False,,,Claudinho,P. Victor,,,,
brasileirao_serie_b_2026,2026-07-22,19,Goiás,Sport Recife,1,1,87,,substitution,,False,,,Adriel,B. Fonseca,,,,
brasileirao_serie_b_2026,2026-07-22,19,Goiás,Sport Recife,1,1,87,,substitution,,False,,,Z. Roberto,Perotti,,,,
brasileirao_serie_b_2026,2026-07-22,19,Goiás,Sport Recife,1,1,88,,goal,Djalma,True,,,,,,,1,1
brasileirao_serie_b_2026,2026-07-22,19,Goiás,Sport Recife,1,1,90,,period,,,,,,,FT,,1,1
brasileirao_serie_b_2026,2026-07-22,19,Goiás,Sport Recife,1,1,90,5,card,Luiz Felipe,True,yellow,Argument,,,,,,
brasileirao_serie_b_2026,2026-07-22,19,Goiás,Sport Recife,1,1,90,1,card,A. Ramon,True,yellow,Foul,,,,,,
brasileirao_serie_b_2026,2026-07-22,19,Goiás,Sport Recife,1,1,90,,injuryTime,,,,,,,,6,,
brasileirao_serie_b_2026,2026-07-22,19,Operário-PR,Ponte Preta,3,2,31,,goal,Pablo,True,,,,,,,1,1
brasileirao_serie_b_2026,2026-07-22,19,Operário-PR,Ponte Preta,3,2,34,,card,M. Silva,False,yellow,Foul,,,,,,
brasileirao_serie_b_2026,2026-07-22,19,Operário-PR,Ponte Preta,3,2,36,,card,David,False,yellow,Argument,,,,,,
brasileirao_serie_b_2026,2026-07-22,19,Operário-PR,Ponte Preta,3,2,45,,period,,,,,,,HT,,1,1
brasileirao_serie_b_2026,2026-07-22,19,Operário-PR,Ponte Preta,3,2,45,,injuryTime,,,,,,,,5,,
brasileirao_serie_b_2026,2026-07-22,19,Operário-PR,Ponte Preta,3,2,49,,goal,Brandão,False,,,,,,,1,2
brasileirao_serie_b_2026,2026-07-22,19,Operário-PR,Ponte Preta,3,2,51,,card,Brandão,False,yellow,Foul,,,,,,
brasileirao_serie_b_2026,2026-07-22,19,Operário-PR,Ponte Preta,3,2,53,,goal,H. Pereira,True,,,,,,,2,2
brasileirao_serie_b_2026,2026-07-22,19,Operário-PR,Ponte Preta,3,2,64,,substitution,,True,,,N. Paraíba,M. Trindade,,,,
brasileirao_serie_b_2026,2026-07-22,19,Operário-PR,Ponte Preta,3,2,65,,substitution,,False,,,Baianinho,Kevyson,,,,
brasileirao_serie_b_2026,2026-07-22,19,Operário-PR,Ponte Preta,3,2,65,,substitution,,True,,,Moraes Júnior,Aylon,,,,
brasileirao_serie_b_2026,2026-07-22,19,Operário-PR,Ponte Preta,3,2,7,,goal,Brandão,False,,,,,,,0,1
brasileirao_serie_b_2026,2026-07-22,19,Operário-PR,Ponte Preta,3,2,72,,card,Vinicius,False,yellow,Time wasting,,,,,,
brasileirao_serie_b_2026,2026-07-22,19,Operário-PR,Ponte Preta,3,2,77,,card,V. D. D. Antonia,True,yellow,Foul,,,,,,
brasileirao_serie_b_2026,2026-07-22,19,Operário-PR,Ponte Preta,3,2,79,,substitution,,True,,,Vinicius Mingotti,H. Pereira,,,,
brasileirao_serie_b_2026,2026-07-22,19,Operário-PR,Ponte Preta,3,2,80,,varDecision,Julio,False,,,,,,,,
brasileirao_serie_b_2026,2026-07-22,19,Operário-PR,Ponte Preta,3,2,83,,card,Brandão,False,yellowRed,Foul,,,,,,
brasileirao_serie_b_2026,2026-07-22,19,Operário-PR,Ponte Preta,3,2,85,,substitution,,True,,,C. Dantas,Pablo,,,,
brasileirao_serie_b_2026,2026-07-22,19,Operário-PR,Ponte Preta,3,2,85,,substitution,,True,,,Maxwell,G. Feliciano,,,,
brasileirao_serie_b_2026,2026-07-22,19,Operário-PR,Ponte Preta,3,2,88,,substitution,,False,,,Juan,Léo Gomes,,,,
brasileirao_serie_b_2026,2026-07-22,19,Operário-PR,Ponte Preta,3,2,88,,substitution,,False,,,N. Silva,Elvis,,,,
brasileirao_serie_b_2026,2026-07-22,19,Operário-PR,Ponte Preta,3,2,90,,period,,,,,,,FT,,3,2
brasileirao_serie_b_2026,2026-07-22,19,Operário-PR,Ponte Preta,3,2,90,7,card,Baianinho,False,yellow,Foul,,,,,,
brasileirao_serie_b_2026,2026-07-22,19,Operário-PR,Ponte Preta,3,2,90,5,substitution,,False,,,David,Diego Porfirio,,,,
brasileirao_serie_b_2026,2026-07-22,19,Operário-PR,Ponte Preta,3,2,90,,goal,C. Dantas,True,,,,,,,3,2
brasileirao_serie_b_2026,2026-07-22,19,Operário-PR,Ponte Preta,3,2,90,,injuryTime,,,,,,,,9,,
brasileirao_serie_b_2026,2026-07-22,19,Vila Nova FC,Fortaleza,2,1,14,,goal,D. Mendes,True,,,,,,,1,0
brasileirao_serie_b_2026,2026-07-22,19,Vila Nova FC,Fortaleza,2,1,32,,goal,J. Vieira,True,,,,,,,2,0
brasileirao_serie_b_2026,2026-07-22,19,Vila Nova FC,Fortaleza,2,1,45,,period,,,,,,,HT,,2,0
brasileirao_serie_b_2026,2026-07-22,19,Vila Nova FC,Fortaleza,2,1,45,,injuryTime,,,,,,,,2,,
brasileirao_serie_b_2026,2026-07-22,19,Vila Nova FC,Fortaleza,2,1,46,,substitution,,False,,,P. Baya,Luiz Fernando,,,,
brasileirao_serie_b_2026,2026-07-22,19,Vila Nova FC,Fortaleza,2,1,46,,substitution,,False,,,Pierre,L. Sasha,,,,
brasileirao_serie_b_2026,2026-07-22,19,Vila Nova FC,Fortaleza,2,1,46,,substitution,,False,,,Nathan Fogaça,J. Miritello,,,,
brasileirao_serie_b_2026,2026-07-22,19,Vila Nova FC,Fortaleza,2,1,62,,substitution,,True,,,Hayner,I. Cariús,,,,
brasileirao_serie_b_2026,2026-07-22,19,Vila Nova FC,Fortaleza,2,1,65,,substitution,,True,,,D. D. Santos,A. Luís,,,,
brasileirao_serie_b_2026,2026-07-22,19,Vila Nova FC,Fortaleza,2,1,66,,substitution,,False,,,Welliton,Vitinho,,,,
brasileirao_serie_b_2026,2026-07-22,19,Vila Nova FC,Fortaleza,2,1,69,,card,Nathan Fogaça,False,yellow,Foul,,,,,,
brasileirao_serie_b_2026,2026-07-22,19,Vila Nova FC,Fortaleza,2,1,77,,substitution,,False,,,Maílton,M. Lima,,,,
brasileirao_serie_b_2026,2026-07-22,19,Vila Nova FC,Fortaleza,2,1,78,,goal,P. Henrique,False,,,,,,,2,1
brasileirao_serie_b_2026,2026-07-22,19,Vila Nova FC,Fortaleza,2,1,84,,card,Pierre,False,yellow,Foul,,,,,,
brasileirao_serie_b_2026,2026-07-22,19,Vila Nova FC,Fortaleza,2,1,85,,substitution,,True,,,Emerson Urso,H. Meritão,,,,
brasileirao_serie_b_2026,2026-07-22,19,Vila Nova FC,Fortaleza,2,1,85,,substitution,,True,,,Dodô,Marquinhos Gabriel,,,,
brasileirao_serie_b_2026,2026-07-22,19,Vila Nova FC,Fortaleza,2,1,85,,substitution,,True,,,G. P. P. Lemos,Dellatorre,,,,
brasileirao_serie_b_2026,2026-07-22,19,Vila Nova FC,Fortaleza,2,1,90,,period,,,,,,,FT,,2,1
brasileirao_serie_b_2026,2026-07-22,19,Vila Nova FC,Fortaleza,2,1,90,2,card,G. Fuentes,False,yellow,Argument,,,,,,
brasileirao_serie_b_2026,2026-07-22,19,Vila Nova FC,Fortaleza,2,1,90,2,card,Emerson Urso,True,yellow,Argument,,,,,,
brasileirao_serie_b_2026,2026-07-22,19,Vila Nova FC,Fortaleza,2,1,90,,injuryTime,,,,,,,,6,,
brasileirao_serie_b_2026,2026-07-23,19,Athletic Club,São Bernardo,2,1,2,,goal,Max,True,,,,,,,1,0
brasileirao_serie_b_2026,2026-07-23,19,Athletic Club,São Bernardo,2,1,26,,goal,L. Rian,False,,,,,,,1,1
brasileirao_serie_b_2026,2026-07-23,19,Athletic Club,São Bernardo,2,1,45,,period,,,,,,,HT,,1,1
brasileirao_serie_b_2026,2026-07-23,19,Athletic Club,São Bernardo,2,1,45,,injuryTime,,,,,,,,5,,
brasileirao_serie_b_2026,2026-07-23,19,Athletic Club,São Bernardo,2,1,52,,substitution,,True,,,D. Vera,Carlinhos,,,,
brasileirao_serie_b_2026,2026-07-23,19,Athletic Club,São Bernardo,2,1,52,,substitution,,True,,,F. Negrucci,G. Cabezas,,,,
brasileirao_serie_b_2026,2026-07-23,19,Athletic Club,São Bernardo,2,1,57,,card,D. Miraíma,False,yellow,Foul,,,,,,
brasileirao_serie_b_2026,2026-07-23,19,Athletic Club,São Bernardo,2,1,60,,substitution,,True,,,W. Aponzá,Ian Luccas,,,,
brasileirao_serie_b_2026,2026-07-23,19,Athletic Club,São Bernardo,2,1,63,,goal,F. Negrucci,True,,,,,,,2,1
brasileirao_serie_b_2026,2026-07-23,19,Athletic Club,São Bernardo,2,1,65,,substitution,,False,,,Hyoran,D. Miraíma,,,,
brasileirao_serie_b_2026,2026-07-23,19,Athletic Club,São Bernardo,2,1,65,,substitution,,False,,,M. Sergio,Pará,,,,
brasileirao_serie_b_2026,2026-07-23,19,Athletic Club,São Bernardo,2,1,65,,substitution,,False,,,D. D. S. Roque,Echaporã,,,,
brasileirao_serie_b_2026,2026-07-23,19,Athletic Club,São Bernardo,2,1,7,,varDecision,F. Garcia,False,,,,,,,,
brasileirao_serie_b_2026,2026-07-23,19,Athletic Club,São Bernardo,2,1,77,,substitution,,True,,,Yarlen,Max,,,,
brasileirao_serie_b_2026,2026-07-23,19,Athletic Club,São Bernardo,2,1,80,,substitution,,False,,,D. Amorim,L. Lima,,,,
brasileirao_serie_b_2026,2026-07-23,19,Athletic Club,São Bernardo,2,1,82,,substitution,,False,,,Fabrício Daniel,L. Rian,,,,
brasileirao_serie_b_2026,2026-07-23,19,Athletic Club,São Bernardo,2,1,87,,card,R. Ferreira,False,yellow,Foul,,,,,,
brasileirao_serie_b_2026,2026-07-23,19,Athletic Club,São Bernardo,2,1,89,,card,F. Garcia,False,yellow,Foul,,,,,,
brasileirao_serie_b_2026,2026-07-23,19,Athletic Club,São Bernardo,2,1,90,,period,,,,,,,FT,,2,1
brasileirao_serie_b_2026,2026-07-23,19,Athletic Club,São Bernardo,2,1,90,1,card,W. Aponzá,True,yellow,Foul,,,,,,
brasileirao_serie_b_2026,2026-07-23,19,Athletic Club,São Bernardo,2,1,90,,injuryTime,,,,,,,,6,,
brasileirao_serie_b_2026,2026-07-23,19,Cuiabá,Atlético Goianiense,0,1,30,,card,Gustavo Coutinho,False,yellow,Foul,,,,,,
brasileirao_serie_b_2026,2026-07-23,19,Cuiabá,Atlético Goianiense,0,1,38,,card,D. M. d. S. Arcanjo,True,yellow,Foul,,,,,,
brasileirao_serie_b_2026,2026-07-23,19,Cuiabá,Atlético Goianiense,0,1,39,,card,Guilherme Marques,False,yellow,Foul,,,,,,
brasileirao_serie_b_2026,2026-07-23,19,Cuiabá,Atlético Goianiense,0,1,45,,period,,,,,,,HT,,0,0
brasileirao_serie_b_2026,2026-07-23,19,Cuiabá,Atlético Goianiense,0,1,45,1,card,Railan,True,yellow,Foul,,,,,,
brasileirao_serie_b_2026,2026-07-23,19,Cuiabá,Atlético Goianiense,0,1,45,,injuryTime,,,,,,,,4,,
brasileirao_serie_b_2026,2026-07-23,19,Cuiabá,Atlético Goianiense,0,1,46,,substitution,,False,,,L. Tocantins,G. Soares,,,,
brasileirao_serie_b_2026,2026-07-23,19,Cuiabá,Atlético Goianiense,0,1,46,,substitution,,False,,,B. José,Guilherme Marques,,,,
brasileirao_serie_b_2026,2026-07-23,19,Cuiabá,Atlético Goianiense,0,1,57,,substitution,,False,,,Klebert,I. Henrique,,,,
brasileirao_serie_b_2026,2026-07-23,19,Cuiabá,Atlético Goianiense,0,1,59,,substitution,,True,,,L. Otavio,D. M. d. S. Arcanjo,,,,
brasileirao_serie_b_2026,2026-07-23,19,Cuiabá,Atlético Goianiense,0,1,59,,substitution,,True,,,K. Cristtyan,R. Rodrigues,,,,
brasileirao_serie_b_2026,2026-07-23,19,Cuiabá,Atlético Goianiense,0,1,61,,goal,B. José,False,,,,,,,0,1
brasileirao_serie_b_2026,2026-07-23,19,Cuiabá,Atlético Goianiense,0,1,63,,card,Pepê,True,yellow,Foul,,,,,,
brasileirao_serie_b_2026,2026-07-23,19,Cuiabá,Atlético Goianiense,0,1,67,,substitution,,True,,,Eliel,J. Dias,,,,
brasileirao_serie_b_2026,2026-07-23,19,Cuiabá,Atlético Goianiense,0,1,67,,substitution,,True,,,P. Henrique,Fábio Gomes,,,,
brasileirao_serie_b_2026,2026-07-23,19,Cuiabá,Atlético Goianiense,0,1,67,,substitution,,True,,,Eric,Marlon,,,,
brasileirao_serie_b_2026,2026-07-23,19,Cuiabá,Atlético Goianiense,0,1,74,,substitution,,False,,,Cristiano,Marrony,,,,
brasileirao_serie_b_2026,2026-07-23,19,Cuiabá,Atlético Goianiense,0,1,80,,card,Cristiano,False,yellow,Foul,,,,,,
brasileirao_serie_b_2026,2026-07-23,19,Cuiabá,Atlético Goianiense,0,1,86,,substitution,,False,,,Tito,L. Vilela,,,,
brasileirao_serie_b_2026,2026-07-23,19,Cuiabá,Atlético Goianiense,0,1,90,,period,,,,,,,FT,,0,1
brasileirao_serie_b_2026,2026-07-23,19,Cuiabá,Atlético Goianiense,0,1,90,,injuryTime,,,,,,,,7,,
brasileirao_serie_b_2026,2026-07-23,19,Náutico,Londrina,2,1,35,,goal,K. Maranhão,True,,,,,,,1,0
brasileirao_serie_b_2026,2026-07-23,19,Náutico,Londrina,2,1,38,,card,J. Carlos,True,yellow,Foul,,,,,,
brasileirao_serie_b_2026,2026-07-23,19,Náutico,Londrina,2,1,45,,period,,,,,,,HT,,1,0
brasileirao_serie_b_2026,2026-07-23,19,Náutico,Londrina,2,1,45,,injuryTime,,,,,,,,3,,
brasileirao_serie_b_2026,2026-07-23,19,Náutico,Londrina,2,1,46,,substitution,,False,,,N. Paraíba,Vitinho,,,,
brasileirao_serie_b_2026,2026-07-23,19,Náutico,Londrina,2,1,46,,substitution,,False,,,L. Marques,J. Tavares,,,,
brasileirao_serie_b_2026,2026-07-23,19,Náutico,Londrina,2,1,46,,substitution,,False,,,Raí Nascimento,K. Leonardo,,,,
brasileirao_serie_b_2026,2026-07-23,19,Náutico,Londrina,2,1,49,,card,Heron,False,yellow,Foul,,,,,,
brasileirao_serie_b_2026,2026-07-23,19,Náutico,Londrina,2,1,56,,substitution,,True,,,Reginaldo,Arnaldo,,,,
brasileirao_serie_b_2026,2026-07-23,19,Náutico,Londrina,2,1,58,,substitution,,False,,,Gilberto,P. Dyego,,,,
brasileirao_serie_b_2026,2026-07-23,19,Náutico,Londrina,2,1,59,,card,Samuel,True,yellow,Foul,,,,,,
brasileirao_serie_b_2026,2026-07-23,19,Náutico,Londrina,2,1,74,,goal,J. Carlos,True,,,,,,,2,0
brasileirao_serie_b_2026,2026-07-23,19,Náutico,Londrina,2,1,75,,substitution,,True,,,V. Andrade,Derek,,,,
brasileirao_serie_b_2026,2026-07-23,19,Náutico,Londrina,2,1,75,,substitution,,True,,,L. Claudio,K. Maranhão,,,,
brasileirao_serie_b_2026,2026-07-23,19,Náutico,Londrina,2,1,77,,card,L. Claudio,True,yellow,Foul,,,,,,
brasileirao_serie_b_2026,2026-07-23,19,Náutico,Londrina,2,1,81,,card,I. Fernandes,True,yellow,Foul,,,,,,
brasileirao_serie_b_2026,2026-07-23,19,Náutico,Londrina,2,1,82,,goal,G. Lacerda,False,,,,,,,2,1
brasileirao_serie_b_2026,2026-07-23,19,Náutico,Londrina,2,1,87,,substitution,,False,,,Kevyn,Tarik,,,,
brasileirao_serie_b_2026,2026-07-23,19,Náutico,Londrina,2,1,88,,substitution,,True,,,Auremir,J. Carlos,,,,
brasileirao_serie_b_2026,2026-07-23,19,Náutico,Londrina,2,1,89,,substitution,,True,,,Wanderson,Samuel,,,,
brasileirao_serie_b_2026,2026-07-23,19,Náutico,Londrina,2,1,90,,period,,,,,,,FT,,2,1
brasileirao_serie_b_2026,2026-07-23,19,Náutico,Londrina,2,1,90,,injuryTime,,,,,,,,9,,
brasileirao_serie_b_2026,2026-07-24,19,Botafogo-SP,Juventude,4,2,16,,goal,Vilar,True,,,,,,,1,0
brasileirao_serie_b_2026,2026-07-24,19,Botafogo-SP,Juventude,4,2,32,,goal,W. Pinheiro,True,,,,,,,2,0
brasileirao_serie_b_2026,2026-07-24,19,Botafogo-SP,Juventude,4,2,35,,card,L. Mineiro,False,yellow,Foul,,,,,,
brasileirao_serie_b_2026,2026-07-24,19,Botafogo-SP,Juventude,4,2,44,,card,Yuri,True,yellow,Foul,,,,,,
brasileirao_serie_b_2026,2026-07-24,19,Botafogo-SP,Juventude,4,2,45,,period,,,,,,,HT,,2,0
brasileirao_serie_b_2026,2026-07-24,19,Botafogo-SP,Juventude,4,2,45,,injuryTime,,,,,,,,5,,
brasileirao_serie_b_2026,2026-07-24,19,Botafogo-SP,Juventude,4,2,46,,substitution,,False,,,Nathan,R. Ramos,,,,
brasileirao_serie_b_2026,2026-07-24,19,Botafogo-SP,Juventude,4,2,49,,goal,Arthur Caíke,True,,,,,,,3,0
brasileirao_serie_b_2026,2026-07-24,19,Botafogo-SP,Juventude,4,2,55,,goal,Patryck,False,,,,,,,3,1
brasileirao_serie_b_2026,2026-07-24,19,Botafogo-SP,Juventude,4,2,58,,goal,W. Pinheiro,True,,,,,,,4,1
brasileirao_serie_b_2026,2026-07-24,19,Botafogo-SP,Juventude,4,2,59,,substitution,,False,,,Alan Kardec,F. Lima,,,,
brasileirao_serie_b_2026,2026-07-24,19,Botafogo-SP,Juventude,4,2,60,,substitution,,True,,,G. Queiróz,Arthur Caíke,,,,
brasileirao_serie_b_2026,2026-07-24,19,Botafogo-SP,Juventude,4,2,60,,substitution,,False,,,Pablo,L. M. Gonçalves,,,,
brasileirao_serie_b_2026,2026-07-24,19,Botafogo-SP,Juventude,4,2,65,,card,Yuri,True,yellowRed,Foul,,,,,,
brasileirao_serie_b_2026,2026-07-24,19,Botafogo-SP,Juventude,4,2,70,,goal,Pablo,False,,,,,,,4,2
brasileirao_serie_b_2026,2026-07-24,19,Botafogo-SP,Juventude,4,2,71,,substitution,,False,,,M. Castro,L. Mineiro,,,,
brasileirao_serie_b_2026,2026-07-24,19,Botafogo-SP,Juventude,4,2,73,,substitution,,True,,,M. Antonio,R. Gava,,,,
brasileirao_serie_b_2026,2026-07-24,19,Botafogo-SP,Juventude,4,2,73,,substitution,,True,,,Wallace,W. Pinheiro,,,,
brasileirao_serie_b_2026,2026-07-24,19,Botafogo-SP,Juventude,4,2,74,,substitution,,True,,,Gabriel Inocêncio,Pedrinho,,,,
brasileirao_serie_b_2026,2026-07-24,19,Botafogo-SP,Juventude,4,2,78,,substitution,,False,,,D. Barbosa,Patryck,,,,
brasileirao_serie_b_2026,2026-07-24,19,Botafogo-SP,Juventude,4,2,85,,substitution,,True,,,L. Maciel,G. Queiróz,,,,
brasileirao_serie_b_2026,2026-07-24,19,Botafogo-SP,Juventude,4,2,90,,period,,,,,,,FT,,4,2
brasileirao_serie_b_2026,2026-07-24,19,Botafogo-SP,Juventude,4,2,90,5,card,P. Brey,True,yellow,Foul,,,,,,
brasileirao_serie_b_2026,2026-07-24,19,Botafogo-SP,Juventude,4,2,90,,injuryTime,,,,,,,,6,,
brasileirao_serie_b_2026,2026-07-26,20,América Mineiro,Goiás,1,0,45,,period,,,,,,,HT,,0,0
brasileirao_serie_b_2026,2026-07-26,20,América Mineiro,Goiás,1,0,45,6,varDecision,Juninho,False,,,,,,,,
brasileirao_serie_b_2026,2026-07-26,20,América Mineiro,Goiás,1,0,45,,injuryTime,,,,,,,,2,,
brasileirao_serie_b_2026,2026-07-26,20,América Mineiro,Goiás,1,0,46,,card,F. Elizari,True,yellow,Foul,,,,,,
brasileirao_serie_b_2026,2026-07-26,20,América Mineiro,Goiás,1,0,46,,substitution,,True,,,G. Mastriani,G. Barros,,,,
brasileirao_serie_b_2026,2026-07-26,20,América Mineiro,Goiás,1,0,60,,substitution,,True,,,T. Ostchega,F. Elizari,,,,
brasileirao_serie_b_2026,2026-07-26,20,América Mineiro,Goiás,1,0,61,,goal,P. Victor,True,,,,,,,1,0
brasileirao_serie_b_2026,2026-07-26,20,América Mineiro,Goiás,1,0,67,,substitution,,True,,,I. Charbaje,P. Victor,,,,
brasileirao_serie_b_2026,2026-07-26,20,América Mineiro,Goiás,1,0,70,,substitution,,False,,,A. Ramon,L. Lima,,,,
brasileirao_serie_b_2026,2026-07-26,20,América Mineiro,Goiás,1,0,70,,substitution,,False,,,Gegê,J. Carlos,,,,
brasileirao_serie_b_2026,2026-07-26,20,América Mineiro,Goiás,1,0,75,,substitution,,False,,,Djalma,R. Soares,,,,
brasileirao_serie_b_2026,2026-07-26,20,América Mineiro,Goiás,1,0,76,,substitution,,False,,,E. García,Juninho,,,,
brasileirao_serie_b_2026,2026-07-26,20,América Mineiro,Goiás,1,0,80,,substitution,,True,,,J. R. Jiménez,F. Amaral,,,,
brasileirao_serie_b_2026,2026-07-26,20,América Mineiro,Goiás,1,0,80,,substitution,,True,,,F. P. Dahora,G. Parede,,,,
brasileirao_serie_b_2026,2026-07-26,20,América Mineiro,Goiás,1,0,81,,card,Gustavo,True,yellow,Argument,,,,,,
brasileirao_serie_b_2026,2026-07-26,20,América Mineiro,Goiás,1,0,81,,card,Filipe Machado,False,yellow,Foul,,,,,,
brasileirao_serie_b_2026,2026-07-26,20,América Mineiro,Goiás,1,0,86,,substitution,,False,,,Brayann,Lourenço,,,,
brasileirao_serie_b_2026,2026-07-26,20,América Mineiro,Goiás,1,0,90,,period,,,,,,,FT,,1,0
brasileirao_serie_b_2026,2026-07-26,20,América Mineiro,Goiás,1,0,90,,injuryTime,,,,,,,,6,,
brasileirao_serie_b_2026,2026-07-26,20,Criciúma,Náutico,0,0,20,,substitution,,False,,,B. Borasi,L. Felipe,,,,
brasileirao_serie_b_2026,2026-07-26,20,Criciúma,Náutico,0,0,30,,card,G. Henrique,False,yellow,Foul,,,,,,
brasileirao_serie_b_2026,2026-07-26,20,Criciúma,Náutico,0,0,40,,card,M. Ribeiro,False,yellow,Foul,,,,,,
brasileirao_serie_b_2026,2026-07-26,20,Criciúma,Náutico,0,0,45,,period,,,,,,,HT,,0,0
brasileirao_serie_b_2026,2026-07-26,20,Criciúma,Náutico,0,0,45,1,substitution,,False,,,Betão,M. Ribeiro,,,,
brasileirao_serie_b_2026,2026-07-26,20,Criciúma,Náutico,0,0,45,,injuryTime,,,,,,,,6,,
brasileirao_serie_b_2026,2026-07-26,20,Criciúma,Náutico,0,0,46,,substitution,,False,,,Wanderson,G. Henrique,,,,
brasileirao_serie_b_2026,2026-07-26,20,Criciúma,Náutico,0,0,48,,card,Betão,False,yellow,Foul,,,,,,
brasileirao_serie_b_2026,2026-07-26,20,Criciúma,Náutico,0,0,59,,substitution,,True,,,Nicolas,E. Biasi,,,,
brasileirao_serie_b_2026,2026-07-26,20,Criciúma,Náutico,0,0,67,,substitution,,True,,,J. Robert,Waguininho,,,,
brasileirao_serie_b_2026,2026-07-26,20,Criciúma,Náutico,0,0,68,,substitution,,False,,,Reginaldo,Derek,,,,
brasileirao_serie_b_2026,2026-07-26,20,Criciúma,Náutico,0,0,68,,substitution,,False,,,Auremir,Samuel,,,,
brasileirao_serie_b_2026,2026-07-26,20,Criciúma,Náutico,0,0,68,,substitution,,True,,,Diego Gonçalves,R. Otero,,,,
brasileirao_serie_b_2026,2026-07-26,20,Criciúma,Náutico,0,0,82,,substitution,,True,,,H. Alves,Luciano Castan,,,,
brasileirao_serie_b_2026,2026-07-26,20,Criciúma,Náutico,0,0,82,,substitution,,True,,,Ronald,G. Lobo,,,,
brasileirao_serie_b_2026,2026-07-26,20,Criciúma,Náutico,0,0,90,,period,,,,,,,FT,,0,0
brasileirao_serie_b_2026,2026-07-26,20,Criciúma,Náutico,0,0,90,,card,Wenderson,False,yellow,Foul,,,,,,
brasileirao_serie_b_2026,2026-07-26,20,Criciúma,Náutico,0,0,90,,injuryTime,,,,,,,,6,,
brasileirao_serie_b_2026,2026-07-26,20,Londrina,Grêmio Novorizontino,1,4,16,,goal,P. Moccelin,True,,,,,,,1,0
brasileirao_serie_b_2026,2026-07-26,20,Londrina,Grêmio Novorizontino,1,4,20,,goal,Rômulo,False,,,,,,,1,1
brasileirao_serie_b_2026,2026-07-26,20,Londrina,Grêmio Novorizontino,1,4,23,,card,A. Alvariño,False,yellow,Foul,,,,,,
brasileirao_serie_b_2026,2026-07-26,20,Londrina,Grêmio Novorizontino,1,4,35,,card,C. Ortíz,False,yellow,Foul,,,,,,
brasileirao_serie_b_2026,2026-07-26,20,Londrina,Grêmio Novorizontino,1,4,40,,goal,Robson,False,,,,,,,1,2
brasileirao_serie_b_2026,2026-07-26,20,Londrina,Grêmio Novorizontino,1,4,45,,period,,,,,,,HT,,1,3
brasileirao_serie_b_2026,2026-07-26,20,Londrina,Grêmio Novorizontino,1,4,45,5,goal,Reidiney,False,,,,,,,1,3
brasileirao_serie_b_2026,2026-07-26,20,Londrina,Grêmio Novorizontino,1,4,45,,injuryTime,,,,,,,,5,,
brasileirao_serie_b_2026,2026-07-26,20,Londrina,Grêmio Novorizontino,1,4,46,,substitution,,True,,,William Pottker,L. Marques,,,,
brasileirao_serie_b_2026,2026-07-26,20,Londrina,Grêmio Novorizontino,1,4,46,,substitution,,True,,,Artur,Heron,,,,
brasileirao_serie_b_2026,2026-07-26,20,Londrina,Grêmio Novorizontino,1,4,46,,substitution,,False,,,N. Careca,C. Ortíz,,,,
brasileirao_serie_b_2026,2026-07-26,20,Londrina,Grêmio Novorizontino,1,4,60,,substitution,,True,,,P. Dyego,Gilberto,,,,
brasileirao_serie_b_2026,2026-07-26,20,Londrina,Grêmio Novorizontino,1,4,60,,substitution,,True,,,Raí Nascimento,Vitinho,,,,
brasileirao_serie_b_2026,2026-07-26,20,Londrina,Grêmio Novorizontino,1,4,74,,substitution,,True,,,Murilo,Tarik,,,,
brasileirao_serie_b_2026,2026-07-26,20,Londrina,Grêmio Novorizontino,1,4,76,,substitution,,False,,,Carlão,Robson,,,,
brasileirao_serie_b_2026,2026-07-26,20,Londrina,Grêmio Novorizontino,1,4,80,,goal,Carlão,False,,,,,,,1,4
brasileirao_serie_b_2026,2026-07-26,20,Londrina,Grêmio Novorizontino,1,4,81,,substitution,,False,,,Juninho,Luís Oyama,,,,
brasileirao_serie_b_2026,2026-07-26,20,Londrina,Grêmio Novorizontino,1,4,81,,substitution,,False,,,L. Naldi,M. Bianqui,,,,
brasileirao_serie_b_2026,2026-07-26,20,Londrina,Grêmio Novorizontino,1,4,83,,card,P. Moccelin,True,yellow,Foul,,,,,,
brasileirao_serie_b_2026,2026-07-26,20,Londrina,Grêmio Novorizontino,1,4,89,,substitution,,False,,,Vinicius Paiva,Rômulo,,,,
brasileirao_serie_b_2026,2026-07-26,20,Londrina,Grêmio Novorizontino,1,4,90,,period,,,,,,,FT,,1,4
brasileirao_serie_b_2026,2026-07-26,20,Londrina,Grêmio Novorizontino,1,4,90,,injuryTime,,,,,,,,5,,
brasileirao_serie_b_2026,2026-07-26,20,São Bernardo,Ceará,3,4,23,,goal,H. Maciel,True,,,,,,,1,0
brasileirao_serie_b_2026,2026-07-26,20,São Bernardo,Ceará,3,4,31,,card,Júlio César,False,yellow,Foul,,,,,,
brasileirao_serie_b_2026,2026-07-26,20,São Bernardo,Ceará,3,4,45,,period,,,,,,,HT,,1,0
brasileirao_serie_b_2026,2026-07-26,20,São Bernardo,Ceará,3,4,45,,injuryTime,,,,,,,,3,,
brasileirao_serie_b_2026,2026-07-26,20,São Bernardo,Ceará,3,4,46,,substitution,,True,,,Echaporã,D. D. S. Roque,,,,
brasileirao_serie_b_2026,2026-07-26,20,São Bernardo,Ceará,3,4,46,,substitution,,False,,,L. Holanda,R. López,,,,
brasileirao_serie_b_2026,2026-07-26,20,São Bernardo,Ceará,3,4,46,,substitution,,True,,,Hugo,L. Rian,,,,
brasileirao_serie_b_2026,2026-07-26,20,São Bernardo,Ceará,3,4,46,,substitution,,False,,,Giulio,Thalisson Gabriel,,,,
brasileirao_serie_b_2026,2026-07-26,20,São Bernardo,Ceará,3,4,47,,goal,N. Ferreira,False,,,,,,,1,1
brasileirao_serie_b_2026,2026-07-26,20,São Bernardo,Ceará,3,4,55,,card,Éder,False,yellow,Persistent fouling,,,,,,
brasileirao_serie_b_2026,2026-07-26,20,São Bernardo,Ceará,3,4,56,,substitution,,True,,,Pedrinho,R. Ferreira,,,,
brasileirao_serie_b_2026,2026-07-26,20,São Bernardo,Ceará,3,4,56,,substitution,,True,,,Hyoran,Foguinho,,,,
brasileirao_serie_b_2026,2026-07-26,20,São Bernardo,Ceará,3,4,59,,goal,Hugo,True,,,,,,,2,1
brasileirao_serie_b_2026,2026-07-26,20,São Bernardo,Ceará,3,4,62,,goal,Vina,False,,,,,,,2,2
brasileirao_serie_b_2026,2026-07-26,20,São Bernardo,Ceará,3,4,66,,substitution,,False,,,Richardson,G. Pavani,,,,
brasileirao_serie_b_2026,2026-07-26,20,São Bernardo,Ceará,3,4,68,,card,F. Garcia,True,yellow,Foul,,,,,,
brasileirao_serie_b_2026,2026-07-26,20,São Bernardo,Ceará,3,4,74,,goal,J. Gabriel,False,,,,,,,2,3
brasileirao_serie_b_2026,2026-07-26,20,São Bernardo,Ceará,3,4,81,,goal,Pedrinho,True,,,,,,,3,3
brasileirao_serie_b_2026,2026-07-26,20,São Bernardo,Ceará,3,4,84,,substitution,,True,,,Marcão Silva,L. Lima,,,,
brasileirao_serie_b_2026,2026-07-26,20,São Bernardo,Ceará,3,4,85,,substitution,,False,,,Melk,Vina,,,,
brasileirao_serie_b_2026,2026-07-26,20,São Bernardo,Ceará,3,4,89,,substitution,,False,,,E. Lodovico,N. Ferreira,,,,
brasileirao_serie_b_2026,2026-07-26,20,São Bernardo,Ceará,3,4,90,,period,,,,,,,FT,,3,4
brasileirao_serie_b_2026,2026-07-26,20,São Bernardo,Ceará,3,4,90,10,varDecision,L. Rian,True,,,,,,,,
brasileirao_serie_b_2026,2026-07-26,20,São Bernardo,Ceará,3,4,90,1,goal,E. Lodovico,False,,,,,,,3,4
brasileirao_serie_b_2026,2026-07-26,20,São Bernardo,Ceará,3,4,90,,injuryTime,,,,,,,,6,,
brasileirao_serie_b_2026,2026-07-26,20,São Bernardo,Ceará,3,4,90,,card,L. Rian,True,red,Violent conduct,,,,,,
brasileirao_serie_b_2026,2026-07-27,20,Atlético Goianiense,Operário-PR,3,1,10,,card,G. Lopes,True,yellow,Foul,,,,,,
brasileirao_serie_b_2026,2026-07-27,20,Atlético Goianiense,Operário-PR,3,1,3,,goal,Gustavo Coutinho,True,,,,,,,1,0
brasileirao_serie_b_2026,2026-07-27,20,Atlético Goianiense,Operário-PR,3,1,31,,goal,G. Soares,True,,,,,,,2,0
brasileirao_serie_b_2026,2026-07-27,20,Atlético Goianiense,Operário-PR,3,1,45,,period,,,,,,,HT,,2,1
brasileirao_serie_b_2026,2026-07-27,20,Atlético Goianiense,Operário-PR,3,1,45,3,goal,G. Boschilia,False,,,,,,,2,1
brasileirao_serie_b_2026,2026-07-27,20,Atlético Goianiense,Operário-PR,3,1,45,,injuryTime,,,,,,,,5,,
brasileirao_serie_b_2026,2026-07-27,20,Atlético Goianiense,Operário-PR,3,1,45,,varDecision,Pablo,False,,,,,,,,
brasileirao_serie_b_2026,2026-07-27,20,Atlético Goianiense,Operário-PR,3,1,51,,substitution,,True,,,B. José,L. Tocantins,,,,
brasileirao_serie_b_2026,2026-07-27,20,Atlético Goianiense,Operário-PR,3,1,58,,card,Miranda,False,yellow,Foul,,,,,,
brasileirao_serie_b_2026,2026-07-27,20,Atlético Goianiense,Operário-PR,3,1,62,,varDecision,Adriano Martins,True,,,,,,,,
brasileirao_serie_b_2026,2026-07-27,20,Atlético Goianiense,Operário-PR,3,1,65,,substitution,,False,,,Vinicius Mingotti,H. Pereira,,,,
brasileirao_serie_b_2026,2026-07-27,20,Atlético Goianiense,Operário-PR,3,1,65,,substitution,,False,,,Índio,N. Paraíba,,,,
brasileirao_serie_b_2026,2026-07-27,20,Atlético Goianiense,Operário-PR,3,1,65,,substitution,,False,,,Maxwell,Aylon,,,,
brasileirao_serie_b_2026,2026-07-27,20,Atlético Goianiense,Operário-PR,3,1,66,,card,Marrony,True,yellow,Foul,,,,,,
brasileirao_serie_b_2026,2026-07-27,20,Atlético Goianiense,Operário-PR,3,1,72,,substitution,,True,,,Klebert,L. Vilela,,,,
brasileirao_serie_b_2026,2026-07-27,20,Atlético Goianiense,Operário-PR,3,1,72,,substitution,,True,,,Natã,I. Henrique,,,,
brasileirao_serie_b_2026,2026-07-27,20,Atlético Goianiense,Operário-PR,3,1,81,,substitution,,False,,,C. Dantas,M. Trindade,,,,
brasileirao_serie_b_2026,2026-07-27,20,Atlético Goianiense,Operário-PR,3,1,83,,goal,Marrony,True,,,,,,,3,1
brasileirao_serie_b_2026,2026-07-27,20,Atlético Goianiense,Operário-PR,3,1,84,,substitution,,True,,,Tito,Marrony,,,,
brasileirao_serie_b_2026,2026-07-27,20,Atlético Goianiense,Operário-PR,3,1,85,,substitution,,True,,,L. Jacó,Gustavo Coutinho,,,,
brasileirao_serie_b_2026,2026-07-27,20,Atlético Goianiense,Operário-PR,3,1,90,,period,,,,,,,FT,,3,1
brasileirao_serie_b_2026,2026-07-27,20,Atlético Goianiense,Operário-PR,3,1,90,,substitution,,False,,,P. Vilhena,Pablo,,,,
brasileirao_serie_b_2026,2026-07-27,20,Atlético Goianiense,Operário-PR,3,1,90,,injuryTime,,,,,,,,7,,
brasileirao_serie_b_2026,2026-07-27,20,Clube De Regatas Brasil,Vila Nova FC,2,0,13,,goal,Bressan,True,,,,,,,1,0
brasileirao_serie_b_2026,2026-07-27,20,Clube De Regatas Brasil,Vila Nova FC,2,0,18,,goal,Mikael,True,,,,,,,2,0
brasileirao_serie_b_2026,2026-07-27,20,Clube De Regatas Brasil,Vila Nova FC,2,0,2,,card,W. Formiga,False,yellow,Foul,,,,,,
brasileirao_serie_b_2026,2026-07-27,20,Clube De Regatas Brasil,Vila Nova FC,2,0,45,,period,,,,,,,HT,,2,0
brasileirao_serie_b_2026,2026-07-27,20,Clube De Regatas Brasil,Vila Nova FC,2,0,45,,injuryTime,,,,,,,,2,,
brasileirao_serie_b_2026,2026-07-27,20,Clube De Regatas Brasil,Vila Nova FC,2,0,46,,substitution,,False,,,Higor,W. Formiga,,,,
brasileirao_serie_b_2026,2026-07-27,20,Clube De Regatas Brasil,Vila Nova FC,2,0,46,,substitution,,False,,,D. D. Santos,H. Meritão,,,,
brasileirao_serie_b_2026,2026-07-27,20,Clube De Regatas Brasil,Vila Nova FC,2,0,46,,substitution,,False,,,Everton Galdino,Dodô,,,,
brasileirao_serie_b_2026,2026-07-27,20,Clube De Regatas Brasil,Vila Nova FC,2,0,62,,card,Breno,False,yellow,Foul,,,,,,
brasileirao_serie_b_2026,2026-07-27,20,Clube De Regatas Brasil,Vila Nova FC,2,0,68,,substitution,,True,,,Geovane,Danielzinho,,,,
brasileirao_serie_b_2026,2026-07-27,20,Clube De Regatas Brasil,Vila Nova FC,2,0,68,,substitution,,True,,,D. Baggio,Mikael,,,,
brasileirao_serie_b_2026,2026-07-27,20,Clube De Regatas Brasil,Vila Nova FC,2,0,74,,substitution,,False,,,Emerson Urso,Marquinhos Gabriel,,,,
brasileirao_serie_b_2026,2026-07-27,20,Clube De Regatas Brasil,Vila Nova FC,2,0,75,,substitution,,False,,,Hayner,I. Cariús,,,,
brasileirao_serie_b_2026,2026-07-27,20,Clube De Regatas Brasil,Vila Nova FC,2,0,83,,substitution,,True,,,Guilherme Pato,Thiaguinho,,,,
brasileirao_serie_b_2026,2026-07-27,20,Clube De Regatas Brasil,Vila Nova FC,2,0,83,,substitution,,True,,,V. Barata,D. Belmonte,,,,
brasileirao_serie_b_2026,2026-07-27,20,Clube De Regatas Brasil,Vila Nova FC,2,0,88,,substitution,,True,,,P. De Lucca,P. Castro,,,,
brasileirao_serie_b_2026,2026-07-27,20,Clube De Regatas Brasil,Vila Nova FC,2,0,90,,period,,,,,,,FT,,2,0
brasileirao_serie_b_2026,2026-07-27,20,Clube De Regatas Brasil,Vila Nova FC,2,0,90,,injuryTime,,,,,,,,4,,
brasileirao_serie_b_2026,2026-07-27,20,Sport Recife,Cuiabá,1,1,24,,card,P. Victor,True,yellow,Foul,,,,,,
brasileirao_serie_b_2026,2026-07-27,20,Sport Recife,Cuiabá,1,1,33,,card,D. M. d. S. Arcanjo,False,yellow,Foul,,,,,,
brasileirao_serie_b_2026,2026-07-27,20,Sport Recife,Cuiabá,1,1,33,,substitution,,True,,,Diego Hernández,P. Victor,,,,
brasileirao_serie_b_2026,2026-07-27,20,Sport Recife,Cuiabá,1,1,45,,period,,,,,,,HT,,0,0
brasileirao_serie_b_2026,2026-07-27,20,Sport Recife,Cuiabá,1,1,45,,injuryTime,,,,,,,,2,,
brasileirao_serie_b_2026,2026-07-27,20,Sport Recife,Cuiabá,1,1,53,,goal,Perotti,True,,,,,,,1,0
brasileirao_serie_b_2026,2026-07-27,20,Sport Recife,Cuiabá,1,1,59,,substitution,,False,,,Lorenzo,Marlon,,,,
brasileirao_serie_b_2026,2026-07-27,20,Sport Recife,Cuiabá,1,1,59,,substitution,,False,,,K. Cristtyan,R. Rodrigues,,,,
brasileirao_serie_b_2026,2026-07-27,20,Sport Recife,Cuiabá,1,1,68,,substitution,,True,,,Dudu,Clayson,,,,
brasileirao_serie_b_2026,2026-07-27,20,Sport Recife,Cuiabá,1,1,70,,substitution,,False,,,L. Otavio,D. M. d. S. Arcanjo,,,,
brasileirao_serie_b_2026,2026-07-27,20,Sport Recife,Cuiabá,1,1,70,,substitution,,False,,,Igor,Railan,,,,
brasileirao_serie_b_2026,2026-07-27,20,Sport Recife,Cuiabá,1,1,70,,substitution,,False,,,P. Henrique,J. Dias,,,,
brasileirao_serie_b_2026,2026-07-27,20,Sport Recife,Cuiabá,1,1,71,,substitution,,True,,,Y. Felipe,B. Fonseca,,,,
brasileirao_serie_b_2026,2026-07-27,20,Sport Recife,Cuiabá,1,1,75,,goal,Fábio Gomes,False,,,,,,,1,1
brasileirao_serie_b_2026,2026-07-27,20,Sport Recife,Cuiabá,1,1,90,,period,,,,,,,FT,,1,1
brasileirao_serie_b_2026,2026-07-27,20,Sport Recife,Cuiabá,1,1,90,,injuryTime,,,,,,,,6,,
brasileirao_serie_b_2026,2026-07-28,20,Juventude,Avaí,1,0,45,,period,,,,,,,HT,,0,0
brasileirao_serie_b_2026,2026-07-28,20,Juventude,Avaí,1,0,45,,injuryTime,,,,,,,,4,,
brasileirao_serie_b_2026,2026-07-28,20,Juventude,Avaí,1,0,47,,card,Allyson,False,yellow,Foul,,,,,,
brasileirao_serie_b_2026,2026-07-28,20,Juventude,Avaí,1,0,61,,substitution,,True,,,Alan Kardec,F. Lima,,,,
brasileirao_serie_b_2026,2026-07-28,20,Juventude,Avaí,1,0,61,,substitution,,True,,,Aderlan,Nathan,,,,
brasileirao_serie_b_2026,2026-07-28,20,Juventude,Avaí,1,0,62,,card,R. Sam,True,yellow,Foul,,,,,,
brasileirao_serie_b_2026,2026-07-28,20,Juventude,Avaí,1,0,66,,substitution,,False,,,Reynaldo,Allyson,,,,
brasileirao_serie_b_2026,2026-07-28,20,Juventude,Avaí,1,0,66,,substitution,,False,,,P. Vitor,Z. Ricardo,,,,
brasileirao_serie_b_2026,2026-07-28,20,Juventude,Avaí,1,0,68,,substitution,,True,,,L. M. Gonçalves,M. Paulo,,,,
brasileirao_serie_b_2026,2026-07-28,20,Juventude,Avaí,1,0,78,,substitution,,True,,,D. Barbosa,Patryck,,,,
brasileirao_serie_b_2026,2026-07-28,20,Juventude,Avaí,1,0,78,,substitution,,True,,,L. Alves,A. Safira,,,,
brasileirao_serie_b_2026,2026-07-28,20,Juventude,Avaí,1,0,82,,card,D. Penha,False,yellow,Argument,,,,,,
brasileirao_serie_b_2026,2026-07-28,20,Juventude,Avaí,1,0,83,,substitution,,False,,,W. Fernando,J. Lucas,,,,
brasileirao_serie_b_2026,2026-07-28,20,Juventude,Avaí,1,0,83,,substitution,,False,,,G. Cipriano,T. Roberth,,,,
brasileirao_serie_b_2026,2026-07-28,20,Juventude,Avaí,1,0,90,,period,,,,,,,FT,,1,0
brasileirao_serie_b_2026,2026-07-28,20,Juventude,Avaí,1,0,90,7,substitution,,False,,,I. Pereira,Wallison,,,,
brasileirao_serie_b_2026,2026-07-28,20,Juventude,Avaí,1,0,90,5,varDecision,L. Alves,True,,,,,,,,
brasileirao_serie_b_2026,2026-07-28,20,Juventude,Avaí,1,0,90,3,goal,L. Alves,True,,,,,,,1,0
brasileirao_serie_b_2026,2026-07-28,20,Juventude,Avaí,1,0,90,,injuryTime,,,,,,,,6,,
brasileirao_serie_b_2026,2026-07-28,20,Ponte Preta,Athletic Club,1,1,20,,card,L. Cunha,True,yellow,Argument,,,,,,
brasileirao_serie_b_2026,2026-07-28,20,Ponte Preta,Athletic Club,1,1,21,,goal,Léo Gomes,True,,,,,,,1,0
brasileirao_serie_b_2026,2026-07-28,20,Ponte Preta,Athletic Club,1,1,45,,period,,,,,,,HT,,1,0
brasileirao_serie_b_2026,2026-07-28,20,Ponte Preta,Athletic Club,1,1,45,,injuryTime,,,,,,,,4,,
brasileirao_serie_b_2026,2026-07-28,20,Ponte Preta,Athletic Club,1,1,46,,substitution,,False,,,W. Aponzá,G. Cabezas,,,,
brasileirao_serie_b_2026,2026-07-28,20,Ponte Preta,Athletic Club,1,1,49,,card,D. B. d. Souza,False,yellow,Foul,,,,,,
brasileirao_serie_b_2026,2026-07-28,20,Ponte Preta,Athletic Club,1,1,5,,card,Max,False,yellow,Argument,,,,,,
brasileirao_serie_b_2026,2026-07-28,20,Ponte Preta,Athletic Club,1,1,50,,varDecision,D. B. d. Souza,False,,,,,,,,
brasileirao_serie_b_2026,2026-07-28,20,Ponte Preta,Athletic Club,1,1,54,,substitution,,False,,,Douglas,D. B. d. Souza,,,,
brasileirao_serie_b_2026,2026-07-28,20,Ponte Preta,Athletic Club,1,1,58,,card,Diego Porfirio,True,yellow,Foul,,,,,,
brasileirao_serie_b_2026,2026-07-28,20,Ponte Preta,Athletic Club,1,1,60,,substitution,,False,,,F. Negrucci,J. P. Torres,,,,
brasileirao_serie_b_2026,2026-07-28,20,Ponte Preta,Athletic Club,1,1,67,,substitution,,True,,,Miguel,David,,,,
brasileirao_serie_b_2026,2026-07-28,20,Ponte Preta,Athletic Club,1,1,67,,goal,Ian Luccas,False,,,,,,,1,1
brasileirao_serie_b_2026,2026-07-28,20,Ponte Preta,Athletic Club,1,1,69,,substitution,,False,,,Yarlen,Max,,,,
brasileirao_serie_b_2026,2026-07-28,20,Ponte Preta,Athletic Club,1,1,69,,card,Jhonathan,False,yellow,Simulation,,,,,,
brasileirao_serie_b_2026,2026-07-28,20,Ponte Preta,Athletic Club,1,1,70,,substitution,,False,,,D. Vera,Carlinhos,,,,
brasileirao_serie_b_2026,2026-07-28,20,Ponte Preta,Athletic Club,1,1,76,,substitution,,True,,,N. Silva,Diego Porfirio,,,,
brasileirao_serie_b_2026,2026-07-28,20,Ponte Preta,Athletic Club,1,1,78,,substitution,,False,,,,Yarlen,,,,
brasileirao_serie_b_2026,2026-07-28,20,Ponte Preta,Athletic Club,1,1,83,,card,Julio,True,yellow,Argument,,,,,,
brasileirao_serie_b_2026,2026-07-28,20,Ponte Preta,Athletic Club,1,1,83,,card,D. Vera,False,yellow,Argument,,,,,,
brasileirao_serie_b_2026,2026-07-28,20,Ponte Preta,Athletic Club,1,1,85,,card,André,True,yellow,Foul,,,,,,
brasileirao_serie_b_2026,2026-07-28,20,Ponte Preta,Athletic Club,1,1,86,,card,Ian Luccas,False,yellow,Argument,,,,,,
brasileirao_serie_b_2026,2026-07-28,20,Ponte Preta,Athletic Club,1,1,87,,substitution,,True,,,R. de Souza,D. Barcelos,,,,
brasileirao_serie_b_2026,2026-07-28,20,Ponte Preta,Athletic Club,1,1,87,,substitution,,True,,,J. Damião,Léo Gomes,,,,
brasileirao_serie_b_2026,2026-07-28,20,Ponte Preta,Athletic Club,1,1,90,,period,,,,,,,FT,,1,1
brasileirao_serie_b_2026,2026-07-28,20,Ponte Preta,Athletic Club,1,1,90,,injuryTime,,,,,,,,9,,
brasileirao_serie_b_2026,2026-07-29,20,Fortaleza,Botafogo-SP,1,0,37,,card,Vilar,False,yellow,Foul,,,,,,
brasileirao_serie_b_2026,2026-07-29,20,Fortaleza,Botafogo-SP,1,0,45,,period,,,,,,,HT,,0,0
brasileirao_serie_b_2026,2026-07-29,20,Fortaleza,Botafogo-SP,1,0,45,,injuryTime,,,,,,,,3,,
brasileirao_serie_b_2026,2026-07-29,20,Fortaleza,Botafogo-SP,1,0,57,,goal,Ronald,True,,,,,,,1,0
brasileirao_serie_b_2026,2026-07-29,20,Fortaleza,Botafogo-SP,1,0,59,,varDecision,Ronald,True,,,,,,,,
brasileirao_serie_b_2026,2026-07-29,20,Fortaleza,Botafogo-SP,1,0,66,,substitution,,False,,,G. Queiróz,Arthur Caíke,,,,
brasileirao_serie_b_2026,2026-07-29,20,Fortaleza,Botafogo-SP,1,0,66,,substitution,,False,,,J. Nem,Z. Hugo,,,,
brasileirao_serie_b_2026,2026-07-29,20,Fortaleza,Botafogo-SP,1,0,69,,card,M. Sales,False,yellow,Foul,,,,,,
brasileirao_serie_b_2026,2026-07-29,20,Fortaleza,Botafogo-SP,1,0,72,,substitution,,True,,,Nathan Fogaça,J. Miritello,,,,
brasileirao_serie_b_2026,2026-07-29,20,Fortaleza,Botafogo-SP,1,0,80,,substitution,,False,,,F. Vieira,W. Pinheiro,,,,
brasileirao_serie_b_2026,2026-07-29,20,Fortaleza,Botafogo-SP,1,0,80,,substitution,,False,,,M. Antonio,R. Gava,,,,
brasileirao_serie_b_2026,2026-07-29,20,Fortaleza,Botafogo-SP,1,0,82,,substitution,,True,,,Welliton,Vitinho,,,,
brasileirao_serie_b_2026,2026-07-29,20,Fortaleza,Botafogo-SP,1,0,82,,substitution,,True,,,Luiz Fernando,P. Henrique,,,,
brasileirao_serie_b_2026,2026-07-29,20,Fortaleza,Botafogo-SP,1,0,87,,varDecision,L. Sasha,True,,,,,,,,
brasileirao_serie_b_2026,2026-07-29,20,Fortaleza,Botafogo-SP,1,0,89,,substitution,,False,,,Thiaguinho,M. Sales,,,,
brasileirao_serie_b_2026,2026-07-29,20,Fortaleza,Botafogo-SP,1,0,90,,period,,,,,,,FT,,1,0
brasileirao_serie_b_2026,2026-07-29,20,Fortaleza,Botafogo-SP,1,0,90,8,card,F. Vieira,False,yellow,Foul,,,,,,
brasileirao_serie_b_2026,2026-07-29,20,Fortaleza,Botafogo-SP,1,0,90,2,substitution,,True,,,T. Cardona,Rodriguinho,,,,
brasileirao_serie_b_2026,2026-07-29,20,Fortaleza,Botafogo-SP,1,0,90,2,substitution,,True,,,R. Santos,L. Sasha,,,,
brasileirao_serie_b_2026,2026-07-29,20,Fortaleza,Botafogo-SP,1,0,90,,injuryTime,,,,,,,,8,,
brasileirao_serie_b_2026,2026-08-07,21,Ceará,Ponte Preta,2,0,11,,card,J. d. Oliveira,False,yellow,Foul,,,,,,
brasileirao_serie_b_2026,2026-08-07,21,Ceará,Ponte Preta,2,0,19,,card,J. d. Oliveira,False,yellowRed,Foul,,,,,,
brasileirao_serie_b_2026,2026-08-07,21,Ceará,Ponte Preta,2,0,21,,card,Diego Porfirio,False,yellow,Argument,,,,,,
brasileirao_serie_b_2026,2026-08-07,21,Ceará,Ponte Preta,2,0,22,,substitution,,False,,,D. Leão,Kevyson,,,,
brasileirao_serie_b_2026,2026-08-07,21,Ceará,Ponte Preta,2,0,29,,goal,L. Holanda,True,,,,,,,1,0
brasileirao_serie_b_2026,2026-08-07,21,Ceará,Ponte Preta,2,0,43,,card,L. Cunha,False,yellow,Foul,,,,,,
brasileirao_serie_b_2026,2026-08-07,21,Ceará,Ponte Preta,2,0,45,,period,,,,,,,HT,,1,0
brasileirao_serie_b_2026,2026-08-07,21,Ceará,Ponte Preta,2,0,45,,injuryTime,,,,,,,,4,,
brasileirao_serie_b_2026,2026-08-07,21,Ceará,Ponte Preta,2,0,46,,substitution,,False,,,R. de Souza,David,,,,
brasileirao_serie_b_2026,2026-08-07,21,Ceará,Ponte Preta,2,0,49,,substitution,,True,,,L. Otávio,Thalisson Gabriel,,,,
brasileirao_serie_b_2026,2026-08-07,21,Ceará,Ponte Preta,2,0,62,,substitution,,True,,,Melk,N. Ferreira,,,,
brasileirao_serie_b_2026,2026-08-07,21,Ceará,Ponte Preta,2,0,62,,substitution,,True,,,Richardson,G. Pavani,,,,
brasileirao_serie_b_2026,2026-08-07,21,Ceará,Ponte Preta,2,0,64,,substitution,,False,,,Baianinho,S. Palacios,,,,
brasileirao_serie_b_2026,2026-08-07,21,Ceará,Ponte Preta,2,0,69,,card,J. Gabriel,True,yellow,Time wasting,,,,,,
brasileirao_serie_b_2026,2026-08-07,21,Ceará,Ponte Preta,2,0,78,,goal,Giulio,True,,,,,,,2,0
brasileirao_serie_b_2026,2026-08-07,21,Ceará,Ponte Preta,2,0,83,,substitution,,False,,,G. Telles,André,,,,
brasileirao_serie_b_2026,2026-08-07,21,Ceará,Ponte Preta,2,0,83,,substitution,,False,,,G. Almeida,Elvis,,,,
brasileirao_serie_b_2026,2026-08-07,21,Ceará,Ponte Preta,2,0,84,,substitution,,True,,,L. Mugni,Vina,,,,
brasileirao_serie_b_2026,2026-08-07,21,Ceará,Ponte Preta,2,0,84,,substitution,,True,,,R. López,L. Holanda,,,,
brasileirao_serie_b_2026,2026-08-07,21,Ceará,Ponte Preta,2,0,86,,card,G. Almeida,False,yellow,Foul,,,,,,
brasileirao_serie_b_2026,2026-08-07,21,Ceará,Ponte Preta,2,0,90,,period,,,,,,,FT,,2,0
brasileirao_serie_b_2026,2026-08-07,21,Ceará,Ponte Preta,2,0,90,,injuryTime,,,,,,,,3,,
brasileirao_serie_b_2026,2026-08-07,21,Operário-PR,São Bernardo,1,3,30,,goal,Pedrinho,False,,,,,,,0,1
brasileirao_serie_b_2026,2026-08-07,21,Operário-PR,São Bernardo,1,3,30,,card,Miranda,True,yellow,Foul,,,,,,
brasileirao_serie_b_2026,2026-08-07,21,Operário-PR,São Bernardo,1,3,36,,card,H. Pereira,True,yellow,Argument,,,,,,
brasileirao_serie_b_2026,2026-08-07,21,Operário-PR,São Bernardo,1,3,37,,card,Hyoran,False,yellow,Foul,,,,,,
brasileirao_serie_b_2026,2026-08-07,21,Operário-PR,São Bernardo,1,3,45,,period,,,,,,,HT,,0,1
brasileirao_serie_b_2026,2026-08-07,21,Operário-PR,São Bernardo,1,3,45,4,varDecision,Miranda,True,,,,,,,,
brasileirao_serie_b_2026,2026-08-07,21,Operário-PR,São Bernardo,1,3,45,,injuryTime,,,,,,,,2,,
brasileirao_serie_b_2026,2026-08-07,21,Operário-PR,São Bernardo,1,3,46,,substitution,,True,,,Moraes Júnior,Aylon,,,,
brasileirao_serie_b_2026,2026-08-07,21,Operário-PR,São Bernardo,1,3,56,,substitution,,False,,,Pará,M. Sergio,,,,
brasileirao_serie_b_2026,2026-08-07,21,Operário-PR,São Bernardo,1,3,59,,substitution,,True,,,Vinicius Mingotti,C. Dantas,,,,
brasileirao_serie_b_2026,2026-08-07,21,Operário-PR,São Bernardo,1,3,59,,substitution,,True,,,N. Paraíba,M. Trindade,,,,
brasileirao_serie_b_2026,2026-08-07,21,Operário-PR,São Bernardo,1,3,64,,substitution,,False,,,P. Vitor,Hyoran,,,,
brasileirao_serie_b_2026,2026-08-07,21,Operário-PR,São Bernardo,1,3,64,,substitution,,False,,,D. D. S. Roque,Pedrinho,,,,
brasileirao_serie_b_2026,2026-08-07,21,Operário-PR,São Bernardo,1,3,67,,goal,V. D. D. Antonia,True,,,,,,,1,1
brasileirao_serie_b_2026,2026-08-07,21,Operário-PR,São Bernardo,1,3,71,,substitution,,True,,,Maguinho,Mikael,,,,
brasileirao_serie_b_2026,2026-08-07,21,Operário-PR,São Bernardo,1,3,76,,substitution,,False,,,Marcão Silva,Foguinho,,,,
brasileirao_serie_b_2026,2026-08-07,21,Operário-PR,São Bernardo,1,3,76,,substitution,,False,,,L. Lima,D. Miraíma,,,,
brasileirao_serie_b_2026,2026-08-07,21,Operário-PR,São Bernardo,1,3,79,,card,A. Alves,False,yellow,Time wasting,,,,,,
brasileirao_serie_b_2026,2026-08-07,21,Operário-PR,São Bernardo,1,3,81,,substitution,,True,,,Maxwell,H. Pereira,,,,
brasileirao_serie_b_2026,2026-08-07,21,Operário-PR,São Bernardo,1,3,87,,goal,L. Lima,False,,,,,,,1,2
brasileirao_serie_b_2026,2026-08-07,21,Operário-PR,São Bernardo,1,3,90,,period,,,,,,,FT,,1,3
brasileirao_serie_b_2026,2026-08-07,21,Operário-PR,São Bernardo,1,3,90,4,varDecision,P. Vitor,False,,,,,,,,
brasileirao_serie_b_2026,2026-08-07,21,Operário-PR,São Bernardo,1,3,90,2,goal,P. Vitor,False,,,,,,,1,3
brasileirao_serie_b_2026,2026-08-07,21,Operário-PR,São Bernardo,1,3,90,,injuryTime,,,,,,,,7,,
brasileirao_serie_b_2026,2026-08-08,21,Botafogo-SP,América Mineiro,2,1,45,,period,,,,,,,HT,,0,0
brasileirao_serie_b_2026,2026-08-08,21,Botafogo-SP,América Mineiro,2,1,45,,injuryTime,,,,,,,,5,,
brasileirao_serie_b_2026,2026-08-08,21,Botafogo-SP,América Mineiro,2,1,46,,substitution,,False,,,J. R. Jiménez,F. Amaral,,,,
brasileirao_serie_b_2026,2026-08-08,21,Botafogo-SP,América Mineiro,2,1,55,,goal,F. Elizari,False,,,,,,,0,1
brasileirao_serie_b_2026,2026-08-08,21,Botafogo-SP,América Mineiro,2,1,60,,substitution,,True,,,J. Nem,W. Pinheiro,,,,
brasileirao_serie_b_2026,2026-08-08,21,Botafogo-SP,América Mineiro,2,1,61,,goal,H. W. B. Oliveira,True,,,,,,,1,1
brasileirao_serie_b_2026,2026-08-08,21,Botafogo-SP,América Mineiro,2,1,61,,substitution,,True,,,H. W. B. Oliveira,E. d. Silva,,,,
brasileirao_serie_b_2026,2026-08-08,21,Botafogo-SP,América Mineiro,2,1,61,,substitution,,True,,,Arthur Caíke,Hygor,,,,
brasileirao_serie_b_2026,2026-08-08,21,Botafogo-SP,América Mineiro,2,1,66,,substitution,,False,,,R. Piñeiro,G. Parede,,,,
brasileirao_serie_b_2026,2026-08-08,21,Botafogo-SP,América Mineiro,2,1,67,,substitution,,False,,,G. Mastriani,G. Barros,,,,
brasileirao_serie_b_2026,2026-08-08,21,Botafogo-SP,América Mineiro,2,1,70,,goal,F. P. Dahora,True,,,,,,,2,1
brasileirao_serie_b_2026,2026-08-08,21,Botafogo-SP,América Mineiro,2,1,73,,substitution,,False,,,E. Person,F. Elizari,,,,
brasileirao_serie_b_2026,2026-08-08,21,Botafogo-SP,América Mineiro,2,1,76,,substitution,,True,,,M. Antonio,R. Gava,,,,
brasileirao_serie_b_2026,2026-08-08,21,Botafogo-SP,América Mineiro,2,1,78,,card,J. Nem,True,yellow,Foul,,,,,,
brasileirao_serie_b_2026,2026-08-08,21,Botafogo-SP,América Mineiro,2,1,79,,card,R. Piñeiro,False,yellow,Foul,,,,,,
brasileirao_serie_b_2026,2026-08-08,21,Botafogo-SP,América Mineiro,2,1,80,,substitution,,False,,,T. Ostchega,Dalbert,,,,
brasileirao_serie_b_2026,2026-08-08,21,Botafogo-SP,América Mineiro,2,1,80,,substitution,,False,,,W. Bigode,F. P. Dahora,,,,
brasileirao_serie_b_2026,2026-08-08,21,Botafogo-SP,América Mineiro,2,1,85,,card,E. Person,False,yellow,Foul,,,,,,
brasileirao_serie_b_2026,2026-08-08,21,Botafogo-SP,América Mineiro,2,1,90,,period,,,,,,,FT,,2,1
brasileirao_serie_b_2026,2026-08-08,21,Botafogo-SP,América Mineiro,2,1,90,,substitution,,True,,,Yuri,M. Sales,,,,
brasileirao_serie_b_2026,2026-08-08,21,Botafogo-SP,América Mineiro,2,1,90,,substitution,,True,,,Pedrinho,Z. Hugo,,,,
brasileirao_serie_b_2026,2026-08-08,21,Botafogo-SP,América Mineiro,2,1,90,,injuryTime,,,,,,,,7,,
brasileirao_serie_b_2026,2026-08-08,21,Vila Nova FC,Sport Recife,0,1,42,,card,A. Pucci,False,yellow,Foul,,,,,,
brasileirao_serie_b_2026,2026-08-08,21,Vila Nova FC,Sport Recife,0,1,45,,period,,,,,,,HT,,0,1
brasileirao_serie_b_2026,2026-08-08,21,Vila Nova FC,Sport Recife,0,1,45,2,card,T. Couto,False,yellow,Time wasting,,,,,,
brasileirao_serie_b_2026,2026-08-08,21,Vila Nova FC,Sport Recife,0,1,45,,injuryTime,,,,,,,,5,,
brasileirao_serie_b_2026,2026-08-08,21,Vila Nova FC,Sport Recife,0,1,46,,substitution,,False,,,Claudinho,A. Pucci,,,,
brasileirao_serie_b_2026,2026-08-08,21,Vila Nova FC,Sport Recife,0,1,46,,substitution,,True,,,D. D. Santos,H. Meritão,,,,
brasileirao_serie_b_2026,2026-08-08,21,Vila Nova FC,Sport Recife,0,1,46,,substitution,,True,,,Hayner,Nathan Camargo,,,,
brasileirao_serie_b_2026,2026-08-08,21,Vila Nova FC,Sport Recife,0,1,6,,goal,C. Barletta,False,,,,,,,0,1
brasileirao_serie_b_2026,2026-08-08,21,Vila Nova FC,Sport Recife,0,1,60,,substitution,,False,,,Marlon,Clayson,,,,
brasileirao_serie_b_2026,2026-08-08,21,Vila Nova FC,Sport Recife,0,1,62,,card,Higor,True,yellow,Foul,,,,,,
brasileirao_serie_b_2026,2026-08-08,21,Vila Nova FC,Sport Recife,0,1,64,,substitution,,True,,,Dellatorre,Everton Galdino,,,,
brasileirao_serie_b_2026,2026-08-08,21,Vila Nova FC,Sport Recife,0,1,69,,substitution,,False,,,Dudu,Diego Hernández,,,,
brasileirao_serie_b_2026,2026-08-08,21,Vila Nova FC,Sport Recife,0,1,73,,card,Dudu,False,yellow,,,,,,,
brasileirao_serie_b_2026,2026-08-08,21,Vila Nova FC,Sport Recife,0,1,79,,substitution,,True,,,T. Pagnussat,D. Mendes,,,,
brasileirao_serie_b_2026,2026-08-08,21,Vila Nova FC,Sport Recife,0,1,79,,substitution,,True,,,Emerson Urso,Janderson,,,,
brasileirao_serie_b_2026,2026-08-08,21,Vila Nova FC,Sport Recife,0,1,81,,card,Marlon,False,yellow,Foul,,,,,,
brasileirao_serie_b_2026,2026-08-08,21,Vila Nova FC,Sport Recife,0,1,90,,period,,,,,,,FT,,0,1
brasileirao_serie_b_2026,2026-08-08,21,Vila Nova FC,Sport Recife,0,1,90,6,card,C. Barletta,False,yellow,,,,,,,
brasileirao_serie_b_2026,2026-08-08,21,Vila Nova FC,Sport Recife,0,1,90,3,substitution,,False,,,P. Victor,Zé Gabriel,,,,
brasileirao_serie_b_2026,2026-08-08,21,Vila Nova FC,Sport Recife,0,1,90,3,substitution,,False,,,Marcelo,Perotti,,,,
brasileirao_serie_b_2026,2026-08-08,21,Vila Nova FC,Sport Recife,0,1,90,,injuryTime,,,,,,,,7,,
brasileirao_serie_b_2026,2026-08-09,21,Athletic Club,Criciúma,2,0,45,,period,,,,,,,HT,,1,0
brasileirao_serie_b_2026,2026-08-09,21,Athletic Club,Criciúma,2,0,45,1,card,Zeca,True,yellow,Foul,,,,,,
brasileirao_serie_b_2026,2026-08-09,21,Athletic Club,Criciúma,2,0,45,,injuryTime,,,,,,,,2,,
brasileirao_serie_b_2026,2026-08-09,21,Athletic Club,Criciúma,2,0,46,,card,E. Biasi,False,yellow,Foul,,,,,,
brasileirao_serie_b_2026,2026-08-09,21,Athletic Club,Criciúma,2,0,46,,substitution,,False,,,Romarinho,R. Fagundes,,,,
brasileirao_serie_b_2026,2026-08-09,21,Athletic Club,Criciúma,2,0,5,,goal,P. Oliveira,True,,,,,,,1,0
brasileirao_serie_b_2026,2026-08-09,21,Athletic Club,Criciúma,2,0,53,,substitution,,True,,,D. B. d. Souza,Zeca,,,,
brasileirao_serie_b_2026,2026-08-09,21,Athletic Club,Criciúma,2,0,54,,substitution,,True,,,W. Aponzá,Carlinhos,,,,
brasileirao_serie_b_2026,2026-08-09,21,Athletic Club,Criciúma,2,0,54,,substitution,,True,,,D. Vera,P. Oliveira,,,,
brasileirao_serie_b_2026,2026-08-09,21,Athletic Club,Criciúma,2,0,55,,goal,W. Aponzá,True,,,,,,,2,0
brasileirao_serie_b_2026,2026-08-09,21,Athletic Club,Criciúma,2,0,57,,varDecision,F. Negrucci,True,,,,,,,,
brasileirao_serie_b_2026,2026-08-09,21,Athletic Club,Criciúma,2,0,60,,substitution,,False,,,J. Robert,E. Biasi,,,,
brasileirao_serie_b_2026,2026-08-09,21,Athletic Club,Criciúma,2,0,60,,substitution,,False,,,Nicolas,Cauê,,,,
brasileirao_serie_b_2026,2026-08-09,21,Athletic Club,Criciúma,2,0,64,,card,D. B. d. Souza,True,yellow,Foul,,,,,,
brasileirao_serie_b_2026,2026-08-09,21,Athletic Club,Criciúma,2,0,66,,card,Romarinho,False,yellow,Foul,,,,,,
brasileirao_serie_b_2026,2026-08-09,21,Athletic Club,Criciúma,2,0,69,,substitution,,True,,,K. Lindes,K. Rodrigues,,,,
brasileirao_serie_b_2026,2026-08-09,21,Athletic Club,Criciúma,2,0,70,,substitution,,False,,,Ronald,G. Lobo,,,,
brasileirao_serie_b_2026,2026-08-09,21,Athletic Club,Criciúma,2,0,73,,substitution,,True,,,Jota,F. Negrucci,,,,
brasileirao_serie_b_2026,2026-08-09,21,Athletic Club,Criciúma,2,0,78,,substitution,,False,,,Diego Gonçalves,F. Mateus,,,,
brasileirao_serie_b_2026,2026-08-09,21,Athletic Club,Criciúma,2,0,90,,period,,,,,,,FT,,2,0
brasileirao_serie_b_2026,2026-08-09,21,Athletic Club,Criciúma,2,0,90,,injuryTime,,,,,,,,5,,
brasileirao_serie_b_2026,2026-08-09,21,Cuiabá,Fortaleza,1,1,17,,card,Pierre,False,yellow,Foul,,,,,,
brasileirao_serie_b_2026,2026-08-09,21,Cuiabá,Fortaleza,1,1,39,,card,P. Henrique,True,yellow,Foul,,,,,,
brasileirao_serie_b_2026,2026-08-09,21,Cuiabá,Fortaleza,1,1,42,,card,Luiz Fernando,False,yellow,Off the ball foul,,,,,,
brasileirao_serie_b_2026,2026-08-09,21,Cuiabá,Fortaleza,1,1,44,,card,Pepê,True,yellow,Time wasting,,,,,,
brasileirao_serie_b_2026,2026-08-09,21,Cuiabá,Fortaleza,1,1,45,,period,,,,,,,HT,,1,0
brasileirao_serie_b_2026,2026-08-09,21,Cuiabá,Fortaleza,1,1,45,,injuryTime,,,,,,,,4,,
brasileirao_serie_b_2026,2026-08-09,21,Cuiabá,Fortaleza,1,1,46,,substitution,,False,,,R. Santos,Vitinho,,,,
brasileirao_serie_b_2026,2026-08-09,21,Cuiabá,Fortaleza,1,1,46,,substitution,,True,,,K. Cristtyan,Eliel,,,,
brasileirao_serie_b_2026,2026-08-09,21,Cuiabá,Fortaleza,1,1,46,,substitution,,False,,,P. Baya,Luiz Fernando,,,,
brasileirao_serie_b_2026,2026-08-09,21,Cuiabá,Fortaleza,1,1,48,,varDecision,R. Santos,False,,,,,,,,
brasileirao_serie_b_2026,2026-08-09,21,Cuiabá,Fortaleza,1,1,54,,goal,Maílton,False,,,,,,,1,1
brasileirao_serie_b_2026,2026-08-09,21,Cuiabá,Fortaleza,1,1,63,,card,J. Miritello,False,red,Argument,,,,,,
brasileirao_serie_b_2026,2026-08-09,21,Cuiabá,Fortaleza,1,1,65,,substitution,,False,,,T. Cardona,L. Sasha,,,,
brasileirao_serie_b_2026,2026-08-09,21,Cuiabá,Fortaleza,1,1,65,,substitution,,False,,,M. Lima,G. Fuentes,,,,
brasileirao_serie_b_2026,2026-08-09,21,Cuiabá,Fortaleza,1,1,70,,substitution,,True,,,V. Peixoto,Pepê,,,,
brasileirao_serie_b_2026,2026-08-09,21,Cuiabá,Fortaleza,1,1,84,,substitution,,True,,,L. Otavio,C. Costa,,,,
brasileirao_serie_b_2026,2026-08-09,21,Cuiabá,Fortaleza,1,1,84,,substitution,,True,,,M. Júnior,J. Dias,,,,
brasileirao_serie_b_2026,2026-08-09,21,Cuiabá,Fortaleza,1,1,87,,substitution,,False,,,Ryan,Rodriguinho,,,,
brasileirao_serie_b_2026,2026-08-09,21,Cuiabá,Fortaleza,1,1,89,,substitution,,True,,,R. Rodrigues,Igor,,,,
brasileirao_serie_b_2026,2026-08-09,21,Cuiabá,Fortaleza,1,1,9,,goal,J. Dias,True,,,,,,,1,0
brasileirao_serie_b_2026,2026-08-09,21,Cuiabá,Fortaleza,1,1,90,,period,,,,,,,FT,,1,1
brasileirao_serie_b_2026,2026-08-09,21,Cuiabá,Fortaleza,1,1,90,,injuryTime,,,,,,,,10,,
brasileirao_serie_b_2026,2026-08-09,21,Grêmio Novorizontino,Juventude,0,1,21,,card,E. Moreira,True,yellow,Argument,,,,,,
brasileirao_serie_b_2026,2026-08-09,21,Grêmio Novorizontino,Juventude,0,1,33,,card,L. Mineiro,False,yellow,Foul,,,,,,
brasileirao_serie_b_2026,2026-08-09,21,Grêmio Novorizontino,Juventude,0,1,35,,card,Titi,False,yellow,Foul,,,,,,
brasileirao_serie_b_2026,2026-08-09,21,Grêmio Novorizontino,Juventude,0,1,45,,period,,,,,,,HT,,0,0
brasileirao_serie_b_2026,2026-08-09,21,Grêmio Novorizontino,Juventude,0,1,45,,injuryTime,,,,,,,,5,,
brasileirao_serie_b_2026,2026-08-09,21,Grêmio Novorizontino,Juventude,0,1,46,,substitution,,False,,,L. M. Gonçalves,L. Mineiro,,,,
brasileirao_serie_b_2026,2026-08-09,21,Grêmio Novorizontino,Juventude,0,1,46,,substitution,,True,,,Tavinho,C. Ortíz,,,,
brasileirao_serie_b_2026,2026-08-09,21,Grêmio Novorizontino,Juventude,0,1,46,,substitution,,False,,,L. Amarilla,F. Lima,,,,
brasileirao_serie_b_2026,2026-08-09,21,Grêmio Novorizontino,Juventude,0,1,46,,substitution,,False,,,D. Barbosa,Patryck,,,,
brasileirao_serie_b_2026,2026-08-09,21,Grêmio Novorizontino,Juventude,0,1,54,,goal,Raí,False,,,,,,,0,1
brasileirao_serie_b_2026,2026-08-09,21,Grêmio Novorizontino,Juventude,0,1,59,,card,Aderlan,False,yellow,Time wasting,,,,,,
brasileirao_serie_b_2026,2026-08-09,21,Grêmio Novorizontino,Juventude,0,1,61,,substitution,,True,,,Juninho,M. Bianqui,,,,
brasileirao_serie_b_2026,2026-08-09,21,Grêmio Novorizontino,Juventude,0,1,61,,substitution,,True,,,Carlão,M. Jesus,,,,
brasileirao_serie_b_2026,2026-08-09,21,Grêmio Novorizontino,Juventude,0,1,61,,card,Gabriel,False,yellow,Foul,,,,,,
brasileirao_serie_b_2026,2026-08-09,21,Grêmio Novorizontino,Juventude,0,1,68,,substitution,,False,,,G. Pires,Raí,,,,
brasileirao_serie_b_2026,2026-08-09,21,Grêmio Novorizontino,Juventude,0,1,71,,substitution,,False,,,Wadson,M. Paulo,,,,
brasileirao_serie_b_2026,2026-08-09,21,Grêmio Novorizontino,Juventude,0,1,80,,substitution,,True,,,Sander,E. Brock,,,,
brasileirao_serie_b_2026,2026-08-09,21,Grêmio Novorizontino,Juventude,0,1,82,,substitution,,True,,,J. Lora,Reidiney,,,,
brasileirao_serie_b_2026,2026-08-09,21,Grêmio Novorizontino,Juventude,0,1,83,,card,L. M. Gonçalves,False,yellow,Foul,,,,,,
brasileirao_serie_b_2026,2026-08-09,21,Grêmio Novorizontino,Juventude,0,1,90,,period,,,,,,,FT,,0,1
brasileirao_serie_b_2026,2026-08-09,21,Grêmio Novorizontino,Juventude,0,1,90,5,card,Patrick,True,yellow,Foul,,,,,,
brasileirao_serie_b_2026,2026-08-09,21,Grêmio Novorizontino,Juventude,0,1,90,,injuryTime,,,,,,,,7,,
brasileirao_serie_b_2026,2026-08-09,21,Náutico,Atlético Goianiense,1,1,18,,card,Arnaldo,True,yellow,Foul,,,,,,
brasileirao_serie_b_2026,2026-08-09,21,Náutico,Atlético Goianiense,1,1,22,,card,Adriano Martins,False,yellow,Foul,,,,,,
brasileirao_serie_b_2026,2026-08-09,21,Náutico,Atlético Goianiense,1,1,45,,period,,,,,,,HT,,1,0
brasileirao_serie_b_2026,2026-08-09,21,Náutico,Atlético Goianiense,1,1,45,,injuryTime,,,,,,,,5,,
brasileirao_serie_b_2026,2026-08-09,21,Náutico,Atlético Goianiense,1,1,46,,substitution,,False,,,H. Freitas,Matheusinho,,,,
brasileirao_serie_b_2026,2026-08-09,21,Náutico,Atlético Goianiense,1,1,46,,substitution,,False,,,B. José,L. Vilela,,,,
brasileirao_serie_b_2026,2026-08-09,21,Náutico,Atlético Goianiense,1,1,46,,substitution,,False,,,Cristiano,L. Tocantins,,,,
brasileirao_serie_b_2026,2026-08-09,21,Náutico,Atlético Goianiense,1,1,52,,card,Muriel,True,yellow,Foul,,,,,,
brasileirao_serie_b_2026,2026-08-09,21,Náutico,Atlético Goianiense,1,1,52,,varDecision,Muriel,True,,,,,,,,
brasileirao_serie_b_2026,2026-08-09,21,Náutico,Atlético Goianiense,1,1,56,,goal,G. Soares,False,,,,,,,1,1
brasileirao_serie_b_2026,2026-08-09,21,Náutico,Atlético Goianiense,1,1,6,,goal,K. Maranhão,True,,,,,,,1,0
brasileirao_serie_b_2026,2026-08-09,21,Náutico,Atlético Goianiense,1,1,64,,substitution,,True,,,Ryan,I. Fernandes,,,,
brasileirao_serie_b_2026,2026-08-09,21,Náutico,Atlético Goianiense,1,1,64,,substitution,,True,,,P. Núñez,Samuel,,,,
brasileirao_serie_b_2026,2026-08-09,21,Náutico,Atlético Goianiense,1,1,64,,substitution,,True,,,G. Henrique,Auremir,,,,
brasileirao_serie_b_2026,2026-08-09,21,Náutico,Atlético Goianiense,1,1,71,,substitution,,True,,,V. Andrade,Arnaldo,,,,
brasileirao_serie_b_2026,2026-08-09,21,Náutico,Atlético Goianiense,1,1,73,,substitution,,False,,,G. Maia,G. Soares,,,,
brasileirao_serie_b_2026,2026-08-09,21,Náutico,Atlético Goianiense,1,1,80,,substitution,,False,,,J. P. Silva,Gustavo Coutinho,,,,
brasileirao_serie_b_2026,2026-08-09,21,Náutico,Atlético Goianiense,1,1,82,,card,V. Andrade,True,yellow,Foul,,,,,,
brasileirao_serie_b_2026,2026-08-09,21,Náutico,Atlético Goianiense,1,1,83,,card,Cristiano,False,yellow,Foul,,,,,,
brasileirao_serie_b_2026,2026-08-09,21,Náutico,Atlético Goianiense,1,1,86,,card,B. Borasi,True,yellow,Foul,,,,,,
brasileirao_serie_b_2026,2026-08-09,21,Náutico,Atlético Goianiense,1,1,87,,substitution,,True,,,J. Rikelme,B. Borasi,,,,
brasileirao_serie_b_2026,2026-08-09,21,Náutico,Atlético Goianiense,1,1,90,,period,,,,,,,FT,,1,1
brasileirao_serie_b_2026,2026-08-09,21,Náutico,Atlético Goianiense,1,1,90,,injuryTime,,,,,,,,7,,
brasileirao_serie_b_2026,2026-08-10,21,Goiás,Londrina,1,0,19,,goal,Kadu,True,,,,,,,1,0
brasileirao_serie_b_2026,2026-08-10,21,Goiás,Londrina,1,0,19,,varDecision,Kadu,True,,,,,,,,
brasileirao_serie_b_2026,2026-08-10,21,Goiás,Londrina,1,0,45,,period,,,,,,,HT,,1,0
brasileirao_serie_b_2026,2026-08-10,21,Goiás,Londrina,1,0,45,,injuryTime,,,,,,,,8,,
brasileirao_serie_b_2026,2026-08-10,21,Goiás,Londrina,1,0,46,,substitution,,False,,,Vitinho,Raí Nascimento,,,,
brasileirao_serie_b_2026,2026-08-10,21,Goiás,Londrina,1,0,57,,card,W. Reis,False,yellow,Foul,,,,,,
brasileirao_serie_b_2026,2026-08-10,21,Goiás,Londrina,1,0,58,,card,Cadu,True,yellow,Handball,,,,,,
brasileirao_serie_b_2026,2026-08-10,21,Goiás,Londrina,1,0,61,,substitution,,False,,,G. Portuga,Tarik,,,,
brasileirao_serie_b_2026,2026-08-10,21,Goiás,Londrina,1,0,61,,substitution,,False,,,J. Tavares,L. Marques,,,,
brasileirao_serie_b_2026,2026-08-10,21,Goiás,Londrina,1,0,62,,substitution,,True,,,A. Ramon,Cadu,,,,
brasileirao_serie_b_2026,2026-08-10,21,Goiás,Londrina,1,0,62,,substitution,,True,,,M. Vinícius,R. Soares,,,,
brasileirao_serie_b_2026,2026-08-10,21,Goiás,Londrina,1,0,67,,substitution,,True,,,L. Ribeiro,R. Menezes,,,,
brasileirao_serie_b_2026,2026-08-10,21,Goiás,Londrina,1,0,68,,substitution,,True,,,Djalma,Kadu,,,,
brasileirao_serie_b_2026,2026-08-10,21,Goiás,Londrina,1,0,68,,substitution,,True,,,Gegê,Juninho,,,,
brasileirao_serie_b_2026,2026-08-10,21,Goiás,Londrina,1,0,69,,substitution,,False,,,Gilberto,P. Dyego,,,,
brasileirao_serie_b_2026,2026-08-10,21,Goiás,Londrina,1,0,74,,card,Djalma,True,yellow,Unallowed field entering,,,,,,
brasileirao_serie_b_2026,2026-08-10,21,Goiás,Londrina,1,0,77,,card,G. Portuga,False,yellow,Foul,,,,,,
brasileirao_serie_b_2026,2026-08-10,21,Goiás,Londrina,1,0,83,,substitution,,False,,,A. Dhominique,N. Paraíba,,,,
brasileirao_serie_b_2026,2026-08-10,21,Goiás,Londrina,1,0,85,,card,Gilberto,False,yellow,Argument,,,,,,
brasileirao_serie_b_2026,2026-08-10,21,Goiás,Londrina,1,0,90,,period,,,,,,,FT,,1,0
brasileirao_serie_b_2026,2026-08-10,21,Goiás,Londrina,1,0,90,2,card,Luiz Felipe,True,yellow,Time wasting,,,,,,
brasileirao_serie_b_2026,2026-08-10,21,Goiás,Londrina,1,0,90,,injuryTime,,,,,,,,5,,
brasileirao_serie_b_2026,2026-08-11,21,Avaí,Clube De Regatas Brasil,0,1,13,,card,Bressan,False,yellow,Foul,,,,,,
brasileirao_serie_b_2026,2026-08-11,21,Avaí,Clube De Regatas Brasil,0,1,34,,goal,Bressan,False,,,,,,,0,1
brasileirao_serie_b_2026,2026-08-11,21,Avaí,Clube De Regatas Brasil,0,1,45,,period,,,,,,,HT,,0,1
brasileirao_serie_b_2026,2026-08-11,21,Avaí,Clube De Regatas Brasil,0,1,45,,injuryTime,,,,,,,,1,,
brasileirao_serie_b_2026,2026-08-11,21,Avaí,Clube De Regatas Brasil,0,1,46,,substitution,,True,,,W. Fernando,D. Teixeira,,,,
brasileirao_serie_b_2026,2026-08-11,21,Avaí,Clube De Regatas Brasil,0,1,46,,substitution,,True,,,Léo Chú,J. Lucas,,,,
brasileirao_serie_b_2026,2026-08-11,21,Avaí,Clube De Regatas Brasil,0,1,50,,card,Wallison,True,yellow,Foul,,,,,,
brasileirao_serie_b_2026,2026-08-11,21,Avaí,Clube De Regatas Brasil,0,1,64,,card,Thiaguinho,False,yellow,Argument,,,,,,
brasileirao_serie_b_2026,2026-08-11,21,Avaí,Clube De Regatas Brasil,0,1,64,,card,L. Henrique,True,yellow,Argument,,,,,,
brasileirao_serie_b_2026,2026-08-11,21,Avaí,Clube De Regatas Brasil,0,1,70,,substitution,,False,,,Geovane,Danielzinho,,,,
brasileirao_serie_b_2026,2026-08-11,21,Avaí,Clube De Regatas Brasil,0,1,70,,substitution,,False,,,P. De Lucca,Crystopher,,,,
brasileirao_serie_b_2026,2026-08-11,21,Avaí,Clube De Regatas Brasil,0,1,70,,substitution,,True,,,J. Vittor,Wallison,,,,
brasileirao_serie_b_2026,2026-08-11,21,Avaí,Clube De Regatas Brasil,0,1,77,,substitution,,True,,,Hyan,L. Henrique,,,,
brasileirao_serie_b_2026,2026-08-11,21,Avaí,Clube De Regatas Brasil,0,1,79,,substitution,,False,,,João Neto,Mikael,,,,
brasileirao_serie_b_2026,2026-08-11,21,Avaí,Clube De Regatas Brasil,0,1,80,,substitution,,False,,,Guilherme Pato,Thiaguinho,,,,
brasileirao_serie_b_2026,2026-08-11,21,Avaí,Clube De Regatas Brasil,0,1,88,,substitution,,True,,,G. Cipriano,T. Roberth,,,,
brasileirao_serie_b_2026,2026-08-11,21,Avaí,Clube De Regatas Brasil,0,1,88,,substitution,,False,,,Luizão,P. Castro,,,,
brasileirao_serie_b_2026,2026-08-11,21,Avaí,Clube De Regatas Brasil,0,1,90,,period,,,,,,,FT,,0,1
brasileirao_serie_b_2026,2026-08-11,21,Avaí,Clube De Regatas Brasil,0,1,90,,injuryTime,,,,,,,,5,,
brasileirao_serie_b_2026,2026-08-14,22,Ponte Preta,Náutico,1,1,40,,goal,Brandão,True,,,,,,,1,0
brasileirao_serie_b_2026,2026-08-14,22,Ponte Preta,Náutico,1,1,44,,card,L. Índio,False,yellow,Foul,,,,,,
brasileirao_serie_b_2026,2026-08-14,22,Ponte Preta,Náutico,1,1,45,,period,,,,,,,HT,,1,0
brasileirao_serie_b_2026,2026-08-14,22,Ponte Preta,Náutico,1,1,45,1,card,B. Borasi,False,yellow,Foul,,,,,,
brasileirao_serie_b_2026,2026-08-14,22,Ponte Preta,Náutico,1,1,45,,injuryTime,,,,,,,,3,,
brasileirao_serie_b_2026,2026-08-14,22,Ponte Preta,Náutico,1,1,46,,card,D. Leão,True,yellow,Foul,,,,,,
brasileirao_serie_b_2026,2026-08-14,22,Ponte Preta,Náutico,1,1,46,,substitution,,False,,,P. Núñez,L. Índio,,,,
brasileirao_serie_b_2026,2026-08-14,22,Ponte Preta,Náutico,1,1,46,,substitution,,False,,,Ryan,I. Fernandes,,,,
brasileirao_serie_b_2026,2026-08-14,22,Ponte Preta,Náutico,1,1,54,,card,André,True,yellow,Foul,,,,,,
brasileirao_serie_b_2026,2026-08-14,22,Ponte Preta,Náutico,1,1,59,,card,Arnaldo,False,yellow,Foul,,,,,,
brasileirao_serie_b_2026,2026-08-14,22,Ponte Preta,Náutico,1,1,60,,substitution,,False,,,L. Claudio,K. Maranhão,,,,
brasileirao_serie_b_2026,2026-08-14,22,Ponte Preta,Náutico,1,1,65,,goal,B. Borasi,False,,,,,,,1,1
brasileirao_serie_b_2026,2026-08-14,22,Ponte Preta,Náutico,1,1,67,,card,P. Núñez,False,yellow,Foul,,,,,,
brasileirao_serie_b_2026,2026-08-14,22,Ponte Preta,Náutico,1,1,76,,substitution,,False,,,Wanderson,G. Henrique,,,,
brasileirao_serie_b_2026,2026-08-14,22,Ponte Preta,Náutico,1,1,76,,substitution,,True,,,Miguel,Juan,,,,
brasileirao_serie_b_2026,2026-08-14,22,Ponte Preta,Náutico,1,1,79,,substitution,,False,,,Reginaldo,Arnaldo,,,,
brasileirao_serie_b_2026,2026-08-14,22,Ponte Preta,Náutico,1,1,82,,substitution,,True,,,G. Telles,Brandão,,,,
brasileirao_serie_b_2026,2026-08-14,22,Ponte Preta,Náutico,1,1,83,,card,P. Núñez,False,yellowRed,Foul,,,,,,
brasileirao_serie_b_2026,2026-08-14,22,Ponte Preta,Náutico,1,1,90,,period,,,,,,,FT,,1,1
brasileirao_serie_b_2026,2026-08-14,22,Ponte Preta,Náutico,1,1,90,6,card,M. Souza,True,yellow,Foul,,,,,,
brasileirao_serie_b_2026,2026-08-14,22,Ponte Preta,Náutico,1,1,90,3,substitution,,True,,,M. Souza,David,,,,
brasileirao_serie_b_2026,2026-08-14,22,Ponte Preta,Náutico,1,1,90,3,substitution,,True,,,J. Damião,G. Almeida,,,,
brasileirao_serie_b_2026,2026-08-14,22,Ponte Preta,Náutico,1,1,90,2,card,Betão,False,red,Professional foul last man,,,,,,
brasileirao_serie_b_2026,2026-08-14,22,Ponte Preta,Náutico,1,1,90,,injuryTime,,,,,,,,7,,
brasileirao_serie_b_2026,2026-08-14,22,Sport Recife,Londrina,2,1,11,,goal,Diego Hernández,True,,,,,,,1,0
brasileirao_serie_b_2026,2026-08-14,22,Sport Recife,Londrina,2,1,14,,varDecision,Diego Hernández,True,,,,,,,,
brasileirao_serie_b_2026,2026-08-14,22,Sport Recife,Londrina,2,1,30,,goal,J. Vitor,False,,,,,,,1,1
brasileirao_serie_b_2026,2026-08-14,22,Sport Recife,Londrina,2,1,42,,substitution,,True,,,Marlon,C. Barletta,,,,
brasileirao_serie_b_2026,2026-08-14,22,Sport Recife,Londrina,2,1,43,,goal,Diego Hernández,True,,,,,,,2,1
brasileirao_serie_b_2026,2026-08-14,22,Sport Recife,Londrina,2,1,45,,period,,,,,,,HT,,2,1
brasileirao_serie_b_2026,2026-08-14,22,Sport Recife,Londrina,2,1,45,,injuryTime,,,,,,,,5,,
brasileirao_serie_b_2026,2026-08-14,22,Sport Recife,Londrina,2,1,53,,varDecision,Marlon,True,,,,,,,,
brasileirao_serie_b_2026,2026-08-14,22,Sport Recife,Londrina,2,1,53,,card,R. Micale,False,red,Argument,,,,,,
brasileirao_serie_b_2026,2026-08-14,22,Sport Recife,Londrina,2,1,53,,card,R. Micale,False,yellow,Argument,,,,,,
brasileirao_serie_b_2026,2026-08-14,22,Sport Recife,Londrina,2,1,69,,substitution,,False,,,Gilberto,William Pottker,,,,
brasileirao_serie_b_2026,2026-08-14,22,Sport Recife,Londrina,2,1,69,,substitution,,False,,,G. Portuga,J. Tavares,,,,
brasileirao_serie_b_2026,2026-08-14,22,Sport Recife,Londrina,2,1,69,,substitution,,False,,,P. Dyego,Vitinho,,,,
brasileirao_serie_b_2026,2026-08-14,22,Sport Recife,Londrina,2,1,70,,substitution,,True,,,J. Alano,Diego Hernández,,,,
brasileirao_serie_b_2026,2026-08-14,22,Sport Recife,Londrina,2,1,70,,substitution,,True,,,Dudu,Clayson,,,,
brasileirao_serie_b_2026,2026-08-14,22,Sport Recife,Londrina,2,1,77,,substitution,,False,,,Kevyn,Heron,,,,
brasileirao_serie_b_2026,2026-08-14,22,Sport Recife,Londrina,2,1,82,,substitution,,True,,,Marcelo,Claudinho,,,,
brasileirao_serie_b_2026,2026-08-14,22,Sport Recife,Londrina,2,1,82,,substitution,,True,,,B. Fonseca,Perotti,,,,
brasileirao_serie_b_2026,2026-08-14,22,Sport Recife,Londrina,2,1,88,,substitution,,False,,,Raí Nascimento,L. Marques,,,,
brasileirao_serie_b_2026,2026-08-14,22,Sport Recife,Londrina,2,1,90,,period,,,,,,,FT,,2,1
brasileirao_serie_b_2026,2026-08-14,22,Sport Recife,Londrina,2,1,90,3,card,Felipinho,True,yellow,Time wasting,,,,,,
brasileirao_serie_b_2026,2026-08-14,22,Sport Recife,Londrina,2,1,90,,injuryTime,,,,,,,,6,,
brasileirao_serie_b_2026,2026-08-14,22,São Bernardo,Botafogo-SP,0,1,45,,period,,,,,,,HT,,0,0
brasileirao_serie_b_2026,2026-08-14,22,São Bernardo,Botafogo-SP,0,1,45,,injuryTime,,,,,,,,2,,
brasileirao_serie_b_2026,2026-08-14,22,São Bernardo,Botafogo-SP,0,1,46,,substitution,,False,,,Arthur Caíke,Hygor,,,,
brasileirao_serie_b_2026,2026-08-14,22,São Bernardo,Botafogo-SP,0,1,48,,card,Pará,True,yellow,Foul,,,,,,
brasileirao_serie_b_2026,2026-08-14,22,São Bernardo,Botafogo-SP,0,1,58,,substitution,,False,,,Badaró ,Wallace,,,,
brasileirao_serie_b_2026,2026-08-14,22,São Bernardo,Botafogo-SP,0,1,62,,card,H. Maciel,True,yellow,Argument,,,,,,
brasileirao_serie_b_2026,2026-08-14,22,São Bernardo,Botafogo-SP,0,1,70,,substitution,,True,,,L. Jabá,Hyoran,,,,
brasileirao_serie_b_2026,2026-08-14,22,São Bernardo,Botafogo-SP,0,1,70,,substitution,,True,,,P. Vitor,Pedrinho,,,,
brasileirao_serie_b_2026,2026-08-14,22,São Bernardo,Botafogo-SP,0,1,72,,goal,P. Brey,False,,,,,,,0,1
brasileirao_serie_b_2026,2026-08-14,22,São Bernardo,Botafogo-SP,0,1,77,,card,V. Souza,False,yellow,Time wasting,,,,,,
brasileirao_serie_b_2026,2026-08-14,22,São Bernardo,Botafogo-SP,0,1,79,,substitution,,True,,,Fabrício Daniel,Romisson,,,,
brasileirao_serie_b_2026,2026-08-14,22,São Bernardo,Botafogo-SP,0,1,79,,substitution,,True,,,L. Lima,Foguinho,,,,
brasileirao_serie_b_2026,2026-08-14,22,São Bernardo,Botafogo-SP,0,1,83,,substitution,,False,,,M. Antonio,R. Gava,,,,
brasileirao_serie_b_2026,2026-08-14,22,São Bernardo,Botafogo-SP,0,1,83,,substitution,,False,,,G. Mariano,M. Sales,,,,
brasileirao_serie_b_2026,2026-08-14,22,São Bernardo,Botafogo-SP,0,1,86,,substitution,,True,,,D. Amorim,Pará,,,,
brasileirao_serie_b_2026,2026-08-14,22,São Bernardo,Botafogo-SP,0,1,90,,period,,,,,,,FT,,0,1
brasileirao_serie_b_2026,2026-08-14,22,São Bernardo,Botafogo-SP,0,1,90,1,substitution,,False,,,L. Maciel,Z. Hugo,,,,
brasileirao_serie_b_2026,2026-08-14,22,São Bernardo,Botafogo-SP,0,1,90,,injuryTime,,,,,,,,5,,
brasileirao_serie_b_2026,2026-08-15,22,Atlético Goianiense,Vila Nova FC,0,2,17,,substitution,,True,,,Warley,Ewerthon,,,,
brasileirao_serie_b_2026,2026-08-15,22,Atlético Goianiense,Vila Nova FC,0,2,39,,card,G. Soares,True,yellow,Foul,,,,,,
brasileirao_serie_b_2026,2026-08-15,22,Atlético Goianiense,Vila Nova FC,0,2,45,,period,,,,,,,HT,,0,1
brasileirao_serie_b_2026,2026-08-15,22,Atlético Goianiense,Vila Nova FC,0,2,45,4,goal,J. Vieira,False,,,,,,,0,1
brasileirao_serie_b_2026,2026-08-15,22,Atlético Goianiense,Vila Nova FC,0,2,45,,injuryTime,,,,,,,,4,,
brasileirao_serie_b_2026,2026-08-15,22,Atlético Goianiense,Vila Nova FC,0,2,46,,substitution,,False,,,Hayner,Nathan Camargo,,,,
brasileirao_serie_b_2026,2026-08-15,22,Atlético Goianiense,Vila Nova FC,0,2,46,,substitution,,True,,,L. Tocantins,B. José,,,,
brasileirao_serie_b_2026,2026-08-15,22,Atlético Goianiense,Vila Nova FC,0,2,51,,card,T. Pagnussat,False,yellow,Argument,,,,,,
brasileirao_serie_b_2026,2026-08-15,22,Atlético Goianiense,Vila Nova FC,0,2,56,,card,G. Lopes,True,yellow,Off the ball foul,,,,,,
brasileirao_serie_b_2026,2026-08-15,22,Atlético Goianiense,Vila Nova FC,0,2,61,,substitution,,True,,,Guilherme Marques,H. Freitas,,,,
brasileirao_serie_b_2026,2026-08-15,22,Atlético Goianiense,Vila Nova FC,0,2,62,,card,Peixoto,True,yellow,Foul,,,,,,
brasileirao_serie_b_2026,2026-08-15,22,Atlético Goianiense,Vila Nova FC,0,2,70,,substitution,,False,,,Everton Galdino,A. Luís,,,,
brasileirao_serie_b_2026,2026-08-15,22,Atlético Goianiense,Vila Nova FC,0,2,70,,substitution,,True,,,Netinho,Peixoto,,,,
brasileirao_serie_b_2026,2026-08-15,22,Atlético Goianiense,Vila Nova FC,0,2,70,,substitution,,True,,,I. Henrique,Cristiano,,,,
brasileirao_serie_b_2026,2026-08-15,22,Atlético Goianiense,Vila Nova FC,0,2,71,,card,I. Henrique,True,yellow,Foul,,,,,,
brasileirao_serie_b_2026,2026-08-15,22,Atlético Goianiense,Vila Nova FC,0,2,73,,goal,D. D. Santos,False,,,,,,,0,2
brasileirao_serie_b_2026,2026-08-15,22,Atlético Goianiense,Vila Nova FC,0,2,77,,substitution,,False,,,Willian Maranhão,D. D. Santos,,,,
brasileirao_serie_b_2026,2026-08-15,22,Atlético Goianiense,Vila Nova FC,0,2,87,,substitution,,False,,,H. Meritão,Marquinhos Gabriel,,,,
brasileirao_serie_b_2026,2026-08-15,22,Atlético Goianiense,Vila Nova FC,0,2,87,,substitution,,False,,,Emerson Urso,Janderson,,,,
brasileirao_serie_b_2026,2026-08-15,22,Atlético Goianiense,Vila Nova FC,0,2,90,,period,,,,,,,FT,,0,2
brasileirao_serie_b_2026,2026-08-15,22,Atlético Goianiense,Vila Nova FC,0,2,90,1,card,Emerson Urso,False,yellow,Argument,,,,,,
brasileirao_serie_b_2026,2026-08-15,22,Atlético Goianiense,Vila Nova FC,0,2,90,,injuryTime,,,,,,,,5,,
brasileirao_serie_b_2026,2026-08-15,22,Ceará,Cuiabá,1,3,41,,goal,J. Dias,False,,,,,,,0,1
brasileirao_serie_b_2026,2026-08-15,22,Ceará,Cuiabá,1,3,45,,period,,,,,,,HT,,0,1
brasileirao_serie_b_2026,2026-08-15,22,Ceará,Cuiabá,1,3,45,,injuryTime,,,,,,,,7,,
brasileirao_serie_b_2026,2026-08-15,22,Ceará,Cuiabá,1,3,46,,substitution,,False,,,D. M. d. S. Arcanjo,Pepê,,,,
brasileirao_serie_b_2026,2026-08-15,22,Ceará,Cuiabá,1,3,46,,substitution,,True,,,Melk,Vina,,,,
brasileirao_serie_b_2026,2026-08-15,22,Ceará,Cuiabá,1,3,46,,substitution,,True,,,L. Mugni,G. Pavani,,,,
brasileirao_serie_b_2026,2026-08-15,22,Ceará,Cuiabá,1,3,54,,goal,C. Costa,False,,,,,,,0,2
brasileirao_serie_b_2026,2026-08-15,22,Ceará,Cuiabá,1,3,58,,substitution,,True,,,R. López,N. Ferreira,,,,
brasileirao_serie_b_2026,2026-08-15,22,Ceará,Cuiabá,1,3,58,,substitution,,True,,,E. Lodovico,Rafael Ramos,,,,
brasileirao_serie_b_2026,2026-08-15,22,Ceará,Cuiabá,1,3,59,,card,Richardson,True,yellow,Foul,,,,,,
brasileirao_serie_b_2026,2026-08-15,22,Ceará,Cuiabá,1,3,6,,substitution,,False,,,J. Carlos,M. Carné,,,,
brasileirao_serie_b_2026,2026-08-15,22,Ceará,Cuiabá,1,3,67,,substitution,,True,,,M. Araújo,Giulio,,,,
brasileirao_serie_b_2026,2026-08-15,22,Ceará,Cuiabá,1,3,69,,card,C. Costa,False,yellow,Foul,,,,,,
brasileirao_serie_b_2026,2026-08-15,22,Ceará,Cuiabá,1,3,70,,goal,E. Lodovico,True,,,,,,,1,2
brasileirao_serie_b_2026,2026-08-15,22,Ceará,Cuiabá,1,3,71,,substitution,,False,,,K. Cristtyan,Eliel,,,,
brasileirao_serie_b_2026,2026-08-15,22,Ceará,Cuiabá,1,3,80,,substitution,,False,,,R. Rodrigues,J. Dias,,,,
brasileirao_serie_b_2026,2026-08-15,22,Ceará,Cuiabá,1,3,80,,substitution,,False,,,Weverson,Lorenzo,,,,
brasileirao_serie_b_2026,2026-08-15,22,Ceará,Cuiabá,1,3,87,,substitution,,True,,,Kauã,E. Lodovico,,,,
brasileirao_serie_b_2026,2026-08-15,22,Ceará,Cuiabá,1,3,88,,substitution,,False,,,V. Peixoto,P. Henrique,,,,
brasileirao_serie_b_2026,2026-08-15,22,Ceará,Cuiabá,1,3,90,,period,,,,,,,FT,,1,3
brasileirao_serie_b_2026,2026-08-15,22,Ceará,Cuiabá,1,3,90,7,goal,K. Cristtyan,False,,,,,,,1,3
brasileirao_serie_b_2026,2026-08-15,22,Ceará,Cuiabá,1,3,90,2,card,Éder,True,yellow,Foul,,,,,,
brasileirao_serie_b_2026,2026-08-15,22,Ceará,Cuiabá,1,3,90,,injuryTime,,,,,,,,8,,
brasileirao_serie_b_2026,2026-08-15,22,Criciúma,Goiás,1,0,14,,card,R. Otero,True,yellow,Foul,,,,,,
brasileirao_serie_b_2026,2026-08-15,22,Criciúma,Goiás,1,0,19,,card,Filipe Machado,False,yellow,Foul,,,,,,
brasileirao_serie_b_2026,2026-08-15,22,Criciúma,Goiás,1,0,45,,period,,,,,,,HT,,1,0
brasileirao_serie_b_2026,2026-08-15,22,Criciúma,Goiás,1,0,45,,injuryTime,,,,,,,,4,,
brasileirao_serie_b_2026,2026-08-15,22,Criciúma,Goiás,1,0,46,,card,G. Lobo,True,yellow,Foul,,,,,,
brasileirao_serie_b_2026,2026-08-15,22,Criciúma,Goiás,1,0,46,,substitution,,False,,,A. Ramon,Juninho,,,,
brasileirao_serie_b_2026,2026-08-15,22,Criciúma,Goiás,1,0,5,,goal,Luciano Castan,True,,,,,,,1,0
brasileirao_serie_b_2026,2026-08-15,22,Criciúma,Goiás,1,0,57,,substitution,,True,,,João Carlos,R. Otero,,,,
brasileirao_serie_b_2026,2026-08-15,22,Criciúma,Goiás,1,0,57,,substitution,,True,,,Ronald,G. Lobo,,,,
brasileirao_serie_b_2026,2026-08-15,22,Criciúma,Goiás,1,0,61,,substitution,,False,,,M. Vinícius,R. Soares,,,,
brasileirao_serie_b_2026,2026-08-15,22,Criciúma,Goiás,1,0,69,,substitution,,False,,,Gegê,L. Lima,,,,
brasileirao_serie_b_2026,2026-08-15,22,Criciúma,Goiás,1,0,69,,substitution,,False,,,W. Rato,Kadu,,,,
brasileirao_serie_b_2026,2026-08-15,22,Criciúma,Goiás,1,0,70,,card,M. Vinícius,False,yellow,Foul,,,,,,
brasileirao_serie_b_2026,2026-08-15,22,Criciúma,Goiás,1,0,76,,substitution,,True,,,Jean Irmer,E. Biasi,,,,
brasileirao_serie_b_2026,2026-08-15,22,Criciúma,Goiás,1,0,77,,substitution,,False,,,E. García,Lourenço,,,,
brasileirao_serie_b_2026,2026-08-15,22,Criciúma,Goiás,1,0,80,,substitution,,True,,,Cauê,Waguininho,,,,
brasileirao_serie_b_2026,2026-08-15,22,Criciúma,Goiás,1,0,80,,substitution,,True,,,Diego Gonçalves,F. Mateus,,,,
brasileirao_serie_b_2026,2026-08-15,22,Criciúma,Goiás,1,0,86,,card,W. Lepo,True,yellow,Foul,,,,,,
brasileirao_serie_b_2026,2026-08-15,22,Criciúma,Goiás,1,0,90,,period,,,,,,,FT,,1,0
brasileirao_serie_b_2026,2026-08-15,22,Criciúma,Goiás,1,0,90,6,card,Luciano Castan,True,yellow,Time wasting,,,,,,
brasileirao_serie_b_2026,2026-08-15,22,Criciúma,Goiás,1,0,90,4,card,Airton,True,yellow,Time wasting,,,,,,
brasileirao_serie_b_2026,2026-08-15,22,Criciúma,Goiás,1,0,90,,injuryTime,,,,,,,,6,,
brasileirao_serie_b_2026,2026-08-15,22,Juventude,Fortaleza,0,0,29,,card,L. Mineiro,True,yellow,Foul,,,,,,
brasileirao_serie_b_2026,2026-08-15,22,Juventude,Fortaleza,0,0,45,,period,,,,,,,HT,,0,0
brasileirao_serie_b_2026,2026-08-15,22,Juventude,Fortaleza,0,0,45,,injuryTime,,,,,,,,2,,
brasileirao_serie_b_2026,2026-08-15,22,Juventude,Fortaleza,0,0,59,,substitution,,True,,,Alan Kardec,L. Amarilla,,,,
brasileirao_serie_b_2026,2026-08-15,22,Juventude,Fortaleza,0,0,59,,substitution,,True,,,L. M. Gonçalves,L. Mineiro,,,,
brasileirao_serie_b_2026,2026-08-15,22,Juventude,Fortaleza,0,0,62,,card,Titi,True,yellow,Foul,,,,,,
brasileirao_serie_b_2026,2026-08-15,22,Juventude,Fortaleza,0,0,64,,substitution,,False,,,P. Baya,Nathan Fogaça,,,,
brasileirao_serie_b_2026,2026-08-15,22,Juventude,Fortaleza,0,0,68,,substitution,,True,,,G. Pires,M. Paulo,,,,
brasileirao_serie_b_2026,2026-08-15,22,Juventude,Fortaleza,0,0,69,,card,M. Paulo,True,yellow,Foul,,,,,,
brasileirao_serie_b_2026,2026-08-15,22,Juventude,Fortaleza,0,0,73,,substitution,,True,,,L. Alves,A. Safira,,,,
brasileirao_serie_b_2026,2026-08-15,22,Juventude,Fortaleza,0,0,73,,substitution,,True,,,R. Ramos,Aderlan,,,,
brasileirao_serie_b_2026,2026-08-15,22,Juventude,Fortaleza,0,0,77,,card,Pierre,False,yellow,Foul,,,,,,
brasileirao_serie_b_2026,2026-08-15,22,Juventude,Fortaleza,0,0,82,,substitution,,False,,,Vitinho,Pierre,,,,
brasileirao_serie_b_2026,2026-08-15,22,Juventude,Fortaleza,0,0,82,,substitution,,False,,,L. Crispim,Welliton,,,,
brasileirao_serie_b_2026,2026-08-15,22,Juventude,Fortaleza,0,0,90,,period,,,,,,,FT,,0,0
brasileirao_serie_b_2026,2026-08-15,22,Juventude,Fortaleza,0,0,90,2,substitution,,False,,,Neris,M. Lima,,,,
brasileirao_serie_b_2026,2026-08-15,22,Juventude,Fortaleza,0,0,90,,injuryTime,,,,,,,,5,,
brasileirao_serie_b_2026,2026-08-16,22,América Mineiro,Athletic Club,1,3,45,,period,,,,,,,HT,,0,1
brasileirao_serie_b_2026,2026-08-16,22,América Mineiro,Athletic Club,1,3,45,,goal,K. Rodrigues,False,,,,,,,0,1
brasileirao_serie_b_2026,2026-08-16,22,América Mineiro,Athletic Club,1,3,45,,injuryTime,,,,,,,,3,,
brasileirao_serie_b_2026,2026-08-16,22,América Mineiro,Athletic Club,1,3,52,,goal,L. Sosa,False,,,,,,,0,2
brasileirao_serie_b_2026,2026-08-16,22,América Mineiro,Athletic Club,1,3,56,,card,Enzo,False,yellow,Foul,,,,,,
brasileirao_serie_b_2026,2026-08-16,22,América Mineiro,Athletic Club,1,3,57,,substitution,,True,,,Barreto,F. Amaral,,,,
brasileirao_serie_b_2026,2026-08-16,22,América Mineiro,Athletic Club,1,3,57,,substitution,,True,,,J. R. Jiménez,Y. Souza,,,,
brasileirao_serie_b_2026,2026-08-16,22,América Mineiro,Athletic Club,1,3,58,,card,Douglas,False,yellow,Unallowed field entering,,,,,,
brasileirao_serie_b_2026,2026-08-16,22,América Mineiro,Athletic Club,1,3,58,,substitution,,False,,,Douglas,Zeca,,,,
brasileirao_serie_b_2026,2026-08-16,22,América Mineiro,Athletic Club,1,3,66,,goal,Carlinhos,False,,,,,,,0,3
brasileirao_serie_b_2026,2026-08-16,22,América Mineiro,Athletic Club,1,3,68,,substitution,,True,,,G. Mastriani,W. Bigode,,,,
brasileirao_serie_b_2026,2026-08-16,22,América Mineiro,Athletic Club,1,3,69,,substitution,,True,,,I. Charbaje,R. Piñeiro,,,,
brasileirao_serie_b_2026,2026-08-16,22,América Mineiro,Athletic Club,1,3,73,,substitution,,False,,,Gustavinho,Carlinhos,,,,
brasileirao_serie_b_2026,2026-08-16,22,América Mineiro,Athletic Club,1,3,73,,substitution,,False,,,Y. Santos,Jota,,,,
brasileirao_serie_b_2026,2026-08-16,22,América Mineiro,Athletic Club,1,3,73,,substitution,,False,,,M. Henrique,Enzo,,,,
brasileirao_serie_b_2026,2026-08-16,22,América Mineiro,Athletic Club,1,3,78,,card,Barreto,True,yellow,Foul,,,,,,
brasileirao_serie_b_2026,2026-08-16,22,América Mineiro,Athletic Club,1,3,79,,substitution,,False,,,Assis,Max,,,,
brasileirao_serie_b_2026,2026-08-16,22,América Mineiro,Athletic Club,1,3,84,,substitution,,True,,,Fábio,A. Silva,,,,
brasileirao_serie_b_2026,2026-08-16,22,América Mineiro,Athletic Club,1,3,86,,goal,G. Mastriani,True,,,,,,,1,3
brasileirao_serie_b_2026,2026-08-16,22,América Mineiro,Athletic Club,1,3,90,,period,,,,,,,FT,,1,3
brasileirao_serie_b_2026,2026-08-16,22,América Mineiro,Athletic Club,1,3,90,,injuryTime,,,,,,,,4,,
brasileirao_serie_b_2026,2026-08-16,22,Clube De Regatas Brasil,Grêmio Novorizontino,0,0,12,,card,L. Lovat,True,yellow,Foul,,,,,,
brasileirao_serie_b_2026,2026-08-16,22,Clube De Regatas Brasil,Grêmio Novorizontino,0,0,39,,card,Rômulo,False,yellow,Foul,,,,,,
brasileirao_serie_b_2026,2026-08-16,22,Clube De Regatas Brasil,Grêmio Novorizontino,0,0,45,,period,,,,,,,HT,,0,0
brasileirao_serie_b_2026,2026-08-16,22,Clube De Regatas Brasil,Grêmio Novorizontino,0,0,45,3,card,Bressan,True,yellow,Foul,,,,,,
brasileirao_serie_b_2026,2026-08-16,22,Clube De Regatas Brasil,Grêmio Novorizontino,0,0,45,,injuryTime,,,,,,,,5,,
brasileirao_serie_b_2026,2026-08-16,22,Clube De Regatas Brasil,Grêmio Novorizontino,0,0,53,,card,Sander,False,yellow,Foul,,,,,,
brasileirao_serie_b_2026,2026-08-16,22,Clube De Regatas Brasil,Grêmio Novorizontino,0,0,61,,substitution,,False,,,D. Galo,M. Jesus,,,,
brasileirao_serie_b_2026,2026-08-16,22,Clube De Regatas Brasil,Grêmio Novorizontino,0,0,61,,substitution,,False,,,Juninho,Rômulo,,,,
brasileirao_serie_b_2026,2026-08-16,22,Clube De Regatas Brasil,Grêmio Novorizontino,0,0,66,,substitution,,True,,,D. Hereda,Kevin,,,,
brasileirao_serie_b_2026,2026-08-16,22,Clube De Regatas Brasil,Grêmio Novorizontino,0,0,66,,substitution,,True,,,Reverson,L. Lovat,,,,
brasileirao_serie_b_2026,2026-08-16,22,Clube De Regatas Brasil,Grêmio Novorizontino,0,0,72,,substitution,,False,,,M. Bianqui,Reidiney,,,,
brasileirao_serie_b_2026,2026-08-16,22,Clube De Regatas Brasil,Grêmio Novorizontino,0,0,77,,substitution,,True,,,P. De Lucca,P. Castro,,,,
brasileirao_serie_b_2026,2026-08-16,22,Clube De Regatas Brasil,Grêmio Novorizontino,0,0,77,,substitution,,True,,,Estêvão,Danielzinho,,,,
brasileirao_serie_b_2026,2026-08-16,22,Clube De Regatas Brasil,Grêmio Novorizontino,0,0,85,,substitution,,False,,,N. Careca,L. Naldi,,,,
brasileirao_serie_b_2026,2026-08-16,22,Clube De Regatas Brasil,Grêmio Novorizontino,0,0,85,,substitution,,False,,,Carlão,Robson,,,,
brasileirao_serie_b_2026,2026-08-16,22,Clube De Regatas Brasil,Grêmio Novorizontino,0,0,86,,substitution,,True,,,Guilherme Pato,D. Belmonte,,,,
brasileirao_serie_b_2026,2026-08-16,22,Clube De Regatas Brasil,Grêmio Novorizontino,0,0,90,,period,,,,,,,FT,,0,0
brasileirao_serie_b_2026,2026-08-16,22,Clube De Regatas Brasil,Grêmio Novorizontino,0,0,90,,injuryTime,,,,,,,,5,,
brasileirao_serie_b_2026,2026-08-16,22,Operário-PR,Avaí,1,2,11,,card,F. Vizeu,False,yellow,Foul,,,,,,
brasileirao_serie_b_2026,2026-08-16,22,Operário-PR,Avaí,1,2,26,,card,P. Vitor,False,yellow,Foul,,,,,,
brasileirao_serie_b_2026,2026-08-16,22,Operário-PR,Avaí,1,2,45,,period,,,,,,,HT,,0,0
brasileirao_serie_b_2026,2026-08-16,22,Operário-PR,Avaí,1,2,45,2,card,Joseph,True,yellow,Foul,,,,,,
brasileirao_serie_b_2026,2026-08-16,22,Operário-PR,Avaí,1,2,45,,injuryTime,,,,,,,,2,,
brasileirao_serie_b_2026,2026-08-16,22,Operário-PR,Avaí,1,2,49,,substitution,,True,,,Maguinho,Mikael,,,,
brasileirao_serie_b_2026,2026-08-16,22,Operário-PR,Avaí,1,2,63,,substitution,,True,,,Vinicius Mingotti,G. Feliciano,,,,
brasileirao_serie_b_2026,2026-08-16,22,Operário-PR,Avaí,1,2,63,,substitution,,True,,,Maxwell,Aylon,,,,
brasileirao_serie_b_2026,2026-08-16,22,Operário-PR,Avaí,1,2,70,,substitution,,False,,,I. Pereira,Léo Chú,,,,
brasileirao_serie_b_2026,2026-08-16,22,Operário-PR,Avaí,1,2,70,,substitution,,False,,,Wallison,J. Vitor,,,,
brasileirao_serie_b_2026,2026-08-16,22,Operário-PR,Avaí,1,2,71,,substitution,,False,,,G. Cipriano,T. Roberth,,,,
brasileirao_serie_b_2026,2026-08-16,22,Operário-PR,Avaí,1,2,74,,substitution,,True,,,N. Paraíba,Pablo,,,,
brasileirao_serie_b_2026,2026-08-16,22,Operário-PR,Avaí,1,2,74,,substitution,,True,,,Á. Torres,M. Trindade,,,,
brasileirao_serie_b_2026,2026-08-16,22,Operário-PR,Avaí,1,2,75,,substitution,,False,,,Z. Ricardo,P. Vitor,,,,
brasileirao_serie_b_2026,2026-08-16,22,Operário-PR,Avaí,1,2,81,,substitution,,False,,,J. Lucas,F. Vizeu,,,,
brasileirao_serie_b_2026,2026-08-16,22,Operário-PR,Avaí,1,2,90,,period,,,,,,,FT,,1,2
brasileirao_serie_b_2026,2026-08-16,22,Operário-PR,Avaí,1,2,90,10,card,Wallison,False,yellow,,,,,,,
brasileirao_serie_b_2026,2026-08-16,22,Operário-PR,Avaí,1,2,90,8,goal,Wallison,False,,,,,,,1,2
brasileirao_serie_b_2026,2026-08-16,22,Operário-PR,Avaí,1,2,90,7,varDecision,J. Maciel,False,,,,,,,,
brasileirao_serie_b_2026,2026-08-16,22,Operário-PR,Avaí,1,2,90,6,goal,J. Maciel,False,,,,,,,1,1
brasileirao_serie_b_2026,2026-08-16,22,Operário-PR,Avaí,1,2,90,1,goal,Vinicius Mingotti,True,,,,,,,1,0
brasileirao_serie_b_2026,2026-08-16,22,Operário-PR,Avaí,1,2,90,,injuryTime,,,,,,,,6,,
brasileirao_serie_b_2026,2026-08-18,23,Londrina,Atlético Goianiense,0,0,45,,period,,,,,,,HT,,0,0
brasileirao_serie_b_2026,2026-08-18,23,Londrina,Atlético Goianiense,0,0,45,,injuryTime,,,,,,,,2,,
brasileirao_serie_b_2026,2026-08-18,23,Londrina,Atlético Goianiense,0,0,46,,substitution,,False,,,H. Freitas,Peixoto,,,,
brasileirao_serie_b_2026,2026-08-18,23,Londrina,Atlético Goianiense,0,0,46,,substitution,,False,,,Netinho,Cristiano,,,,
brasileirao_serie_b_2026,2026-08-18,23,Londrina,Atlético Goianiense,0,0,59,,substitution,,False,,,Matheusinho,G. Maia,,,,
brasileirao_serie_b_2026,2026-08-18,23,Londrina,Atlético Goianiense,0,0,61,,substitution,,True,,,Gilberto,William Pottker,,,,
brasileirao_serie_b_2026,2026-08-18,23,Londrina,Atlético Goianiense,0,0,61,,substitution,,True,,,Kevyn,Heron,,,,
brasileirao_serie_b_2026,2026-08-18,23,Londrina,Atlético Goianiense,0,0,73,,substitution,,True,,,P. Dyego,P. Moccelin,,,,
brasileirao_serie_b_2026,2026-08-18,23,Londrina,Atlético Goianiense,0,0,75,,substitution,,False,,,J. P. Silva,Gustavo Coutinho,,,,
brasileirao_serie_b_2026,2026-08-18,23,Londrina,Atlético Goianiense,0,0,78,,substitution,,False,,,B. José,Marrony,,,,
brasileirao_serie_b_2026,2026-08-18,23,Londrina,Atlético Goianiense,0,0,83,,substitution,,True,,,Raí Nascimento,Vitinho,,,,
brasileirao_serie_b_2026,2026-08-18,23,Londrina,Atlético Goianiense,0,0,84,,card,Gilberto,True,yellow,Argument,,,,,,
brasileirao_serie_b_2026,2026-08-18,23,Londrina,Atlético Goianiense,0,0,84,,substitution,,True,,,G. Portuga,J. Vitor,,,,
brasileirao_serie_b_2026,2026-08-18,23,Londrina,Atlético Goianiense,0,0,90,,period,,,,,,,FT,,0,0
brasileirao_serie_b_2026,2026-08-18,23,Londrina,Atlético Goianiense,0,0,90,3,card,Matheusinho,False,yellow,Foul,,,,,,
brasileirao_serie_b_2026,2026-08-18,23,Londrina,Atlético Goianiense,0,0,90,,injuryTime,,,,,,,,4,,
brasileirao_serie_b_2026,2026-08-19,23,Avaí,Sport Recife,2,1,43,,substitution,,False,,,E. Lucas,Felipinho,,,,
brasileirao_serie_b_2026,2026-08-19,23,Avaí,Sport Recife,2,1,45,,period,,,,,,,HT,,0,0
brasileirao_serie_b_2026,2026-08-19,23,Avaí,Sport Recife,2,1,45,,injuryTime,,,,,,,,5,,
brasileirao_serie_b_2026,2026-08-19,23,Avaí,Sport Recife,2,1,46,,card,P. Vitor,True,yellow,Foul,,,,,,
brasileirao_serie_b_2026,2026-08-19,23,Avaí,Sport Recife,2,1,46,,substitution,,True,,,J. Lucas,Léo Chú,,,,
brasileirao_serie_b_2026,2026-08-19,23,Avaí,Sport Recife,2,1,66,,goal,Diego Hernández,False,,,,,,,0,1
brasileirao_serie_b_2026,2026-08-19,23,Avaí,Sport Recife,2,1,67,,substitution,,False,,,J. Alano,Marlon,,,,
brasileirao_serie_b_2026,2026-08-19,23,Avaí,Sport Recife,2,1,68,,substitution,,True,,,G. Cipriano,P. Vitor,,,,
brasileirao_serie_b_2026,2026-08-19,23,Avaí,Sport Recife,2,1,69,,substitution,,True,,,Del Piage,Allyson,,,,
brasileirao_serie_b_2026,2026-08-19,23,Avaí,Sport Recife,2,1,73,,goal,Del Piage,True,,,,,,,1,1
brasileirao_serie_b_2026,2026-08-19,23,Avaí,Sport Recife,2,1,83,,substitution,,False,,,Claudinho,A. Pucci,,,,
brasileirao_serie_b_2026,2026-08-19,23,Avaí,Sport Recife,2,1,83,,substitution,,False,,,Z. Roberto,Perotti,,,,
brasileirao_serie_b_2026,2026-08-19,23,Avaí,Sport Recife,2,1,84,,substitution,,False,,,Dudu,Clayson,,,,
brasileirao_serie_b_2026,2026-08-19,23,Avaí,Sport Recife,2,1,88,,substitution,,True,,,D. Teixeira,W. Fernando,,,,
brasileirao_serie_b_2026,2026-08-19,23,Avaí,Sport Recife,2,1,88,,substitution,,True,,,L. Gamalho,F. Vizeu,,,,
brasileirao_serie_b_2026,2026-08-19,23,Avaí,Sport Recife,2,1,90,,period,,,,,,,FT,,2,1
brasileirao_serie_b_2026,2026-08-19,23,Avaí,Sport Recife,2,1,90,3,card,Claudinho,False,yellow,Simulation,,,,,,
brasileirao_serie_b_2026,2026-08-19,23,Avaí,Sport Recife,2,1,90,,goal,L. Gamalho,True,,,,,,,2,1
brasileirao_serie_b_2026,2026-08-19,23,Avaí,Sport Recife,2,1,90,,injuryTime,,,,,,,,6,,
brasileirao_serie_b_2026,2026-08-19,23,Cuiabá,Operário-PR,1,0,13,,substitution,,False,,,Elias,Vágner,,,,
brasileirao_serie_b_2026,2026-08-19,23,Cuiabá,Operário-PR,1,0,19,,card,G. Boschilia,False,yellow,Foul,,,,,,
brasileirao_serie_b_2026,2026-08-19,23,Cuiabá,Operário-PR,1,0,27,,card,Pepê,True,yellow,Foul,,,,,,
brasileirao_serie_b_2026,2026-08-19,23,Cuiabá,Operário-PR,1,0,45,,period,,,,,,,HT,,0,0
brasileirao_serie_b_2026,2026-08-19,23,Cuiabá,Operário-PR,1,0,45,,injuryTime,,,,,,,,6,,
brasileirao_serie_b_2026,2026-08-19,23,Cuiabá,Operário-PR,1,0,46,,substitution,,True,,,K. Cristtyan,Eliel,,,,
brasileirao_serie_b_2026,2026-08-19,23,Cuiabá,Operário-PR,1,0,51,,card,Raul,True,yellow,Foul,,,,,,
brasileirao_serie_b_2026,2026-08-19,23,Cuiabá,Operário-PR,1,0,61,,substitution,,True,,,Wesley,D. M. d. S. Arcanjo,,,,
brasileirao_serie_b_2026,2026-08-19,23,Cuiabá,Operário-PR,1,0,61,,substitution,,True,,,Fábio Gomes,P. Henrique,,,,
brasileirao_serie_b_2026,2026-08-19,23,Cuiabá,Operário-PR,1,0,61,,substitution,,True,,,R. Rodrigues,J. Dias,,,,
brasileirao_serie_b_2026,2026-08-19,23,Cuiabá,Operário-PR,1,0,66,,card,K. Cristtyan,True,yellow,Foul,,,,,,
brasileirao_serie_b_2026,2026-08-19,23,Cuiabá,Operário-PR,1,0,66,,card,Vágner,False,yellow,Argument,,,,,,
brasileirao_serie_b_2026,2026-08-19,23,Cuiabá,Operário-PR,1,0,67,,substitution,,False,,,Á. Torres,Moraes Júnior,,,,
brasileirao_serie_b_2026,2026-08-19,23,Cuiabá,Operário-PR,1,0,67,,substitution,,False,,,Vinicius Mingotti,Pablo,,,,
brasileirao_serie_b_2026,2026-08-19,23,Cuiabá,Operário-PR,1,0,74,,goal,Wesley,True,,,,,,,1,0
brasileirao_serie_b_2026,2026-08-19,23,Cuiabá,Operário-PR,1,0,79,,substitution,,True,,,Luisão,Pepê,,,,
brasileirao_serie_b_2026,2026-08-19,23,Cuiabá,Operário-PR,1,0,82,,substitution,,False,,,P. Vilhena,V. D. D. Antonia,,,,
brasileirao_serie_b_2026,2026-08-19,23,Cuiabá,Operário-PR,1,0,82,,substitution,,False,,,Maxwell,H. Pereira,,,,
brasileirao_serie_b_2026,2026-08-19,23,Cuiabá,Operário-PR,1,0,90,,period,,,,,,,FT,,1,0
brasileirao_serie_b_2026,2026-08-19,23,Cuiabá,Operário-PR,1,0,90,,injuryTime,,,,,,,,6,,
brasileirao_serie_b_2026,2026-08-19,23,Fortaleza,São Bernardo,1,1,32,,goal,L. Sasha,True,,,,,,,1,0
brasileirao_serie_b_2026,2026-08-19,23,Fortaleza,São Bernardo,1,1,43,,goal,Pedrinho,False,,,,,,,1,1
brasileirao_serie_b_2026,2026-08-19,23,Fortaleza,São Bernardo,1,1,45,,period,,,,,,,HT,,1,1
brasileirao_serie_b_2026,2026-08-19,23,Fortaleza,São Bernardo,1,1,45,,injuryTime,,,,,,,,6,,
brasileirao_serie_b_2026,2026-08-19,23,Fortaleza,São Bernardo,1,1,59,,substitution,,False,,,P. Vitor,Hyoran,,,,
brasileirao_serie_b_2026,2026-08-19,23,Fortaleza,São Bernardo,1,1,59,,substitution,,False,,,Hugo,Pará,,,,
brasileirao_serie_b_2026,2026-08-19,23,Fortaleza,São Bernardo,1,1,63,,substitution,,True,,,R. Santos,Vitinho,,,,
brasileirao_serie_b_2026,2026-08-19,23,Fortaleza,São Bernardo,1,1,64,,substitution,,False,,,L. Lima,D. Miraíma,,,,
brasileirao_serie_b_2026,2026-08-19,23,Fortaleza,São Bernardo,1,1,64,,substitution,,True,,,Luiz Fernando,M. Lima,,,,
brasileirao_serie_b_2026,2026-08-19,23,Fortaleza,São Bernardo,1,1,64,,substitution,,True,,,L. Crispim,P. Henrique,,,,
brasileirao_serie_b_2026,2026-08-19,23,Fortaleza,São Bernardo,1,1,68,,card,Pierre,True,yellow,Foul,,,,,,
brasileirao_serie_b_2026,2026-08-19,23,Fortaleza,São Bernardo,1,1,75,,substitution,,True,,,Welliton,J. Miritello,,,,
brasileirao_serie_b_2026,2026-08-19,23,Fortaleza,São Bernardo,1,1,81,,substitution,,True,,,Ryan,Pierre,,,,
brasileirao_serie_b_2026,2026-08-19,23,Fortaleza,São Bernardo,1,1,81,,substitution,,False,,,L. Jabá,F. Garcia,,,,
brasileirao_serie_b_2026,2026-08-19,23,Fortaleza,São Bernardo,1,1,81,,substitution,,False,,,D. Amorim,Pedrinho,,,,
brasileirao_serie_b_2026,2026-08-19,23,Fortaleza,São Bernardo,1,1,90,,period,,,,,,,FT,,1,1
brasileirao_serie_b_2026,2026-08-19,23,Fortaleza,São Bernardo,1,1,90,,injuryTime,,,,,,,,5,,
brasileirao_serie_b_2026,2026-08-19,23,Goiás,Juventude,0,1,13,,card,Aderlan,False,yellow,Foul,,,,,,
brasileirao_serie_b_2026,2026-08-19,23,Goiás,Juventude,0,1,45,,period,,,,,,,HT,,0,0
brasileirao_serie_b_2026,2026-08-19,23,Goiás,Juventude,0,1,45,,injuryTime,,,,,,,,3,,
brasileirao_serie_b_2026,2026-08-19,23,Goiás,Juventude,0,1,45,,card,L. Fellipe,True,yellow,Argument,,,,,,
brasileirao_serie_b_2026,2026-08-19,23,Goiás,Juventude,0,1,46,,substitution,,True,,,L. Lima,Cadu,,,,
brasileirao_serie_b_2026,2026-08-19,23,Goiás,Juventude,0,1,46,,substitution,,True,,,M. Vinícius,R. Soares,,,,
brasileirao_serie_b_2026,2026-08-19,23,Goiás,Juventude,0,1,58,,substitution,,False,,,Alan Kardec,A. Safira,,,,
brasileirao_serie_b_2026,2026-08-19,23,Goiás,Juventude,0,1,58,,substitution,,False,,,F. Lima,M. Paulo,,,,
brasileirao_serie_b_2026,2026-08-19,23,Goiás,Juventude,0,1,58,,substitution,,False,,,Pablo,L. Amarilla,,,,
brasileirao_serie_b_2026,2026-08-19,23,Goiás,Juventude,0,1,60,,substitution,,True,,,W. Rato,Gegê,,,,
brasileirao_serie_b_2026,2026-08-19,23,Goiás,Juventude,0,1,65,,substitution,,False,,,G. Pires,L. M. Gonçalves,,,,
brasileirao_serie_b_2026,2026-08-19,23,Goiás,Juventude,0,1,70,,substitution,,True,,,E. García,Kadu,,,,
brasileirao_serie_b_2026,2026-08-19,23,Goiás,Juventude,0,1,70,,substitution,,True,,,Djalma,Nicolas,,,,
brasileirao_serie_b_2026,2026-08-19,23,Goiás,Juventude,0,1,79,,substitution,,False,,,L. Alves,Raí,,,,
brasileirao_serie_b_2026,2026-08-19,23,Goiás,Juventude,0,1,88,,goal,F. Lima,False,,,,,,,0,1
brasileirao_serie_b_2026,2026-08-19,23,Goiás,Juventude,0,1,90,,period,,,,,,,FT,,0,1
brasileirao_serie_b_2026,2026-08-19,23,Goiás,Juventude,0,1,90,,injuryTime,,,,,,,,5,,
brasileirao_serie_b_2026,2026-08-19,23,Náutico,Ceará,1,0,38,,varDecision,Derek,True,,,,,,,,
brasileirao_serie_b_2026,2026-08-19,23,Náutico,Ceará,1,0,45,,period,,,,,,,HT,,1,0
brasileirao_serie_b_2026,2026-08-19,23,Náutico,Ceará,1,0,45,9,goal,L. Índio,True,,,,,,,1,0
brasileirao_serie_b_2026,2026-08-19,23,Náutico,Ceará,1,0,45,2,card,K. Maranhão,True,yellow,Foul,,,,,,
brasileirao_serie_b_2026,2026-08-19,23,Náutico,Ceará,1,0,45,,injuryTime,,,,,,,,4,,
brasileirao_serie_b_2026,2026-08-19,23,Náutico,Ceará,1,0,46,,substitution,,False,,,Giulio,Rafael Ramos,,,,
brasileirao_serie_b_2026,2026-08-19,23,Náutico,Ceará,1,0,46,,substitution,,False,,,L. Mugni,L. Holanda,,,,
brasileirao_serie_b_2026,2026-08-19,23,Náutico,Ceará,1,0,46,,substitution,,False,,,Matheus Nogueira,Richard,,,,
brasileirao_serie_b_2026,2026-08-19,23,Náutico,Ceará,1,0,62,,substitution,,False,,,M. Araújo,Melk,,,,
brasileirao_serie_b_2026,2026-08-19,23,Náutico,Ceará,1,0,66,,substitution,,True,,,Vinícius,B. Borasi,,,,
brasileirao_serie_b_2026,2026-08-19,23,Náutico,Ceará,1,0,66,,substitution,,True,,,Wanderson,Ryan,,,,
brasileirao_serie_b_2026,2026-08-19,23,Náutico,Ceará,1,0,68,,card,Reginaldo,True,yellow,Foul,,,,,,
brasileirao_serie_b_2026,2026-08-19,23,Náutico,Ceará,1,0,71,,substitution,,True,,,V. Andrade,Derek,,,,
brasileirao_serie_b_2026,2026-08-19,23,Náutico,Ceará,1,0,71,,substitution,,True,,,Auremir,Samuel,,,,
brasileirao_serie_b_2026,2026-08-19,23,Náutico,Ceará,1,0,71,,substitution,,True,,,Caio,Wenderson,,,,
brasileirao_serie_b_2026,2026-08-19,23,Náutico,Ceará,1,0,79,,card,Caio,True,yellow,Foul,,,,,,
brasileirao_serie_b_2026,2026-08-19,23,Náutico,Ceará,1,0,80,,card,M. Araújo,False,yellow,Foul,,,,,,
brasileirao_serie_b_2026,2026-08-19,23,Náutico,Ceará,1,0,83,,substitution,,False,,,A. B. d. A. Neto,Júlio César,,,,
brasileirao_serie_b_2026,2026-08-19,23,Náutico,Ceará,1,0,84,,card,D. Paulista,False,yellow,Argument,,,,,,
brasileirao_serie_b_2026,2026-08-19,23,Náutico,Ceará,1,0,85,,card,Wanderson,True,yellow,Foul,,,,,,
brasileirao_serie_b_2026,2026-08-19,23,Náutico,Ceará,1,0,87,,card,J. Carlos,True,yellow,Foul,,,,,,
brasileirao_serie_b_2026,2026-08-19,23,Náutico,Ceará,1,0,90,,period,,,,,,,FT,,1,0
brasileirao_serie_b_2026,2026-08-19,23,Náutico,Ceará,1,0,90,2,card,V. Andrade,True,yellow,Foul,,,,,,
brasileirao_serie_b_2026,2026-08-19,23,Náutico,Ceará,1,0,90,,injuryTime,,,,,,,,6,,
brasileirao_serie_b_2026,2026-08-19,23,Vila Nova FC,Ponte Preta,6,0,13,,goal,A. Luís,True,,,,,,,2,0
brasileirao_serie_b_2026,2026-08-19,23,Vila Nova FC,Ponte Preta,6,0,19,,substitution,,False,,,Juan,Elvis,,,,
brasileirao_serie_b_2026,2026-08-19,23,Vila Nova FC,Ponte Preta,6,0,40,,goal,Marquinhos Gabriel,True,,,,,,,3,0
brasileirao_serie_b_2026,2026-08-19,23,Vila Nova FC,Ponte Preta,6,0,45,,period,,,,,,,HT,,3,0
brasileirao_serie_b_2026,2026-08-19,23,Vila Nova FC,Ponte Preta,6,0,45,,injuryTime,,,,,,,,4,,
brasileirao_serie_b_2026,2026-08-19,23,Vila Nova FC,Ponte Preta,6,0,46,,substitution,,False,,,G. Telles,Baianinho,,,,
brasileirao_serie_b_2026,2026-08-19,23,Vila Nova FC,Ponte Preta,6,0,46,,substitution,,True,,,I. Cariús,Higor,,,,
brasileirao_serie_b_2026,2026-08-19,23,Vila Nova FC,Ponte Preta,6,0,46,,substitution,,True,,,Everton Galdino,Dellatorre,,,,
brasileirao_serie_b_2026,2026-08-19,23,Vila Nova FC,Ponte Preta,6,0,64,,goal,D. D. Santos,True,,,,,,,4,0
brasileirao_serie_b_2026,2026-08-19,23,Vila Nova FC,Ponte Preta,6,0,66,,substitution,,True,,,Dodô,Marquinhos Gabriel,,,,
brasileirao_serie_b_2026,2026-08-19,23,Vila Nova FC,Ponte Preta,6,0,66,,substitution,,True,,,R. Lima,A. Luís,,,,
brasileirao_serie_b_2026,2026-08-19,23,Vila Nova FC,Ponte Preta,6,0,66,,goal,Everton Galdino,True,,,,,,,5,0
brasileirao_serie_b_2026,2026-08-19,23,Vila Nova FC,Ponte Preta,6,0,72,,substitution,,False,,,Miguel,David,,,,
brasileirao_serie_b_2026,2026-08-19,23,Vila Nova FC,Ponte Preta,6,0,72,,substitution,,True,,,W. Formiga,T. Pagnussat,,,,
brasileirao_serie_b_2026,2026-08-19,23,Vila Nova FC,Ponte Preta,6,0,72,,substitution,,False,,,D. Leão,Léo Gomes,,,,
brasileirao_serie_b_2026,2026-08-19,23,Vila Nova FC,Ponte Preta,6,0,73,,card,Juan,False,yellow,Foul,,,,,,
brasileirao_serie_b_2026,2026-08-19,23,Vila Nova FC,Ponte Preta,6,0,79,,card,S. Palacios,False,yellow,Persistent fouling,,,,,,
brasileirao_serie_b_2026,2026-08-19,23,Vila Nova FC,Ponte Preta,6,0,80,,goal,W. Formiga,True,,,,,,,6,0
brasileirao_serie_b_2026,2026-08-19,23,Vila Nova FC,Ponte Preta,6,0,84,,substitution,,False,,,J. Damião,Brandão,,,,
brasileirao_serie_b_2026,2026-08-19,23,Vila Nova FC,Ponte Preta,6,0,9,,goal,Janderson,True,,,,,,,1,0
brasileirao_serie_b_2026,2026-08-19,23,Vila Nova FC,Ponte Preta,6,0,90,,period,,,,,,,FT,,6,0
brasileirao_serie_b_2026,2026-08-19,23,Vila Nova FC,Ponte Preta,6,0,90,4,card,Miguel,False,yellow,Foul,,,,,,
brasileirao_serie_b_2026,2026-08-19,23,Vila Nova FC,Ponte Preta,6,0,90,,injuryTime,,,,,,,,4,,
brasileirao_serie_b_2026,2026-08-20,23,Athletic Club,Clube De Regatas Brasil,0,2,33,,goal,D. Belmonte,False,,,,,,,0,1
brasileirao_serie_b_2026,2026-08-20,23,Athletic Club,Clube De Regatas Brasil,0,2,4,,substitution,,True,,,D. B. d. Souza,Zeca,,,,
brasileirao_serie_b_2026,2026-08-20,23,Athletic Club,Clube De Regatas Brasil,0,2,45,,period,,,,,,,HT,,0,1
brasileirao_serie_b_2026,2026-08-20,23,Athletic Club,Clube De Regatas Brasil,0,2,45,,injuryTime,,,,,,,,3,,
brasileirao_serie_b_2026,2026-08-20,23,Athletic Club,Clube De Regatas Brasil,0,2,46,,substitution,,True,,,Y. Santos,J. P. Torres,,,,
brasileirao_serie_b_2026,2026-08-20,23,Athletic Club,Clube De Regatas Brasil,0,2,46,,substitution,,True,,,D. Vera,Jota,,,,
brasileirao_serie_b_2026,2026-08-20,23,Athletic Club,Clube De Regatas Brasil,0,2,46,,substitution,,True,,,W. Aponzá,Carlinhos,,,,
brasileirao_serie_b_2026,2026-08-20,23,Athletic Club,Clube De Regatas Brasil,0,2,56,,goal,Mikael,False,,,,,,,0,2
brasileirao_serie_b_2026,2026-08-20,23,Athletic Club,Clube De Regatas Brasil,0,2,63,,substitution,,False,,,P. De Lucca,Crystopher,,,,
brasileirao_serie_b_2026,2026-08-20,23,Athletic Club,Clube De Regatas Brasil,0,2,63,,substitution,,False,,,D. Hereda,Kevin,,,,
brasileirao_serie_b_2026,2026-08-20,23,Athletic Club,Clube De Regatas Brasil,0,2,64,,card,W. Aponzá,True,yellow,Argument,,,,,,
brasileirao_serie_b_2026,2026-08-20,23,Athletic Club,Clube De Regatas Brasil,0,2,69,,card,Thiaguinho,False,yellow,Foul,,,,,,
brasileirao_serie_b_2026,2026-08-20,23,Athletic Club,Clube De Regatas Brasil,0,2,73,,substitution,,True,,,G. Cabezas,Jhonathan,,,,
brasileirao_serie_b_2026,2026-08-20,23,Athletic Club,Clube De Regatas Brasil,0,2,74,,substitution,,False,,,Geovane,Thiaguinho,,,,
brasileirao_serie_b_2026,2026-08-20,23,Athletic Club,Clube De Regatas Brasil,0,2,77,,substitution,,False,,,V. Barata,P. De Lucca,,,,
brasileirao_serie_b_2026,2026-08-20,23,Athletic Club,Clube De Regatas Brasil,0,2,79,,substitution,,False,,,F. Alemão,Danielzinho,,,,
brasileirao_serie_b_2026,2026-08-20,23,Athletic Club,Clube De Regatas Brasil,0,2,90,,period,,,,,,,FT,,0,2
brasileirao_serie_b_2026,2026-08-20,23,Athletic Club,Clube De Regatas Brasil,0,2,90,,card,Max,True,yellow,Off the ball foul,,,,,,
brasileirao_serie_b_2026,2026-08-20,23,Athletic Club,Clube De Regatas Brasil,0,2,90,,injuryTime,,,,,,,,3,,
brasileirao_serie_b_2026,2026-08-20,23,Botafogo-SP,Criciúma,1,1,24,,card,B. Alves,False,yellow,Foul,,,,,,
brasileirao_serie_b_2026,2026-08-20,23,Botafogo-SP,Criciúma,1,1,33,,card,J. Robert,False,yellow,Argument,,,,,,
brasileirao_serie_b_2026,2026-08-20,23,Botafogo-SP,Criciúma,1,1,45,,period,,,,,,,HT,,0,0
brasileirao_serie_b_2026,2026-08-20,23,Botafogo-SP,Criciúma,1,1,45,1,card,Waguininho,False,yellow,Simulation,,,,,,
brasileirao_serie_b_2026,2026-08-20,23,Botafogo-SP,Criciúma,1,1,45,,injuryTime,,,,,,,,1,,
brasileirao_serie_b_2026,2026-08-20,23,Botafogo-SP,Criciúma,1,1,60,,substitution,,False,,,Diego Gonçalves,J. Robert,,,,
brasileirao_serie_b_2026,2026-08-20,23,Botafogo-SP,Criciúma,1,1,60,,substitution,,False,,,Cauê,Nicolas,,,,
brasileirao_serie_b_2026,2026-08-20,23,Botafogo-SP,Criciúma,1,1,70,,goal,Waguininho,False,,,,,,,0,1
brasileirao_serie_b_2026,2026-08-20,23,Botafogo-SP,Criciúma,1,1,75,,substitution,,True,,,J. Nem,W. Pinheiro,,,,
brasileirao_serie_b_2026,2026-08-20,23,Botafogo-SP,Criciúma,1,1,75,,substitution,,True,,,Kelvin,M. Sales,,,,
brasileirao_serie_b_2026,2026-08-20,23,Botafogo-SP,Criciúma,1,1,75,,substitution,,True,,,Arthur Caíke,Hygor,,,,
brasileirao_serie_b_2026,2026-08-20,23,Botafogo-SP,Criciúma,1,1,82,,substitution,,False,,,Jean Irmer,Ronald,,,,
brasileirao_serie_b_2026,2026-08-20,23,Botafogo-SP,Criciúma,1,1,89,,substitution,,True,,,M. Antonio,Z. Hugo,,,,
brasileirao_serie_b_2026,2026-08-20,23,Botafogo-SP,Criciúma,1,1,89,,substitution,,True,,,L. Maciel,R. Gava,,,,
brasileirao_serie_b_2026,2026-08-20,23,Botafogo-SP,Criciúma,1,1,90,,period,,,,,,,FT,,1,1
brasileirao_serie_b_2026,2026-08-20,23,Botafogo-SP,Criciúma,1,1,90,6,goal,Vilar,True,,,,,,,1,1
brasileirao_serie_b_2026,2026-08-20,23,Botafogo-SP,Criciúma,1,1,90,1,substitution,,False,,,R. R. Carvalho,Waguininho,,,,
brasileirao_serie_b_2026,2026-08-20,23,Botafogo-SP,Criciúma,1,1,90,1,substitution,,False,,,T. R. S. Modesto,E. Biasi,,,,
brasileirao_serie_b_2026,2026-08-20,23,Botafogo-SP,Criciúma,1,1,90,,injuryTime,,,,,,,,5,,
brasileirao_serie_b_2026,2026-08-20,23,Grêmio Novorizontino,América Mineiro,3,0,17,,card,P. Victor,False,yellow,Foul,,,,,,
brasileirao_serie_b_2026,2026-08-20,23,Grêmio Novorizontino,América Mineiro,3,0,19,,card,Madson,True,yellow,Foul,,,,,,
brasileirao_serie_b_2026,2026-08-20,23,Grêmio Novorizontino,América Mineiro,3,0,23,,goal,Patrick,True,,,,,,,1,0
brasileirao_serie_b_2026,2026-08-20,23,Grêmio Novorizontino,América Mineiro,3,0,33,,card,Manoel,False,yellow,Foul,,,,,,
brasileirao_serie_b_2026,2026-08-20,23,Grêmio Novorizontino,América Mineiro,3,0,45,,period,,,,,,,HT,,1,0
brasileirao_serie_b_2026,2026-08-20,23,Grêmio Novorizontino,América Mineiro,3,0,45,,injuryTime,,,,,,,,3,,
brasileirao_serie_b_2026,2026-08-20,23,Grêmio Novorizontino,América Mineiro,3,0,46,,substitution,,False,,,J. R. Jiménez,Manoel,,,,
brasileirao_serie_b_2026,2026-08-20,23,Grêmio Novorizontino,América Mineiro,3,0,46,,substitution,,False,,,G. Parede,G. Mastriani,,,,
brasileirao_serie_b_2026,2026-08-20,23,Grêmio Novorizontino,América Mineiro,3,0,66,,substitution,,False,,,R. Piñeiro,Y. Souza,,,,
brasileirao_serie_b_2026,2026-08-20,23,Grêmio Novorizontino,América Mineiro,3,0,67,,substitution,,True,,,Vinicius Paiva,D. Mathias,,,,
brasileirao_serie_b_2026,2026-08-20,23,Grêmio Novorizontino,América Mineiro,3,0,67,,substitution,,True,,,Juninho,Reidiney,,,,
brasileirao_serie_b_2026,2026-08-20,23,Grêmio Novorizontino,América Mineiro,3,0,71,,card,Patrick,True,yellow,Foul,,,,,,
brasileirao_serie_b_2026,2026-08-20,23,Grêmio Novorizontino,América Mineiro,3,0,77,,substitution,,False,,,F. Elizari,W. Bigode,,,,
brasileirao_serie_b_2026,2026-08-20,23,Grêmio Novorizontino,América Mineiro,3,0,81,,goal,Robson,True,,,,,,,2,0
brasileirao_serie_b_2026,2026-08-20,23,Grêmio Novorizontino,América Mineiro,3,0,82,,substitution,,True,,,Carlão,Rômulo,,,,
brasileirao_serie_b_2026,2026-08-20,23,Grêmio Novorizontino,América Mineiro,3,0,82,,substitution,,True,,,N. Careca,Robson,,,,
brasileirao_serie_b_2026,2026-08-20,23,Grêmio Novorizontino,América Mineiro,3,0,84,,substitution,,False,,,F. Amaral,Barreto,,,,
brasileirao_serie_b_2026,2026-08-20,23,Grêmio Novorizontino,América Mineiro,3,0,86,,card,N. Careca,True,yellow,Argument,,,,,,
brasileirao_serie_b_2026,2026-08-20,23,Grêmio Novorizontino,América Mineiro,3,0,89,,substitution,,True,,,Marlon,L. Naldi,,,,
brasileirao_serie_b_2026,2026-08-20,23,Grêmio Novorizontino,América Mineiro,3,0,90,,period,,,,,,,FT,,3,0
brasileirao_serie_b_2026,2026-08-20,23,Grêmio Novorizontino,América Mineiro,3,0,90,1,goal,Carlão,True,,,,,,,3,0
brasileirao_serie_b_2026,2026-08-20,23,Grêmio Novorizontino,América Mineiro,3,0,90,,injuryTime,,,,,,,,4,,
brasileirao_serie_b_2026,2026-08-22,24,Ceará,Londrina,2,1,2,,varDecision,William Pottker,False,,,,,,,,
brasileirao_serie_b_2026,2026-08-22,24,Ceará,Londrina,2,1,32,,card,Y. Lincoln,False,yellow,Foul,,,,,,
brasileirao_serie_b_2026,2026-08-22,24,Ceará,Londrina,2,1,4,,goal,J. Vitor,False,,,,,,,0,1
brasileirao_serie_b_2026,2026-08-22,24,Ceará,Londrina,2,1,40,,goal,G. Rocha,True,,,,,,,1,1
brasileirao_serie_b_2026,2026-08-22,24,Ceará,Londrina,2,1,45,,period,,,,,,,HT,,1,1
brasileirao_serie_b_2026,2026-08-22,24,Ceará,Londrina,2,1,45,2,card,J. Tavares,False,yellow,Foul,,,,,,
brasileirao_serie_b_2026,2026-08-22,24,Ceará,Londrina,2,1,45,,injuryTime,,,,,,,,4,,
brasileirao_serie_b_2026,2026-08-22,24,Ceará,Londrina,2,1,46,,substitution,,False,,,G. Portuga,J. Tavares,,,,
brasileirao_serie_b_2026,2026-08-22,24,Ceará,Londrina,2,1,46,,substitution,,True,,,Sánchez,Sávio,,,,
brasileirao_serie_b_2026,2026-08-22,24,Ceará,Londrina,2,1,51,,substitution,,False,,,Raí Nascimento,Vitinho,,,,
brasileirao_serie_b_2026,2026-08-22,24,Ceará,Londrina,2,1,58,,substitution,,True,,,L. Mugni,Richardson,,,,
brasileirao_serie_b_2026,2026-08-22,24,Ceará,Londrina,2,1,58,,substitution,,True,,,R. López,L. Holanda,,,,
brasileirao_serie_b_2026,2026-08-22,24,Ceará,Londrina,2,1,62,,goal,L. Otávio,True,,,,,,,2,1
brasileirao_serie_b_2026,2026-08-22,24,Ceará,Londrina,2,1,67,,card,L. Mugni,True,yellow,Foul,,,,,,
brasileirao_serie_b_2026,2026-08-22,24,Ceará,Londrina,2,1,68,,substitution,,False,,,Gilberto,P. Dyego,,,,
brasileirao_serie_b_2026,2026-08-22,24,Ceará,Londrina,2,1,68,,substitution,,False,,,Kevyn,Heron,,,,
brasileirao_serie_b_2026,2026-08-22,24,Ceará,Londrina,2,1,79,,substitution,,True,,,L. Otávio,Júlio César,,,,
brasileirao_serie_b_2026,2026-08-22,24,Ceará,Londrina,2,1,83,,substitution,,False,,,W. Chumbinho,J. Vitor,,,,
brasileirao_serie_b_2026,2026-08-22,24,Ceará,Londrina,2,1,86,,substitution,,True,,,J. W. Neto,Melk,,,,
brasileirao_serie_b_2026,2026-08-22,24,Ceará,Londrina,2,1,90,,period,,,,,,,FT,,2,1
brasileirao_serie_b_2026,2026-08-22,24,Ceará,Londrina,2,1,90,,injuryTime,,,,,,,,3,,
brasileirao_serie_b_2026,2026-08-22,24,Cuiabá,Goiás,1,1,17,,card,L. Ribeiro,False,yellow,Foul,,,,,,
brasileirao_serie_b_2026,2026-08-22,24,Cuiabá,Goiás,1,1,28,,goal,J. Carlos,False,,,,,,,0,1
brasileirao_serie_b_2026,2026-08-22,24,Cuiabá,Goiás,1,1,3,,card,Vitor Mendes,True,yellow,Foul,,,,,,
brasileirao_serie_b_2026,2026-08-22,24,Cuiabá,Goiás,1,1,42,,card,L. Fellipe,False,yellow,Foul,,,,,,
brasileirao_serie_b_2026,2026-08-22,24,Cuiabá,Goiás,1,1,45,,period,,,,,,,HT,,0,1
brasileirao_serie_b_2026,2026-08-22,24,Cuiabá,Goiás,1,1,45,,injuryTime,,,,,,,,5,,
brasileirao_serie_b_2026,2026-08-22,24,Cuiabá,Goiás,1,1,46,,substitution,,False,,,M. Vinícius,Kadu,,,,
brasileirao_serie_b_2026,2026-08-22,24,Cuiabá,Goiás,1,1,46,,substitution,,False,,,Cadu,A. Ramon,,,,
brasileirao_serie_b_2026,2026-08-22,24,Cuiabá,Goiás,1,1,46,,substitution,,True,,,L. Otavio,Wesley,,,,
brasileirao_serie_b_2026,2026-08-22,24,Cuiabá,Goiás,1,1,46,,substitution,,True,,,K. Cristtyan,Pepê,,,,
brasileirao_serie_b_2026,2026-08-22,24,Cuiabá,Goiás,1,1,63,,substitution,,True,,,Fábio Gomes,P. Henrique,,,,
brasileirao_serie_b_2026,2026-08-22,24,Cuiabá,Goiás,1,1,63,,substitution,,True,,,V. Peixoto,Eliel,,,,
brasileirao_serie_b_2026,2026-08-22,24,Cuiabá,Goiás,1,1,69,,substitution,,False,,,L. R. M. Costa,J. Carlos,,,,
brasileirao_serie_b_2026,2026-08-22,24,Cuiabá,Goiás,1,1,69,,substitution,,False,,,Juninho,Lourenço,,,,
brasileirao_serie_b_2026,2026-08-22,24,Cuiabá,Goiás,1,1,73,,goal,V. Peixoto,True,,,,,,,1,1
brasileirao_serie_b_2026,2026-08-22,24,Cuiabá,Goiás,1,1,78,,substitution,,False,,,W. Rato,L. Lima,,,,
brasileirao_serie_b_2026,2026-08-22,24,Cuiabá,Goiás,1,1,82,,substitution,,True,,,Weverson,J. Dias,,,,
brasileirao_serie_b_2026,2026-08-22,24,Cuiabá,Goiás,1,1,90,,period,,,,,,,FT,,1,1
brasileirao_serie_b_2026,2026-08-22,24,Cuiabá,Goiás,1,1,90,,injuryTime,,,,,,,,4,,
brasileirao_serie_b_2026,2026-08-23,24,Criciúma,Fortaleza,0,2,16,,card,G. Lobo,True,yellow,Foul,,,,,,
brasileirao_serie_b_2026,2026-08-23,24,Criciúma,Fortaleza,0,2,33,,card,R. Fagundes,True,yellow,Foul,,,,,,
brasileirao_serie_b_2026,2026-08-23,24,Criciúma,Fortaleza,0,2,42,,goal,P. Henrique,False,,,,,,,0,1
brasileirao_serie_b_2026,2026-08-23,24,Criciúma,Fortaleza,0,2,45,,period,,,,,,,HT,,0,1
brasileirao_serie_b_2026,2026-08-23,24,Criciúma,Fortaleza,0,2,45,,injuryTime,,,,,,,,2,,
brasileirao_serie_b_2026,2026-08-23,24,Criciúma,Fortaleza,0,2,46,,substitution,,True,,,H. Alves,R. R. Carvalho,,,,
brasileirao_serie_b_2026,2026-08-23,24,Criciúma,Fortaleza,0,2,50,,card,R. Santos,False,yellow,Foul,,,,,,
brasileirao_serie_b_2026,2026-08-23,24,Criciúma,Fortaleza,0,2,62,,substitution,,True,,,J. Robert,G. Lobo,,,,
brasileirao_serie_b_2026,2026-08-23,24,Criciúma,Fortaleza,0,2,62,,substitution,,True,,,Nicolas,Cauê,,,,
brasileirao_serie_b_2026,2026-08-23,24,Criciúma,Fortaleza,0,2,73,,substitution,,True,,,Yuri,F. Mateus,,,,
brasileirao_serie_b_2026,2026-08-23,24,Criciúma,Fortaleza,0,2,77,,substitution,,False,,,P. Baya,P. Henrique,,,,
brasileirao_serie_b_2026,2026-08-23,24,Criciúma,Fortaleza,0,2,78,,substitution,,False,,,Luan Freitas,Luiz Fernando,,,,
brasileirao_serie_b_2026,2026-08-23,24,Criciúma,Fortaleza,0,2,80,,substitution,,False,,,Ryan,M. Lima,,,,
brasileirao_serie_b_2026,2026-08-23,24,Criciúma,Fortaleza,0,2,85,,substitution,,True,,,Romarinho,E. Biasi,,,,
brasileirao_serie_b_2026,2026-08-23,24,Criciúma,Fortaleza,0,2,87,,goal,P. Baya,False,,,,,,,0,2
brasileirao_serie_b_2026,2026-08-23,24,Criciúma,Fortaleza,0,2,90,,period,,,,,,,FT,,0,2
brasileirao_serie_b_2026,2026-08-23,24,Criciúma,Fortaleza,0,2,90,1,substitution,,False,,,L. Crispim,J. Miritello,,,,
brasileirao_serie_b_2026,2026-08-23,24,Criciúma,Fortaleza,0,2,90,,substitution,,False,,,L. Emanoel,L. Sasha,,,,
brasileirao_serie_b_2026,2026-08-23,24,Criciúma,Fortaleza,0,2,90,,injuryTime,,,,,,,,6,,
brasileirao_serie_b_2026,2026-08-23,24,Operário-PR,Vila Nova FC,0,0,10,,card,Pablo,True,yellow,Foul,,,,,,
brasileirao_serie_b_2026,2026-08-23,24,Operário-PR,Vila Nova FC,0,0,23,,card,D. D. Santos,False,yellow,Foul,,,,,,
brasileirao_serie_b_2026,2026-08-23,24,Operário-PR,Vila Nova FC,0,0,35,,varDecision,Everton Galdino,False,,,,,,,,
brasileirao_serie_b_2026,2026-08-23,24,Operário-PR,Vila Nova FC,0,0,37,,card,Maxwell,True,yellow,Foul,,,,,,
brasileirao_serie_b_2026,2026-08-23,24,Operário-PR,Vila Nova FC,0,0,45,,period,,,,,,,HT,,0,0
brasileirao_serie_b_2026,2026-08-23,24,Operário-PR,Vila Nova FC,0,0,45,2,card,J. Vieira,False,yellow,Foul,,,,,,
brasileirao_serie_b_2026,2026-08-23,24,Operário-PR,Vila Nova FC,0,0,45,,injuryTime,,,,,,,,3,,
brasileirao_serie_b_2026,2026-08-23,24,Operário-PR,Vila Nova FC,0,0,69,,substitution,,True,,,Vinicius Mingotti,Maxwell,,,,
brasileirao_serie_b_2026,2026-08-23,24,Operário-PR,Vila Nova FC,0,0,74,,card,Moraes Júnior,True,yellow,Foul,,,,,,
brasileirao_serie_b_2026,2026-08-23,24,Operário-PR,Vila Nova FC,0,0,75,,substitution,,True,,,Aylon,H. Pereira,,,,
brasileirao_serie_b_2026,2026-08-23,24,Operário-PR,Vila Nova FC,0,0,83,,substitution,,False,,,Nathan Camargo,Everton Galdino,,,,
brasileirao_serie_b_2026,2026-08-23,24,Operário-PR,Vila Nova FC,0,0,87,,substitution,,True,,,C. Dantas,Pablo,,,,
brasileirao_serie_b_2026,2026-08-23,24,Operário-PR,Vila Nova FC,0,0,87,,substitution,,False,,,Emerson Urso,Janderson,,,,
brasileirao_serie_b_2026,2026-08-23,24,Operário-PR,Vila Nova FC,0,0,87,,substitution,,False,,,Dodô,Marquinhos Gabriel,,,,
brasileirao_serie_b_2026,2026-08-23,24,Operário-PR,Vila Nova FC,0,0,87,,substitution,,False,,,G. P. P. Lemos,A. Luís,,,,
brasileirao_serie_b_2026,2026-08-23,24,Operário-PR,Vila Nova FC,0,0,88,,substitution,,True,,,N. Paraíba,Á. Torres,,,,
brasileirao_serie_b_2026,2026-08-23,24,Operário-PR,Vila Nova FC,0,0,90,,period,,,,,,,FT,,0,0
brasileirao_serie_b_2026,2026-08-23,24,Operário-PR,Vila Nova FC,0,0,90,,injuryTime,,,,,,,,3,,
brasileirao_serie_b_2026,2026-08-23,24,Ponte Preta,Avaí,0,2,11,,substitution,,False,,,D. Teixeira,W. Fernando,,,,
brasileirao_serie_b_2026,2026-08-23,24,Ponte Preta,Avaí,0,2,31,,card,Reynaldo,False,yellow,Foul,,,,,,
brasileirao_serie_b_2026,2026-08-23,24,Ponte Preta,Avaí,0,2,45,,period,,,,,,,HT,,0,0
brasileirao_serie_b_2026,2026-08-23,24,Ponte Preta,Avaí,0,2,45,,injuryTime,,,,,,,,2,,
brasileirao_serie_b_2026,2026-08-23,24,Ponte Preta,Avaí,0,2,46,,goal,J. Lucas,False,,,,,,,0,1
brasileirao_serie_b_2026,2026-08-23,24,Ponte Preta,Avaí,0,2,51,,card,L. Cunha,True,yellow,Foul,,,,,,
brasileirao_serie_b_2026,2026-08-23,24,Ponte Preta,Avaí,0,2,56,,substitution,,True,,,J. Damião,David,,,,
brasileirao_serie_b_2026,2026-08-23,24,Ponte Preta,Avaí,0,2,60,,substitution,,True,,,Juan,M. Souza,,,,
brasileirao_serie_b_2026,2026-08-23,24,Ponte Preta,Avaí,0,2,66,,card,F. Vizeu,False,yellow,Foul,,,,,,
brasileirao_serie_b_2026,2026-08-23,24,Ponte Preta,Avaí,0,2,68,,card,T. Roberth,False,yellow,Foul,,,,,,
brasileirao_serie_b_2026,2026-08-23,24,Ponte Preta,Avaí,0,2,71,,substitution,,False,,,Del Piage,L. Henrique,,,,
brasileirao_serie_b_2026,2026-08-23,24,Ponte Preta,Avaí,0,2,71,,substitution,,False,,,Léo Chú,T. Roberth,,,,
brasileirao_serie_b_2026,2026-08-23,24,Ponte Preta,Avaí,0,2,75,,substitution,,True,,,Murilo,J. d. Oliveira,,,,
brasileirao_serie_b_2026,2026-08-23,24,Ponte Preta,Avaí,0,2,81,,card,D. Teixeira,False,yellow,Foul,,,,,,
brasileirao_serie_b_2026,2026-08-23,24,Ponte Preta,Avaí,0,2,84,,substitution,,False,,,Wenderson,J. Lucas,,,,
brasileirao_serie_b_2026,2026-08-23,24,Ponte Preta,Avaí,0,2,84,,substitution,,False,,,L. Gamalho,F. Vizeu,,,,
brasileirao_serie_b_2026,2026-08-23,24,Ponte Preta,Avaí,0,2,90,,period,,,,,,,FT,,0,2
brasileirao_serie_b_2026,2026-08-23,24,Ponte Preta,Avaí,0,2,90,,goal,Wenderson,False,,,,,,,0,2
brasileirao_serie_b_2026,2026-08-23,24,Ponte Preta,Avaí,0,2,90,,injuryTime,,,,,,,,5,,
brasileirao_serie_b_2026,2026-08-23,24,São Bernardo,Náutico,1,1,40,,card,Arnaldo,False,yellow,Foul,,,,,,
brasileirao_serie_b_2026,2026-08-23,24,São Bernardo,Náutico,1,1,45,,period,,,,,,,HT,,0,0
brasileirao_serie_b_2026,2026-08-23,24,São Bernardo,Náutico,1,1,45,,injuryTime,,,,,,,,2,,
brasileirao_serie_b_2026,2026-08-23,24,São Bernardo,Náutico,1,1,46,,substitution,,False,,,Reginaldo,Arnaldo,,,,
brasileirao_serie_b_2026,2026-08-23,24,São Bernardo,Náutico,1,1,54,,goal,L. Lima,True,,,,,,,1,0
brasileirao_serie_b_2026,2026-08-23,24,São Bernardo,Náutico,1,1,62,,substitution,,False,,,Betão,L. Índio,,,,
brasileirao_serie_b_2026,2026-08-23,24,São Bernardo,Náutico,1,1,65,,substitution,,True,,,Hyoran,P. Vitor,,,,
brasileirao_serie_b_2026,2026-08-23,24,São Bernardo,Náutico,1,1,65,,substitution,,True,,,L. Jabá,Pedrinho,,,,
brasileirao_serie_b_2026,2026-08-23,24,São Bernardo,Náutico,1,1,74,,substitution,,False,,,L. Claudio,K. Maranhão,,,,
brasileirao_serie_b_2026,2026-08-23,24,São Bernardo,Náutico,1,1,74,,substitution,,False,,,P. Núñez,Samuel,,,,
brasileirao_serie_b_2026,2026-08-23,24,São Bernardo,Náutico,1,1,81,,substitution,,True,,,D. D. S. Roque,F. Garcia,,,,
brasileirao_serie_b_2026,2026-08-23,24,São Bernardo,Náutico,1,1,81,,substitution,,True,,,Hugo,Romisson,,,,
brasileirao_serie_b_2026,2026-08-23,24,São Bernardo,Náutico,1,1,85,,substitution,,False,,,W. M. Azevedo,B. Borasi,,,,
brasileirao_serie_b_2026,2026-08-23,24,São Bernardo,Náutico,1,1,86,,goal,Derek,False,,,,,,,1,1
brasileirao_serie_b_2026,2026-08-23,24,São Bernardo,Náutico,1,1,90,,period,,,,,,,FT,,1,1
brasileirao_serie_b_2026,2026-08-23,24,São Bernardo,Náutico,1,1,90,2,substitution,,True,,,Galdino,D. Miraíma,,,,
brasileirao_serie_b_2026,2026-08-23,24,São Bernardo,Náutico,1,1,90,,injuryTime,,,,,,,,4,,
brasileirao_serie_b_2026,2026-08-24,24,Athletic Club,Grêmio Novorizontino,1,4,11,,card,D. B. d. Souza,True,yellow,Foul,,,,,,
brasileirao_serie_b_2026,2026-08-24,24,Athletic Club,Grêmio Novorizontino,1,4,18,,card,Jota,True,yellow,Foul,,,,,,
brasileirao_serie_b_2026,2026-08-24,24,Athletic Club,Grêmio Novorizontino,1,4,19,,goal,N. Careca,False,,,,,,,0,1
brasileirao_serie_b_2026,2026-08-24,24,Athletic Club,Grêmio Novorizontino,1,4,33,,substitution,,True,,,D. Vera,Jota,,,,
brasileirao_serie_b_2026,2026-08-24,24,Athletic Club,Grêmio Novorizontino,1,4,45,,period,,,,,,,HT,,0,1
brasileirao_serie_b_2026,2026-08-24,24,Athletic Club,Grêmio Novorizontino,1,4,45,1,card,D. B. d. Souza,True,yellowRed,Foul,,,,,,
brasileirao_serie_b_2026,2026-08-24,24,Athletic Club,Grêmio Novorizontino,1,4,45,,injuryTime,,,,,,,,3,,
brasileirao_serie_b_2026,2026-08-24,24,Athletic Club,Grêmio Novorizontino,1,4,45,,card,Alex,True,yellow,Argument,,,,,,
brasileirao_serie_b_2026,2026-08-24,24,Athletic Club,Grêmio Novorizontino,1,4,46,,substitution,,True,,,Douglas,J. P. Torres,,,,
brasileirao_serie_b_2026,2026-08-24,24,Athletic Club,Grêmio Novorizontino,1,4,59,,goal,Robson,False,,,,,,,0,2
brasileirao_serie_b_2026,2026-08-24,24,Athletic Club,Grêmio Novorizontino,1,4,61,,substitution,,True,,,Assis,Max,,,,
brasileirao_serie_b_2026,2026-08-24,24,Athletic Club,Grêmio Novorizontino,1,4,61,,substitution,,True,,,M. Henrique,Enzo,,,,
brasileirao_serie_b_2026,2026-08-24,24,Athletic Club,Grêmio Novorizontino,1,4,61,,substitution,,False,,,Juninho,Reidiney,,,,
brasileirao_serie_b_2026,2026-08-24,24,Athletic Club,Grêmio Novorizontino,1,4,68,,substitution,,True,,,F. Vieira,F. Negrucci,,,,
brasileirao_serie_b_2026,2026-08-24,24,Athletic Club,Grêmio Novorizontino,1,4,73,,substitution,,False,,,M. Bianqui,L. Naldi,,,,
brasileirao_serie_b_2026,2026-08-24,24,Athletic Club,Grêmio Novorizontino,1,4,73,,substitution,,False,,,D. Galo,Rômulo,,,,
brasileirao_serie_b_2026,2026-08-24,24,Athletic Club,Grêmio Novorizontino,1,4,77,,goal,M. Bianqui,False,,,,,,,0,3
brasileirao_serie_b_2026,2026-08-24,24,Athletic Club,Grêmio Novorizontino,1,4,80,,substitution,,False,,,Carlão,Robson,,,,
brasileirao_serie_b_2026,2026-08-24,24,Athletic Club,Grêmio Novorizontino,1,4,80,,substitution,,False,,,M. Jesus,N. Careca,,,,
brasileirao_serie_b_2026,2026-08-24,24,Athletic Club,Grêmio Novorizontino,1,4,81,,goal,W. Aponzá,True,,,,,,,1,3
brasileirao_serie_b_2026,2026-08-24,24,Athletic Club,Grêmio Novorizontino,1,4,90,,period,,,,,,,FT,,1,4
brasileirao_serie_b_2026,2026-08-24,24,Athletic Club,Grêmio Novorizontino,1,4,90,5,goal,Luís Oyama,False,,,,,,,1,4
brasileirao_serie_b_2026,2026-08-24,24,Athletic Club,Grêmio Novorizontino,1,4,90,,injuryTime,,,,,,,,4,,
brasileirao_serie_b_2026,2026-08-24,24,Sport Recife,América Mineiro,3,0,13,,goal,Claudinho,True,,,,,,,1,0
brasileirao_serie_b_2026,2026-08-24,24,Sport Recife,América Mineiro,3,0,45,,period,,,,,,,HT,,2,0
brasileirao_serie_b_2026,2026-08-24,24,Sport Recife,América Mineiro,3,0,45,2,goal,Clayson,True,,,,,,,2,0
brasileirao_serie_b_2026,2026-08-24,24,Sport Recife,América Mineiro,3,0,45,,injuryTime,,,,,,,,2,,
brasileirao_serie_b_2026,2026-08-24,24,Sport Recife,América Mineiro,3,0,58,,varDecision,K. Almeida,False,,,,,,,,
brasileirao_serie_b_2026,2026-08-24,24,Sport Recife,América Mineiro,3,0,65,,substitution,,False,,,O. Gonçalves,F. Amaral,,,,
brasileirao_serie_b_2026,2026-08-24,24,Sport Recife,América Mineiro,3,0,66,,substitution,,False,,,I. Charbaje,G. Parede,,,,
brasileirao_serie_b_2026,2026-08-24,24,Sport Recife,América Mineiro,3,0,67,,substitution,,True,,,Marlon,Clayson,,,,
brasileirao_serie_b_2026,2026-08-24,24,Sport Recife,América Mineiro,3,0,76,,substitution,,True,,,Dudu,Diego Hernández,,,,
brasileirao_serie_b_2026,2026-08-24,24,Sport Recife,América Mineiro,3,0,76,,substitution,,True,,,B. Fonseca,W. Oliveira,,,,
brasileirao_serie_b_2026,2026-08-24,24,Sport Recife,América Mineiro,3,0,78,,substitution,,False,,,A. Silva,W. Bigode,,,,
brasileirao_serie_b_2026,2026-08-24,24,Sport Recife,América Mineiro,3,0,82,,substitution,,True,,,Carlos De Pena,J. Alano,,,,
brasileirao_serie_b_2026,2026-08-24,24,Sport Recife,América Mineiro,3,0,83,,substitution,,True,,,A. Pucci,Claudinho,,,,
brasileirao_serie_b_2026,2026-08-24,24,Sport Recife,América Mineiro,3,0,87,,substitution,,False,,,M. R. Povoa,Fábio,,,,
brasileirao_serie_b_2026,2026-08-24,24,Sport Recife,América Mineiro,3,0,87,,substitution,,False,,,Heitor,Barreto,,,,
brasileirao_serie_b_2026,2026-08-24,24,Sport Recife,América Mineiro,3,0,90,,period,,,,,,,FT,,3,0
brasileirao_serie_b_2026,2026-08-24,24,Sport Recife,América Mineiro,3,0,90,7,goal,Perotti,True,,,,,,,3,0
brasileirao_serie_b_2026,2026-08-24,24,Sport Recife,América Mineiro,3,0,90,5,varDecision,B. Fonseca,True,,,,,,,,
brasileirao_serie_b_2026,2026-08-24,24,Sport Recife,América Mineiro,3,0,90,,injuryTime,,,,,,,,4,,
brasileirao_serie_b_2026,2026-08-25,24,Atlético Goianiense,Botafogo-SP,3,0,21,,substitution,,True,,,J. P. Silva,Gustavo Coutinho,,,,
brasileirao_serie_b_2026,2026-08-25,24,Atlético Goianiense,Botafogo-SP,3,0,25,,goal,J. P. Silva,True,,,,,,,2,0
brasileirao_serie_b_2026,2026-08-25,24,Atlético Goianiense,Botafogo-SP,3,0,4,,goal,Marrony,True,,,,,,,1,0
brasileirao_serie_b_2026,2026-08-25,24,Atlético Goianiense,Botafogo-SP,3,0,41,,card,P. Brey,False,yellow,Foul,,,,,,
brasileirao_serie_b_2026,2026-08-25,24,Atlético Goianiense,Botafogo-SP,3,0,45,,period,,,,,,,HT,,2,0
brasileirao_serie_b_2026,2026-08-25,24,Atlético Goianiense,Botafogo-SP,3,0,45,,injuryTime,,,,,,,,2,,
brasileirao_serie_b_2026,2026-08-25,24,Atlético Goianiense,Botafogo-SP,3,0,46,,substitution,,False,,,Arthur Caíke,Hygor,,,,
brasileirao_serie_b_2026,2026-08-25,24,Atlético Goianiense,Botafogo-SP,3,0,46,,substitution,,False,,,M. Antonio,E. Morelli,,,,
brasileirao_serie_b_2026,2026-08-25,24,Atlético Goianiense,Botafogo-SP,3,0,46,,substitution,,False,,,F. Vieira,Z. Hugo,,,,
brasileirao_serie_b_2026,2026-08-25,24,Atlético Goianiense,Botafogo-SP,3,0,54,,card,E. d. Silva,False,yellow,Argument,,,,,,
brasileirao_serie_b_2026,2026-08-25,24,Atlético Goianiense,Botafogo-SP,3,0,58,,substitution,,True,,,G. Maia,G. Soares,,,,
brasileirao_serie_b_2026,2026-08-25,24,Atlético Goianiense,Botafogo-SP,3,0,59,,substitution,,True,,,B. José,H. Freitas,,,,
brasileirao_serie_b_2026,2026-08-25,24,Atlético Goianiense,Botafogo-SP,3,0,69,,card,L. Vilela,True,yellow,Foul,,,,,,
brasileirao_serie_b_2026,2026-08-25,24,Atlético Goianiense,Botafogo-SP,3,0,71,,substitution,,False,,,Kelvin,R. Gava,,,,
brasileirao_serie_b_2026,2026-08-25,24,Atlético Goianiense,Botafogo-SP,3,0,72,,substitution,,True,,,Cristiano,L. Vilela,,,,
brasileirao_serie_b_2026,2026-08-25,24,Atlético Goianiense,Botafogo-SP,3,0,72,,substitution,,True,,,Klebert,Marrony,,,,
brasileirao_serie_b_2026,2026-08-25,24,Atlético Goianiense,Botafogo-SP,3,0,78,,substitution,,False,,,L. Maciel,Gabriel Inocêncio,,,,
brasileirao_serie_b_2026,2026-08-25,24,Atlético Goianiense,Botafogo-SP,3,0,79,,goal,Adriano Martins,True,,,,,,,3,0
brasileirao_serie_b_2026,2026-08-25,24,Atlético Goianiense,Botafogo-SP,3,0,83,,card,L. Maciel,False,yellow,Foul,,,,,,
brasileirao_serie_b_2026,2026-08-25,24,Atlético Goianiense,Botafogo-SP,3,0,90,,period,,,,,,,FT,,3,0
brasileirao_serie_b_2026,2026-08-25,24,Atlético Goianiense,Botafogo-SP,3,0,90,,injuryTime,,,,,,,,3,,
brasileirao_serie_b_2026,2026-08-25,24,Juventude,Clube De Regatas Brasil,2,1,37,,substitution,,False,,,Reverson,L. Lovat,,,,
brasileirao_serie_b_2026,2026-08-25,24,Juventude,Clube De Regatas Brasil,2,1,45,,period,,,,,,,HT,,0,1
brasileirao_serie_b_2026,2026-08-25,24,Juventude,Clube De Regatas Brasil,2,1,45,1,goal,Thiaguinho,False,,,,,,,0,1
brasileirao_serie_b_2026,2026-08-25,24,Juventude,Clube De Regatas Brasil,2,1,45,,injuryTime,,,,,,,,4,,
brasileirao_serie_b_2026,2026-08-25,24,Juventude,Clube De Regatas Brasil,2,1,46,,substitution,,True,,,Nathan,R. Ramos,,,,
brasileirao_serie_b_2026,2026-08-25,24,Juventude,Clube De Regatas Brasil,2,1,46,,substitution,,True,,,G. Pires,Raí,,,,
brasileirao_serie_b_2026,2026-08-25,24,Juventude,Clube De Regatas Brasil,2,1,63,,substitution,,True,,,L. M. Gonçalves,M. Paulo,,,,
brasileirao_serie_b_2026,2026-08-25,24,Juventude,Clube De Regatas Brasil,2,1,63,,varDecision,L. Amarilla,True,,,,,,,,
brasileirao_serie_b_2026,2026-08-25,24,Juventude,Clube De Regatas Brasil,2,1,67,,goal,A. Safira,True,,,,,,,1,1
brasileirao_serie_b_2026,2026-08-25,24,Juventude,Clube De Regatas Brasil,2,1,72,,substitution,,False,,,Geovane,Danielzinho,,,,
brasileirao_serie_b_2026,2026-08-25,24,Juventude,Clube De Regatas Brasil,2,1,72,,substitution,,False,,,D. Hereda,Kevin,,,,
brasileirao_serie_b_2026,2026-08-25,24,Juventude,Clube De Regatas Brasil,2,1,76,,substitution,,True,,,Pablo,M. Paulo,,,,
brasileirao_serie_b_2026,2026-08-25,24,Juventude,Clube De Regatas Brasil,2,1,79,,substitution,,True,,,Alan Kardec,L. Amarilla,,,,
brasileirao_serie_b_2026,2026-08-25,24,Juventude,Clube De Regatas Brasil,2,1,80,,goal,Alan Kardec,True,,,,,,,2,1
brasileirao_serie_b_2026,2026-08-25,24,Juventude,Clube De Regatas Brasil,2,1,82,,substitution,,False,,,D. Baggio,P. Castro,,,,
brasileirao_serie_b_2026,2026-08-25,24,Juventude,Clube De Regatas Brasil,2,1,82,,card,Alan Kardec,True,yellow,,,,,,,
brasileirao_serie_b_2026,2026-08-25,24,Juventude,Clube De Regatas Brasil,2,1,83,,substitution,,False,,,Estêvão,Thiaguinho,,,,
brasileirao_serie_b_2026,2026-08-25,24,Juventude,Clube De Regatas Brasil,2,1,90,,period,,,,,,,FT,,2,1
brasileirao_serie_b_2026,2026-08-25,24,Juventude,Clube De Regatas Brasil,2,1,90,5,card,Reverson,False,yellow,Foul,,,,,,
brasileirao_serie_b_2026,2026-08-25,24,Juventude,Clube De Regatas Brasil,2,1,90,,injuryTime,,,,,,,,7,,
brasileirao_serie_b_2026,2026-08-28,25,Goiás,São Bernardo,2,1,13,,goal,L. R. M. Costa,True,,,,,,,1,0
brasileirao_serie_b_2026,2026-08-28,25,Goiás,São Bernardo,2,1,21,,substitution,,True,,,M. Vinícius,R. Soares,,,,
brasileirao_serie_b_2026,2026-08-28,25,Goiás,São Bernardo,2,1,45,,period,,,,,,,HT,,1,0
brasileirao_serie_b_2026,2026-08-28,25,Goiás,São Bernardo,2,1,45,,injuryTime,,,,,,,,5,,
brasileirao_serie_b_2026,2026-08-28,25,Goiás,São Bernardo,2,1,59,,goal,Pedrinho,False,,,,,,,1,1
brasileirao_serie_b_2026,2026-08-28,25,Goiás,São Bernardo,2,1,65,,substitution,,True,,,W. Rato,Filipe Machado,,,,
brasileirao_serie_b_2026,2026-08-28,25,Goiás,São Bernardo,2,1,66,,substitution,,False,,,L. Lima,Foguinho,,,,
brasileirao_serie_b_2026,2026-08-28,25,Goiás,São Bernardo,2,1,67,,goal,Kadu,True,,,,,,,2,1
brasileirao_serie_b_2026,2026-08-28,25,Goiás,São Bernardo,2,1,67,,substitution,,False,,,Hyoran,Romisson,,,,
brasileirao_serie_b_2026,2026-08-28,25,Goiás,São Bernardo,2,1,76,,substitution,,False,,,L. Jabá,P. Vitor,,,,
brasileirao_serie_b_2026,2026-08-28,25,Goiás,São Bernardo,2,1,76,,substitution,,False,,,B. Melo,Pedrinho,,,,
brasileirao_serie_b_2026,2026-08-28,25,Goiás,São Bernardo,2,1,79,,substitution,,True,,,Juninho,Lourenço,,,,
brasileirao_serie_b_2026,2026-08-28,25,Goiás,São Bernardo,2,1,79,,substitution,,True,,,D. C. d. Silva,F. Clemente,,,,
brasileirao_serie_b_2026,2026-08-28,25,Goiás,São Bernardo,2,1,79,,substitution,,True,,,G. B. d. Camargo,J. Carlos,,,,
brasileirao_serie_b_2026,2026-08-28,25,Goiás,São Bernardo,2,1,82,,substitution,,False,,,D. Amorim,F. Garcia,,,,
brasileirao_serie_b_2026,2026-08-28,25,Goiás,São Bernardo,2,1,84,,card,W. Rato,True,yellow,Foul,,,,,,
brasileirao_serie_b_2026,2026-08-28,25,Goiás,São Bernardo,2,1,90,,period,,,,,,,FT,,2,1
brasileirao_serie_b_2026,2026-08-28,25,Goiás,São Bernardo,2,1,90,,injuryTime,,,,,,,,5,,
brasileirao_serie_b_2026,2026-08-28,25,Grêmio Novorizontino,Sport Recife,2,1,41,,goal,Rômulo,True,,,,,,,1,0
brasileirao_serie_b_2026,2026-08-28,25,Grêmio Novorizontino,Sport Recife,2,1,45,,period,,,,,,,HT,,1,0
brasileirao_serie_b_2026,2026-08-28,25,Grêmio Novorizontino,Sport Recife,2,1,45,,injuryTime,,,,,,,,4,,
brasileirao_serie_b_2026,2026-08-28,25,Grêmio Novorizontino,Sport Recife,2,1,46,,substitution,,False,,,Dudu,Clayson,,,,
brasileirao_serie_b_2026,2026-08-28,25,Grêmio Novorizontino,Sport Recife,2,1,61,,substitution,,False,,,A. Pucci,Claudinho,,,,
brasileirao_serie_b_2026,2026-08-28,25,Grêmio Novorizontino,Sport Recife,2,1,61,,substitution,,False,,,B. Fonseca,Zé Gabriel,,,,
brasileirao_serie_b_2026,2026-08-28,25,Grêmio Novorizontino,Sport Recife,2,1,61,,substitution,,True,,,D. Galo,N. Careca,,,,
brasileirao_serie_b_2026,2026-08-28,25,Grêmio Novorizontino,Sport Recife,2,1,74,,substitution,,True,,,Juninho,Reidiney,,,,
brasileirao_serie_b_2026,2026-08-28,25,Grêmio Novorizontino,Sport Recife,2,1,75,,substitution,,False,,,Marlon,Diego Hernández,,,,
brasileirao_serie_b_2026,2026-08-28,25,Grêmio Novorizontino,Sport Recife,2,1,75,,substitution,,True,,,M. Bianqui,L. Naldi,,,,
brasileirao_serie_b_2026,2026-08-28,25,Grêmio Novorizontino,Sport Recife,2,1,77,,goal,M. Bianqui,True,,,,,,,2,0
brasileirao_serie_b_2026,2026-08-28,25,Grêmio Novorizontino,Sport Recife,2,1,85,,card,K. Almeida,False,yellow,Foul,,,,,,
brasileirao_serie_b_2026,2026-08-28,25,Grêmio Novorizontino,Sport Recife,2,1,88,,substitution,,True,,,Marlon,Robson,,,,
brasileirao_serie_b_2026,2026-08-28,25,Grêmio Novorizontino,Sport Recife,2,1,88,,substitution,,False,,,Z. Roberto,W. Oliveira,,,,
brasileirao_serie_b_2026,2026-08-28,25,Grêmio Novorizontino,Sport Recife,2,1,88,,substitution,,True,,,Carlão,Rômulo,,,,
brasileirao_serie_b_2026,2026-08-28,25,Grêmio Novorizontino,Sport Recife,2,1,90,,period,,,,,,,FT,,2,1
brasileirao_serie_b_2026,2026-08-28,25,Grêmio Novorizontino,Sport Recife,2,1,90,8,varDecision,A. Pucci,False,,,,,,,,
brasileirao_serie_b_2026,2026-08-28,25,Grêmio Novorizontino,Sport Recife,2,1,90,7,card,A. Pucci,False,yellow,Argument,,,,,,
brasileirao_serie_b_2026,2026-08-28,25,Grêmio Novorizontino,Sport Recife,2,1,90,6,card,Juninho,True,yellow,Foul,,,,,,
brasileirao_serie_b_2026,2026-08-28,25,Grêmio Novorizontino,Sport Recife,2,1,90,2,varDecision,Z. Roberto,False,,,,,,,,
brasileirao_serie_b_2026,2026-08-28,25,Grêmio Novorizontino,Sport Recife,2,1,90,1,goal,Perotti,False,,,,,,,2,1
brasileirao_serie_b_2026,2026-08-28,25,Grêmio Novorizontino,Sport Recife,2,1,90,,injuryTime,,,,,,,,6,,
brasileirao_serie_b_2026,2026-08-28,25,Náutico,Athletic Club,2,1,44,,card,Derek,True,yellow,Foul,,,,,,
brasileirao_serie_b_2026,2026-08-28,25,Náutico,Athletic Club,2,1,45,,period,,,,,,,HT,,0,1
brasileirao_serie_b_2026,2026-08-28,25,Náutico,Athletic Club,2,1,45,,injuryTime,,,,,,,,4,,
brasileirao_serie_b_2026,2026-08-28,25,Náutico,Athletic Club,2,1,46,,substitution,,True,,,Betão,Ryan,,,,
brasileirao_serie_b_2026,2026-08-28,25,Náutico,Athletic Club,2,1,57,,substitution,,False,,,F. Negrucci,J. P. Torres,,,,
brasileirao_serie_b_2026,2026-08-28,25,Náutico,Athletic Club,2,1,57,,substitution,,False,,,Assis,D. Vera,,,,
brasileirao_serie_b_2026,2026-08-28,25,Náutico,Athletic Club,2,1,58,,substitution,,True,,,Todinho,K. Maranhão,,,,
brasileirao_serie_b_2026,2026-08-28,25,Náutico,Athletic Club,2,1,58,,substitution,,True,,,Vinícius,Samuel,,,,
brasileirao_serie_b_2026,2026-08-28,25,Náutico,Athletic Club,2,1,59,,card,J. Miguel,False,red,Professional foul last man,,,,,,
brasileirao_serie_b_2026,2026-08-28,25,Náutico,Athletic Club,2,1,6,,goal,D. Vera,False,,,,,,,0,1
brasileirao_serie_b_2026,2026-08-28,25,Náutico,Athletic Club,2,1,62,,substitution,,False,,,F. Vieira,W. Aponzá,,,,
brasileirao_serie_b_2026,2026-08-28,25,Náutico,Athletic Club,2,1,63,,card,Douglas,False,yellow,Foul,,,,,,
brasileirao_serie_b_2026,2026-08-28,25,Náutico,Athletic Club,2,1,70,,substitution,,False,,,M. Henrique,Max,,,,
brasileirao_serie_b_2026,2026-08-28,25,Náutico,Athletic Club,2,1,70,,substitution,,False,,,Jota,Y. Santos,,,,
brasileirao_serie_b_2026,2026-08-28,25,Náutico,Athletic Club,2,1,70,,substitution,,True,,,Reginaldo,Arnaldo,,,,
brasileirao_serie_b_2026,2026-08-28,25,Náutico,Athletic Club,2,1,71,,goal,Derek,True,,,,,,,1,1
brasileirao_serie_b_2026,2026-08-28,25,Náutico,Athletic Club,2,1,80,,substitution,,True,,,L. Claudio,Derek,,,,
brasileirao_serie_b_2026,2026-08-28,25,Náutico,Athletic Club,2,1,90,,period,,,,,,,FT,,2,1
brasileirao_serie_b_2026,2026-08-28,25,Náutico,Athletic Club,2,1,90,1,goal,L. Claudio,True,,,,,,,2,1
brasileirao_serie_b_2026,2026-08-28,25,Náutico,Athletic Club,2,1,90,,injuryTime,,,,,,,,9,,
brasileirao_serie_b_2026,2026-08-28,25,Náutico,Athletic Club,2,1,90,,card,G. Guruceaga,True,yellow,Unallowed field entering,,,,,,
brasileirao_serie_b_2026,2026-08-29,25,Botafogo-SP,Cuiabá,1,2,22,,card,Wesley,False,yellow,Foul,,,,,,
brasileirao_serie_b_2026,2026-08-29,25,Botafogo-SP,Cuiabá,1,2,45,,period,,,,,,,HT,,0,0
brasileirao_serie_b_2026,2026-08-29,25,Botafogo-SP,Cuiabá,1,2,45,5,card,F. Vieira,True,yellow,Handball,,,,,,
brasileirao_serie_b_2026,2026-08-29,25,Botafogo-SP,Cuiabá,1,2,45,,injuryTime,,,,,,,,3,,
brasileirao_serie_b_2026,2026-08-29,25,Botafogo-SP,Cuiabá,1,2,46,,substitution,,False,,,D. M. d. S. Arcanjo,Wesley,,,,
brasileirao_serie_b_2026,2026-08-29,25,Botafogo-SP,Cuiabá,1,2,50,,card,E. d. Silva,True,yellow,Foul,,,,,,
brasileirao_serie_b_2026,2026-08-29,25,Botafogo-SP,Cuiabá,1,2,58,,substitution,,False,,,K. Cristtyan,Eliel,,,,
brasileirao_serie_b_2026,2026-08-29,25,Botafogo-SP,Cuiabá,1,2,60,,substitution,,True,,,Arthur Caíke,Hygor,,,,
brasileirao_serie_b_2026,2026-08-29,25,Botafogo-SP,Cuiabá,1,2,60,,substitution,,True,,,Jonathan,F. Vieira,,,,
brasileirao_serie_b_2026,2026-08-29,25,Botafogo-SP,Cuiabá,1,2,62,,goal,Vitor Mendes,False,,,,,,,0,1
brasileirao_serie_b_2026,2026-08-29,25,Botafogo-SP,Cuiabá,1,2,73,,substitution,,True,,,Kelvin,W. Pinheiro,,,,
brasileirao_serie_b_2026,2026-08-29,25,Botafogo-SP,Cuiabá,1,2,73,,substitution,,True,,,L. Maciel,M. Sales,,,,
brasileirao_serie_b_2026,2026-08-29,25,Botafogo-SP,Cuiabá,1,2,77,,substitution,,False,,,R. Rodrigues,J. Dias,,,,
brasileirao_serie_b_2026,2026-08-29,25,Botafogo-SP,Cuiabá,1,2,80,,goal,E. Morelli,True,,,,,,,1,1
brasileirao_serie_b_2026,2026-08-29,25,Botafogo-SP,Cuiabá,1,2,85,,substitution,,False,,,Weverson,Lorenzo,,,,
brasileirao_serie_b_2026,2026-08-29,25,Botafogo-SP,Cuiabá,1,2,85,,substitution,,False,,,V. Peixoto,Fábio Gomes,,,,
brasileirao_serie_b_2026,2026-08-29,25,Botafogo-SP,Cuiabá,1,2,87,,goal,K. Cristtyan,False,,,,,,,1,2
brasileirao_serie_b_2026,2026-08-29,25,Botafogo-SP,Cuiabá,1,2,87,,substitution,,True,,,J. Alves,Z. Hugo,,,,
brasileirao_serie_b_2026,2026-08-29,25,Botafogo-SP,Cuiabá,1,2,90,,period,,,,,,,FT,,1,2
brasileirao_serie_b_2026,2026-08-29,25,Botafogo-SP,Cuiabá,1,2,90,,injuryTime,,,,,,,,6,,
brasileirao_serie_b_2026,2026-08-30,25,América Mineiro,Ponte Preta,2,0,45,,period,,,,,,,HT,,0,0
brasileirao_serie_b_2026,2026-08-30,25,América Mineiro,Ponte Preta,2,0,45,2,varDecision,M. Souza,False,,,,,,,,
brasileirao_serie_b_2026,2026-08-30,25,América Mineiro,Ponte Preta,2,0,45,,injuryTime,,,,,,,,3,,
brasileirao_serie_b_2026,2026-08-30,25,América Mineiro,Ponte Preta,2,0,46,,substitution,,True,,,F. Elizari,O. Gonçalves,,,,
brasileirao_serie_b_2026,2026-08-30,25,América Mineiro,Ponte Preta,2,0,46,,substitution,,True,,,R. Piñeiro,G. Parede,,,,
brasileirao_serie_b_2026,2026-08-30,25,América Mineiro,Ponte Preta,2,0,47,,goal,W. Bigode,True,,,,,,,1,0
brasileirao_serie_b_2026,2026-08-30,25,América Mineiro,Ponte Preta,2,0,59,,goal,R. Piñeiro,True,,,,,,,2,0
brasileirao_serie_b_2026,2026-08-30,25,América Mineiro,Ponte Preta,2,0,64,,substitution,,False,,,T. D. A. Souza,R. Andrade,,,,
brasileirao_serie_b_2026,2026-08-30,25,América Mineiro,Ponte Preta,2,0,64,,substitution,,False,,,C. F. S. Coelho,Miguel,,,,
brasileirao_serie_b_2026,2026-08-30,25,América Mineiro,Ponte Preta,2,0,68,,substitution,,False,,,C. V. N. d. Nascimento,N. Silva,,,,
brasileirao_serie_b_2026,2026-08-30,25,América Mineiro,Ponte Preta,2,0,71,,substitution,,True,,,M. Maçola,P. Victor,,,,
brasileirao_serie_b_2026,2026-08-30,25,América Mineiro,Ponte Preta,2,0,79,,substitution,,False,,,Gabriel,J. R. Leopoldino,,,,
brasileirao_serie_b_2026,2026-08-30,25,América Mineiro,Ponte Preta,2,0,79,,substitution,,True,,,I. Charbaje,J. César,,,,
brasileirao_serie_b_2026,2026-08-30,25,América Mineiro,Ponte Preta,2,0,84,,substitution,,True,,,J. R. Jiménez,Barreto,,,,
brasileirao_serie_b_2026,2026-08-30,25,América Mineiro,Ponte Preta,2,0,90,,period,,,,,,,FT,,2,0
brasileirao_serie_b_2026,2026-08-30,25,América Mineiro,Ponte Preta,2,0,90,7,card,Gabriel,False,yellow,Foul,,,,,,
brasileirao_serie_b_2026,2026-08-30,25,América Mineiro,Ponte Preta,2,0,90,,injuryTime,,,,,,,,6,,
brasileirao_serie_b_2026,2026-08-30,25,Avaí,Atlético Goianiense,0,1,45,,period,,,,,,,HT,,0,0
brasileirao_serie_b_2026,2026-08-30,25,Avaí,Atlético Goianiense,0,1,45,2,card,L. Henrique,True,yellow,Foul,,,,,,
brasileirao_serie_b_2026,2026-08-30,25,Avaí,Atlético Goianiense,0,1,45,,injuryTime,,,,,,,,2,,
brasileirao_serie_b_2026,2026-08-30,25,Avaí,Atlético Goianiense,0,1,46,,substitution,,True,,,G. Cipriano,Léo Chú,,,,
brasileirao_serie_b_2026,2026-08-30,25,Avaí,Atlético Goianiense,0,1,58,,substitution,,True,,,I. Pereira,G. Aquino,,,,
brasileirao_serie_b_2026,2026-08-30,25,Avaí,Atlético Goianiense,0,1,59,,substitution,,False,,,G. Maia,G. Soares,,,,
brasileirao_serie_b_2026,2026-08-30,25,Avaí,Atlético Goianiense,0,1,59,,substitution,,False,,,B. José,H. Freitas,,,,
brasileirao_serie_b_2026,2026-08-30,25,Avaí,Atlético Goianiense,0,1,64,,card,J. Barreto,False,yellow,Argument,,,,,,
brasileirao_serie_b_2026,2026-08-30,25,Avaí,Atlético Goianiense,0,1,67,,substitution,,False,,,J. P. Silva,Gustavo Coutinho,,,,
brasileirao_serie_b_2026,2026-08-30,25,Avaí,Atlético Goianiense,0,1,69,,substitution,,True,,,L. Gamalho,F. Vizeu,,,,
brasileirao_serie_b_2026,2026-08-30,25,Avaí,Atlético Goianiense,0,1,70,,substitution,,True,,,Wenderson,L. Henrique,,,,
brasileirao_serie_b_2026,2026-08-30,25,Avaí,Atlético Goianiense,0,1,78,,substitution,,False,,,Netinho,Peixoto,,,,
brasileirao_serie_b_2026,2026-08-30,25,Avaí,Atlético Goianiense,0,1,78,,substitution,,False,,,Cristiano,L. Vilela,,,,
brasileirao_serie_b_2026,2026-08-30,25,Avaí,Atlético Goianiense,0,1,81,,substitution,,True,,,Hyan,J. Lucas,,,,
brasileirao_serie_b_2026,2026-08-30,25,Avaí,Atlético Goianiense,0,1,90,,period,,,,,,,FT,,0,1
brasileirao_serie_b_2026,2026-08-30,25,Avaí,Atlético Goianiense,0,1,90,4,goal,B. José,False,,,,,,,0,1
brasileirao_serie_b_2026,2026-08-30,25,Avaí,Atlético Goianiense,0,1,90,,injuryTime,,,,,,,,3,,
brasileirao_serie_b_2026,2026-08-30,25,Clube De Regatas Brasil,Criciúma,2,1,42,,varDecision,Diego Gonçalves,False,,,,,,,,
brasileirao_serie_b_2026,2026-08-30,25,Clube De Regatas Brasil,Criciúma,2,1,43,,card,Diego Gonçalves,False,yellow,Argument,,,,,,
brasileirao_serie_b_2026,2026-08-30,25,Clube De Regatas Brasil,Criciúma,2,1,43,,goal,Crystopher,True,,,,,,,1,0
brasileirao_serie_b_2026,2026-08-30,25,Clube De Regatas Brasil,Criciúma,2,1,45,,period,,,,,,,HT,,1,1
brasileirao_serie_b_2026,2026-08-30,25,Clube De Regatas Brasil,Criciúma,2,1,45,1,card,R. Fagundes,False,yellow,Argument,,,,,,
brasileirao_serie_b_2026,2026-08-30,25,Clube De Regatas Brasil,Criciúma,2,1,45,1,goal,Diego Gonçalves,False,,,,,,,1,1
brasileirao_serie_b_2026,2026-08-30,25,Clube De Regatas Brasil,Criciúma,2,1,45,,injuryTime,,,,,,,,4,,
brasileirao_serie_b_2026,2026-08-30,25,Clube De Regatas Brasil,Criciúma,2,1,58,,goal,Danielzinho,True,,,,,,,2,1
brasileirao_serie_b_2026,2026-08-30,25,Clube De Regatas Brasil,Criciúma,2,1,63,,substitution,,False,,,Romarinho,B. Alves,,,,
brasileirao_serie_b_2026,2026-08-30,25,Clube De Regatas Brasil,Criciúma,2,1,63,,substitution,,False,,,Ronald,E. Biasi,,,,
brasileirao_serie_b_2026,2026-08-30,25,Clube De Regatas Brasil,Criciúma,2,1,63,,card,G. Lobo,False,yellow,Foul,,,,,,
brasileirao_serie_b_2026,2026-08-30,25,Clube De Regatas Brasil,Criciúma,2,1,70,,substitution,,True,,,Geovane,Danielzinho,,,,
brasileirao_serie_b_2026,2026-08-30,25,Clube De Regatas Brasil,Criciúma,2,1,76,,substitution,,False,,,T. R. S. Modesto,G. Lobo,,,,
brasileirao_serie_b_2026,2026-08-30,25,Clube De Regatas Brasil,Criciúma,2,1,76,,substitution,,False,,,Yuri,R. Otero,,,,
brasileirao_serie_b_2026,2026-08-30,25,Clube De Regatas Brasil,Criciúma,2,1,76,,card,Thiaguinho,True,yellow,Foul,,,,,,
brasileirao_serie_b_2026,2026-08-30,25,Clube De Regatas Brasil,Criciúma,2,1,78,,substitution,,True,,,D. Baggio,Mikael,,,,
brasileirao_serie_b_2026,2026-08-30,25,Clube De Regatas Brasil,Criciúma,2,1,78,,substitution,,True,,,V. Barata,Thiaguinho,,,,
brasileirao_serie_b_2026,2026-08-30,25,Clube De Regatas Brasil,Criciúma,2,1,81,,substitution,,False,,,H. Alves,Diego Gonçalves,,,,
brasileirao_serie_b_2026,2026-08-30,25,Clube De Regatas Brasil,Criciúma,2,1,84,,substitution,,True,,,Luizão,P. Castro,,,,
brasileirao_serie_b_2026,2026-08-30,25,Clube De Regatas Brasil,Criciúma,2,1,84,,substitution,,True,,,F. Alemão,D. Belmonte,,,,
brasileirao_serie_b_2026,2026-08-30,25,Clube De Regatas Brasil,Criciúma,2,1,90,,period,,,,,,,FT,,2,1
brasileirao_serie_b_2026,2026-08-30,25,Clube De Regatas Brasil,Criciúma,2,1,90,9,varDecision,Yuri,False,,,,,,,,
brasileirao_serie_b_2026,2026-08-30,25,Clube De Regatas Brasil,Criciúma,2,1,90,,injuryTime,,,,,,,,5,,
brasileirao_serie_b_2026,2026-08-30,25,Vila Nova FC,Ceará,2,0,16,,goal,Breno,True,,,,,,,1,0
brasileirao_serie_b_2026,2026-08-30,25,Vila Nova FC,Ceará,2,0,45,,period,,,,,,,HT,,1,0
brasileirao_serie_b_2026,2026-08-30,25,Vila Nova FC,Ceará,2,0,45,2,substitution,,True,,,W. Formiga,Breno,,,,
brasileirao_serie_b_2026,2026-08-30,25,Vila Nova FC,Ceará,2,0,45,,injuryTime,,,,,,,,7,,
brasileirao_serie_b_2026,2026-08-30,25,Vila Nova FC,Ceará,2,0,46,,substitution,,False,,,M. Araújo,L. Mugni,,,,
brasileirao_serie_b_2026,2026-08-30,25,Vila Nova FC,Ceará,2,0,46,,substitution,,False,,,Vinicius Zanocelo,Richardson,,,,
brasileirao_serie_b_2026,2026-08-30,25,Vila Nova FC,Ceará,2,0,53,,card,D. D. Santos,True,yellow,Foul,,,,,,
brasileirao_serie_b_2026,2026-08-30,25,Vila Nova FC,Ceará,2,0,54,,card,Júlio César,False,yellow,Foul,,,,,,
brasileirao_serie_b_2026,2026-08-30,25,Vila Nova FC,Ceará,2,0,71,,substitution,,False,,,Vina,Júlio César,,,,
brasileirao_serie_b_2026,2026-08-30,25,Vila Nova FC,Ceará,2,0,72,,substitution,,False,,,L. Lobato,N. Ferreira,,,,
brasileirao_serie_b_2026,2026-08-30,25,Vila Nova FC,Ceará,2,0,73,,substitution,,True,,,Emerson Urso,Everton Galdino,,,,
brasileirao_serie_b_2026,2026-08-30,25,Vila Nova FC,Ceará,2,0,73,,substitution,,True,,,Dodô,Marquinhos Gabriel,,,,
brasileirao_serie_b_2026,2026-08-30,25,Vila Nova FC,Ceará,2,0,75,,goal,A. Luís,True,,,,,,,2,0
brasileirao_serie_b_2026,2026-08-30,25,Vila Nova FC,Ceará,2,0,78,,card,J. Vieira,True,yellow,Foul,,,,,,
brasileirao_serie_b_2026,2026-08-30,25,Vila Nova FC,Ceará,2,0,79,,substitution,,True,,,Nathan Camargo,J. Vieira,,,,
brasileirao_serie_b_2026,2026-08-30,25,Vila Nova FC,Ceará,2,0,79,,substitution,,True,,,Willian Maranhão,D. D. Santos,,,,
brasileirao_serie_b_2026,2026-08-30,25,Vila Nova FC,Ceará,2,0,84,,substitution,,False,,,A. B. d. A. Neto,E. Lodovico,,,,
brasileirao_serie_b_2026,2026-08-30,25,Vila Nova FC,Ceará,2,0,90,,period,,,,,,,FT,,2,0
brasileirao_serie_b_2026,2026-08-30,25,Vila Nova FC,Ceará,2,0,90,,card,Richard,False,yellow,Argument,,,,,,
brasileirao_serie_b_2026,2026-08-30,25,Vila Nova FC,Ceará,2,0,90,,card,Vinicius Zanocelo,False,yellow,Foul,,,,,,
brasileirao_serie_b_2026,2026-08-30,25,Vila Nova FC,Ceará,2,0,90,,injuryTime,,,,,,,,4,,
brasileirao_serie_b_2026,2026-08-31,25,Fortaleza,Operário-PR,1,1,10,,card,T. Cardona,True,yellow,Foul,,,,,,
brasileirao_serie_b_2026,2026-08-31,25,Fortaleza,Operário-PR,1,1,23,,card,Moraes Júnior,False,yellow,Foul,,,,,,
brasileirao_serie_b_2026,2026-08-31,25,Fortaleza,Operário-PR,1,1,30,,goal,Maílton,True,,,,,,,1,0
brasileirao_serie_b_2026,2026-08-31,25,Fortaleza,Operário-PR,1,1,33,,goal,Á. Torres,False,,,,,,,1,1
brasileirao_serie_b_2026,2026-08-31,25,Fortaleza,Operário-PR,1,1,45,,period,,,,,,,HT,,1,1
brasileirao_serie_b_2026,2026-08-31,25,Fortaleza,Operário-PR,1,1,45,,injuryTime,,,,,,,,5,,
brasileirao_serie_b_2026,2026-08-31,25,Fortaleza,Operário-PR,1,1,46,,substitution,,False,,,G. Feliciano,Moraes Júnior,,,,
brasileirao_serie_b_2026,2026-08-31,25,Fortaleza,Operário-PR,1,1,64,,substitution,,True,,,R. Santos,L. Sasha,,,,
brasileirao_serie_b_2026,2026-08-31,25,Fortaleza,Operário-PR,1,1,65,,substitution,,False,,,Maxwell,Á. Torres,,,,
brasileirao_serie_b_2026,2026-08-31,25,Fortaleza,Operário-PR,1,1,65,,substitution,,True,,,L. Crispim,Rodriguinho,,,,
brasileirao_serie_b_2026,2026-08-31,25,Fortaleza,Operário-PR,1,1,74,,substitution,,False,,,Aylon,H. Pereira,,,,
brasileirao_serie_b_2026,2026-08-31,25,Fortaleza,Operário-PR,1,1,79,,substitution,,True,,,P. Baya,P. Henrique,,,,
brasileirao_serie_b_2026,2026-08-31,25,Fortaleza,Operário-PR,1,1,79,,substitution,,True,,,Welliton,Luiz Fernando,,,,
brasileirao_serie_b_2026,2026-08-31,25,Fortaleza,Operário-PR,1,1,83,,substitution,,False,,,Índio,V. D. D. Antonia,,,,
brasileirao_serie_b_2026,2026-08-31,25,Fortaleza,Operário-PR,1,1,83,,substitution,,False,,,Vinicius Mingotti,Pablo,,,,
brasileirao_serie_b_2026,2026-08-31,25,Fortaleza,Operário-PR,1,1,90,,period,,,,,,,FT,,1,1
brasileirao_serie_b_2026,2026-08-31,25,Fortaleza,Operário-PR,1,1,90,,substitution,,True,,,K. Henrique,M. Lima,,,,
brasileirao_serie_b_2026,2026-08-31,25,Fortaleza,Operário-PR,1,1,90,,injuryTime,,,,,,,,5,,
brasileirao_serie_b_2026,2026-09-01,25,Londrina,Juventude,0,0,45,,period,,,,,,,HT,,0,0
brasileirao_serie_b_2026,2026-09-01,25,Londrina,Juventude,0,0,45,,injuryTime,,,,,,,,1,,
brasileirao_serie_b_2026,2026-09-01,25,Londrina,Juventude,0,0,46,,substitution,,True,,,Tarik,L. Marques,,,,
brasileirao_serie_b_2026,2026-09-01,25,Londrina,Juventude,0,0,66,,substitution,,True,,,J. Coni,William Pottker,,,,
brasileirao_serie_b_2026,2026-09-01,25,Londrina,Juventude,0,0,66,,substitution,,True,,,P. Dyego,Gilberto,,,,
brasileirao_serie_b_2026,2026-09-01,25,Londrina,Juventude,0,0,66,,substitution,,False,,,L. M. Gonçalves,G. Pires,,,,
brasileirao_serie_b_2026,2026-09-01,25,Londrina,Juventude,0,0,66,,substitution,,False,,,Alan Kardec,A. Safira,,,,
brasileirao_serie_b_2026,2026-09-01,25,Londrina,Juventude,0,0,74,,substitution,,False,,,L. Alves,M. Paulo,,,,
brasileirao_serie_b_2026,2026-09-01,25,Londrina,Juventude,0,0,74,,substitution,,False,,,L. Mandaca,L. Mineiro,,,,
brasileirao_serie_b_2026,2026-09-01,25,Londrina,Juventude,0,0,81,,card,W. Reis,True,yellow,Argument,,,,,,
brasileirao_serie_b_2026,2026-09-01,25,Londrina,Juventude,0,0,85,,substitution,,False,,,F. Lima,Raí,,,,
brasileirao_serie_b_2026,2026-09-01,25,Londrina,Juventude,0,0,90,,period,,,,,,,FT,,0,0
brasileirao_serie_b_2026,2026-09-01,25,Londrina,Juventude,0,0,90,2,substitution,,True,,,N. Paraíba,Kevyn,,,,
brasileirao_serie_b_2026,2026-09-01,25,Londrina,Juventude,0,0,90,2,substitution,,True,,,Heron,K. Leonardo,,,,
brasileirao_serie_b_2026,2026-09-01,25,Londrina,Juventude,0,0,90,,injuryTime,,,,,,,,4,,
brasileirao_serie_b_2026,2026-09-03,26,Náutico,Botafogo-SP,1,0,45,,period,,,,,,,HT,,0,0
brasileirao_serie_b_2026,2026-09-03,26,Náutico,Botafogo-SP,1,0,55,,substitution,,True,,,Todinho,J. Carlos,,,,
brasileirao_serie_b_2026,2026-09-03,26,Náutico,Botafogo-SP,1,0,55,,substitution,,True,,,K. Maranhão,B. Borasi,,,,
brasileirao_serie_b_2026,2026-09-03,26,Náutico,Botafogo-SP,1,0,63,,substitution,,False,,,Z. Hugo,W. Pinheiro,,,,
brasileirao_serie_b_2026,2026-09-03,26,Náutico,Botafogo-SP,1,0,63,,substitution,,False,,,Kelvin,Arthur Caíke,,,,
brasileirao_serie_b_2026,2026-09-03,26,Náutico,Botafogo-SP,1,0,69,,substitution,,True,,,L. Claudio,Derek,,,,
brasileirao_serie_b_2026,2026-09-03,26,Náutico,Botafogo-SP,1,0,69,,substitution,,True,,,Reginaldo,Arnaldo,,,,
brasileirao_serie_b_2026,2026-09-03,26,Náutico,Botafogo-SP,1,0,69,,card,Arnaldo,True,yellow,Foul,,,,,,
brasileirao_serie_b_2026,2026-09-03,26,Náutico,Botafogo-SP,1,0,75,,card,P. Brey,False,yellow,Foul,,,,,,
brasileirao_serie_b_2026,2026-09-03,26,Náutico,Botafogo-SP,1,0,76,,goal,L. Claudio,True,,,,,,,1,0
brasileirao_serie_b_2026,2026-09-03,26,Náutico,Botafogo-SP,1,0,79,,substitution,,True,,,Auremir,Wenderson,,,,
brasileirao_serie_b_2026,2026-09-03,26,Náutico,Botafogo-SP,1,0,81,,substitution,,False,,,L. Maciel,E. d. Silva,,,,
brasileirao_serie_b_2026,2026-09-03,26,Náutico,Botafogo-SP,1,0,81,,substitution,,False,,,Thiaguinho,R. Gava,,,,
brasileirao_serie_b_2026,2026-09-03,26,Náutico,Botafogo-SP,1,0,81,,substitution,,False,,,G. Queiróz,Hygor,,,,
brasileirao_serie_b_2026,2026-09-03,26,Náutico,Botafogo-SP,1,0,90,,period,,,,,,,FT,,1,0
brasileirao_serie_b_2026,2026-09-03,26,Náutico,Botafogo-SP,1,0,90,,card,K. Maranhão,True,yellow,Foul,,,,,,
