league,match_date,round_number,home_team,away_team,match_home_score,match_away_score,minute,added_time,type,player,is_home,card_type,reason,player_in,player_out,period_text,injury_length,incident_home_score,incident_away_score
brasileirao_serie_a_2026,2026-08-30,25,Vasco da Gama,Cruzeiro,3,1,90,,period,,,,,,,FT,,3,1
brasileirao_serie_a_2026,2026-08-30,25,Vasco da Gama,Cruzeiro,3,1,90,5,goal,F. Morais,False,,,,,,,3,1
brasileirao_serie_a_2026,2026-08-30,25,Vasco da Gama,Cruzeiro,3,1,90,4,card,L. Freitas,True,yellow,Argument,,,,,,
brasileirao_serie_a_2026,2026-08-30,25,Vasco da Gama,Cruzeiro,3,1,90,2,goal,David,True,,,,,,,3,0
brasileirao_serie_a_2026,2026-08-30,25,Vasco da Gama,Cruzeiro,3,1,90,,injuryTime,,,,,,,,6,,
brasileirao_serie_a_2026,2026-08-30,25,Vasco da Gama,Cruzeiro,3,1,85,,substitution,,True,,,R. Rique,Tchê Tchê,,,,
brasileirao_serie_a_2026,2026-08-30,25,Vasco da Gama,Cruzeiro,3,1,85,,substitution,,True,,,M. Hinestroza,A. Gómez,,,,
brasileirao_serie_a_2026,2026-08-30,25,Vasco da Gama,Cruzeiro,3,1,85,,substitution,,False,,,Wanderson,N. Villarreal,,,,
brasileirao_serie_a_2026,2026-08-30,25,Vasco da Gama,Cruzeiro,3,1,79,,substitution,,False,,,L. Silva,Zé Lucas,,,,
brasileirao_serie_a_2026,2026-08-30,25,Vasco da Gama,Cruzeiro,3,1,79,,substitution,,True,,,C. Barros,S. Sosa,,,,
brasileirao_serie_a_2026,2026-08-30,25,Vasco da Gama,Cruzeiro,3,1,79,,substitution,,True,,,David,F. Colidio,,,,
brasileirao_serie_a_2026,2026-08-30,25,Vasco da Gama,Cruzeiro,3,1,79,,substitution,,False,,,F. Morais,K. Kenji,,,,
brasileirao_serie_a_2026,2026-08-30,25,Vasco da Gama,Cruzeiro,3,1,70,,substitution,,True,,,P. Rodríguez,Adson,,,,
brasileirao_serie_a_2026,2026-08-30,25,Vasco da Gama,Cruzeiro,3,1,62,,substitution,,False,,,Wesley,J. Costa,,,,
brasileirao_serie_a_2026,2026-08-30,25,Vasco da Gama,Cruzeiro,3,1,62,,substitution,,False,,,M. Pereira,L. Rodríguez,,,,
brasileirao_serie_a_2026,2026-08-30,25,Vasco da Gama,Cruzeiro,3,1,55,,goal,L. Freitas,True,,,,,,,2,0
brasileirao_serie_a_2026,2026-08-30,25,Vasco da Gama,Cruzeiro,3,1,45,,period,,,,,,,HT,,1,0
brasileirao_serie_a_2026,2026-08-30,25,Vasco da Gama,Cruzeiro,3,1,45,,injuryTime,,,,,,,,5,,
brasileirao_serie_a_2026,2026-08-30,25,Vasco da Gama,Cruzeiro,3,1,33,,goal,Tchê Tchê,True,,,,,,,1,0
brasileirao_serie_a_2026,2026-08-30,25,Vasco da Gama,Cruzeiro,3,1,27,,card,Adson,True,yellow,Foul,,,,,,
brasileirao_serie_a_2026,2026-08-30,25,Vasco da Gama,Cruzeiro,3,1,24,,card,J. Marcelo,False,yellow,Foul,,,,,,
brasileirao_serie_a_2026,2026-08-29,25,São Paulo,Red Bull Bragantino,2,1,90,,period,,,,,,,FT,,2,1
brasileirao_serie_a_2026,2026-08-29,25,São Paulo,Red Bull Bragantino,2,1,90,5,card,J. Capixaba,False,yellow,Foul,,,,,,
brasileirao_serie_a_2026,2026-08-29,25,São Paulo,Red Bull Bragantino,2,1,90,,goal,Fernando,False,,,,,,,2,1
brasileirao_serie_a_2026,2026-08-29,25,São Paulo,Red Bull Bragantino,2,1,90,,injuryTime,,,,,,,,8,,
brasileirao_serie_a_2026,2026-08-29,25,São Paulo,Red Bull Bragantino,2,1,90,,varDecision,Fernando,False,,,,,,,,
brasileirao_serie_a_2026,2026-08-29,25,São Paulo,Red Bull Bragantino,2,1,86,,card,H. Mosquera,False,yellow,Foul,,,,,,
brasileirao_serie_a_2026,2026-08-29,25,São Paulo,Red Bull Bragantino,2,1,84,,card,A. Silva,True,yellow,Time wasting,,,,,,
brasileirao_serie_a_2026,2026-08-29,25,São Paulo,Red Bull Bragantino,2,1,84,,substitution,,True,,,D. Ferreira,Danielzinho,,,,
brasileirao_serie_a_2026,2026-08-29,25,São Paulo,Red Bull Bragantino,2,1,84,,substitution,,True,,,Ferreira,Artur,,,,
brasileirao_serie_a_2026,2026-08-29,25,São Paulo,Red Bull Bragantino,2,1,83,,card,P. Henrique,False,yellow,Argument,,,,,,
brasileirao_serie_a_2026,2026-08-29,25,São Paulo,Red Bull Bragantino,2,1,78,,substitution,,False,,,Y. A. d. Aquino,I. Pitta,,,,
brasileirao_serie_a_2026,2026-08-29,25,São Paulo,Red Bull Bragantino,2,1,71,,substitution,,True,,,L. Ramon,Luciano,,,,
brasileirao_serie_a_2026,2026-08-29,25,São Paulo,Red Bull Bragantino,2,1,71,,substitution,,True,,,P. Maia,A. Buta,,,,
brasileirao_serie_a_2026,2026-08-29,25,São Paulo,Red Bull Bragantino,2,1,68,,substitution,,False,,,G. Neves,J. Herrera,,,,
brasileirao_serie_a_2026,2026-08-29,25,São Paulo,Red Bull Bragantino,2,1,68,,substitution,,False,,,H. Mosquera,L. Barbosa,,,,
brasileirao_serie_a_2026,2026-08-29,25,São Paulo,Red Bull Bragantino,2,1,55,,substitution,,True,,,A. Silva,G. Santana,,,,
brasileirao_serie_a_2026,2026-08-29,25,São Paulo,Red Bull Bragantino,2,1,46,,substitution,,False,,,Fernando,Vinicinho,,,,
brasileirao_serie_a_2026,2026-08-29,25,São Paulo,Red Bull Bragantino,2,1,46,,substitution,,False,,,Fabinho,E. Ramires,,,,
brasileirao_serie_a_2026,2026-08-29,25,São Paulo,Red Bull Bragantino,2,1,45,,period,,,,,,,HT,,2,0
brasileirao_serie_a_2026,2026-08-29,25,São Paulo,Red Bull Bragantino,2,1,45,4,goal,G. Santana,True,,,,,,,2,0
brasileirao_serie_a_2026,2026-08-29,25,São Paulo,Red Bull Bragantino,2,1,45,,card,A. Sant Anna,False,yellow,Foul,,,,,,
brasileirao_serie_a_2026,2026-08-29,25,São Paulo,Red Bull Bragantino,2,1,45,,injuryTime,,,,,,,,8,,
brasileirao_serie_a_2026,2026-08-29,25,São Paulo,Red Bull Bragantino,2,1,14,,goal,Luciano,True,,,,,,,1,0
brasileirao_serie_a_2026,2026-08-29,25,São Paulo,Red Bull Bragantino,2,1,8,,varDecision,Luciano,True,,,,,,,,
brasileirao_serie_a_2026,2026-08-29,25,São Paulo,Red Bull Bragantino,2,1,90,,card,J. Calleri,True,yellow,Argument,,,,,,
brasileirao_serie_a_2026,2026-08-29,25,Atlético Mineiro,Vitória,2,1,90,,period,,,,,,,FT,,2,1
brasileirao_serie_a_2026,2026-08-29,25,Atlético Mineiro,Vitória,2,1,90,,substitution,,True,,,C. C. Soares,Reinier,,,,
brasileirao_serie_a_2026,2026-08-29,25,Atlético Mineiro,Vitória,2,1,90,,substitution,,True,,,V. Hugo,Alexsander,,,,
brasileirao_serie_a_2026,2026-08-29,25,Atlético Mineiro,Vitória,2,1,90,,injuryTime,,,,,,,,5,,
brasileirao_serie_a_2026,2026-08-29,25,Atlético Mineiro,Vitória,2,1,87,,goal,Erick,False,,,,,,,2,1
brasileirao_serie_a_2026,2026-08-29,25,Atlético Mineiro,Vitória,2,1,81,,substitution,,False,,,Walace,Caique,,,,
brasileirao_serie_a_2026,2026-08-29,25,Atlético Mineiro,Vitória,2,1,75,,substitution,,True,,,Dudu,A. Minda,,,,
brasileirao_serie_a_2026,2026-08-29,25,Atlético Mineiro,Vitória,2,1,69,,substitution,,False,,,Renê,A. Bruno,,,,
brasileirao_serie_a_2026,2026-08-29,25,Atlético Mineiro,Vitória,2,1,69,,substitution,,False,,,Matheuzinho,D. Tarzia,,,,
brasileirao_serie_a_2026,2026-08-29,25,Atlético Mineiro,Vitória,2,1,69,,substitution,,False,,,Erick,E. Martinez,,,,
brasileirao_serie_a_2026,2026-08-29,25,Atlético Mineiro,Vitória,2,1,63,,goal,Reinier,True,,,,,,,2,0
brasileirao_serie_a_2026,2026-08-29,25,Atlético Mineiro,Vitória,2,1,60,,substitution,,True,,,G. Scarpa,T. Borbas,,,,
brasileirao_serie_a_2026,2026-08-29,25,Atlético Mineiro,Vitória,2,1,59,,card,M. Cissé,True,yellow,Foul,,,,,,
brasileirao_serie_a_2026,2026-08-29,25,Atlético Mineiro,Vitória,2,1,46,,substitution,,False,,,Mateusinho,E. Brítez,,,,
brasileirao_serie_a_2026,2026-08-29,25,Atlético Mineiro,Vitória,2,1,45,,period,,,,,,,HT,,1,0
brasileirao_serie_a_2026,2026-08-29,25,Atlético Mineiro,Vitória,2,1,45,,injuryTime,,,,,,,,2,,
brasileirao_serie_a_2026,2026-08-29,25,Atlético Mineiro,Vitória,2,1,44,,card,Á. Preciado,True,yellow,Foul,,,,,,
brasileirao_serie_a_2026,2026-08-29,25,Atlético Mineiro,Vitória,2,1,35,,card,D. Tarzia,False,yellow,Foul,,,,,,
brasileirao_serie_a_2026,2026-08-29,25,Atlético Mineiro,Vitória,2,1,25,,goal,T. Borbas,True,,,,,,,1,0
brasileirao_serie_a_2026,2026-08-24,24,Botafogo,Athletico,2,3,90,,period,,,,,,,FT,,2,3
brasileirao_serie_a_2026,2026-08-24,24,Botafogo,Athletico,2,3,90,2,goal,S. Rodríguez,True,,,,,,,2,3
brasileirao_serie_a_2026,2026-08-24,24,Botafogo,Athletico,2,3,90,,injuryTime,,,,,,,,5,,
brasileirao_serie_a_2026,2026-08-24,24,Botafogo,Athletico,2,3,85,,goal,S. Rodríguez,True,,,,,,,1,3
brasileirao_serie_a_2026,2026-08-24,24,Botafogo,Athletico,2,3,85,,substitution,,False,,,R. P. Nepomuceno,K. Viveros,,,,
brasileirao_serie_a_2026,2026-08-24,24,Botafogo,Athletico,2,3,80,,substitution,,True,,,M. Martins,Á. Montoro,,,,
brasileirao_serie_a_2026,2026-08-24,24,Botafogo,Athletico,2,3,78,,goal,K. Viveros,False,,,,,,,0,3
brasileirao_serie_a_2026,2026-08-24,24,Botafogo,Athletico,2,3,77,,card,Dantas,False,yellow,Foul,,,,,,
brasileirao_serie_a_2026,2026-08-24,24,Botafogo,Athletico,2,3,72,,substitution,,True,,,S. Rodríguez,Edenilson,,,,
brasileirao_serie_a_2026,2026-08-24,24,Botafogo,Athletico,2,3,68,,card,Edenilson,True,yellow,Argument,,,,,,
brasileirao_serie_a_2026,2026-08-24,24,Botafogo,Athletico,2,3,63,,substitution,,True,,,K. Barría,C. Medina,,,,
brasileirao_serie_a_2026,2026-08-24,24,Botafogo,Athletico,2,3,63,,substitution,,True,,,Huguinho,Allan,,,,
brasileirao_serie_a_2026,2026-08-24,24,Botafogo,Athletico,2,3,61,,substitution,,False,,,Dudu,J. Cruz,,,,
brasileirao_serie_a_2026,2026-08-24,24,Botafogo,Athletico,2,3,46,,substitution,,False,,,J. Portilla,L. Gustavo,,,,
brasileirao_serie_a_2026,2026-08-24,24,Botafogo,Athletico,2,3,46,,substitution,,False,,,K. C. Vargas,Leozinho,,,,
brasileirao_serie_a_2026,2026-08-24,24,Botafogo,Athletico,2,3,46,,substitution,,True,,,J. Santos,K. Toledo,,,,
brasileirao_serie_a_2026,2026-08-24,24,Botafogo,Athletico,2,3,45,,period,,,,,,,HT,,0,2
brasileirao_serie_a_2026,2026-08-24,24,Botafogo,Athletico,2,3,45,,injuryTime,,,,,,,,2,,
brasileirao_serie_a_2026,2026-08-24,24,Botafogo,Athletico,2,3,35,,card,K. Toledo,True,yellow,Foul,,,,,,
brasileirao_serie_a_2026,2026-08-24,24,Botafogo,Athletico,2,3,13,,goal,K. Viveros,False,,,,,,,0,2
brasileirao_serie_a_2026,2026-08-24,24,Botafogo,Athletico,2,3,11,,goal,J. Cruz,False,,,,,,,0,1
brasileirao_serie_a_2026,2026-08-23,24,Coritiba,Corinthians,2,1,90,,period,,,,,,,FT,,2,1
brasileirao_serie_a_2026,2026-08-23,24,Coritiba,Corinthians,2,1,90,3,goal,Raniele,False,,,,,,,2,1
brasileirao_serie_a_2026,2026-08-23,24,Coritiba,Corinthians,2,1,90,,injuryTime,,,,,,,,6,,
brasileirao_serie_a_2026,2026-08-23,24,Coritiba,Corinthians,2,1,84,,substitution,,True,,,L. Taverna,J.P. Chermont,,,,
brasileirao_serie_a_2026,2026-08-23,24,Coritiba,Corinthians,2,1,84,,substitution,,True,,,F. Sobral,Josué,,,,
brasileirao_serie_a_2026,2026-08-23,24,Coritiba,Corinthians,2,1,82,,substitution,,False,,,J. Lingard,Kaio César,,,,
brasileirao_serie_a_2026,2026-08-23,24,Coritiba,Corinthians,2,1,75,,goal,P. Roberto,True,,,,,,,2,0
brasileirao_serie_a_2026,2026-08-23,24,Coritiba,Corinthians,2,1,72,,substitution,,True,,,Fabinho,J. Lavega,,,,
brasileirao_serie_a_2026,2026-08-23,24,Coritiba,Corinthians,2,1,72,,substitution,,False,,,Dieguinho,A. Carrillo,,,,
brasileirao_serie_a_2026,2026-08-23,24,Coritiba,Corinthians,2,1,71,,substitution,,False,,,G. Negão,B. Bidon,,,,
brasileirao_serie_a_2026,2026-08-23,24,Coritiba,Corinthians,2,1,67,,card,V. G. Tissi,True,yellow,Argument,,,,,,
brasileirao_serie_a_2026,2026-08-23,24,Coritiba,Corinthians,2,1,67,,card,M. Pereira,False,yellow,Argument,,,,,,
brasileirao_serie_a_2026,2026-08-23,24,Coritiba,Corinthians,2,1,62,,substitution,,True,,,V. G. Tissi,T. Santos,,,,
brasileirao_serie_a_2026,2026-08-23,24,Coritiba,Corinthians,2,1,62,,substitution,,True,,,P. Roberto,P. Rocha,,,,
brasileirao_serie_a_2026,2026-08-23,24,Coritiba,Corinthians,2,1,46,,substitution,,False,,,M. Depay,P. Raul,,,,
brasileirao_serie_a_2026,2026-08-23,24,Coritiba,Corinthians,2,1,46,,substitution,,False,,,M. Pereira,P. Milans,,,,
brasileirao_serie_a_2026,2026-08-23,24,Coritiba,Corinthians,2,1,45,,period,,,,,,,HT,,1,0
brasileirao_serie_a_2026,2026-08-23,24,Coritiba,Corinthians,2,1,45,,injuryTime,,,,,,,,4,,
brasileirao_serie_a_2026,2026-08-23,24,Coritiba,Corinthians,2,1,42,,card,T. Santos,True,yellow,Argument,,,,,,
brasileirao_serie_a_2026,2026-08-23,24,Coritiba,Corinthians,2,1,42,,card,B. Bidon,False,yellow,Argument,,,,,,
brasileirao_serie_a_2026,2026-08-23,24,Coritiba,Corinthians,2,1,40,,goal,P. Rocha,True,,,,,,,1,0
brasileirao_serie_a_2026,2026-08-23,24,Coritiba,Corinthians,2,1,90,,card,F. Seabra,True,yellow,Argument,,,,,,
brasileirao_serie_a_2026,2026-08-23,24,Santos,Mirassol,1,1,90,,period,,,,,,,FT,,1,1
brasileirao_serie_a_2026,2026-08-23,24,Santos,Mirassol,1,1,90,,injuryTime,,,,,,,,7,,
brasileirao_serie_a_2026,2026-08-23,24,Santos,Mirassol,1,1,88,,card,Neymar,True,yellow,Foul,,,,,,
brasileirao_serie_a_2026,2026-08-23,24,Santos,Mirassol,1,1,82,,substitution,,True,,,G. Caballero,G. Barbosa,,,,
brasileirao_serie_a_2026,2026-08-23,24,Santos,Mirassol,1,1,82,,substitution,,True,,,Davizinho,I. Vinícius,,,,
brasileirao_serie_a_2026,2026-08-23,24,Santos,Mirassol,1,1,78,,substitution,,False,,,Fernandinho,Alesson,,,,
brasileirao_serie_a_2026,2026-08-23,24,Santos,Mirassol,1,1,78,,substitution,,False,,,C. Eduardo,B. Santos,,,,
brasileirao_serie_a_2026,2026-08-23,24,Santos,Mirassol,1,1,76,,card,Igor Formiga,False,yellow,Foul,,,,,,
brasileirao_serie_a_2026,2026-08-23,24,Santos,Mirassol,1,1,74,,substitution,,True,,,Thaciano,Á. Barreal,,,,
brasileirao_serie_a_2026,2026-08-23,24,Santos,Mirassol,1,1,73,,card,Wallisson Luiz,False,red,Professional foul last man,,,,,,
brasileirao_serie_a_2026,2026-08-23,24,Santos,Mirassol,1,1,70,,varDecision,Wallisson Luiz,False,,,,,,,,
brasileirao_serie_a_2026,2026-08-23,24,Santos,Mirassol,1,1,68,,goal,Á. Barreal,True,,,,,,,1,1
brasileirao_serie_a_2026,2026-08-23,24,Santos,Mirassol,1,1,61,,substitution,,False,,,Japa,Eduardo,,,,
brasileirao_serie_a_2026,2026-08-23,24,Santos,Mirassol,1,1,61,,substitution,,False,,,Wallisson Luiz,G. Cazonatti,,,,
brasileirao_serie_a_2026,2026-08-23,24,Santos,Mirassol,1,1,61,,substitution,,True,,,B. Rollheiser,J. Schmidt,,,,
brasileirao_serie_a_2026,2026-08-23,24,Santos,Mirassol,1,1,46,,substitution,,True,,,G. Bontempo,Rony,,,,
brasileirao_serie_a_2026,2026-08-23,24,Santos,Mirassol,1,1,45,,period,,,,,,,HT,,0,1
brasileirao_serie_a_2026,2026-08-23,24,Santos,Mirassol,1,1,45,,injuryTime,,,,,,,,3,,
brasileirao_serie_a_2026,2026-08-23,24,Santos,Mirassol,1,1,36,,goal,Eduardo,False,,,,,,,0,1
brasileirao_serie_a_2026,2026-08-23,24,Santos,Mirassol,1,1,28,,substitution,,False,,,L. Oliveira,Gabriel,,,,
brasileirao_serie_a_2026,2026-08-23,24,Santos,Mirassol,1,1,24,,card,N. Moura,False,yellow,Foul,,,,,,
brasileirao_serie_a_2026,2026-08-23,24,Santos,Mirassol,1,1,22,,card,Gabriel,False,yellow,Foul,,,,,,
brasileirao_serie_a_2026,2026-08-23,24,Santos,Mirassol,1,1,20,,card,J. Schmidt,True,yellow,Foul,,,,,,
brasileirao_serie_a_2026,2026-08-23,24,Chapecoense,São Paulo,1,0,90,,period,,,,,,,FT,,1,0
brasileirao_serie_a_2026,2026-08-23,24,Chapecoense,São Paulo,1,0,90,,injuryTime,,,,,,,,5,,
brasileirao_serie_a_2026,2026-08-23,24,Chapecoense,São Paulo,1,0,88,,card,Camilo,True,yellow,Time wasting,,,,,,
brasileirao_serie_a_2026,2026-08-23,24,Chapecoense,São Paulo,1,0,76,,substitution,,False,,,P. Ferreira,Cauly,,,,
brasileirao_serie_a_2026,2026-08-23,24,Chapecoense,São Paulo,1,0,74,,substitution,,True,,,Fernando,Y. Felipe,,,,
brasileirao_serie_a_2026,2026-08-23,24,Chapecoense,São Paulo,1,0,74,,substitution,,True,,,B. Matias,G. Augusto,,,,
brasileirao_serie_a_2026,2026-08-23,24,Chapecoense,São Paulo,1,0,74,,substitution,,True,,,F. Rossi,T. E. S. d. Oliveira,,,,
brasileirao_serie_a_2026,2026-08-23,24,Chapecoense,São Paulo,1,0,74,,card,Y. Felipe,True,yellow,Foul,,,,,,
brasileirao_serie_a_2026,2026-08-23,24,Chapecoense,São Paulo,1,0,72,,card,Luciano,False,yellow,Argument,,,,,,
brasileirao_serie_a_2026,2026-08-23,24,Chapecoense,São Paulo,1,0,66,,substitution,,False,,,Ferreira,P. Maia,,,,
brasileirao_serie_a_2026,2026-08-23,24,Chapecoense,São Paulo,1,0,65,,substitution,,False,,,Newton,L. Ramon,,,,
brasileirao_serie_a_2026,2026-08-23,24,Chapecoense,São Paulo,1,0,65,,substitution,,True,,,Everton,Heitor,,,,
brasileirao_serie_a_2026,2026-08-23,24,Chapecoense,São Paulo,1,0,62,,card,Marcinho,True,yellow,Foul,,,,,,
brasileirao_serie_a_2026,2026-08-23,24,Chapecoense,São Paulo,1,0,58,,substitution,,True,,,Maurício Garcez,D. Borrero,,,,
brasileirao_serie_a_2026,2026-08-23,24,Chapecoense,São Paulo,1,0,46,,substitution,,False,,,M. Antônio,Danielzinho,,,,
brasileirao_serie_a_2026,2026-08-23,24,Chapecoense,São Paulo,1,0,45,,period,,,,,,,HT,,1,0
brasileirao_serie_a_2026,2026-08-23,24,Chapecoense,São Paulo,1,0,45,,injuryTime,,,,,,,,4,,
brasileirao_serie_a_2026,2026-08-23,24,Chapecoense,São Paulo,1,0,31,,substitution,,False,,,G. Santana,J. Calleri,,,,
brasileirao_serie_a_2026,2026-08-23,24,Chapecoense,São Paulo,1,0,26,,goal,B. Pacheco,True,,,,,,,1,0
brasileirao_serie_a_2026,2026-08-23,24,Vitória,Bahia,0,2,90,,period,,,,,,,FT,,0,2
brasileirao_serie_a_2026,2026-08-23,24,Vitória,Bahia,0,2,90,8,card,Marinho,True,yellow,Argument,,,,,,
brasileirao_serie_a_2026,2026-08-23,24,Vitória,Bahia,0,2,90,7,card,J. Lucas,False,yellow,,,,,,,
brasileirao_serie_a_2026,2026-08-23,24,Vitória,Bahia,0,2,90,7,card,Cacá,True,yellow,Argument,,,,,,
brasileirao_serie_a_2026,2026-08-23,24,Vitória,Bahia,0,2,90,7,goal,J. Lucas,False,,,,,,,0,2
brasileirao_serie_a_2026,2026-08-23,24,Vitória,Bahia,0,2,90,4,substitution,,False,,,Everaldo,A. Véliz,,,,
brasileirao_serie_a_2026,2026-08-23,24,Vitória,Bahia,0,2,90,2,card,Ramon,True,yellow,Foul,,,,,,
brasileirao_serie_a_2026,2026-08-23,24,Vitória,Bahia,0,2,90,,injuryTime,,,,,,,,8,,
brasileirao_serie_a_2026,2026-08-23,24,Vitória,Bahia,0,2,82,,substitution,,False,,,R. Pablo,E. Pulga,,,,
brasileirao_serie_a_2026,2026-08-23,24,Vitória,Bahia,0,2,82,,substitution,,False,,,M. Araújo,R. Nestor,,,,
brasileirao_serie_a_2026,2026-08-23,24,Vitória,Bahia,0,2,78,,card,E. Pulga,False,yellow,Foul,,,,,,
brasileirao_serie_a_2026,2026-08-23,24,Vitória,Bahia,0,2,77,,substitution,,True,,,Mateusinho,E. Brítez,,,,
brasileirao_serie_a_2026,2026-08-23,24,Vitória,Bahia,0,2,71,,substitution,,False,,,J. Lucas,Erick,,,,
brasileirao_serie_a_2026,2026-08-23,24,Vitória,Bahia,0,2,70,,substitution,,True,,,R. Kayzer,Matheuzinho,,,,
brasileirao_serie_a_2026,2026-08-23,24,Vitória,Bahia,0,2,67,,goal,A. Véliz,False,,,,,,,0,1
brasileirao_serie_a_2026,2026-08-23,24,Vitória,Bahia,0,2,63,,substitution,,True,,,Marinho,Erick,,,,
brasileirao_serie_a_2026,2026-08-23,24,Vitória,Bahia,0,2,46,,substitution,,True,,,T. Pochettino,D. Tarzia,,,,
brasileirao_serie_a_2026,2026-08-23,24,Vitória,Bahia,0,2,46,,substitution,,True,,,E. Martinez,Walace,,,,
brasileirao_serie_a_2026,2026-08-23,24,Vitória,Bahia,0,2,45,,period,,,,,,,HT,,0,0
brasileirao_serie_a_2026,2026-08-23,24,Vitória,Bahia,0,2,45,,injuryTime,,,,,,,,3,,
brasileirao_serie_a_2026,2026-08-23,24,Vitória,Bahia,0,2,42,,card,R. Nestor,False,yellow,Foul,,,,,,
brasileirao_serie_a_2026,2026-08-23,24,Vitória,Bahia,0,2,26,,card,Matheuzinho,True,yellow,Foul,,,,,,
brasileirao_serie_a_2026,2026-08-23,24,Red Bull Bragantino,Grêmio,1,0,90,,period,,,,,,,FT,,1,0
brasileirao_serie_a_2026,2026-08-23,24,Red Bull Bragantino,Grêmio,1,0,90,5,goal,G. Marques,True,,,,,,,1,0
brasileirao_serie_a_2026,2026-08-23,24,Red Bull Bragantino,Grêmio,1,0,90,2,substitution,,False,,,D. Barbosa,E. Noriega,,,,
brasileirao_serie_a_2026,2026-08-23,24,Red Bull Bragantino,Grêmio,1,0,90,,injuryTime,,,,,,,,5,,
brasileirao_serie_a_2026,2026-08-23,24,Red Bull Bragantino,Grêmio,1,0,88,,substitution,,False,,,C. Vinícius,F. Krovinović,,,,
brasileirao_serie_a_2026,2026-08-23,24,Red Bull Bragantino,Grêmio,1,0,86,,substitution,,True,,,Y. A. d. Aquino,Vinicinho,,,,
brasileirao_serie_a_2026,2026-08-23,24,Red Bull Bragantino,Grêmio,1,0,86,,substitution,,True,,,G. Neves,Rodriguinho,,,,
brasileirao_serie_a_2026,2026-08-23,24,Red Bull Bragantino,Grêmio,1,0,86,,card,Wallace,False,yellow,Foul,,,,,,
brasileirao_serie_a_2026,2026-08-23,24,Red Bull Bragantino,Grêmio,1,0,76,,card,Weverton,False,yellow,Argument,,,,,,
brasileirao_serie_a_2026,2026-08-23,24,Red Bull Bragantino,Grêmio,1,0,72,,substitution,,True,,,E. Sasha,L. Barbosa,,,,
brasileirao_serie_a_2026,2026-08-23,24,Red Bull Bragantino,Grêmio,1,0,72,,card,A. Sant Anna,True,yellow,Foul,,,,,,
brasileirao_serie_a_2026,2026-08-23,24,Red Bull Bragantino,Grêmio,1,0,64,,substitution,,True,,,H. Mosquera,J. Herrera,,,,
brasileirao_serie_a_2026,2026-08-23,24,Red Bull Bragantino,Grêmio,1,0,64,,substitution,,True,,,Fabinho,E. Ramires,,,,
brasileirao_serie_a_2026,2026-08-23,24,Red Bull Bragantino,Grêmio,1,0,64,,substitution,,False,,,J. Cabral,F. Amuzu,,,,
brasileirao_serie_a_2026,2026-08-23,24,Red Bull Bragantino,Grêmio,1,0,46,,substitution,,False,,,C. Pavón,Tetê,,,,
brasileirao_serie_a_2026,2026-08-23,24,Red Bull Bragantino,Grêmio,1,0,45,,period,,,,,,,HT,,0,0
brasileirao_serie_a_2026,2026-08-23,24,Red Bull Bragantino,Grêmio,1,0,45,3,card,E. Noriega,False,yellow,Foul,,,,,,
brasileirao_serie_a_2026,2026-08-23,24,Red Bull Bragantino,Grêmio,1,0,45,,injuryTime,,,,,,,,4,,
brasileirao_serie_a_2026,2026-08-23,24,Red Bull Bragantino,Grêmio,1,0,25,,card,J. Capixaba,True,yellow,Foul,,,,,,
brasileirao_serie_a_2026,2026-08-23,24,Red Bull Bragantino,Grêmio,1,0,15,,varDecision,J. Herrera,True,,,,,,,,
brasileirao_serie_a_2026,2026-08-23,24,Palmeiras,Vasco da Gama,4,1,90,,period,,,,,,,FT,,4,1
brasileirao_serie_a_2026,2026-08-23,24,Palmeiras,Vasco da Gama,4,1,90,4,goal,F. Colidio,False,,,,,,,4,1
brasileirao_serie_a_2026,2026-08-23,24,Palmeiras,Vasco da Gama,4,1,90,,injuryTime,,,,,,,,6,,
brasileirao_serie_a_2026,2026-08-23,24,Palmeiras,Vasco da Gama,4,1,89,,goal,J. López,True,,,,,,,4,0
brasileirao_serie_a_2026,2026-08-23,24,Palmeiras,Vasco da Gama,4,1,83,,substitution,,True,,,Khellven,A. Giay,,,,
brasileirao_serie_a_2026,2026-08-23,24,Palmeiras,Vasco da Gama,4,1,83,,card,R. Renan,False,yellow,Foul,,,,,,
brasileirao_serie_a_2026,2026-08-23,24,Palmeiras,Vasco da Gama,4,1,72,,substitution,,False,,,M. Hinestroza,A. Gómez,,,,
brasileirao_serie_a_2026,2026-08-23,24,Palmeiras,Vasco da Gama,4,1,71,,substitution,,True,,,E. Martínez,M. Freitas,,,,
brasileirao_serie_a_2026,2026-08-23,24,Palmeiras,Vasco da Gama,4,1,71,,substitution,,True,,,J. Arias,V. Roque,,,,
brasileirao_serie_a_2026,2026-08-23,24,Palmeiras,Vasco da Gama,4,1,71,,substitution,,True,,,F. Anderson,Allan,,,,
brasileirao_serie_a_2026,2026-08-23,24,Palmeiras,Vasco da Gama,4,1,65,,substitution,,False,,,F. Colidio,David,,,,
brasileirao_serie_a_2026,2026-08-23,24,Palmeiras,Vasco da Gama,4,1,65,,substitution,,False,,,N. Moreira,Adson,,,,
brasileirao_serie_a_2026,2026-08-23,24,Palmeiras,Vasco da Gama,4,1,58,,substitution,,False,,,R. Rique,T. Mendes,,,,
brasileirao_serie_a_2026,2026-08-23,24,Palmeiras,Vasco da Gama,4,1,58,,substitution,,False,,,R. A. d. S. Fortes,Cuiabano,,,,
brasileirao_serie_a_2026,2026-08-23,24,Palmeiras,Vasco da Gama,4,1,56,,goal,Mauricio,True,,,,,,,3,0
brasileirao_serie_a_2026,2026-08-23,24,Palmeiras,Vasco da Gama,4,1,51,,goal,V. Roque,True,,,,,,,2,0
brasileirao_serie_a_2026,2026-08-23,24,Palmeiras,Vasco da Gama,4,1,50,,card,T. Mendes,False,yellow,Argument,,,,,,
brasileirao_serie_a_2026,2026-08-23,24,Palmeiras,Vasco da Gama,4,1,47,,goal,J. López,True,,,,,,,1,0
brasileirao_serie_a_2026,2026-08-23,24,Palmeiras,Vasco da Gama,4,1,46,,substitution,,True,,,Murilo,A. Barboza,,,,
brasileirao_serie_a_2026,2026-08-23,24,Palmeiras,Vasco da Gama,4,1,45,,period,,,,,,,HT,,0,0
brasileirao_serie_a_2026,2026-08-23,24,Palmeiras,Vasco da Gama,4,1,45,,injuryTime,,,,,,,,2,,
brasileirao_serie_a_2026,2026-08-23,24,Palmeiras,Vasco da Gama,4,1,44,,card,A. Gómez,False,yellow,Persistent fouling,,,,,,
brasileirao_serie_a_2026,2026-08-23,24,Palmeiras,Vasco da Gama,4,1,9,,card,M. Freitas,True,yellow,Foul,,,,,,
brasileirao_serie_a_2026,2026-08-22,24,Cruzeiro,Flamengo,2,1,90,,period,,,,,,,FT,,2,1
brasileirao_serie_a_2026,2026-08-22,24,Cruzeiro,Flamengo,2,1,90,5,goal,M. Pereira,True,,,,,,,2,1
brasileirao_serie_a_2026,2026-08-22,24,Cruzeiro,Flamengo,2,1,90,,injuryTime,,,,,,,,5,,
brasileirao_serie_a_2026,2026-08-22,24,Cruzeiro,Flamengo,2,1,86,,substitution,,True,,,Zé Lucas,M. Henrique,,,,
brasileirao_serie_a_2026,2026-08-22,24,Cruzeiro,Flamengo,2,1,86,,card,Wesley,True,yellow,Foul,,,,,,
brasileirao_serie_a_2026,2026-08-22,24,Cruzeiro,Flamengo,2,1,83,,substitution,,False,,,L. Araújo,Pedro,,,,
brasileirao_serie_a_2026,2026-08-22,24,Cruzeiro,Flamengo,2,1,82,,card,B. Henrique,False,yellow,Foul,,,,,,
brasileirao_serie_a_2026,2026-08-22,24,Cruzeiro,Flamengo,2,1,76,,substitution,,True,,,N. Villarreal,K. Jorge,,,,
brasileirao_serie_a_2026,2026-08-22,24,Cruzeiro,Flamengo,2,1,75,,substitution,,True,,,K. Kenji,K. Arroyo,,,,
brasileirao_serie_a_2026,2026-08-22,24,Cruzeiro,Flamengo,2,1,75,,substitution,,True,,,Gerson,L. Romero,,,,
brasileirao_serie_a_2026,2026-08-22,24,Cruzeiro,Flamengo,2,1,72,,substitution,,False,,,E. Araujo,E. Pulgar,,,,
brasileirao_serie_a_2026,2026-08-22,24,Cruzeiro,Flamengo,2,1,72,,substitution,,False,,,B. Henrique,L. Paquetá,,,,
brasileirao_serie_a_2026,2026-08-22,24,Cruzeiro,Flamengo,2,1,63,,substitution,,False,,,Jorginho,G. de Arrascaeta,,,,
brasileirao_serie_a_2026,2026-08-22,24,Cruzeiro,Flamengo,2,1,63,,substitution,,False,,,G. Plata,S. Lino,,,,
brasileirao_serie_a_2026,2026-08-22,24,Cruzeiro,Flamengo,2,1,55,,goal,K. Arroyo,True,,,,,,,1,1
brasileirao_serie_a_2026,2026-08-22,24,Cruzeiro,Flamengo,2,1,46,,substitution,,True,,,Wesley,J. Costa,,,,
brasileirao_serie_a_2026,2026-08-22,24,Cruzeiro,Flamengo,2,1,45,,period,,,,,,,HT,,0,1
brasileirao_serie_a_2026,2026-08-22,24,Cruzeiro,Flamengo,2,1,45,,injuryTime,,,,,,,,1,,
brasileirao_serie_a_2026,2026-08-22,24,Cruzeiro,Flamengo,2,1,36,,card,J. Marcelo,True,yellow,Foul,,,,,,
brasileirao_serie_a_2026,2026-08-22,24,Cruzeiro,Flamengo,2,1,22,,goal,Pedro,False,,,,,,,0,1
brasileirao_serie_a_2026,2026-08-22,24,Cruzeiro,Flamengo,2,1,20,,card,F. Bruno,True,yellow,Foul,,,,,,
brasileirao_serie_a_2026,2026-08-22,24,Internacional,Atlético Mineiro,0,0,90,,period,,,,,,,FT,,0,0
brasileirao_serie_a_2026,2026-08-22,24,Internacional,Atlético Mineiro,0,0,90,10,card,G. Maripán,True,yellow,Argument,,,,,,
brasileirao_serie_a_2026,2026-08-22,24,Internacional,Atlético Mineiro,0,0,90,10,card,K. Castaño,False,yellow,Argument,,,,,,
brasileirao_serie_a_2026,2026-08-22,24,Internacional,Atlético Mineiro,0,0,90,9,card,G. Mercado,True,yellow,Argument,,,,,,
brasileirao_serie_a_2026,2026-08-22,24,Internacional,Atlético Mineiro,0,0,90,9,card,P. Paula,True,yellow,Argument,,,,,,
brasileirao_serie_a_2026,2026-08-22,24,Internacional,Atlético Mineiro,0,0,90,2,substitution,,True,,,J. Juninho,B. Gomes,,,,
brasileirao_serie_a_2026,2026-08-22,24,Internacional,Atlético Mineiro,0,0,90,2,substitution,,True,,,Allex,A. Patrick,,,,
brasileirao_serie_a_2026,2026-08-22,24,Internacional,Atlético Mineiro,0,0,90,,injuryTime,,,,,,,,10,,
brasileirao_serie_a_2026,2026-08-22,24,Internacional,Atlético Mineiro,0,0,81,,substitution,,False,,,A. Franco,M. Cissé,,,,
brasileirao_serie_a_2026,2026-08-22,24,Internacional,Atlético Mineiro,0,0,78,,substitution,,True,,,N. Eliasson,J. Carbonero,,,,
brasileirao_serie_a_2026,2026-08-22,24,Internacional,Atlético Mineiro,0,0,78,,substitution,,True,,,P. Paula,B. Henrique,,,,
brasileirao_serie_a_2026,2026-08-22,24,Internacional,Atlético Mineiro,0,0,77,,substitution,,True,,,Anthoni,M. Cunha,,,,
brasileirao_serie_a_2026,2026-08-22,24,Internacional,Atlético Mineiro,0,0,72,,card,R. Villagra,True,yellow,Foul,,,,,,
brasileirao_serie_a_2026,2026-08-22,24,Internacional,Atlético Mineiro,0,0,69,,card,K. P. Resende,False,yellow,Foul,,,,,,
brasileirao_serie_a_2026,2026-08-22,24,Internacional,Atlético Mineiro,0,0,64,,substitution,,False,,,Dudu,R. Lodi,,,,
brasileirao_serie_a_2026,2026-08-22,24,Internacional,Atlético Mineiro,0,0,63,,substitution,,False,,,V. Hugo,Ruan,,,,
brasileirao_serie_a_2026,2026-08-22,24,Internacional,Atlético Mineiro,0,0,62,,card,Fred,False,yellow,Foul,,,,,,
brasileirao_serie_a_2026,2026-08-22,24,Internacional,Atlético Mineiro,0,0,48,,card,B. Gomes,True,yellow,Foul,,,,,,
brasileirao_serie_a_2026,2026-08-22,24,Internacional,Atlético Mineiro,0,0,46,,substitution,,False,,,Fred,Bernard,,,,
brasileirao_serie_a_2026,2026-08-22,24,Internacional,Atlético Mineiro,0,0,46,,substitution,,False,,,K. Castaño,T. Pérez,,,,
brasileirao_serie_a_2026,2026-08-22,24,Internacional,Atlético Mineiro,0,0,45,,period,,,,,,,HT,,0,0
brasileirao_serie_a_2026,2026-08-22,24,Internacional,Atlético Mineiro,0,0,45,,injuryTime,,,,,,,,2,,
brasileirao_serie_a_2026,2026-08-22,24,Fluminense,Remo,2,1,90,,period,,,,,,,FT,,2,1
brasileirao_serie_a_2026,2026-08-22,24,Fluminense,Remo,2,1,90,,injuryTime,,,,,,,,5,,
brasileirao_serie_a_2026,2026-08-22,24,Fluminense,Remo,2,1,89,,substitution,,False,,,Patrick,Marllon,,,,
brasileirao_serie_a_2026,2026-08-22,24,Fluminense,Remo,2,1,89,,substitution,,False,,,L. Picco,Zé Ricardo,,,,
brasileirao_serie_a_2026,2026-08-22,24,Fluminense,Remo,2,1,83,,goal,K. Serna,True,,,,,,,2,1
brasileirao_serie_a_2026,2026-08-22,24,Fluminense,Remo,2,1,83,,substitution,,True,,,R. Felipe,Y. Soteldo,,,,
brasileirao_serie_a_2026,2026-08-22,24,Fluminense,Remo,2,1,81,,card,Y. Pikachu,False,yellow,Foul,,,,,,
brasileirao_serie_a_2026,2026-08-22,24,Fluminense,Remo,2,1,76,,substitution,,True,,,G. Cano,Hulk,,,,
brasileirao_serie_a_2026,2026-08-22,24,Fluminense,Remo,2,1,70,,substitution,,False,,,A. Manga,Jajá,,,,
brasileirao_serie_a_2026,2026-08-22,24,Fluminense,Remo,2,1,70,,substitution,,False,,,A. Galeano,Marcelinho,,,,
brasileirao_serie_a_2026,2026-08-22,24,Fluminense,Remo,2,1,66,,goal,Hulk,True,,,,,,,1,1
brasileirao_serie_a_2026,2026-08-22,24,Fluminense,Remo,2,1,61,,substitution,,False,,,D. Braga,V. Bueno,,,,
brasileirao_serie_a_2026,2026-08-22,24,Fluminense,Remo,2,1,46,,substitution,,True,,,K. Serna,A. Canobbio,,,,
brasileirao_serie_a_2026,2026-08-22,24,Fluminense,Remo,2,1,46,,substitution,,True,,,Nonato,Hércules,,,,
brasileirao_serie_a_2026,2026-08-22,24,Fluminense,Remo,2,1,45,,period,,,,,,,HT,,0,1
brasileirao_serie_a_2026,2026-08-22,24,Fluminense,Remo,2,1,45,,injuryTime,,,,,,,,3,,
brasileirao_serie_a_2026,2026-08-22,24,Fluminense,Remo,2,1,44,,substitution,,True,,,J. Fidelis,S. Xavier,,,,
brasileirao_serie_a_2026,2026-08-22,24,Fluminense,Remo,2,1,31,,goal,Jajá,False,,,,,,,0,1
brasileirao_serie_a_2026,2026-08-22,24,Fluminense,Remo,2,1,4,,card,Hércules,True,yellow,Foul,,,,,,
brasileirao_serie_a_2026,2026-08-17,23,Internacional,Remo,1,1,90,,period,,,,,,,FT,,1,1
brasileirao_serie_a_2026,2026-08-17,23,Internacional,Remo,1,1,90,5,card,V. Bueno,False,yellow,,,,,,,
brasileirao_serie_a_2026,2026-08-17,23,Internacional,Remo,1,1,90,5,goal,V. Bueno,False,,,,,,,1,1
brasileirao_serie_a_2026,2026-08-17,23,Internacional,Remo,1,1,90,,injuryTime,,,,,,,,4,,
brasileirao_serie_a_2026,2026-08-17,23,Internacional,Remo,1,1,87,,substitution,,True,,,F. Torres,Vitinho,,,,
brasileirao_serie_a_2026,2026-08-17,23,Internacional,Remo,1,1,87,,substitution,,True,,,Allex,A. Bernabei,,,,
brasileirao_serie_a_2026,2026-08-17,23,Internacional,Remo,1,1,83,,substitution,,False,,,D. Braga,Marllon,,,,
brasileirao_serie_a_2026,2026-08-17,23,Internacional,Remo,1,1,82,,card,M. Bahia,True,yellow,Foul,,,,,,
brasileirao_serie_a_2026,2026-08-17,23,Internacional,Remo,1,1,75,,substitution,,True,,,Alerrandro,J. Carbonero,,,,
brasileirao_serie_a_2026,2026-08-17,23,Internacional,Remo,1,1,66,,card,Zé Ricardo,False,yellow,Foul,,,,,,
brasileirao_serie_a_2026,2026-08-17,23,Internacional,Remo,1,1,64,,substitution,,False,,,A. Manga,Jajá,,,,
brasileirao_serie_a_2026,2026-08-17,23,Internacional,Remo,1,1,64,,substitution,,False,,,Patrick,Zé Welison,,,,
brasileirao_serie_a_2026,2026-08-17,23,Internacional,Remo,1,1,64,,substitution,,True,,,Calebe,A. Patrick,,,,
brasileirao_serie_a_2026,2026-08-17,23,Internacional,Remo,1,1,63,,substitution,,True,,,P. Paula,B. Henrique,,,,
brasileirao_serie_a_2026,2026-08-17,23,Internacional,Remo,1,1,58,,card,Jajá,False,yellow,Foul,,,,,,
brasileirao_serie_a_2026,2026-08-17,23,Internacional,Remo,1,1,49,,card,Marllon,False,yellow,Foul,,,,,,
brasileirao_serie_a_2026,2026-08-17,23,Internacional,Remo,1,1,46,,substitution,,False,,,A. Galeano,Marcelinho,,,,
brasileirao_serie_a_2026,2026-08-17,23,Internacional,Remo,1,1,46,,substitution,,False,,,V. Bueno,L. Picco,,,,
brasileirao_serie_a_2026,2026-08-17,23,Internacional,Remo,1,1,45,,period,,,,,,,HT,,1,0
brasileirao_serie_a_2026,2026-08-17,23,Internacional,Remo,1,1,45,,injuryTime,,,,,,,,3,,
brasileirao_serie_a_2026,2026-08-17,23,Internacional,Remo,1,1,3,,goal,J. Carbonero,True,,,,,,,1,0
brasileirao_serie_a_2026,2026-08-16,23,Corinthians,Cruzeiro,1,2,90,,period,,,,,,,FT,,1,2
brasileirao_serie_a_2026,2026-08-16,23,Corinthians,Cruzeiro,1,2,90,1,card,R. Garro,True,yellow,Foul,,,,,,
brasileirao_serie_a_2026,2026-08-16,23,Corinthians,Cruzeiro,1,2,90,,card,L. Rodríguez,False,yellow,Time wasting,,,,,,
brasileirao_serie_a_2026,2026-08-16,23,Corinthians,Cruzeiro,1,2,90,,card,L. Villalba,False,yellow,Foul,,,,,,
brasileirao_serie_a_2026,2026-08-16,23,Corinthians,Cruzeiro,1,2,90,,injuryTime,,,,,,,,5,,
brasileirao_serie_a_2026,2026-08-16,23,Corinthians,Cruzeiro,1,2,82,,goal,Wanderson,False,,,,,,,1,2
brasileirao_serie_a_2026,2026-08-16,23,Corinthians,Cruzeiro,1,2,80,,substitution,,True,,,M. Pereira,A. Carrillo,,,,
brasileirao_serie_a_2026,2026-08-16,23,Corinthians,Cruzeiro,1,2,79,,substitution,,False,,,Wanderson,J. Costa,,,,
brasileirao_serie_a_2026,2026-08-16,23,Corinthians,Cruzeiro,1,2,71,,substitution,,True,,,Dieguinho,Kaio César,,,,
brasileirao_serie_a_2026,2026-08-16,23,Corinthians,Cruzeiro,1,2,70,,substitution,,False,,,L. Rodríguez,B. Rodrigues,,,,
brasileirao_serie_a_2026,2026-08-16,23,Corinthians,Cruzeiro,1,2,70,,substitution,,True,,,G. Negão,P. Raul,,,,
brasileirao_serie_a_2026,2026-08-16,23,Corinthians,Cruzeiro,1,2,67,,card,J. Jesus,False,yellow,Persistent fouling,,,,,,
brasileirao_serie_a_2026,2026-08-16,23,Corinthians,Cruzeiro,1,2,58,,goal,G. Henrique,True,,,,,,,1,1
brasileirao_serie_a_2026,2026-08-16,23,Corinthians,Cruzeiro,1,2,58,,substitution,,False,,,K. Arroyo,F. Morais,,,,
brasileirao_serie_a_2026,2026-08-16,23,Corinthians,Cruzeiro,1,2,58,,substitution,,False,,,M. Pereira,K. Jorge,,,,
brasileirao_serie_a_2026,2026-08-16,23,Corinthians,Cruzeiro,1,2,58,,substitution,,False,,,Gerson,Zé Lucas,,,,
brasileirao_serie_a_2026,2026-08-16,23,Corinthians,Cruzeiro,1,2,54,,substitution,,True,,,J. Pedro,G. Paulista,,,,
brasileirao_serie_a_2026,2026-08-16,23,Corinthians,Cruzeiro,1,2,51,,card,F. Morais,False,yellow,Foul,,,,,,
brasileirao_serie_a_2026,2026-08-16,23,Corinthians,Cruzeiro,1,2,46,,substitution,,True,,,J. Lingard,B. Bidon,,,,
brasileirao_serie_a_2026,2026-08-16,23,Corinthians,Cruzeiro,1,2,45,,period,,,,,,,HT,,0,1
brasileirao_serie_a_2026,2026-08-16,23,Corinthians,Cruzeiro,1,2,45,,injuryTime,,,,,,,,3,,
brasileirao_serie_a_2026,2026-08-16,23,Corinthians,Cruzeiro,1,2,36,,goal,B. Rodrigues,False,,,,,,,0,1
brasileirao_serie_a_2026,2026-08-16,23,Vitória,Botafogo,1,0,90,,period,,,,,,,FT,,1,0
brasileirao_serie_a_2026,2026-08-16,23,Vitória,Botafogo,1,0,90,4,card,A. Cabral,False,red,Argument,,,,,,
brasileirao_serie_a_2026,2026-08-16,23,Vitória,Botafogo,1,0,90,,injuryTime,,,,,,,,4,,
brasileirao_serie_a_2026,2026-08-16,23,Vitória,Botafogo,1,0,78,,substitution,,True,,,Marinho,Matheuzinho,,,,
brasileirao_serie_a_2026,2026-08-16,23,Vitória,Botafogo,1,0,72,,substitution,,False,,,S. Rodríguez,C. Medina,,,,
brasileirao_serie_a_2026,2026-08-16,23,Vitória,Botafogo,1,0,72,,substitution,,False,,,D. Andrade,D. Santos,,,,
brasileirao_serie_a_2026,2026-08-16,23,Vitória,Botafogo,1,0,65,,substitution,,True,,,T. Pochettino,D. Tarzia,,,,
brasileirao_serie_a_2026,2026-08-16,23,Vitória,Botafogo,1,0,65,,substitution,,True,,,R. Kayzer,Renê,,,,
brasileirao_serie_a_2026,2026-08-16,23,Vitória,Botafogo,1,0,61,,card,L. Monzón,False,yellow,Foul,,,,,,
brasileirao_serie_a_2026,2026-08-16,23,Vitória,Botafogo,1,0,59,,substitution,,True,,,Walace,E. Martinez,,,,
brasileirao_serie_a_2026,2026-08-16,23,Vitória,Botafogo,1,0,59,,substitution,,True,,,Jamerson,Ramon,,,,
brasileirao_serie_a_2026,2026-08-16,23,Vitória,Botafogo,1,0,53,,substitution,,False,,,Danilo,M. Martins,,,,
brasileirao_serie_a_2026,2026-08-16,23,Vitória,Botafogo,1,0,51,,card,E. Martinez,True,yellow,Foul,,,,,,
brasileirao_serie_a_2026,2026-08-16,23,Vitória,Botafogo,1,0,45,,period,,,,,,,HT,,1,0
brasileirao_serie_a_2026,2026-08-16,23,Vitória,Botafogo,1,0,45,3,card,Ramon,True,yellow,Foul,,,,,,
brasileirao_serie_a_2026,2026-08-16,23,Vitória,Botafogo,1,0,45,,injuryTime,,,,,,,,5,,
brasileirao_serie_a_2026,2026-08-16,23,Vitória,Botafogo,1,0,32,,varDecision,Matheuzinho,True,,,,,,,,
brasileirao_serie_a_2026,2026-08-16,23,Vitória,Botafogo,1,0,29,,card,Á. Montoro,False,yellow,Foul,,,,,,
brasileirao_serie_a_2026,2026-08-16,23,Vitória,Botafogo,1,0,28,,substitution,,False,,,J. Santos,Huguinho,,,,
brasileirao_serie_a_2026,2026-08-16,23,Vitória,Botafogo,1,0,27,,goal,Matheuzinho,True,,,,,,,1,0
brasileirao_serie_a_2026,2026-08-16,23,Vitória,Botafogo,1,0,2,,card,Huguinho,False,yellow,Foul,,,,,,
brasileirao_serie_a_2026,2026-08-16,23,Vitória,Botafogo,1,0,29,,card,F. Carvalho,False,yellow,Argument,,,,,,
brasileirao_serie_a_2026,2026-08-16,23,Mirassol,Flamengo,1,5,90,,period,,,,,,,FT,,1,5
brasileirao_serie_a_2026,2026-08-16,23,Mirassol,Flamengo,1,5,85,,card,N. Moura,True,yellow,Foul,,,,,,
brasileirao_serie_a_2026,2026-08-16,23,Mirassol,Flamengo,1,5,77,,goal,J. Victor,True,,,,,,,1,5
brasileirao_serie_a_2026,2026-08-16,23,Mirassol,Flamengo,1,5,74,,goal,S. Lino,False,,,,,,,0,5
brasileirao_serie_a_2026,2026-08-16,23,Mirassol,Flamengo,1,5,74,,substitution,,False,,,G. de Arrascaeta,L. Paquetá,,,,
brasileirao_serie_a_2026,2026-08-16,23,Mirassol,Flamengo,1,5,69,,substitution,,True,,,G. Silva,Fernandinho,,,,
brasileirao_serie_a_2026,2026-08-16,23,Mirassol,Flamengo,1,5,69,,substitution,,False,,,J. Góes,A. Lucas,,,,
brasileirao_serie_a_2026,2026-08-16,23,Mirassol,Flamengo,1,5,66,,goal,Pedro,False,,,,,,,0,4
brasileirao_serie_a_2026,2026-08-16,23,Mirassol,Flamengo,1,5,63,,substitution,,False,,,E. Araujo,E. Pulgar,,,,
brasileirao_serie_a_2026,2026-08-16,23,Mirassol,Flamengo,1,5,63,,substitution,,False,,,Jorginho,G. Plata,,,,
brasileirao_serie_a_2026,2026-08-16,23,Mirassol,Flamengo,1,5,63,,substitution,,False,,,S. Lino,L. Araújo,,,,
brasileirao_serie_a_2026,2026-08-16,23,Mirassol,Flamengo,1,5,56,,goal,Pedro,False,,,,,,,0,3
brasileirao_serie_a_2026,2026-08-16,23,Mirassol,Flamengo,1,5,54,,substitution,,True,,,N. Moura,G. Cazonatti,,,,
brasileirao_serie_a_2026,2026-08-16,23,Mirassol,Flamengo,1,5,54,,substitution,,True,,,Japa,Denilson,,,,
brasileirao_serie_a_2026,2026-08-16,23,Mirassol,Flamengo,1,5,53,,goal,L. Araújo,False,,,,,,,0,2
brasileirao_serie_a_2026,2026-08-16,23,Mirassol,Flamengo,1,5,51,,card,G. Cazonatti,True,yellow,Foul,,,,,,
brasileirao_serie_a_2026,2026-08-16,23,Mirassol,Flamengo,1,5,46,,substitution,,True,,,Eduardo,Wallisson Luiz,,,,
brasileirao_serie_a_2026,2026-08-16,23,Mirassol,Flamengo,1,5,45,,period,,,,,,,HT,,0,1
brasileirao_serie_a_2026,2026-08-16,23,Mirassol,Flamengo,1,5,45,3,card,Denilson,True,yellow,Foul,,,,,,
brasileirao_serie_a_2026,2026-08-16,23,Mirassol,Flamengo,1,5,45,,injuryTime,,,,,,,,4,,
brasileirao_serie_a_2026,2026-08-16,23,Mirassol,Flamengo,1,5,22,,goal,J. Carrascal,False,,,,,,,0,1
brasileirao_serie_a_2026,2026-08-16,23,Mirassol,Flamengo,1,5,17,,substitution,,True,,,Alesson,E. Carioca,,,,
brasileirao_serie_a_2026,2026-08-16,23,Vasco da Gama,Santos,0,3,90,,period,,,,,,,FT,,0,3
brasileirao_serie_a_2026,2026-08-16,23,Vasco da Gama,Santos,0,3,90,,injuryTime,,,,,,,,5,,
brasileirao_serie_a_2026,2026-08-16,23,Vasco da Gama,Santos,0,3,89,,substitution,,False,,,J. P. Ananias,J. Schmidt,,,,
brasileirao_serie_a_2026,2026-08-16,23,Vasco da Gama,Santos,0,3,84,,card,P. Henrique,True,yellow,Foul,,,,,,
brasileirao_serie_a_2026,2026-08-16,23,Vasco da Gama,Santos,0,3,81,,goal,L. Peres,False,,,,,,,0,3
brasileirao_serie_a_2026,2026-08-16,23,Vasco da Gama,Santos,0,3,77,,goal,Willian Arão,False,,,,,,,0,2
brasileirao_serie_a_2026,2026-08-16,23,Vasco da Gama,Santos,0,3,75,,substitution,,True,,,N. Moreira,Tchê Tchê,,,,
brasileirao_serie_a_2026,2026-08-16,23,Vasco da Gama,Santos,0,3,69,,substitution,,False,,,Thaciano,G. Barbosa,,,,
brasileirao_serie_a_2026,2026-08-16,23,Vasco da Gama,Santos,0,3,68,,goal,G. Barbosa,False,,,,,,,0,1
brasileirao_serie_a_2026,2026-08-16,23,Vasco da Gama,Santos,0,3,66,,substitution,,True,,,P. Rodríguez,L. Piton,,,,
brasileirao_serie_a_2026,2026-08-16,23,Vasco da Gama,Santos,0,3,65,,substitution,,True,,,David,C. Spinelli,,,,
brasileirao_serie_a_2026,2026-08-16,23,Vasco da Gama,Santos,0,3,65,,substitution,,True,,,M. Hinestroza,F. Colidio,,,,
brasileirao_serie_a_2026,2026-08-16,23,Vasco da Gama,Santos,0,3,63,,substitution,,False,,,B. Rollheiser,G. Caballero,,,,
brasileirao_serie_a_2026,2026-08-16,23,Vasco da Gama,Santos,0,3,62,,substitution,,False,,,Gustavinho,C. Oliva,,,,
brasileirao_serie_a_2026,2026-08-16,23,Vasco da Gama,Santos,0,3,62,,substitution,,False,,,Rony,Á. Barreal,,,,
brasileirao_serie_a_2026,2026-08-16,23,Vasco da Gama,Santos,0,3,45,,period,,,,,,,HT,,0,0
brasileirao_serie_a_2026,2026-08-16,23,Vasco da Gama,Santos,0,3,45,,injuryTime,,,,,,,,4,,
brasileirao_serie_a_2026,2026-08-16,23,Vasco da Gama,Santos,0,3,39,,card,R. Renan,True,yellow,Foul,,,,,,
brasileirao_serie_a_2026,2026-08-16,23,Vasco da Gama,Santos,0,3,14,,substitution,,True,,,S. Sosa,Jair,,,,
brasileirao_serie_a_2026,2026-08-16,23,Atlético Mineiro,Grêmio,3,0,90,,period,,,,,,,FT,,3,0
brasileirao_serie_a_2026,2026-08-16,23,Atlético Mineiro,Grêmio,3,0,90,,injuryTime,,,,,,,,4,,
brasileirao_serie_a_2026,2026-08-16,23,Atlético Mineiro,Grêmio,3,0,81,,substitution,,True,,,A. Minda,V. Hugo,,,,
brasileirao_serie_a_2026,2026-08-16,23,Atlético Mineiro,Grêmio,3,0,81,,substitution,,True,,,Dudu,T. Cuello,,,,
brasileirao_serie_a_2026,2026-08-16,23,Atlético Mineiro,Grêmio,3,0,76,,substitution,,False,,,C. Paulista,P. Gabriel,,,,
brasileirao_serie_a_2026,2026-08-16,23,Atlético Mineiro,Grêmio,3,0,69,,card,P. Gabriel,False,yellow,Foul,,,,,,
brasileirao_serie_a_2026,2026-08-16,23,Atlético Mineiro,Grêmio,3,0,66,,goal,T. Cuello,True,,,,,,,3,0
brasileirao_serie_a_2026,2026-08-16,23,Atlético Mineiro,Grêmio,3,0,63,,substitution,,False,,,G. Mec,Dodi,,,,
brasileirao_serie_a_2026,2026-08-16,23,Atlético Mineiro,Grêmio,3,0,62,,goal,T. Cuello,True,,,,,,,2,0
brasileirao_serie_a_2026,2026-08-16,23,Atlético Mineiro,Grêmio,3,0,61,,substitution,,True,,,K. Castaño,M. Cissé,,,,
brasileirao_serie_a_2026,2026-08-16,23,Atlético Mineiro,Grêmio,3,0,61,,substitution,,True,,,Maycon,A. Franco,,,,
brasileirao_serie_a_2026,2026-08-16,23,Atlético Mineiro,Grêmio,3,0,61,,card,W. Kannemann,False,yellow,Foul,,,,,,
brasileirao_serie_a_2026,2026-08-16,23,Atlético Mineiro,Grêmio,3,0,57,,card,R. Lodi,True,yellow,Foul,,,,,,
brasileirao_serie_a_2026,2026-08-16,23,Atlético Mineiro,Grêmio,3,0,46,,substitution,,False,,,F. Krovinović,J. Nardoni,,,,
brasileirao_serie_a_2026,2026-08-16,23,Atlético Mineiro,Grêmio,3,0,46,,substitution,,False,,,W. Kannemann,G. Martins,,,,
brasileirao_serie_a_2026,2026-08-16,23,Atlético Mineiro,Grêmio,3,0,46,,substitution,,False,,,Tetê,C. Pavón,,,,
brasileirao_serie_a_2026,2026-08-16,23,Atlético Mineiro,Grêmio,3,0,45,,period,,,,,,,HT,,1,0
brasileirao_serie_a_2026,2026-08-16,23,Atlético Mineiro,Grêmio,3,0,45,2,card,M. Cissé,True,yellow,Foul,,,,,,
brasileirao_serie_a_2026,2026-08-16,23,Atlético Mineiro,Grêmio,3,0,45,,injuryTime,,,,,,,,3,,
brasileirao_serie_a_2026,2026-08-16,23,Atlético Mineiro,Grêmio,3,0,42,,card,Á. Preciado,True,yellow,Foul,,,,,,
brasileirao_serie_a_2026,2026-08-16,23,Atlético Mineiro,Grêmio,3,0,39,,card,C. Pavón,False,yellow,Argument,,,,,,
brasileirao_serie_a_2026,2026-08-16,23,Atlético Mineiro,Grêmio,3,0,31,,substitution,,True,,,Bernard,I. Gomes,,,,
brasileirao_serie_a_2026,2026-08-16,23,Atlético Mineiro,Grêmio,3,0,19,,goal,V. Hugo,True,,,,,,,1,0
brasileirao_serie_a_2026,2026-08-16,23,Chapecoense,Bahia,3,3,90,,period,,,,,,,FT,,3,3
brasileirao_serie_a_2026,2026-08-16,23,Chapecoense,Bahia,3,3,90,2,card,E. Pulga,False,yellow,Foul,,,,,,
brasileirao_serie_a_2026,2026-08-16,23,Chapecoense,Bahia,3,3,90,,injuryTime,,,,,,,,6,,
brasileirao_serie_a_2026,2026-08-16,23,Chapecoense,Bahia,3,3,89,,card,Camilo,True,yellow,Foul,,,,,,
brasileirao_serie_a_2026,2026-08-16,23,Chapecoense,Bahia,3,3,84,,card,M. Sanabria,False,yellow,Foul,,,,,,
brasileirao_serie_a_2026,2026-08-16,23,Chapecoense,Bahia,3,3,83,,substitution,,False,,,M. Araújo,R. Nestor,,,,
brasileirao_serie_a_2026,2026-08-16,23,Chapecoense,Bahia,3,3,78,,substitution,,True,,,B. Pacheco,Fernando,,,,
brasileirao_serie_a_2026,2026-08-16,23,Chapecoense,Bahia,3,3,78,,substitution,,True,,,D. Antunes,Y. Felipe,,,,
brasileirao_serie_a_2026,2026-08-16,23,Chapecoense,Bahia,3,3,71,,goal,T. E. S. d. Oliveira,True,,,,,,,3,3
brasileirao_serie_a_2026,2026-08-16,23,Chapecoense,Bahia,3,3,67,,substitution,,False,,,J. Guilherme,L. Juba,,,,
brasileirao_serie_a_2026,2026-08-16,23,Chapecoense,Bahia,3,3,67,,substitution,,False,,,M. Sanabria,K. Furquim,,,,
brasileirao_serie_a_2026,2026-08-16,23,Chapecoense,Bahia,3,3,66,,substitution,,False,,,C. Alexandre,R. Gómez,,,,
brasileirao_serie_a_2026,2026-08-16,23,Chapecoense,Bahia,3,3,66,,substitution,,False,,,Erick,J. Lucas,,,,
brasileirao_serie_a_2026,2026-08-16,23,Chapecoense,Bahia,3,3,65,,goal,N. Acevedo,False,,,,,,,2,3
brasileirao_serie_a_2026,2026-08-16,23,Chapecoense,Bahia,3,3,48,,goal,Marcinho,True,,,,,,,2,2
brasileirao_serie_a_2026,2026-08-16,23,Chapecoense,Bahia,3,3,46,,substitution,,True,,,F. Rossi,B. Matias,,,,
brasileirao_serie_a_2026,2026-08-16,23,Chapecoense,Bahia,3,3,46,,substitution,,True,,,Everton,Heitor,,,,
brasileirao_serie_a_2026,2026-08-16,23,Chapecoense,Bahia,3,3,46,,substitution,,True,,,T. E. S. d. Oliveira,K. Ramírez,,,,
brasileirao_serie_a_2026,2026-08-16,23,Chapecoense,Bahia,3,3,45,,period,,,,,,,HT,,1,2
brasileirao_serie_a_2026,2026-08-16,23,Chapecoense,Bahia,3,3,45,,injuryTime,,,,,,,,3,,
brasileirao_serie_a_2026,2026-08-16,23,Chapecoense,Bahia,3,3,42,,goal,Kauan,False,,,,,,,1,2
brasileirao_serie_a_2026,2026-08-16,23,Chapecoense,Bahia,3,3,19,,goal,G. Augusto,True,,,,,,,1,1
brasileirao_serie_a_2026,2026-08-16,23,Chapecoense,Bahia,3,3,13,,goal,A. Véliz,False,,,,,,,0,1
brasileirao_serie_a_2026,2026-08-16,23,São Paulo,Coritiba,1,1,90,,period,,,,,,,FT,,1,1
brasileirao_serie_a_2026,2026-08-16,23,São Paulo,Coritiba,1,1,90,,injuryTime,,,,,,,,4,,
brasileirao_serie_a_2026,2026-08-16,23,São Paulo,Coritiba,1,1,78,,substitution,,True,,,I. Borduchi,Wendell,,,,
brasileirao_serie_a_2026,2026-08-16,23,São Paulo,Coritiba,1,1,78,,substitution,,True,,,R. Francisco,Luciano,,,,
brasileirao_serie_a_2026,2026-08-16,23,São Paulo,Coritiba,1,1,74,,substitution,,False,,,Keno,F. Sobral,,,,
brasileirao_serie_a_2026,2026-08-16,23,São Paulo,Coritiba,1,1,74,,substitution,,False,,,P. Roberto,P. Rocha,,,,
brasileirao_serie_a_2026,2026-08-16,23,São Paulo,Coritiba,1,1,74,,substitution,,False,,,V. Paulista,S. Gomez,,,,
brasileirao_serie_a_2026,2026-08-16,23,São Paulo,Coritiba,1,1,68,,card,L. Ramon,True,yellow,Foul,,,,,,
brasileirao_serie_a_2026,2026-08-16,23,São Paulo,Coritiba,1,1,66,,substitution,,False,,,V. G. Tissi,T. Santos,,,,
brasileirao_serie_a_2026,2026-08-16,23,São Paulo,Coritiba,1,1,63,,substitution,,True,,,Ferreira,Newton,,,,
brasileirao_serie_a_2026,2026-08-16,23,São Paulo,Coritiba,1,1,63,,substitution,,True,,,Artur,Victor Sá,,,,
brasileirao_serie_a_2026,2026-08-16,23,São Paulo,Coritiba,1,1,57,,goal,T. Cóser,False,,,,,,,1,1
brasileirao_serie_a_2026,2026-08-16,23,São Paulo,Coritiba,1,1,45,,period,,,,,,,HT,,1,0
brasileirao_serie_a_2026,2026-08-16,23,São Paulo,Coritiba,1,1,45,,injuryTime,,,,,,,,3,,
brasileirao_serie_a_2026,2026-08-16,23,São Paulo,Coritiba,1,1,43,,goal,P. Maia,True,,,,,,,1,0
brasileirao_serie_a_2026,2026-08-16,23,São Paulo,Coritiba,1,1,41,,card,P. Maia,True,yellow,Foul,,,,,,
brasileirao_serie_a_2026,2026-08-16,23,São Paulo,Coritiba,1,1,20,,substitution,,False,,,J.P. Chermont,Tinga,,,,
brasileirao_serie_a_2026,2026-08-16,23,São Paulo,Coritiba,1,1,5,,card,T. Cóser,False,yellow,Foul,,,,,,
brasileirao_serie_a_2026,2026-08-15,23,Athletico,Red Bull Bragantino,1,1,90,,period,,,,,,,FT,,1,1
brasileirao_serie_a_2026,2026-08-15,23,Athletico,Red Bull Bragantino,1,1,90,1,substitution,,True,,,J. Rivaldo,Gilberto,,,,
brasileirao_serie_a_2026,2026-08-15,23,Athletico,Red Bull Bragantino,1,1,90,,substitution,,True,,,Bruno Zapelli,Dudu,,,,
brasileirao_serie_a_2026,2026-08-15,23,Athletico,Red Bull Bragantino,1,1,90,,injuryTime,,,,,,,,5,,
brasileirao_serie_a_2026,2026-08-15,23,Athletico,Red Bull Bragantino,1,1,88,,substitution,,False,,,Y. A. d. Aquino,Vinicinho,,,,
brasileirao_serie_a_2026,2026-08-15,23,Athletico,Red Bull Bragantino,1,1,78,,card,E. Sasha,False,yellow,Argument,,,,,,
brasileirao_serie_a_2026,2026-08-15,23,Athletico,Red Bull Bragantino,1,1,77,,substitution,,True,,,Dudu,J. Cruz,,,,
brasileirao_serie_a_2026,2026-08-15,23,Athletico,Red Bull Bragantino,1,1,76,,substitution,,False,,,Fabinho,G. Girotto,,,,
brasileirao_serie_a_2026,2026-08-15,23,Athletico,Red Bull Bragantino,1,1,76,,substitution,,False,,,E. Ramires,M. Fernandes,,,,
brasileirao_serie_a_2026,2026-08-15,23,Athletico,Red Bull Bragantino,1,1,76,,substitution,,False,,,E. Sasha,J. Herrera,,,,
brasileirao_serie_a_2026,2026-08-15,23,Athletico,Red Bull Bragantino,1,1,75,,goal,K. C. Vargas,True,,,,,,,1,1
brasileirao_serie_a_2026,2026-08-15,23,Athletico,Red Bull Bragantino,1,1,67,,goal,P. Henrique,False,,,,,,,0,1
brasileirao_serie_a_2026,2026-08-15,23,Athletico,Red Bull Bragantino,1,1,61,,substitution,,True,,,K. C. Vargas,Leozinho,,,,
brasileirao_serie_a_2026,2026-08-15,23,Athletico,Red Bull Bragantino,1,1,45,,period,,,,,,,HT,,0,0
brasileirao_serie_a_2026,2026-08-15,23,Athletico,Red Bull Bragantino,1,1,45,,injuryTime,,,,,,,,2,,
brasileirao_serie_a_2026,2026-08-15,23,Fluminense,Palmeiras,3,2,90,,period,,,,,,,FT,,3,2
brasileirao_serie_a_2026,2026-08-15,23,Fluminense,Palmeiras,3,2,90,5,card,G. Gómez,False,yellow,Argument,,,,,,
brasileirao_serie_a_2026,2026-08-15,23,Fluminense,Palmeiras,3,2,90,2,goal,G. Cano,True,,,,,,,3,2
brasileirao_serie_a_2026,2026-08-15,23,Fluminense,Palmeiras,3,2,90,,injuryTime,,,,,,,,6,,
brasileirao_serie_a_2026,2026-08-15,23,Fluminense,Palmeiras,3,2,86,,card,Martinelli,True,yellow,Foul,,,,,,
brasileirao_serie_a_2026,2026-08-15,23,Fluminense,Palmeiras,3,2,85,,goal,K. Serna,True,,,,,,,2,2
brasileirao_serie_a_2026,2026-08-15,23,Fluminense,Palmeiras,3,2,82,,goal,Mauricio,False,,,,,,,1,2
brasileirao_serie_a_2026,2026-08-15,23,Fluminense,Palmeiras,3,2,80,,substitution,,False,,,F. Anderson,R. Sosa,,,,
brasileirao_serie_a_2026,2026-08-15,23,Fluminense,Palmeiras,3,2,79,,substitution,,True,,,Nonato,Hércules,,,,
brasileirao_serie_a_2026,2026-08-15,23,Fluminense,Palmeiras,3,2,79,,substitution,,True,,,K. Serna,Y. Soteldo,,,,
brasileirao_serie_a_2026,2026-08-15,23,Fluminense,Palmeiras,3,2,78,,card,L. Acosta,True,yellow,Foul,,,,,,
brasileirao_serie_a_2026,2026-08-15,23,Fluminense,Palmeiras,3,2,73,,substitution,,False,,,Mauricio,A. Pereira,,,,
brasileirao_serie_a_2026,2026-08-15,23,Fluminense,Palmeiras,3,2,73,,substitution,,False,,,E. Martínez,J. Arias,,,,
brasileirao_serie_a_2026,2026-08-15,23,Fluminense,Palmeiras,3,2,73,,card,A. Gabriel,False,yellow,Foul,,,,,,
brasileirao_serie_a_2026,2026-08-15,23,Fluminense,Palmeiras,3,2,69,,substitution,,True,,,G. Cano,Hulk,,,,
brasileirao_serie_a_2026,2026-08-15,23,Fluminense,Palmeiras,3,2,69,,substitution,,True,,,L. Acosta,Ganso,,,,
brasileirao_serie_a_2026,2026-08-15,23,Fluminense,Palmeiras,3,2,63,,card,A. Canobbio,True,yellow,Foul,,,,,,
brasileirao_serie_a_2026,2026-08-15,23,Fluminense,Palmeiras,3,2,61,,card,Guga,True,yellow,Foul,,,,,,
brasileirao_serie_a_2026,2026-08-15,23,Fluminense,Palmeiras,3,2,54,,substitution,,True,,,J. Millán,I. Rabello,,,,
brasileirao_serie_a_2026,2026-08-15,23,Fluminense,Palmeiras,3,2,46,,substitution,,False,,,R. Sosa,V. Roque,,,,
brasileirao_serie_a_2026,2026-08-15,23,Fluminense,Palmeiras,3,2,46,,substitution,,False,,,A. Gabriel,J. Piquerez,,,,
brasileirao_serie_a_2026,2026-08-15,23,Fluminense,Palmeiras,3,2,45,,period,,,,,,,HT,,1,1
brasileirao_serie_a_2026,2026-08-15,23,Fluminense,Palmeiras,3,2,45,,injuryTime,,,,,,,,2,,
brasileirao_serie_a_2026,2026-08-15,23,Fluminense,Palmeiras,3,2,42,,goal,Hulk,True,,,,,,,1,1
brasileirao_serie_a_2026,2026-08-15,23,Fluminense,Palmeiras,3,2,34,,card,J. Piquerez,False,yellow,Foul,,,,,,
brasileirao_serie_a_2026,2026-08-15,23,Fluminense,Palmeiras,3,2,10,,goal,G. Gómez,False,,,,,,,0,1
brasileirao_serie_a_2026,2026-08-09,22,Flamengo,Vitória,2,0,90,,period,,,,,,,FT,,2,0
brasileirao_serie_a_2026,2026-08-09,22,Flamengo,Vitória,2,0,90,2,substitution,,False,,,Edenílson,Z. Vitor,,,,
brasileirao_serie_a_2026,2026-08-09,22,Flamengo,Vitória,2,0,90,,injuryTime,,,,,,,,5,,
brasileirao_serie_a_2026,2026-08-09,22,Flamengo,Vitória,2,0,86,,substitution,,True,,,Lorran,J. Carrascal,,,,
brasileirao_serie_a_2026,2026-08-09,22,Flamengo,Vitória,2,0,80,,goal,B. Henrique,True,,,,,,,2,0
brasileirao_serie_a_2026,2026-08-09,22,Flamengo,Vitória,2,0,80,,substitution,,False,,,F. Santos,Renê,,,,
brasileirao_serie_a_2026,2026-08-09,22,Flamengo,Vitória,2,0,79,,card,G. Plata,True,yellow,Foul,,,,,,
brasileirao_serie_a_2026,2026-08-09,22,Flamengo,Vitória,2,0,74,,substitution,,True,,,E. Araujo,Jorginho,,,,
brasileirao_serie_a_2026,2026-08-09,22,Flamengo,Vitória,2,0,74,,substitution,,True,,,B. Henrique,Pedro,,,,
brasileirao_serie_a_2026,2026-08-09,22,Flamengo,Vitória,2,0,74,,substitution,,True,,,G. Plata,S. Lino,,,,
brasileirao_serie_a_2026,2026-08-09,22,Flamengo,Vitória,2,0,69,,substitution,,False,,,T. Pochettino,Walace,,,,
brasileirao_serie_a_2026,2026-08-09,22,Flamengo,Vitória,2,0,65,,substitution,,True,,,L. Paquetá,G. de Arrascaeta,,,,
brasileirao_serie_a_2026,2026-08-09,22,Flamengo,Vitória,2,0,46,,substitution,,False,,,D. Tarzia,Erick,,,,
brasileirao_serie_a_2026,2026-08-09,22,Flamengo,Vitória,2,0,46,,substitution,,False,,,Marinho,Matheuzinho,,,,
brasileirao_serie_a_2026,2026-08-09,22,Flamengo,Vitória,2,0,45,,period,,,,,,,HT,,1,0
brasileirao_serie_a_2026,2026-08-09,22,Flamengo,Vitória,2,0,45,,injuryTime,,,,,,,,3,,
brasileirao_serie_a_2026,2026-08-09,22,Flamengo,Vitória,2,0,44,,card,Z. Vitor,False,yellow,Foul,,,,,,
brasileirao_serie_a_2026,2026-08-09,22,Flamengo,Vitória,2,0,14,,goal,E. Pulgar,True,,,,,,,1,0
brasileirao_serie_a_2026,2026-08-09,22,Santos,Athletico,0,2,90,,period,,,,,,,FT,,0,2
brasileirao_serie_a_2026,2026-08-09,22,Santos,Athletico,0,2,90,,injuryTime,,,,,,,,6,,
brasileirao_serie_a_2026,2026-08-09,22,Santos,Athletico,0,2,85,,substitution,,False,,,Dudu,J. Cruz,,,,
brasileirao_serie_a_2026,2026-08-09,22,Santos,Athletico,0,2,80,,substitution,,True,,,Thaciano,G. Menino,,,,
brasileirao_serie_a_2026,2026-08-09,22,Santos,Athletico,0,2,80,,substitution,,True,,,Willian Arão,J. Schmidt,,,,
brasileirao_serie_a_2026,2026-08-09,22,Santos,Athletico,0,2,71,,substitution,,False,,,D. Riquelme,L. Gustavo,,,,
brasileirao_serie_a_2026,2026-08-09,22,Santos,Athletico,0,2,61,,substitution,,False,,,Dantas,Gilberto,,,,
brasileirao_serie_a_2026,2026-08-09,22,Santos,Athletico,0,2,61,,substitution,,True,,,Rony,C. Oliva,,,,
brasileirao_serie_a_2026,2026-08-09,22,Santos,Athletico,0,2,60,,substitution,,False,,,Felipinho,Jádson,,,,
brasileirao_serie_a_2026,2026-08-09,22,Santos,Athletico,0,2,60,,substitution,,False,,,K. C. Vargas,Leozinho,,,,
brasileirao_serie_a_2026,2026-08-09,22,Santos,Athletico,0,2,46,,substitution,,True,,,B. Rollheiser,G. Caballero,,,,
brasileirao_serie_a_2026,2026-08-09,22,Santos,Athletico,0,2,45,,period,,,,,,,HT,,0,2
brasileirao_serie_a_2026,2026-08-09,22,Santos,Athletico,0,2,45,,injuryTime,,,,,,,,2,,
brasileirao_serie_a_2026,2026-08-09,22,Santos,Athletico,0,2,34,,card,K. Viveros,False,yellow,Foul,,,,,,
brasileirao_serie_a_2026,2026-08-09,22,Santos,Athletico,0,2,26,,goal,K. Viveros,False,,,,,,,0,2
brasileirao_serie_a_2026,2026-08-09,22,Santos,Athletico,0,2,20,,card,A. Frías,True,yellow,Foul,,,,,,
brasileirao_serie_a_2026,2026-08-09,22,Santos,Athletico,0,2,14,,goal,K. Viveros,False,,,,,,,0,1
brasileirao_serie_a_2026,2026-08-09,22,Red Bull Bragantino,Corinthians,0,2,90,,period,,,,,,,FT,,0,2
brasileirao_serie_a_2026,2026-08-09,22,Red Bull Bragantino,Corinthians,0,2,90,,injuryTime,,,,,,,,5,,
brasileirao_serie_a_2026,2026-08-09,22,Red Bull Bragantino,Corinthians,0,2,88,,substitution,,True,,,Y. A. d. Aquino,J. A. Hurtado,,,,
brasileirao_serie_a_2026,2026-08-09,22,Red Bull Bragantino,Corinthians,0,2,87,,goal,P. Raul,False,,,,,,,0,2
brasileirao_serie_a_2026,2026-08-09,22,Red Bull Bragantino,Corinthians,0,2,80,,card,G. Paulista,False,yellow,Argument,,,,,,
brasileirao_serie_a_2026,2026-08-09,22,Red Bull Bragantino,Corinthians,0,2,76,,substitution,,False,,,J. Lingard,Kaio César,,,,
brasileirao_serie_a_2026,2026-08-09,22,Red Bull Bragantino,Corinthians,0,2,74,,card,A. Carrillo,False,yellow,Foul,,,,,,
brasileirao_serie_a_2026,2026-08-09,22,Red Bull Bragantino,Corinthians,0,2,72,,substitution,,True,,,M. Fernandes,E. Ramires,,,,
brasileirao_serie_a_2026,2026-08-09,22,Red Bull Bragantino,Corinthians,0,2,72,,substitution,,True,,,G. Neves,Rodriguinho,,,,
brasileirao_serie_a_2026,2026-08-09,22,Red Bull Bragantino,Corinthians,0,2,66,,substitution,,True,,,M. Braz,E. Sasha,,,,
brasileirao_serie_a_2026,2026-08-09,22,Red Bull Bragantino,Corinthians,0,2,66,,substitution,,False,,,A. Carrillo,Raniele,,,,
brasileirao_serie_a_2026,2026-08-09,22,Red Bull Bragantino,Corinthians,0,2,59,,goal,R. Garro,False,,,,,,,0,1
brasileirao_serie_a_2026,2026-08-09,22,Red Bull Bragantino,Corinthians,0,2,46,,substitution,,True,,,Vinicinho,H. Mosquera,,,,
brasileirao_serie_a_2026,2026-08-09,22,Red Bull Bragantino,Corinthians,0,2,45,,period,,,,,,,HT,,0,0
brasileirao_serie_a_2026,2026-08-09,22,Red Bull Bragantino,Corinthians,0,2,45,,injuryTime,,,,,,,,2,,
brasileirao_serie_a_2026,2026-08-09,22,Red Bull Bragantino,Corinthians,0,2,17,,card,E. Ramires,True,yellow,Persistent fouling,,,,,,
brasileirao_serie_a_2026,2026-08-09,22,Red Bull Bragantino,Corinthians,0,2,10,,card,R. Garro,False,yellow,Foul,,,,,,
brasileirao_serie_a_2026,2026-08-09,22,Palmeiras,Internacional,0,0,90,,period,,,,,,,FT,,0,0
brasileirao_serie_a_2026,2026-08-09,22,Palmeiras,Internacional,0,0,90,,injuryTime,,,,,,,,7,,
brasileirao_serie_a_2026,2026-08-09,22,Palmeiras,Internacional,0,0,88,,substitution,,False,,,J. P. B. d. O. Lo,J. Carbonero,,,,
brasileirao_serie_a_2026,2026-08-09,22,Palmeiras,Internacional,0,0,77,,substitution,,True,,,F. Anderson,Allan,,,,
brasileirao_serie_a_2026,2026-08-09,22,Palmeiras,Internacional,0,0,77,,substitution,,True,,,A. Giay,E. Martínez,,,,
brasileirao_serie_a_2026,2026-08-09,22,Palmeiras,Internacional,0,0,77,,substitution,,False,,,J. Juninho,A. Patrick,,,,
brasileirao_serie_a_2026,2026-08-09,22,Palmeiras,Internacional,0,0,77,,substitution,,False,,,Ronaldo,B. Henrique,,,,
brasileirao_serie_a_2026,2026-08-09,22,Palmeiras,Internacional,0,0,72,,card,M. Cunha,False,yellow,Time wasting,,,,,,
brasileirao_serie_a_2026,2026-08-09,22,Palmeiras,Internacional,0,0,70,,card,B. Aguirre,False,yellow,Foul,,,,,,
brasileirao_serie_a_2026,2026-08-09,22,Palmeiras,Internacional,0,0,63,,substitution,,False,,,B. Aguirre,M. Bahia,,,,
brasileirao_serie_a_2026,2026-08-09,22,Palmeiras,Internacional,0,0,58,,substitution,,True,,,V. Roque,R. Sosa,,,,
brasileirao_serie_a_2026,2026-08-09,22,Palmeiras,Internacional,0,0,58,,substitution,,True,,,J. López,Mauricio,,,,
brasileirao_serie_a_2026,2026-08-09,22,Palmeiras,Internacional,0,0,52,,card,P. Paula,False,yellow,Foul,,,,,,
brasileirao_serie_a_2026,2026-08-09,22,Palmeiras,Internacional,0,0,45,,period,,,,,,,HT,,0,0
brasileirao_serie_a_2026,2026-08-09,22,Palmeiras,Internacional,0,0,45,,injuryTime,,,,,,,,3,,
brasileirao_serie_a_2026,2026-08-09,22,Palmeiras,Internacional,0,0,39,,card,Murilo,True,yellow,Foul,,,,,,
brasileirao_serie_a_2026,2026-08-09,22,Bahia,Vasco da Gama,0,0,90,,period,,,,,,,FT,,0,0
brasileirao_serie_a_2026,2026-08-09,22,Bahia,Vasco da Gama,0,0,90,,injuryTime,,,,,,,,6,,
brasileirao_serie_a_2026,2026-08-09,22,Bahia,Vasco da Gama,0,0,86,,substitution,,True,,,M. Sanabria,R. Nestor,,,,
brasileirao_serie_a_2026,2026-08-09,22,Bahia,Vasco da Gama,0,0,86,,substitution,,False,,,C. Barros,Jair,,,,
brasileirao_serie_a_2026,2026-08-09,22,Bahia,Vasco da Gama,0,0,74,,substitution,,False,,,R. Rique,David,,,,
brasileirao_serie_a_2026,2026-08-09,22,Bahia,Vasco da Gama,0,0,72,,substitution,,False,,,C. Spinelli,Adson,,,,
brasileirao_serie_a_2026,2026-08-09,22,Bahia,Vasco da Gama,0,0,64,,substitution,,True,,,M. Araújo,W. José,,,,
brasileirao_serie_a_2026,2026-08-09,22,Bahia,Vasco da Gama,0,0,64,,substitution,,True,,,C. Alexandre,J. Lucas,,,,
brasileirao_serie_a_2026,2026-08-09,22,Bahia,Vasco da Gama,0,0,46,,substitution,,True,,,J. Guilherme,L. Juba,,,,
brasileirao_serie_a_2026,2026-08-09,22,Bahia,Vasco da Gama,0,0,46,,substitution,,False,,,A. Saldivia,C. Cuesta,,,,
brasileirao_serie_a_2026,2026-08-09,22,Bahia,Vasco da Gama,0,0,46,,substitution,,False,,,M. Hinestroza,Brenner,,,,
brasileirao_serie_a_2026,2026-08-09,22,Bahia,Vasco da Gama,0,0,45,,period,,,,,,,HT,,0,0
brasileirao_serie_a_2026,2026-08-09,22,Bahia,Vasco da Gama,0,0,43,,substitution,,True,,,K. Furquim,Ademir,,,,
brasileirao_serie_a_2026,2026-08-09,22,Bahia,Vasco da Gama,0,0,36,,card,T. Mendes,False,yellow,Argument,,,,,,
brasileirao_serie_a_2026,2026-08-09,22,Bahia,Vasco da Gama,0,0,31,,card,Cuiabano,False,yellow,Foul,,,,,,
brasileirao_serie_a_2026,2026-08-09,22,Bahia,Vasco da Gama,0,0,23,,varDecision,David,False,,,,,,,,
brasileirao_serie_a_2026,2026-08-09,22,Bahia,Vasco da Gama,0,0,76,,card,Ademir,True,yellow,Argument,,,,,,
brasileirao_serie_a_2026,2026-08-09,22,Cruzeiro,Mirassol,3,1,90,,period,,,,,,,FT,,3,1
brasileirao_serie_a_2026,2026-08-09,22,Cruzeiro,Mirassol,3,1,90,4,card,Shaylon,False,yellow,Foul,,,,,,
brasileirao_serie_a_2026,2026-08-09,22,Cruzeiro,Mirassol,3,1,90,,substitution,,True,,,G. Rojas,L. Villalba,,,,
brasileirao_serie_a_2026,2026-08-09,22,Cruzeiro,Mirassol,3,1,90,,injuryTime,,,,,,,,7,,
brasileirao_serie_a_2026,2026-08-09,22,Cruzeiro,Mirassol,3,1,85,,card,Wesley,True,yellow,,,,,,,
brasileirao_serie_a_2026,2026-08-09,22,Cruzeiro,Mirassol,3,1,84,,goal,Wesley,True,,,,,,,3,1
brasileirao_serie_a_2026,2026-08-09,22,Cruzeiro,Mirassol,3,1,80,,substitution,,False,,,Igor Formiga,Elias,,,,
brasileirao_serie_a_2026,2026-08-09,22,Cruzeiro,Mirassol,3,1,80,,substitution,,False,,,Alesson,Wallisson Luiz,,,,
brasileirao_serie_a_2026,2026-08-09,22,Cruzeiro,Mirassol,3,1,76,,goal,K. Jorge,True,,,,,,,2,1
brasileirao_serie_a_2026,2026-08-09,22,Cruzeiro,Mirassol,3,1,69,,substitution,,False,,,E. Carioca,Eduardo,,,,
brasileirao_serie_a_2026,2026-08-09,22,Cruzeiro,Mirassol,3,1,69,,substitution,,False,,,A. Luis,B. Santos,,,,
brasileirao_serie_a_2026,2026-08-09,22,Cruzeiro,Mirassol,3,1,68,,card,Elias,False,yellow,Foul,,,,,,
brasileirao_serie_a_2026,2026-08-09,22,Cruzeiro,Mirassol,3,1,67,,substitution,,True,,,K. Jorge,M. Pereira,,,,
brasileirao_serie_a_2026,2026-08-09,22,Cruzeiro,Mirassol,3,1,59,,substitution,,True,,,Wesley,K. Kenji,,,,
brasileirao_serie_a_2026,2026-08-09,22,Cruzeiro,Mirassol,3,1,59,,substitution,,True,,,L. Silva,Zé Lucas,,,,
brasileirao_serie_a_2026,2026-08-09,22,Cruzeiro,Mirassol,3,1,59,,substitution,,True,,,J. Costa,K. Arroyo,,,,
brasileirao_serie_a_2026,2026-08-09,22,Cruzeiro,Mirassol,3,1,59,,substitution,,False,,,Shaylon,Denilson,,,,
brasileirao_serie_a_2026,2026-08-09,22,Cruzeiro,Mirassol,3,1,48,,card,K. Kenji,True,yellow,Foul,,,,,,
brasileirao_serie_a_2026,2026-08-09,22,Cruzeiro,Mirassol,3,1,45,,period,,,,,,,HT,,1,1
brasileirao_serie_a_2026,2026-08-09,22,Cruzeiro,Mirassol,3,1,45,,injuryTime,,,,,,,,7,,
brasileirao_serie_a_2026,2026-08-09,22,Cruzeiro,Mirassol,3,1,27,,goal,Reinaldo,False,,,,,,,1,1
brasileirao_serie_a_2026,2026-08-09,22,Cruzeiro,Mirassol,3,1,24,,varDecision,Reinaldo,False,,,,,,,,
brasileirao_serie_a_2026,2026-08-09,22,Cruzeiro,Mirassol,3,1,12,,goal,J. Marcelo,True,,,,,,,1,0
brasileirao_serie_a_2026,2026-08-09,22,Cruzeiro,Mirassol,3,1,26,,card,Gerson,True,yellow,Argument,,,,,,
brasileirao_serie_a_2026,2026-08-09,22,Botafogo,Fluminense,1,1,90,,period,,,,,,,FT,,1,1
brasileirao_serie_a_2026,2026-08-09,22,Botafogo,Fluminense,1,1,90,2,card,G. Justino,True,yellow,Argument,,,,,,
brasileirao_serie_a_2026,2026-08-09,22,Botafogo,Fluminense,1,1,90,,injuryTime,,,,,,,,7,,
brasileirao_serie_a_2026,2026-08-09,22,Botafogo,Fluminense,1,1,85,,substitution,,True,,,L. Emanuel,J. Barrera,,,,
brasileirao_serie_a_2026,2026-08-09,22,Botafogo,Fluminense,1,1,85,,substitution,,True,,,Danilo,Á. Montoro,,,,
brasileirao_serie_a_2026,2026-08-09,22,Botafogo,Fluminense,1,1,85,,substitution,,False,,,Hulk,R. Castillo,,,,
brasileirao_serie_a_2026,2026-08-09,22,Botafogo,Fluminense,1,1,79,,substitution,,False,,,L. Acosta,Y. Soteldo,,,,
brasileirao_serie_a_2026,2026-08-09,22,Botafogo,Fluminense,1,1,79,,substitution,,False,,,J. Savarino,Nonato,,,,
brasileirao_serie_a_2026,2026-08-09,22,Botafogo,Fluminense,1,1,77,,card,S. Xavier,False,yellow,Argument,,,,,,
brasileirao_serie_a_2026,2026-08-09,22,Botafogo,Fluminense,1,1,76,,card,Nonato,False,yellow,Foul,,,,,,
brasileirao_serie_a_2026,2026-08-09,22,Botafogo,Fluminense,1,1,70,,substitution,,True,,,Paulinho,A. Telles,,,,
brasileirao_serie_a_2026,2026-08-09,22,Botafogo,Fluminense,1,1,70,,substitution,,False,,,Hércules,Ganso,,,,
brasileirao_serie_a_2026,2026-08-09,22,Botafogo,Fluminense,1,1,70,,substitution,,False,,,A. Canobbio,K. Serna,,,,
brasileirao_serie_a_2026,2026-08-09,22,Botafogo,Fluminense,1,1,68,,card,N. Ferraresi,True,yellow,Argument,,,,,,
brasileirao_serie_a_2026,2026-08-09,22,Botafogo,Fluminense,1,1,60,,substitution,,True,,,M. Martins,L. Villalba,,,,
brasileirao_serie_a_2026,2026-08-09,22,Botafogo,Fluminense,1,1,59,,substitution,,True,,,J. Barrera,K. Toledo,,,,
brasileirao_serie_a_2026,2026-08-09,22,Botafogo,Fluminense,1,1,58,,goal,Ignácio,False,,,,,,,1,1
brasileirao_serie_a_2026,2026-08-09,22,Botafogo,Fluminense,1,1,54,,card,Ignácio,False,yellow,Foul,,,,,,
brasileirao_serie_a_2026,2026-08-09,22,Botafogo,Fluminense,1,1,45,,period,,,,,,,HT,,1,0
brasileirao_serie_a_2026,2026-08-09,22,Botafogo,Fluminense,1,1,45,,injuryTime,,,,,,,,4,,
brasileirao_serie_a_2026,2026-08-09,22,Botafogo,Fluminense,1,1,44,,goal,A. Telles,True,,,,,,,1,0
brasileirao_serie_a_2026,2026-08-09,22,Botafogo,Fluminense,1,1,90,,card,Marçal,True,yellowRed,Argument,,,,,,
brasileirao_serie_a_2026,2026-08-09,22,Botafogo,Fluminense,1,1,90,,card,Marçal,True,yellow,Argument,,,,,,
brasileirao_serie_a_2026,2026-08-09,22,Botafogo,Fluminense,1,1,34,,card,L. Zubeldia,False,yellow,Argument,,,,,,
brasileirao_serie_a_2026,2026-08-08,22,Coritiba,Chapecoense,2,1,90,,period,,,,,,,FT,,2,1
brasileirao_serie_a_2026,2026-08-08,22,Coritiba,Chapecoense,2,1,90,5,goal,T. E. S. d. Oliveira,False,,,,,,,2,1
brasileirao_serie_a_2026,2026-08-08,22,Coritiba,Chapecoense,2,1,90,,injuryTime,,,,,,,,7,,
brasileirao_serie_a_2026,2026-08-08,22,Coritiba,Chapecoense,2,1,84,,substitution,,True,,,Maicon,P. Rocha,,,,
brasileirao_serie_a_2026,2026-08-08,22,Coritiba,Chapecoense,2,1,82,,goal,P. Rocha,True,,,,,,,2,0
brasileirao_serie_a_2026,2026-08-08,22,Coritiba,Chapecoense,2,1,78,,substitution,,False,,,Ênio,Camilo,,,,
brasileirao_serie_a_2026,2026-08-08,22,Coritiba,Chapecoense,2,1,77,,substitution,,False,,,B. Pacheco,Fernando,,,,
brasileirao_serie_a_2026,2026-08-08,22,Coritiba,Chapecoense,2,1,62,,substitution,,False,,,F. Rossi,R. Tadeu,,,,
brasileirao_serie_a_2026,2026-08-08,22,Coritiba,Chapecoense,2,1,62,,substitution,,False,,,K. Ramírez,Marcinho,,,,
brasileirao_serie_a_2026,2026-08-08,22,Coritiba,Chapecoense,2,1,56,,card,R. Tadeu,False,yellow,Foul,,,,,,
brasileirao_serie_a_2026,2026-08-08,22,Coritiba,Chapecoense,2,1,48,,substitution,,True,,,R. Moledo,J. Maranhão,,,,
brasileirao_serie_a_2026,2026-08-08,22,Coritiba,Chapecoense,2,1,48,,substitution,,True,,,V. Paulista,B. Ocampo,,,,
brasileirao_serie_a_2026,2026-08-08,22,Coritiba,Chapecoense,2,1,46,,substitution,,True,,,F. Jonatan,Bruno Melo,,,,
brasileirao_serie_a_2026,2026-08-08,22,Coritiba,Chapecoense,2,1,45,,period,,,,,,,HT,,1,0
brasileirao_serie_a_2026,2026-08-08,22,Coritiba,Chapecoense,2,1,45,,injuryTime,,,,,,,,7,,
brasileirao_serie_a_2026,2026-08-08,22,Coritiba,Chapecoense,2,1,45,,varDecision,J. Maranhão,True,,,,,,,,
brasileirao_serie_a_2026,2026-08-08,22,Coritiba,Chapecoense,2,1,38,,substitution,,False,,,T. E. S. d. Oliveira,Max,,,,
brasileirao_serie_a_2026,2026-08-08,22,Coritiba,Chapecoense,2,1,37,,substitution,,True,,,B. Ocampo,Josué,,,,
brasileirao_serie_a_2026,2026-08-08,22,Coritiba,Chapecoense,2,1,32,,card,Bruno Melo,True,yellow,Foul,,,,,,
brasileirao_serie_a_2026,2026-08-08,22,Coritiba,Chapecoense,2,1,31,,goal,T. Cóser,True,,,,,,,1,0
brasileirao_serie_a_2026,2026-08-08,22,Remo,Atlético Mineiro,2,2,90,,period,,,,,,,FT,,2,2
brasileirao_serie_a_2026,2026-08-08,22,Remo,Atlético Mineiro,2,2,90,6,card,M. Felipe,True,yellow,Argument,,,,,,
brasileirao_serie_a_2026,2026-08-08,22,Remo,Atlético Mineiro,2,2,90,,injuryTime,,,,,,,,5,,
brasileirao_serie_a_2026,2026-08-08,22,Remo,Atlético Mineiro,2,2,89,,card,V. Hugo,False,yellow,Foul,,,,,,
brasileirao_serie_a_2026,2026-08-08,22,Remo,Atlético Mineiro,2,2,88,,substitution,,True,,,Jaderson,Mayk,,,,
brasileirao_serie_a_2026,2026-08-08,22,Remo,Atlético Mineiro,2,2,86,,card,Zé Welison,True,yellow,Argument,,,,,,
brasileirao_serie_a_2026,2026-08-08,22,Remo,Atlético Mineiro,2,2,84,,substitution,,False,,,T. Borbas,M. Cissé,,,,
brasileirao_serie_a_2026,2026-08-08,22,Remo,Atlético Mineiro,2,2,83,,substitution,,True,,,Patrick,Zé Ricardo,,,,
brasileirao_serie_a_2026,2026-08-08,22,Remo,Atlético Mineiro,2,2,77,,card,A. Franco,False,yellow,Argument,,,,,,
brasileirao_serie_a_2026,2026-08-08,22,Remo,Atlético Mineiro,2,2,77,,varDecision,K. P. Resende,False,,,,,,,,
brasileirao_serie_a_2026,2026-08-08,22,Remo,Atlético Mineiro,2,2,74,,goal,G. Taliari,True,,,,,,,2,2
brasileirao_serie_a_2026,2026-08-08,22,Remo,Atlético Mineiro,2,2,72,,substitution,,True,,,V. Bueno,Jajá,,,,
brasileirao_serie_a_2026,2026-08-08,22,Remo,Atlético Mineiro,2,2,66,,substitution,,False,,,I. Gomes,Maycon,,,,
brasileirao_serie_a_2026,2026-08-08,22,Remo,Atlético Mineiro,2,2,66,,substitution,,False,,,M. Cassierra,Reinier,,,,
brasileirao_serie_a_2026,2026-08-08,22,Remo,Atlético Mineiro,2,2,58,,substitution,,False,,,T. Cuello,A. Minda,,,,
brasileirao_serie_a_2026,2026-08-08,22,Remo,Atlético Mineiro,2,2,57,,substitution,,False,,,V. Hugo,Bernard,,,,
brasileirao_serie_a_2026,2026-08-08,22,Remo,Atlético Mineiro,2,2,46,,substitution,,True,,,D. Braga,L. Picco,,,,
brasileirao_serie_a_2026,2026-08-08,22,Remo,Atlético Mineiro,2,2,46,,substitution,,True,,,A. Manga,M. Alexandre,,,,
brasileirao_serie_a_2026,2026-08-08,22,Remo,Atlético Mineiro,2,2,45,,period,,,,,,,HT,,1,2
brasileirao_serie_a_2026,2026-08-08,22,Remo,Atlético Mineiro,2,2,45,,injuryTime,,,,,,,,3,,
brasileirao_serie_a_2026,2026-08-08,22,Remo,Atlético Mineiro,2,2,38,,goal,Bernard,False,,,,,,,1,2
brasileirao_serie_a_2026,2026-08-08,22,Remo,Atlético Mineiro,2,2,34,,goal,Reinier,False,,,,,,,1,1
brasileirao_serie_a_2026,2026-08-08,22,Remo,Atlético Mineiro,2,2,3,,goal,Jajá,True,,,,,,,1,0
brasileirao_serie_a_2026,2026-08-08,22,Grêmio,São Paulo,2,1,90,,period,,,,,,,FT,,2,1
brasileirao_serie_a_2026,2026-08-08,22,Grêmio,São Paulo,2,1,90,5,card,R. Arboleda,False,yellow,Argument,,,,,,
brasileirao_serie_a_2026,2026-08-08,22,Grêmio,São Paulo,2,1,90,5,card,W. Kannemann,True,yellow,Argument,,,,,,
brasileirao_serie_a_2026,2026-08-08,22,Grêmio,São Paulo,2,1,90,2,card,A. Silva,False,yellow,Argument,,,,,,
brasileirao_serie_a_2026,2026-08-08,22,Grêmio,São Paulo,2,1,90,1,card,Marlon,True,yellow,Argument,,,,,,
brasileirao_serie_a_2026,2026-08-08,22,Grêmio,São Paulo,2,1,90,1,substitution,,True,,,L. Pérez,C. Pavón,,,,
brasileirao_serie_a_2026,2026-08-08,22,Grêmio,São Paulo,2,1,90,1,substitution,,True,,,W. Kannemann,M. Villasanti,,,,
brasileirao_serie_a_2026,2026-08-08,22,Grêmio,São Paulo,2,1,90,,injuryTime,,,,,,,,6,,
brasileirao_serie_a_2026,2026-08-08,22,Grêmio,São Paulo,2,1,89,,substitution,,False,,,G. Santana,P. Maia,,,,
brasileirao_serie_a_2026,2026-08-08,22,Grêmio,São Paulo,2,1,89,,substitution,,False,,,Victor Sá,Wendell,,,,
brasileirao_serie_a_2026,2026-08-08,22,Grêmio,São Paulo,2,1,86,,goal,C. Pavón,True,,,,,,,2,1
brasileirao_serie_a_2026,2026-08-08,22,Grêmio,São Paulo,2,1,81,,card,Diego Caito,True,yellow,Foul,,,,,,
brasileirao_serie_a_2026,2026-08-08,22,Grêmio,São Paulo,2,1,78,,substitution,,True,,,M. Braithwaite,C. Vinícius,,,,
brasileirao_serie_a_2026,2026-08-08,22,Grêmio,São Paulo,2,1,77,,substitution,,False,,,A. Silva,J. Calleri,,,,
brasileirao_serie_a_2026,2026-08-08,22,Grêmio,São Paulo,2,1,75,,card,Luciano,False,yellow,Argument,,,,,,
brasileirao_serie_a_2026,2026-08-08,22,Grêmio,São Paulo,2,1,71,,substitution,,False,,,Cauly,Ferreira,,,,
brasileirao_serie_a_2026,2026-08-08,22,Grêmio,São Paulo,2,1,70,,substitution,,False,,,D. Bobadilla,Danielzinho,,,,
brasileirao_serie_a_2026,2026-08-08,22,Grêmio,São Paulo,2,1,54,,substitution,,True,,,Dodi,J. Nardoni,,,,
brasileirao_serie_a_2026,2026-08-08,22,Grêmio,São Paulo,2,1,48,,goal,Wallace,True,,,,,,,1,1
brasileirao_serie_a_2026,2026-08-08,22,Grêmio,São Paulo,2,1,46,,substitution,,True,,,F. Amuzu,J. Cabral,,,,
brasileirao_serie_a_2026,2026-08-08,22,Grêmio,São Paulo,2,1,45,,period,,,,,,,HT,,0,1
brasileirao_serie_a_2026,2026-08-08,22,Grêmio,São Paulo,2,1,45,5,card,M. Villasanti,True,yellow,Argument,,,,,,
brasileirao_serie_a_2026,2026-08-08,22,Grêmio,São Paulo,2,1,45,2,goal,M. Antônio,False,,,,,,,0,1
brasileirao_serie_a_2026,2026-08-08,22,Grêmio,São Paulo,2,1,45,,injuryTime,,,,,,,,1,,
brasileirao_serie_a_2026,2026-07-31,21,Coritiba,Cruzeiro,0,1,90,,period,,,,,,,FT,,0,1
brasileirao_serie_a_2026,2026-07-31,21,Coritiba,Cruzeiro,0,1,90,2,card,M. Henrique,False,yellow,Foul,,,,,,
brasileirao_serie_a_2026,2026-07-31,21,Coritiba,Cruzeiro,0,1,90,,injuryTime,,,,,,,,6,,
brasileirao_serie_a_2026,2026-07-31,21,Coritiba,Cruzeiro,0,1,86,,substitution,,False,,,L. Villalba,G. Rojas,,,,
brasileirao_serie_a_2026,2026-07-31,21,Coritiba,Cruzeiro,0,1,85,,substitution,,False,,,B. Rodrigues,K. Jorge,,,,
brasileirao_serie_a_2026,2026-07-31,21,Coritiba,Cruzeiro,0,1,79,,substitution,,True,,,Keno,B. Lopes,,,,
brasileirao_serie_a_2026,2026-07-31,21,Coritiba,Cruzeiro,0,1,79,,substitution,,True,,,B. Ocampo,S. Gomez,,,,
brasileirao_serie_a_2026,2026-07-31,21,Coritiba,Cruzeiro,0,1,70,,substitution,,False,,,Marquinhos,K. Arroyo,,,,
brasileirao_serie_a_2026,2026-07-31,21,Coritiba,Cruzeiro,0,1,69,,substitution,,False,,,M. Henrique,Gerson,,,,
brasileirao_serie_a_2026,2026-07-31,21,Coritiba,Cruzeiro,0,1,66,,goal,M. Pereira,False,,,,,,,0,1
brasileirao_serie_a_2026,2026-07-31,21,Coritiba,Cruzeiro,0,1,65,,substitution,,True,,,R. Rodrigues,P. Rocha,,,,
brasileirao_serie_a_2026,2026-07-31,21,Coritiba,Cruzeiro,0,1,65,,substitution,,True,,,F. Jonatan,Bruno Melo,,,,
brasileirao_serie_a_2026,2026-07-31,21,Coritiba,Cruzeiro,0,1,60,,substitution,,False,,,K. Kenji,F. Morais,,,,
brasileirao_serie_a_2026,2026-07-31,21,Coritiba,Cruzeiro,0,1,54,,substitution,,True,,,V. G. Tissi,T. Santos,,,,
brasileirao_serie_a_2026,2026-07-31,21,Coritiba,Cruzeiro,0,1,45,,period,,,,,,,HT,,0,0
brasileirao_serie_a_2026,2026-07-31,21,Coritiba,Cruzeiro,0,1,45,,injuryTime,,,,,,,,1,,
brasileirao_serie_a_2026,2026-07-31,21,Coritiba,Cruzeiro,0,1,37,,card,T. Santos,True,yellow,Foul,,,,,,
brasileirao_serie_a_2026,2026-07-30,21,Corinthians,Athletico,0,0,90,,period,,,,,,,FT,,0,0
brasileirao_serie_a_2026,2026-07-30,21,Corinthians,Athletico,0,0,90,5,card,Santos,False,yellow,Time wasting,,,,,,
brasileirao_serie_a_2026,2026-07-30,21,Corinthians,Athletico,0,0,90,3,substitution,,False,,,J. F. Aguirre,C. Terán,,,,
brasileirao_serie_a_2026,2026-07-30,21,Corinthians,Athletico,0,0,90,2,card,R. Garro,True,yellow,Foul,,,,,,
brasileirao_serie_a_2026,2026-07-30,21,Corinthians,Athletico,0,0,90,,injuryTime,,,,,,,,8,,
brasileirao_serie_a_2026,2026-07-30,21,Corinthians,Athletico,0,0,87,,card,Matheuzinho,True,yellow,Argument,,,,,,
brasileirao_serie_a_2026,2026-07-30,21,Corinthians,Athletico,0,0,86,,card,J. Portilla,False,yellow,Argument,,,,,,
brasileirao_serie_a_2026,2026-07-30,21,Corinthians,Athletico,0,0,86,,card,A. Ramalho,True,yellow,Argument,,,,,,
brasileirao_serie_a_2026,2026-07-30,21,Corinthians,Athletico,0,0,83,,substitution,,True,,,A. Luiz,A. Carrillo,,,,
brasileirao_serie_a_2026,2026-07-30,21,Corinthians,Athletico,0,0,82,,substitution,,False,,,J. Rivaldo,K. Viveros,,,,
brasileirao_serie_a_2026,2026-07-30,21,Corinthians,Athletico,0,0,78,,substitution,,True,,,R. Garro,Y. Alberto,,,,
brasileirao_serie_a_2026,2026-07-30,21,Corinthians,Athletico,0,0,77,,substitution,,True,,,B. Bidon,M. Pereira,,,,
brasileirao_serie_a_2026,2026-07-30,21,Corinthians,Athletico,0,0,65,,substitution,,False,,,Dudu,Leozinho,,,,
brasileirao_serie_a_2026,2026-07-30,21,Corinthians,Athletico,0,0,65,,substitution,,False,,,J. Cruz,S. Mendoza,,,,
brasileirao_serie_a_2026,2026-07-30,21,Corinthians,Athletico,0,0,46,,substitution,,False,,,Leonardo Derik,Claudinho,,,,
brasileirao_serie_a_2026,2026-07-30,21,Corinthians,Athletico,0,0,46,,substitution,,True,,,Y. Alberto,Dieguinho,,,,
brasileirao_serie_a_2026,2026-07-30,21,Corinthians,Athletico,0,0,46,,substitution,,True,,,Kaio César,Z. Labyad,,,,
brasileirao_serie_a_2026,2026-07-30,21,Corinthians,Athletico,0,0,45,,period,,,,,,,HT,,0,0
brasileirao_serie_a_2026,2026-07-30,21,Corinthians,Athletico,0,0,45,1,card,Jádson,False,yellow,Argument,,,,,,
brasileirao_serie_a_2026,2026-07-30,21,Corinthians,Athletico,0,0,45,,injuryTime,,,,,,,,4,,
brasileirao_serie_a_2026,2026-07-30,21,Corinthians,Athletico,0,0,44,,card,G. Benavídez,False,yellow,Argument,,,,,,
brasileirao_serie_a_2026,2026-07-30,21,Corinthians,Athletico,0,0,45,,card,F. Diniz,True,yellow,Argument,,,,,,
brasileirao_serie_a_2026,2026-07-30,21,Vitória,Palmeiras,0,4,90,,period,,,,,,,FT,,0,4
brasileirao_serie_a_2026,2026-07-30,21,Vitória,Palmeiras,0,4,90,,injuryTime,,,,,,,,2,,
brasileirao_serie_a_2026,2026-07-30,21,Vitória,Palmeiras,0,4,84,,goal,R. Sosa,False,,,,,,,0,4
brasileirao_serie_a_2026,2026-07-30,21,Vitória,Palmeiras,0,4,74,,substitution,,True,,,Walace,G. Baralhas,,,,
brasileirao_serie_a_2026,2026-07-30,21,Vitória,Palmeiras,0,4,74,,substitution,,False,,,V. Roque,J. Arias,,,,
brasileirao_serie_a_2026,2026-07-30,21,Vitória,Palmeiras,0,4,70,,goal,J. Arias,False,,,,,,,0,3
brasileirao_serie_a_2026,2026-07-30,21,Vitória,Palmeiras,0,4,67,,substitution,,True,,,Jamerson,F. Souza,,,,
brasileirao_serie_a_2026,2026-07-30,21,Vitória,Palmeiras,0,4,66,,card,E. Brítez,True,yellow,Foul,,,,,,
brasileirao_serie_a_2026,2026-07-30,21,Vitória,Palmeiras,0,4,65,,substitution,,False,,,L. Evangelista,A. Barboza,,,,
brasileirao_serie_a_2026,2026-07-30,21,Vitória,Palmeiras,0,4,56,,card,F. Souza,True,yellow,Foul,,,,,,
brasileirao_serie_a_2026,2026-07-30,21,Vitória,Palmeiras,0,4,46,,substitution,,True,,,D. Tarzia,Matheuzinho,,,,
brasileirao_serie_a_2026,2026-07-30,21,Vitória,Palmeiras,0,4,46,,substitution,,True,,,T. Pochettino,Renê,,,,
brasileirao_serie_a_2026,2026-07-30,21,Vitória,Palmeiras,0,4,46,,substitution,,False,,,Khellven,Mauricio,,,,
brasileirao_serie_a_2026,2026-07-30,21,Vitória,Palmeiras,0,4,46,,substitution,,False,,,E. Martínez,M. Freitas,,,,
brasileirao_serie_a_2026,2026-07-30,21,Vitória,Palmeiras,0,4,46,,substitution,,False,,,J. López,G. Gómez,,,,
brasileirao_serie_a_2026,2026-07-30,21,Vitória,Palmeiras,0,4,45,,period,,,,,,,HT,,0,2
brasileirao_serie_a_2026,2026-07-30,21,Vitória,Palmeiras,0,4,45,6,goal,F. Souza,False,,,,,,,0,2
brasileirao_serie_a_2026,2026-07-30,21,Vitória,Palmeiras,0,4,45,1,goal,Mauricio,False,,,,,,,0,1
brasileirao_serie_a_2026,2026-07-30,21,Vitória,Palmeiras,0,4,41,,substitution,,True,,,Z. Vitor,E. Martinez,,,,
brasileirao_serie_a_2026,2026-07-30,21,Vitória,Palmeiras,0,4,40,,card,L. Cândido,True,red,Argument,,,,,,
brasileirao_serie_a_2026,2026-07-30,21,Vitória,Palmeiras,0,4,39,,varDecision,L. Cândido,True,,,,,,,,
brasileirao_serie_a_2026,2026-07-30,21,Vitória,Palmeiras,0,4,37,,card,Cacá,True,red,Foul,,,,,,
brasileirao_serie_a_2026,2026-07-30,21,Vitória,Palmeiras,0,4,37,,varDecision,Cacá,True,,,,,,,,
brasileirao_serie_a_2026,2026-07-30,21,Vitória,Palmeiras,0,4,32,,card,E. Martinez,True,yellow,Foul,,,,,,
brasileirao_serie_a_2026,2026-07-30,21,Vitória,Palmeiras,0,4,27,,card,Mauricio,False,yellow,Foul,,,,,,
brasileirao_serie_a_2026,2026-07-30,21,Vitória,Palmeiras,0,4,14,,card,M. Freitas,False,yellow,Foul,,,,,,
brasileirao_serie_a_2026,2026-07-30,21,Fluminense,Bahia,0,0,90,,period,,,,,,,FT,,0,0
brasileirao_serie_a_2026,2026-07-30,21,Fluminense,Bahia,0,0,90,,injuryTime,,,,,,,,5,,
brasileirao_serie_a_2026,2026-07-30,21,Fluminense,Bahia,0,0,88,,substitution,,False,,,W. José,A. Véliz,,,,
brasileirao_serie_a_2026,2026-07-30,21,Fluminense,Bahia,0,0,75,,substitution,,True,,,G. Cano,Hulk,,,,
brasileirao_serie_a_2026,2026-07-30,21,Fluminense,Bahia,0,0,75,,substitution,,False,,,K. Furquim,E. Pulga,,,,
brasileirao_serie_a_2026,2026-07-30,21,Fluminense,Bahia,0,0,74,,substitution,,False,,,D. Martins,J. Lucas,,,,
brasileirao_serie_a_2026,2026-07-30,21,Fluminense,Bahia,0,0,65,,substitution,,False,,,E. Ribeiro,Ademir,,,,
brasileirao_serie_a_2026,2026-07-30,21,Fluminense,Bahia,0,0,65,,substitution,,False,,,M. Araújo,L. Juba,,,,
brasileirao_serie_a_2026,2026-07-30,21,Fluminense,Bahia,0,0,62,,substitution,,True,,,Hércules,Martinelli,,,,
brasileirao_serie_a_2026,2026-07-30,21,Fluminense,Bahia,0,0,62,,substitution,,True,,,J. Savarino,L. Acosta,,,,
brasileirao_serie_a_2026,2026-07-30,21,Fluminense,Bahia,0,0,62,,substitution,,True,,,I. Rabello,T. Silva,,,,
brasileirao_serie_a_2026,2026-07-30,21,Fluminense,Bahia,0,0,49,,card,E. Pulga,False,yellow,Foul,,,,,,
brasileirao_serie_a_2026,2026-07-30,21,Fluminense,Bahia,0,0,45,,period,,,,,,,HT,,0,0
brasileirao_serie_a_2026,2026-07-30,21,Fluminense,Bahia,0,0,45,,injuryTime,,,,,,,,3,,
brasileirao_serie_a_2026,2026-07-30,21,Fluminense,Bahia,0,0,42,,substitution,,True,,,T. Silva,J. Freytes,,,,
brasileirao_serie_a_2026,2026-07-30,21,Fluminense,Bahia,0,0,11,,card,Ignácio,True,yellow,Foul,,,,,,
brasileirao_serie_a_2026,2026-07-30,21,Fluminense,Bahia,0,0,90,,card,L. Zubeldia,True,yellow,Argument,,,,,,
brasileirao_serie_a_2026,2026-07-29,21,Mirassol,Remo,2,1,90,,period,,,,,,,FT,,2,1
brasileirao_serie_a_2026,2026-07-29,21,Mirassol,Remo,2,1,90,,injuryTime,,,,,,,,5,,
brasileirao_serie_a_2026,2026-07-29,21,Mirassol,Remo,2,1,85,,substitution,,True,,,Chico,Japa,,,,
brasileirao_serie_a_2026,2026-07-29,21,Mirassol,Remo,2,1,85,,substitution,,True,,,C. Eduardo,E. Carioca,,,,
brasileirao_serie_a_2026,2026-07-29,21,Mirassol,Remo,2,1,81,,substitution,,False,,,V. Bueno,G. Taliari,,,,
brasileirao_serie_a_2026,2026-07-29,21,Mirassol,Remo,2,1,81,,substitution,,False,,,G. Poveda,A. Manga,,,,
brasileirao_serie_a_2026,2026-07-29,21,Mirassol,Remo,2,1,77,,substitution,,True,,,G. Cazonatti,Eduardo,,,,
brasileirao_serie_a_2026,2026-07-29,21,Mirassol,Remo,2,1,75,,substitution,,False,,,D. Braga,Zé Ricardo,,,,
brasileirao_serie_a_2026,2026-07-29,21,Mirassol,Remo,2,1,72,,card,Z. Ivaldo,False,yellow,Foul,,,,,,
brasileirao_serie_a_2026,2026-07-29,21,Mirassol,Remo,2,1,72,,card,M. Alexandre,False,yellow,Time wasting,,,,,,
brasileirao_serie_a_2026,2026-07-29,21,Mirassol,Remo,2,1,60,,substitution,,True,,,Shaylon,G. Silva,,,,
brasileirao_serie_a_2026,2026-07-29,21,Mirassol,Remo,2,1,59,,substitution,,False,,,Jajá,Y. Pikachu,,,,
brasileirao_serie_a_2026,2026-07-29,21,Mirassol,Remo,2,1,59,,substitution,,False,,,M. Alexandre,Marcelinho,,,,
brasileirao_serie_a_2026,2026-07-29,21,Mirassol,Remo,2,1,54,,goal,J. Victor,True,,,,,,,2,1
brasileirao_serie_a_2026,2026-07-29,21,Mirassol,Remo,2,1,46,,substitution,,True,,,W. Machado,Gabriel,,,,
brasileirao_serie_a_2026,2026-07-29,21,Mirassol,Remo,2,1,45,,period,,,,,,,HT,,1,1
brasileirao_serie_a_2026,2026-07-29,21,Mirassol,Remo,2,1,45,1,goal,L. Picco,False,,,,,,,1,1
brasileirao_serie_a_2026,2026-07-29,21,Mirassol,Remo,2,1,45,,injuryTime,,,,,,,,3,,
brasileirao_serie_a_2026,2026-07-29,21,Mirassol,Remo,2,1,30,,goal,Marllon,True,,,,,,,1,0
brasileirao_serie_a_2026,2026-07-29,21,Mirassol,Remo,2,1,21,,card,Gabriel,True,yellow,Foul,,,,,,
brasileirao_serie_a_2026,2026-07-29,21,Mirassol,Remo,2,1,17,,card,Igor Formiga,True,yellow,Foul,,,,,,
brasileirao_serie_a_2026,2026-07-29,21,Internacional,Flamengo,1,1,90,,period,,,,,,,FT,,1,1
brasileirao_serie_a_2026,2026-07-29,21,Internacional,Flamengo,1,1,90,7,card,N. De la Cruz,False,yellow,Foul,,,,,,
brasileirao_serie_a_2026,2026-07-29,21,Internacional,Flamengo,1,1,90,5,card,G. Mercado,True,yellow,Argument,,,,,,
brasileirao_serie_a_2026,2026-07-29,21,Internacional,Flamengo,1,1,90,4,card,E. Pulgar,False,yellow,Foul,,,,,,
brasileirao_serie_a_2026,2026-07-29,21,Internacional,Flamengo,1,1,90,,injuryTime,,,,,,,,7,,
brasileirao_serie_a_2026,2026-07-29,21,Internacional,Flamengo,1,1,84,,substitution,,True,,,F. Torres,R. Villagra,,,,
brasileirao_serie_a_2026,2026-07-29,21,Internacional,Flamengo,1,1,84,,substitution,,True,,,Alerrandro,J. Carbonero,,,,
brasileirao_serie_a_2026,2026-07-29,21,Internacional,Flamengo,1,1,84,,substitution,,False,,,N. De la Cruz,Jorginho,,,,
brasileirao_serie_a_2026,2026-07-29,21,Internacional,Flamengo,1,1,81,,substitution,,True,,,Calebe,A. Patrick,,,,
brasileirao_serie_a_2026,2026-07-29,21,Internacional,Flamengo,1,1,79,,goal,S. Lino,False,,,,,,,1,1
brasileirao_serie_a_2026,2026-07-29,21,Internacional,Flamengo,1,1,68,,substitution,,True,,,J. Juninho,G. Maripán,,,,
brasileirao_serie_a_2026,2026-07-29,21,Internacional,Flamengo,1,1,68,,substitution,,True,,,P. Paula,B. Henrique,,,,
brasileirao_serie_a_2026,2026-07-29,21,Internacional,Flamengo,1,1,64,,card,Vitão,False,yellow,Foul,,,,,,
brasileirao_serie_a_2026,2026-07-29,21,Internacional,Flamengo,1,1,64,,substitution,,False,,,E. Royal,A. Sandro,,,,
brasileirao_serie_a_2026,2026-07-29,21,Internacional,Flamengo,1,1,63,,substitution,,False,,,B. Henrique,J. Carrascal,,,,
brasileirao_serie_a_2026,2026-07-29,21,Internacional,Flamengo,1,1,46,,substitution,,False,,,E. Pulgar,E. Araujo,,,,
brasileirao_serie_a_2026,2026-07-29,21,Internacional,Flamengo,1,1,46,,substitution,,False,,,Danilo,L. Pereira,,,,
brasileirao_serie_a_2026,2026-07-29,21,Internacional,Flamengo,1,1,45,,period,,,,,,,HT,,1,0
brasileirao_serie_a_2026,2026-07-29,21,Internacional,Flamengo,1,1,45,,injuryTime,,,,,,,,5,,
brasileirao_serie_a_2026,2026-07-29,21,Internacional,Flamengo,1,1,27,,goal,Vitinho,True,,,,,,,1,0
brasileirao_serie_a_2026,2026-07-26,20,Remo,Vitória,2,0,90,,period,,,,,,,FT,,2,0
brasileirao_serie_a_2026,2026-07-26,20,Remo,Vitória,2,0,90,,injuryTime,,,,,,,,5,,
brasileirao_serie_a_2026,2026-07-26,20,Remo,Vitória,2,0,85,,substitution,,True,,,Edson Fernando,Mayk,,,,
brasileirao_serie_a_2026,2026-07-26,20,Remo,Vitória,2,0,78,,substitution,,False,,,Walace,Z. Vitor,,,,
brasileirao_serie_a_2026,2026-07-26,20,Remo,Vitória,2,0,78,,substitution,,True,,,V. Bueno,Zé Ricardo,,,,
brasileirao_serie_a_2026,2026-07-26,20,Remo,Vitória,2,0,70,,substitution,,True,,,Patrick,L. Picco,,,,
brasileirao_serie_a_2026,2026-07-26,20,Remo,Vitória,2,0,70,,substitution,,True,,,G. Taliari,Jajá,,,,
brasileirao_serie_a_2026,2026-07-26,20,Remo,Vitória,2,0,70,,substitution,,True,,,M. Alexandre,Y. Pikachu,,,,
brasileirao_serie_a_2026,2026-07-26,20,Remo,Vitória,2,0,61,,substitution,,False,,,Matheuzinho,D. Tarzia,,,,
brasileirao_serie_a_2026,2026-07-26,20,Remo,Vitória,2,0,61,,substitution,,False,,,F. Souza,Jamerson,,,,
brasileirao_serie_a_2026,2026-07-26,20,Remo,Vitória,2,0,61,,substitution,,False,,,R. Kayzer,Cacá,,,,
brasileirao_serie_a_2026,2026-07-26,20,Remo,Vitória,2,0,61,,substitution,,False,,,T. Pochettino,Erick,,,,
brasileirao_serie_a_2026,2026-07-26,20,Remo,Vitória,2,0,54,,goal,A. Manga,True,,,,,,,2,0
brasileirao_serie_a_2026,2026-07-26,20,Remo,Vitória,2,0,53,,card,Y. Pikachu,True,yellow,Time wasting,,,,,,
brasileirao_serie_a_2026,2026-07-26,20,Remo,Vitória,2,0,45,,period,,,,,,,HT,,1,0
brasileirao_serie_a_2026,2026-07-26,20,Remo,Vitória,2,0,43,,card,M. Felipe,True,yellow,Foul,,,,,,
brasileirao_serie_a_2026,2026-07-26,20,Remo,Vitória,2,0,41,,card,Cacá,False,yellow,Foul,,,,,,
brasileirao_serie_a_2026,2026-07-26,20,Remo,Vitória,2,0,39,,goal,Jajá,True,,,,,,,1,0
brasileirao_serie_a_2026,2026-07-26,20,Remo,Vitória,2,0,4,,card,Z. Ivaldo,True,yellow,Foul,,,,,,
brasileirao_serie_a_2026,2026-07-26,20,Palmeiras,Atlético Mineiro,1,2,90,,period,,,,,,,FT,,1,2
brasileirao_serie_a_2026,2026-07-26,20,Palmeiras,Atlético Mineiro,1,2,90,3,card,R. Lodi,False,yellow,Foul,,,,,,
brasileirao_serie_a_2026,2026-07-26,20,Palmeiras,Atlético Mineiro,1,2,90,,substitution,,False,,,Alexsander,T. Pérez,,,,
brasileirao_serie_a_2026,2026-07-26,20,Palmeiras,Atlético Mineiro,1,2,90,,injuryTime,,,,,,,,6,,
brasileirao_serie_a_2026,2026-07-26,20,Palmeiras,Atlético Mineiro,1,2,85,,substitution,,False,,,V. Hugo,Á. Preciado,,,,
brasileirao_serie_a_2026,2026-07-26,20,Palmeiras,Atlético Mineiro,1,2,78,,substitution,,True,,,L. Evangelista,Mauricio,,,,
brasileirao_serie_a_2026,2026-07-26,20,Palmeiras,Atlético Mineiro,1,2,78,,substitution,,True,,,A. Gabriel,J. Piquerez,,,,
brasileirao_serie_a_2026,2026-07-26,20,Palmeiras,Atlético Mineiro,1,2,77,,goal,I. Gomes,False,,,,,,,1,2
brasileirao_serie_a_2026,2026-07-26,20,Palmeiras,Atlético Mineiro,1,2,76,,card,Ruan,False,yellow,Foul,,,,,,
brasileirao_serie_a_2026,2026-07-26,20,Palmeiras,Atlético Mineiro,1,2,75,,goal,F. Anderson,True,,,,,,,1,1
brasileirao_serie_a_2026,2026-07-26,20,Palmeiras,Atlético Mineiro,1,2,71,,substitution,,False,,,I. Gomes,V. Hugo,,,,
brasileirao_serie_a_2026,2026-07-26,20,Palmeiras,Atlético Mineiro,1,2,71,,substitution,,False,,,A. Minda,Bernard,,,,
brasileirao_serie_a_2026,2026-07-26,20,Palmeiras,Atlético Mineiro,1,2,65,,substitution,,True,,,Heittor,Paulinho,,,,
brasileirao_serie_a_2026,2026-07-26,20,Palmeiras,Atlético Mineiro,1,2,59,,substitution,,True,,,V. Roque,E. Martínez,,,,
brasileirao_serie_a_2026,2026-07-26,20,Palmeiras,Atlético Mineiro,1,2,59,,substitution,,True,,,F. Anderson,A. Giay,,,,
brasileirao_serie_a_2026,2026-07-26,20,Palmeiras,Atlético Mineiro,1,2,54,,goal,V. Hugo,False,,,,,,,0,1
brasileirao_serie_a_2026,2026-07-26,20,Palmeiras,Atlético Mineiro,1,2,46,,substitution,,False,,,M. Cissé,Maycon,,,,
brasileirao_serie_a_2026,2026-07-26,20,Palmeiras,Atlético Mineiro,1,2,45,,period,,,,,,,HT,,0,0
brasileirao_serie_a_2026,2026-07-26,20,Palmeiras,Atlético Mineiro,1,2,45,,injuryTime,,,,,,,,3,,
brasileirao_serie_a_2026,2026-07-26,20,Palmeiras,Atlético Mineiro,1,2,31,,card,Á. Preciado,False,yellow,Foul,,,,,,
brasileirao_serie_a_2026,2026-07-26,20,Palmeiras,Atlético Mineiro,1,2,16,,varDecision,J. Piquerez,True,,,,,,,,
brasileirao_serie_a_2026,2026-07-26,20,Red Bull Bragantino,Coritiba,0,0,90,,period,,,,,,,FT,,0,0
brasileirao_serie_a_2026,2026-07-26,20,Red Bull Bragantino,Coritiba,0,0,90,1,card,P. Roberto,False,yellow,Foul,,,,,,
brasileirao_serie_a_2026,2026-07-26,20,Red Bull Bragantino,Coritiba,0,0,90,,injuryTime,,,,,,,,7,,
brasileirao_serie_a_2026,2026-07-26,20,Red Bull Bragantino,Coritiba,0,0,86,,card,I. Sosa,True,yellow,Foul,,,,,,
brasileirao_serie_a_2026,2026-07-26,20,Red Bull Bragantino,Coritiba,0,0,84,,substitution,,True,,,Vinicinho,E. Sasha,,,,
brasileirao_serie_a_2026,2026-07-26,20,Red Bull Bragantino,Coritiba,0,0,84,,substitution,,True,,,I. Sosa,Fernando,,,,
brasileirao_serie_a_2026,2026-07-26,20,Red Bull Bragantino,Coritiba,0,0,83,,substitution,,False,,,F. Jonatan,Bruno Melo,,,,
brasileirao_serie_a_2026,2026-07-26,20,Red Bull Bragantino,Coritiba,0,0,83,,substitution,,False,,,P. Roberto,P. Rocha,,,,
brasileirao_serie_a_2026,2026-07-26,20,Red Bull Bragantino,Coritiba,0,0,72,,substitution,,False,,,J. Lavega,L. Ronier,,,,
brasileirao_serie_a_2026,2026-07-26,20,Red Bull Bragantino,Coritiba,0,0,72,,substitution,,False,,,Keno,B. Lopes,,,,
brasileirao_serie_a_2026,2026-07-26,20,Red Bull Bragantino,Coritiba,0,0,65,,substitution,,True,,,H. Mosquera,J. Herrera,,,,
brasileirao_serie_a_2026,2026-07-26,20,Red Bull Bragantino,Coritiba,0,0,65,,substitution,,True,,,I. Pitta,L. Barbosa,,,,
brasileirao_serie_a_2026,2026-07-26,20,Red Bull Bragantino,Coritiba,0,0,62,,substitution,,False,,,V. G. Tissi,V. Paulista,,,,
brasileirao_serie_a_2026,2026-07-26,20,Red Bull Bragantino,Coritiba,0,0,58,,card,V. Paulista,False,yellow,Foul,,,,,,
brasileirao_serie_a_2026,2026-07-26,20,Red Bull Bragantino,Coritiba,0,0,45,,period,,,,,,,HT,,0,0
brasileirao_serie_a_2026,2026-07-26,20,Red Bull Bragantino,Coritiba,0,0,45,,injuryTime,,,,,,,,3,,
brasileirao_serie_a_2026,2026-07-26,20,Red Bull Bragantino,Coritiba,0,0,29,,substitution,,True,,,P. Henrique,G. Marques,,,,
brasileirao_serie_a_2026,2026-07-26,20,Red Bull Bragantino,Coritiba,0,0,20,,card,L. Barbosa,True,yellow,Foul,,,,,,
brasileirao_serie_a_2026,2026-07-26,20,Red Bull Bragantino,Coritiba,0,0,90,,card,G. Rodríguez,True,yellow,Argument,,,,,,
brasileirao_serie_a_2026,2026-07-26,20,Red Bull Bragantino,Coritiba,0,0,87,,card,G. Marques,True,yellow,Argument,,,,,,
brasileirao_serie_a_2026,2026-07-26,20,Grêmio,Fluminense,1,1,90,,period,,,,,,,FT,,1,1
brasileirao_serie_a_2026,2026-07-26,20,Grêmio,Fluminense,1,1,90,2,card,J. Nardoni,True,yellow,Foul,,,,,,
brasileirao_serie_a_2026,2026-07-26,20,Grêmio,Fluminense,1,1,90,,injuryTime,,,,,,,,7,,
brasileirao_serie_a_2026,2026-07-26,20,Grêmio,Fluminense,1,1,89,,goal,Diego Caito,True,,,,,,,1,1
brasileirao_serie_a_2026,2026-07-26,20,Grêmio,Fluminense,1,1,87,,substitution,,False,,,Y. Soteldo,Hércules,,,,
brasileirao_serie_a_2026,2026-07-26,20,Grêmio,Fluminense,1,1,86,,substitution,,False,,,Ignácio,K. Serna,,,,
brasileirao_serie_a_2026,2026-07-26,20,Grêmio,Fluminense,1,1,80,,substitution,,True,,,P. Gabriel,Marlon,,,,
brasileirao_serie_a_2026,2026-07-26,20,Grêmio,Fluminense,1,1,79,,card,A. Canobbio,False,yellow,Foul,,,,,,
brasileirao_serie_a_2026,2026-07-26,20,Grêmio,Fluminense,1,1,78,,substitution,,True,,,J. Cabral,F. Amuzu,,,,
brasileirao_serie_a_2026,2026-07-26,20,Grêmio,Fluminense,1,1,78,,substitution,,True,,,J. Enamorado,Tetê,,,,
brasileirao_serie_a_2026,2026-07-26,20,Grêmio,Fluminense,1,1,77,,card,C. Vinícius,True,yellow,Argument,,,,,,
brasileirao_serie_a_2026,2026-07-26,20,Grêmio,Fluminense,1,1,75,,substitution,,False,,,Nonato,L. Acosta,,,,
brasileirao_serie_a_2026,2026-07-26,20,Grêmio,Fluminense,1,1,75,,substitution,,False,,,G. Cano,Hulk,,,,
brasileirao_serie_a_2026,2026-07-26,20,Grêmio,Fluminense,1,1,69,,substitution,,True,,,M. Braithwaite,E. Noriega,,,,
brasileirao_serie_a_2026,2026-07-26,20,Grêmio,Fluminense,1,1,69,,substitution,,True,,,Diego Caito,C. Pavón,,,,
brasileirao_serie_a_2026,2026-07-26,20,Grêmio,Fluminense,1,1,69,,card,T. Silva,False,yellow,Foul,,,,,,
brasileirao_serie_a_2026,2026-07-26,20,Grêmio,Fluminense,1,1,65,,goal,Hulk,False,,,,,,,0,1
brasileirao_serie_a_2026,2026-07-26,20,Grêmio,Fluminense,1,1,62,,varDecision,Hulk,False,,,,,,,,
brasileirao_serie_a_2026,2026-07-26,20,Grêmio,Fluminense,1,1,45,,period,,,,,,,HT,,0,0
brasileirao_serie_a_2026,2026-07-26,20,Grêmio,Fluminense,1,1,45,,injuryTime,,,,,,,,4,,
brasileirao_serie_a_2026,2026-07-26,20,Grêmio,Fluminense,1,1,21,,substitution,,False,,,Renê,G. Arana,,,,
brasileirao_serie_a_2026,2026-07-26,20,Grêmio,Fluminense,1,1,13,,card,Guga,False,yellow,Foul,,,,,,
brasileirao_serie_a_2026,2026-07-26,20,Grêmio,Fluminense,1,1,12,,card,Hércules,False,yellow,Foul,,,,,,
brasileirao_serie_a_2026,2026-07-26,20,Flamengo,São Paulo,1,1,90,,period,,,,,,,FT,,1,1
brasileirao_serie_a_2026,2026-07-26,20,Flamengo,São Paulo,1,1,90,11,card,L. Ramon,False,yellow,Foul,,,,,,
brasileirao_serie_a_2026,2026-07-26,20,Flamengo,São Paulo,1,1,90,5,substitution,,False,,,Sabino,Wendell,,,,
brasileirao_serie_a_2026,2026-07-26,20,Flamengo,São Paulo,1,1,90,3,varDecision,S. Lino,True,,,,,,,,
brasileirao_serie_a_2026,2026-07-26,20,Flamengo,São Paulo,1,1,90,,substitution,,False,,,A. Silva,Luciano,,,,
brasileirao_serie_a_2026,2026-07-26,20,Flamengo,São Paulo,1,1,90,,injuryTime,,,,,,,,12,,
brasileirao_serie_a_2026,2026-07-26,20,Flamengo,São Paulo,1,1,88,,card,J. Calleri,False,yellow,Foul,,,,,,
brasileirao_serie_a_2026,2026-07-26,20,Flamengo,São Paulo,1,1,87,,substitution,,True,,,E. Araujo,E. Pulgar,,,,
brasileirao_serie_a_2026,2026-07-26,20,Flamengo,São Paulo,1,1,87,,substitution,,True,,,Wallace,Pedro,,,,
brasileirao_serie_a_2026,2026-07-26,20,Flamengo,São Paulo,1,1,79,,substitution,,True,,,Everton,B. Henrique,,,,
brasileirao_serie_a_2026,2026-07-26,20,Flamengo,São Paulo,1,1,70,,goal,J. Calleri,False,,,,,,,1,1
brasileirao_serie_a_2026,2026-07-26,20,Flamengo,São Paulo,1,1,69,,card,Wendell,False,yellow,Foul,,,,,,
brasileirao_serie_a_2026,2026-07-26,20,Flamengo,São Paulo,1,1,66,,substitution,,False,,,Victor Sá,Danielzinho,,,,
brasileirao_serie_a_2026,2026-07-26,20,Flamengo,São Paulo,1,1,66,,substitution,,False,,,Ferreira,Artur,,,,
brasileirao_serie_a_2026,2026-07-26,20,Flamengo,São Paulo,1,1,63,,card,A. Sandro,True,yellow,Foul,,,,,,
brasileirao_serie_a_2026,2026-07-26,20,Flamengo,São Paulo,1,1,58,,substitution,,True,,,G. de Arrascaeta,Lorran,,,,
brasileirao_serie_a_2026,2026-07-26,20,Flamengo,São Paulo,1,1,57,,goal,L. Pereira,True,,,,,,,1,0
brasileirao_serie_a_2026,2026-07-26,20,Flamengo,São Paulo,1,1,45,,period,,,,,,,HT,,0,0
brasileirao_serie_a_2026,2026-07-26,20,Flamengo,São Paulo,1,1,45,,injuryTime,,,,,,,,2,,
brasileirao_serie_a_2026,2026-07-26,20,Cruzeiro,Botafogo,0,1,90,,period,,,,,,,FT,,0,1
brasileirao_serie_a_2026,2026-07-26,20,Cruzeiro,Botafogo,0,1,90,8,card,K. Jorge,True,yellow,Argument,,,,,,
brasileirao_serie_a_2026,2026-07-26,20,Cruzeiro,Botafogo,0,1,90,7,card,K. Arroyo,True,yellow,Argument,,,,,,
brasileirao_serie_a_2026,2026-07-26,20,Cruzeiro,Botafogo,0,1,90,4,card,K. Barría,False,yellow,Foul,,,,,,
brasileirao_serie_a_2026,2026-07-26,20,Cruzeiro,Botafogo,0,1,90,,substitution,,False,,,L. Villalba,M. Martins,,,,
brasileirao_serie_a_2026,2026-07-26,20,Cruzeiro,Botafogo,0,1,90,,substitution,,False,,,Marçal,A. Telles,,,,
brasileirao_serie_a_2026,2026-07-26,20,Cruzeiro,Botafogo,0,1,90,,injuryTime,,,,,,,,7,,
brasileirao_serie_a_2026,2026-07-26,20,Cruzeiro,Botafogo,0,1,88,,card,A. Telles,False,yellow,Foul,,,,,,
brasileirao_serie_a_2026,2026-07-26,20,Cruzeiro,Botafogo,0,1,82,,substitution,,False,,,K. Barría,A. Cabral,,,,
brasileirao_serie_a_2026,2026-07-26,20,Cruzeiro,Botafogo,0,1,82,,substitution,,False,,,S. Rodríguez,Á. Montoro,,,,
brasileirao_serie_a_2026,2026-07-26,20,Cruzeiro,Botafogo,0,1,77,,substitution,,True,,,K. Moraes,G. Rojas,,,,
brasileirao_serie_a_2026,2026-07-26,20,Cruzeiro,Botafogo,0,1,77,,substitution,,True,,,W. Furtado,Fagner,,,,
brasileirao_serie_a_2026,2026-07-26,20,Cruzeiro,Botafogo,0,1,69,,substitution,,False,,,K. Toledo,D. Santos,,,,
brasileirao_serie_a_2026,2026-07-26,20,Cruzeiro,Botafogo,0,1,60,,substitution,,True,,,K. Arroyo,Marquinhos,,,,
brasileirao_serie_a_2026,2026-07-26,20,Cruzeiro,Botafogo,0,1,60,,substitution,,True,,,J. Marcelo,F. Bruno,,,,
brasileirao_serie_a_2026,2026-07-26,20,Cruzeiro,Botafogo,0,1,56,,card,J. Jesus,True,yellow,Foul,,,,,,
brasileirao_serie_a_2026,2026-07-26,20,Cruzeiro,Botafogo,0,1,45,,period,,,,,,,HT,,0,1
brasileirao_serie_a_2026,2026-07-26,20,Cruzeiro,Botafogo,0,1,45,4,card,N. Ferraresi,False,yellow,Foul,,,,,,
brasileirao_serie_a_2026,2026-07-26,20,Cruzeiro,Botafogo,0,1,45,3,card,Fagner,True,yellow,Foul,,,,,,
brasileirao_serie_a_2026,2026-07-26,20,Cruzeiro,Botafogo,0,1,45,,injuryTime,,,,,,,,7,,
brasileirao_serie_a_2026,2026-07-26,20,Cruzeiro,Botafogo,0,1,41,,goal,G. Justino,False,,,,,,,0,1
brasileirao_serie_a_2026,2026-07-26,20,Cruzeiro,Botafogo,0,1,39,,substitution,,True,,,Wanderson,L. Sinisterra,,,,
brasileirao_serie_a_2026,2026-07-26,20,Cruzeiro,Botafogo,0,1,35,,card,Huguinho,False,yellow,Foul,,,,,,
brasileirao_serie_a_2026,2026-07-26,20,Cruzeiro,Botafogo,0,1,26,,card,Warleson,False,yellow,Time wasting,,,,,,
brasileirao_serie_a_2026,2026-07-26,20,Bahia,Corinthians,1,1,90,,period,,,,,,,FT,,1,1
brasileirao_serie_a_2026,2026-07-26,20,Bahia,Corinthians,1,1,90,6,card,Allan,False,yellow,Foul,,,,,,
brasileirao_serie_a_2026,2026-07-26,20,Bahia,Corinthians,1,1,90,,injuryTime,,,,,,,,6,,
brasileirao_serie_a_2026,2026-07-26,20,Bahia,Corinthians,1,1,86,,substitution,,True,,,M. Sanabria,E. Pulga,,,,
brasileirao_serie_a_2026,2026-07-26,20,Bahia,Corinthians,1,1,85,,substitution,,False,,,A. Carrillo,Y. Alberto,,,,
brasileirao_serie_a_2026,2026-07-26,20,Bahia,Corinthians,1,1,77,,substitution,,False,,,M. Pereira,Raniele,,,,
brasileirao_serie_a_2026,2026-07-26,20,Bahia,Corinthians,1,1,77,,substitution,,True,,,E. Ribeiro,J. Lucas,,,,
brasileirao_serie_a_2026,2026-07-26,20,Bahia,Corinthians,1,1,77,,substitution,,False,,,Allan,A. Luiz,,,,
brasileirao_serie_a_2026,2026-07-26,20,Bahia,Corinthians,1,1,70,,substitution,,False,,,Z. Labyad,B. Bidon,,,,
brasileirao_serie_a_2026,2026-07-26,20,Bahia,Corinthians,1,1,69,,substitution,,False,,,P. Milans,F. Angileri,,,,
brasileirao_serie_a_2026,2026-07-26,20,Bahia,Corinthians,1,1,69,,substitution,,True,,,L. Juba,J. Guilherme,,,,
brasileirao_serie_a_2026,2026-07-26,20,Bahia,Corinthians,1,1,69,,substitution,,True,,,W. José,Ademir,,,,
brasileirao_serie_a_2026,2026-07-26,20,Bahia,Corinthians,1,1,69,,substitution,,True,,,K. Furquim,A. Véliz,,,,
brasileirao_serie_a_2026,2026-07-26,20,Bahia,Corinthians,1,1,67,,card,B. Bidon,False,yellow,Foul,,,,,,
brasileirao_serie_a_2026,2026-07-26,20,Bahia,Corinthians,1,1,45,,period,,,,,,,HT,,1,1
brasileirao_serie_a_2026,2026-07-26,20,Bahia,Corinthians,1,1,45,4,goal,D. Duarte,True,,,,,,,1,1
brasileirao_serie_a_2026,2026-07-26,20,Bahia,Corinthians,1,1,45,,injuryTime,,,,,,,,8,,
brasileirao_serie_a_2026,2026-07-26,20,Bahia,Corinthians,1,1,35,,card,Raniele,False,yellow,Foul,,,,,,
brasileirao_serie_a_2026,2026-07-26,20,Bahia,Corinthians,1,1,28,,card,J. Guilherme,True,yellow,Foul,,,,,,
brasileirao_serie_a_2026,2026-07-26,20,Bahia,Corinthians,1,1,19,,card,D. Duarte,True,yellow,Argument,,,,,,
brasileirao_serie_a_2026,2026-07-26,20,Bahia,Corinthians,1,1,16,,card,F. Angileri,False,yellow,Foul,,,,,,
brasileirao_serie_a_2026,2026-07-26,20,Bahia,Corinthians,1,1,12,,varDecision,A. Véliz,True,,,,,,,,
brasileirao_serie_a_2026,2026-07-26,20,Bahia,Corinthians,1,1,8,,goal,F. Angileri,False,,,,,,,0,1
brasileirao_serie_a_2026,2026-07-26,20,Bahia,Corinthians,1,1,89,,card,Kauê,False,yellow,Argument,,,,,,
brasileirao_serie_a_2026,2026-07-26,20,Bahia,Corinthians,1,1,45,,card,R. Ceni,True,yellow,Argument,,,,,,
brasileirao_serie_a_2026,2026-07-25,20,Vasco da Gama,Mirassol,1,1,90,,period,,,,,,,FT,,1,1
brasileirao_serie_a_2026,2026-07-25,20,Vasco da Gama,Mirassol,1,1,90,,injuryTime,,,,,,,,6,,
brasileirao_serie_a_2026,2026-07-25,20,Vasco da Gama,Mirassol,1,1,83,,card,N. Moreira,True,yellow,Foul,,,,,,
brasileirao_serie_a_2026,2026-07-25,20,Vasco da Gama,Mirassol,1,1,82,,substitution,,False,,,Chico,Denilson,,,,
brasileirao_serie_a_2026,2026-07-25,20,Vasco da Gama,Mirassol,1,1,80,,goal,A. Gómez,True,,,,,,,1,1
brasileirao_serie_a_2026,2026-07-25,20,Vasco da Gama,Mirassol,1,1,74,,substitution,,True,,,J. Rojas,C. Barros,,,,
brasileirao_serie_a_2026,2026-07-25,20,Vasco da Gama,Mirassol,1,1,71,,substitution,,True,,,L. Piton,Cuiabano,,,,
brasileirao_serie_a_2026,2026-07-25,20,Vasco da Gama,Mirassol,1,1,70,,substitution,,True,,,Jair,R. R. S. d. S. Barros,,,,
brasileirao_serie_a_2026,2026-07-25,20,Vasco da Gama,Mirassol,1,1,69,,substitution,,False,,,Eduardo,Japa,,,,
brasileirao_serie_a_2026,2026-07-25,20,Vasco da Gama,Mirassol,1,1,69,,substitution,,False,,,Fernandinho,E. Carioca,,,,
brasileirao_serie_a_2026,2026-07-25,20,Vasco da Gama,Mirassol,1,1,66,,card,Walter,False,yellow,Time wasting,,,,,,
brasileirao_serie_a_2026,2026-07-25,20,Vasco da Gama,Mirassol,1,1,60,,substitution,,True,,,N. Moreira,Tchê Tchê,,,,
brasileirao_serie_a_2026,2026-07-25,20,Vasco da Gama,Mirassol,1,1,60,,substitution,,True,,,David,Adson,,,,
brasileirao_serie_a_2026,2026-07-25,20,Vasco da Gama,Mirassol,1,1,46,,substitution,,False,,,C. Eduardo,G. Silva,,,,
brasileirao_serie_a_2026,2026-07-25,20,Vasco da Gama,Mirassol,1,1,45,,period,,,,,,,HT,,0,1
brasileirao_serie_a_2026,2026-07-25,20,Vasco da Gama,Mirassol,1,1,45,,injuryTime,,,,,,,,3,,
brasileirao_serie_a_2026,2026-07-25,20,Vasco da Gama,Mirassol,1,1,36,,substitution,,False,,,L. Oliveira,J. Aldo,,,,
brasileirao_serie_a_2026,2026-07-25,20,Vasco da Gama,Mirassol,1,1,30,,goal,Igor Formiga,False,,,,,,,0,1
brasileirao_serie_a_2026,2026-07-25,20,Santos,Chapecoense,2,2,90,,period,,,,,,,FT,,2,2
brasileirao_serie_a_2026,2026-07-25,20,Santos,Chapecoense,2,2,90,,injuryTime,,,,,,,,7,,
brasileirao_serie_a_2026,2026-07-25,20,Santos,Chapecoense,2,2,89,,goal,Neymar,True,,,,,,,2,2
brasileirao_serie_a_2026,2026-07-25,20,Santos,Chapecoense,2,2,88,,card,B. Matias,False,yellow,Foul,,,,,,
brasileirao_serie_a_2026,2026-07-25,20,Santos,Chapecoense,2,2,88,,varDecision,V. Balieiro,False,,,,,,,,
brasileirao_serie_a_2026,2026-07-25,20,Santos,Chapecoense,2,2,83,,substitution,,False,,,V. Balieiro,Camilo,,,,
brasileirao_serie_a_2026,2026-07-25,20,Santos,Chapecoense,2,2,80,,substitution,,True,,,Rony,G. Barbosa,,,,
brasileirao_serie_a_2026,2026-07-25,20,Santos,Chapecoense,2,2,80,,substitution,,True,,,Thaciano,Á. Barreal,,,,
brasileirao_serie_a_2026,2026-07-25,20,Santos,Chapecoense,2,2,80,,substitution,,False,,,B. Pacheco,Fernando,,,,
brasileirao_serie_a_2026,2026-07-25,20,Santos,Chapecoense,2,2,77,,card,Á. Barreal,True,yellow,Foul,,,,,,
brasileirao_serie_a_2026,2026-07-25,20,Santos,Chapecoense,2,2,76,,card,Neymar,True,yellow,Argument,,,,,,
brasileirao_serie_a_2026,2026-07-25,20,Santos,Chapecoense,2,2,75,,card,B. Tubarão,False,yellow,Foul,,,,,,
brasileirao_serie_a_2026,2026-07-25,20,Santos,Chapecoense,2,2,73,,card,Matheus,False,yellow,Time wasting,,,,,,
brasileirao_serie_a_2026,2026-07-25,20,Santos,Chapecoense,2,2,68,,card,L. Veríssimo,True,yellow,Argument,,,,,,
brasileirao_serie_a_2026,2026-07-25,20,Santos,Chapecoense,2,2,63,,substitution,,True,,,C. Oliva,Willian Arão,,,,
brasileirao_serie_a_2026,2026-07-25,20,Santos,Chapecoense,2,2,63,,substitution,,True,,,G. Caballero,B. Rollheiser,,,,
brasileirao_serie_a_2026,2026-07-25,20,Santos,Chapecoense,2,2,63,,substitution,,True,,,G. Menino,I. Vinícius,,,,
brasileirao_serie_a_2026,2026-07-25,20,Santos,Chapecoense,2,2,62,,goal,J. P. Ananias,False,,,,,,,1,2
brasileirao_serie_a_2026,2026-07-25,20,Santos,Chapecoense,2,2,54,,card,Camilo,False,yellow,Foul,,,,,,
brasileirao_serie_a_2026,2026-07-25,20,Santos,Chapecoense,2,2,51,,goal,Marcinho,False,,,,,,,1,1
brasileirao_serie_a_2026,2026-07-25,20,Santos,Chapecoense,2,2,46,,substitution,,False,,,Marcinho,K. Ramírez,,,,
brasileirao_serie_a_2026,2026-07-25,20,Santos,Chapecoense,2,2,46,,substitution,,False,,,G. Augusto,Ênio,,,,
brasileirao_serie_a_2026,2026-07-25,20,Santos,Chapecoense,2,2,46,,substitution,,False,,,B. Matias,D. Antunes,,,,
brasileirao_serie_a_2026,2026-07-25,20,Santos,Chapecoense,2,2,45,,period,,,,,,,HT,,1,0
brasileirao_serie_a_2026,2026-07-25,20,Santos,Chapecoense,2,2,45,,injuryTime,,,,,,,,2,,
brasileirao_serie_a_2026,2026-07-25,20,Santos,Chapecoense,2,2,36,,goal,Neymar,True,,,,,,,1,0
brasileirao_serie_a_2026,2026-07-25,20,Athletico,Internacional,2,0,90,,period,,,,,,,FT,,2,0
brasileirao_serie_a_2026,2026-07-25,20,Athletico,Internacional,2,0,90,,injuryTime,,,,,,,,5,,
brasileirao_serie_a_2026,2026-07-25,20,Athletico,Internacional,2,0,84,,substitution,,False,,,J. P. B. d. O. Lo,R. Villagra,,,,
brasileirao_serie_a_2026,2026-07-25,20,Athletico,Internacional,2,0,81,,substitution,,True,,,Isaac,Leozinho,,,,
brasileirao_serie_a_2026,2026-07-25,20,Athletico,Internacional,2,0,81,,substitution,,True,,,G. Benavídez,Gilberto,,,,
brasileirao_serie_a_2026,2026-07-25,20,Athletico,Internacional,2,0,81,,substitution,,True,,,J. Portilla,Jádson,,,,
brasileirao_serie_a_2026,2026-07-25,20,Athletico,Internacional,2,0,69,,substitution,,False,,,A. Patrick,Alerrandro,,,,
brasileirao_serie_a_2026,2026-07-25,20,Athletico,Internacional,2,0,65,,substitution,,True,,,J. Cruz,S. Mendoza,,,,
brasileirao_serie_a_2026,2026-07-25,20,Athletico,Internacional,2,0,63,,substitution,,False,,,B. Henrique,F. Torres,,,,
brasileirao_serie_a_2026,2026-07-25,20,Athletico,Internacional,2,0,62,,substitution,,False,,,B. Aguirre,M. Bahia,,,,
brasileirao_serie_a_2026,2026-07-25,20,Athletico,Internacional,2,0,60,,goal,K. Viveros,True,,,,,,,2,0
brasileirao_serie_a_2026,2026-07-25,20,Athletico,Internacional,2,0,45,,period,,,,,,,HT,,1,0
brasileirao_serie_a_2026,2026-07-25,20,Athletico,Internacional,2,0,45,1,goal,Leozinho,True,,,,,,,1,0
brasileirao_serie_a_2026,2026-07-25,20,Athletico,Internacional,2,0,45,,injuryTime,,,,,,,,2,,
brasileirao_serie_a_2026,2026-07-23,4,Botafogo,Vitória,0,0,90,,period,,,,,,,FT,,0,0
brasileirao_serie_a_2026,2026-07-23,4,Botafogo,Vitória,0,0,90,1,card,M. Ponte,True,yellow,Foul,,,,,,
brasileirao_serie_a_2026,2026-07-23,4,Botafogo,Vitória,0,0,90,,injuryTime,,,,,,,,6,,
brasileirao_serie_a_2026,2026-07-23,4,Botafogo,Vitória,0,0,87,,substitution,,False,,,Mateusinho,Erick,,,,
brasileirao_serie_a_2026,2026-07-23,4,Botafogo,Vitória,0,0,79,,substitution,,True,,,M. Ponte,Vitinho,,,,
brasileirao_serie_a_2026,2026-07-23,4,Botafogo,Vitória,0,0,79,,substitution,,True,,,S. Rodríguez,Huguinho,,,,
brasileirao_serie_a_2026,2026-07-23,4,Botafogo,Vitória,0,0,79,,substitution,,True,,,K. Barría,A. Cabral,,,,
brasileirao_serie_a_2026,2026-07-23,4,Botafogo,Vitória,0,0,78,,substitution,,False,,,T. Pochettino,Z. Vitor,,,,
brasileirao_serie_a_2026,2026-07-23,4,Botafogo,Vitória,0,0,66,,substitution,,True,,,L. Emanuel,M. Martins,,,,
brasileirao_serie_a_2026,2026-07-23,4,Botafogo,Vitória,0,0,66,,substitution,,True,,,D. Santos,L. Villalba,,,,
brasileirao_serie_a_2026,2026-07-23,4,Botafogo,Vitória,0,0,66,,substitution,,False,,,D. Tarzia,Matheuzinho,,,,
brasileirao_serie_a_2026,2026-07-23,4,Botafogo,Vitória,0,0,46,,substitution,,False,,,Caique,E. Martinez,,,,
brasileirao_serie_a_2026,2026-07-23,4,Botafogo,Vitória,0,0,46,,substitution,,False,,,R. Kayzer,Renê,,,,
brasileirao_serie_a_2026,2026-07-23,4,Botafogo,Vitória,0,0,45,,period,,,,,,,HT,,0,0
brasileirao_serie_a_2026,2026-07-23,4,Botafogo,Vitória,0,0,45,,injuryTime,,,,,,,,2,,
brasileirao_serie_a_2026,2026-07-23,4,Botafogo,Vitória,0,0,34,,card,E. Martinez,False,yellow,Foul,,,,,,
brasileirao_serie_a_2026,2026-07-23,19,Corinthians,Remo,3,0,90,,period,,,,,,,FT,,3,0
brasileirao_serie_a_2026,2026-07-23,19,Corinthians,Remo,3,0,90,,injuryTime,,,,,,,,3,,
brasileirao_serie_a_2026,2026-07-23,19,Corinthians,Remo,3,0,89,,substitution,,False,,,Tico,Jajá,,,,
brasileirao_serie_a_2026,2026-07-23,19,Corinthians,Remo,3,0,86,,substitution,,True,,,Dieguinho,B. Bidon,,,,
brasileirao_serie_a_2026,2026-07-23,19,Corinthians,Remo,3,0,86,,card,Marllon,False,yellow,Argument,,,,,,
brasileirao_serie_a_2026,2026-07-23,19,Corinthians,Remo,3,0,86,,card,G. Paulista,True,yellow,Argument,,,,,,
brasileirao_serie_a_2026,2026-07-23,19,Corinthians,Remo,3,0,80,,substitution,,True,,,F. Angileri,M. Bidu,,,,
brasileirao_serie_a_2026,2026-07-23,19,Corinthians,Remo,3,0,80,,substitution,,True,,,M. Pereira,A. Luiz,,,,
brasileirao_serie_a_2026,2026-07-23,19,Corinthians,Remo,3,0,80,,substitution,,False,,,M. Alexandre,Y. Pikachu,,,,
brasileirao_serie_a_2026,2026-07-23,19,Corinthians,Remo,3,0,80,,substitution,,False,,,L. Picco,Patrick,,,,
brasileirao_serie_a_2026,2026-07-23,19,Corinthians,Remo,3,0,73,,substitution,,True,,,A. Carrillo,Kaio César,,,,
brasileirao_serie_a_2026,2026-07-23,19,Corinthians,Remo,3,0,72,,substitution,,False,,,G. Taliari,A. Manga,,,,
brasileirao_serie_a_2026,2026-07-23,19,Corinthians,Remo,3,0,72,,substitution,,True,,,J. Lingard,Z. Labyad,,,,
brasileirao_serie_a_2026,2026-07-23,19,Corinthians,Remo,3,0,46,,substitution,,False,,,Zé Ricardo,V. Bueno,,,,
brasileirao_serie_a_2026,2026-07-23,19,Corinthians,Remo,3,0,45,,period,,,,,,,HT,,3,0
brasileirao_serie_a_2026,2026-07-23,19,Corinthians,Remo,3,0,45,2,goal,Y. Alberto,True,,,,,,,3,0
brasileirao_serie_a_2026,2026-07-23,19,Corinthians,Remo,3,0,45,,injuryTime,,,,,,,,4,,
brasileirao_serie_a_2026,2026-07-23,19,Corinthians,Remo,3,0,41,,varDecision,Kaio César,True,,,,,,,,
brasileirao_serie_a_2026,2026-07-23,19,Corinthians,Remo,3,0,40,,goal,Kaio César,True,,,,,,,2,0
brasileirao_serie_a_2026,2026-07-23,19,Corinthians,Remo,3,0,26,,goal,Y. Alberto,True,,,,,,,1,0
brasileirao_serie_a_2026,2026-07-23,19,São Paulo,Athletico,1,2,90,,period,,,,,,,FT,,1,2
brasileirao_serie_a_2026,2026-07-23,19,São Paulo,Athletico,1,2,90,,injuryTime,,,,,,,,5,,
brasileirao_serie_a_2026,2026-07-23,19,São Paulo,Athletico,1,2,83,,substitution,,False,,,G. Junior,Gilberto,,,,
brasileirao_serie_a_2026,2026-07-23,19,São Paulo,Athletico,1,2,76,,substitution,,False,,,Isaac,Leozinho,,,,
brasileirao_serie_a_2026,2026-07-23,19,São Paulo,Athletico,1,2,75,,substitution,,True,,,Victor Sá,L. Ramon,,,,
brasileirao_serie_a_2026,2026-07-23,19,São Paulo,Athletico,1,2,74,,substitution,,True,,,Danielzinho,D. Bobadilla,,,,
brasileirao_serie_a_2026,2026-07-23,19,São Paulo,Athletico,1,2,64,,substitution,,True,,,A. Silva,J. Calleri,,,,
brasileirao_serie_a_2026,2026-07-23,19,São Paulo,Athletico,1,2,64,,substitution,,True,,,Ferreira,P. Maia,,,,
brasileirao_serie_a_2026,2026-07-23,19,São Paulo,Athletico,1,2,51,,goal,Leozinho,False,,,,,,,1,2
brasileirao_serie_a_2026,2026-07-23,19,São Paulo,Athletico,1,2,46,,goal,Leozinho,False,,,,,,,1,1
brasileirao_serie_a_2026,2026-07-23,19,São Paulo,Athletico,1,2,46,,substitution,,False,,,Claudinho,J. Cruz,,,,
brasileirao_serie_a_2026,2026-07-23,19,São Paulo,Athletico,1,2,46,,substitution,,False,,,C. Terán,A. Dias,,,,
brasileirao_serie_a_2026,2026-07-23,19,São Paulo,Athletico,1,2,45,,period,,,,,,,HT,,1,0
brasileirao_serie_a_2026,2026-07-23,19,São Paulo,Athletico,1,2,45,,injuryTime,,,,,,,,3,,
brasileirao_serie_a_2026,2026-07-23,19,São Paulo,Athletico,1,2,23,,substitution,,True,,,L. Osorio,R. Tolói,,,,
brasileirao_serie_a_2026,2026-07-23,19,São Paulo,Athletico,1,2,19,,goal,Artur,True,,,,,,,1,0
brasileirao_serie_a_2026,2026-07-23,19,São Paulo,Athletico,1,2,18,,card,A. Dias,False,yellow,Foul,,,,,,
brasileirao_serie_a_2026,2026-07-23,19,São Paulo,Athletico,1,2,69,,card,O. Hellmann,False,yellow,Argument,,,,,,
brasileirao_serie_a_2026,2026-07-23,19,Internacional,Cruzeiro,1,2,90,,period,,,,,,,FT,,1,2
brasileirao_serie_a_2026,2026-07-23,19,Internacional,Cruzeiro,1,2,90,,injuryTime,,,,,,,,7,,
brasileirao_serie_a_2026,2026-07-23,19,Internacional,Cruzeiro,1,2,89,,card,L. Silva,False,yellow,Foul,,,,,,
brasileirao_serie_a_2026,2026-07-23,19,Internacional,Cruzeiro,1,2,87,,substitution,,False,,,W. Furtado,Fagner,,,,
brasileirao_serie_a_2026,2026-07-23,19,Internacional,Cruzeiro,1,2,87,,substitution,,False,,,N. Villarreal,K. Jorge,,,,
brasileirao_serie_a_2026,2026-07-23,19,Internacional,Cruzeiro,1,2,86,,substitution,,False,,,Wanderson,Gerson,,,,
brasileirao_serie_a_2026,2026-07-23,19,Internacional,Cruzeiro,1,2,86,,substitution,,True,,,P. Paula,R. Villagra,,,,
brasileirao_serie_a_2026,2026-07-23,19,Internacional,Cruzeiro,1,2,86,,substitution,,True,,,B. Aguirre,B. Gomes,,,,
brasileirao_serie_a_2026,2026-07-23,19,Internacional,Cruzeiro,1,2,83,,goal,J. Carbonero,True,,,,,,,1,2
brasileirao_serie_a_2026,2026-07-23,19,Internacional,Cruzeiro,1,2,77,,substitution,,False,,,L. Silva,L. Sinisterra,,,,
brasileirao_serie_a_2026,2026-07-23,19,Internacional,Cruzeiro,1,2,73,,substitution,,True,,,B. Henrique,Alerrandro,,,,
brasileirao_serie_a_2026,2026-07-23,19,Internacional,Cruzeiro,1,2,66,,card,M. Henrique,False,yellow,Foul,,,,,,
brasileirao_serie_a_2026,2026-07-23,19,Internacional,Cruzeiro,1,2,64,,goal,M. Pereira,False,,,,,,,0,2
brasileirao_serie_a_2026,2026-07-23,19,Internacional,Cruzeiro,1,2,62,,substitution,,False,,,B. Rodrigues,G. Pec,,,,
brasileirao_serie_a_2026,2026-07-23,19,Internacional,Cruzeiro,1,2,59,,card,V. Gabriel,True,red,Foul,,,,,,
brasileirao_serie_a_2026,2026-07-23,19,Internacional,Cruzeiro,1,2,46,,substitution,,True,,,V. Gabriel,G. Mercado,,,,
brasileirao_serie_a_2026,2026-07-23,19,Internacional,Cruzeiro,1,2,46,,substitution,,True,,,M. Bahia,L. Felipe,,,,
brasileirao_serie_a_2026,2026-07-23,19,Internacional,Cruzeiro,1,2,45,,period,,,,,,,HT,,0,1
brasileirao_serie_a_2026,2026-07-23,19,Internacional,Cruzeiro,1,2,45,3,card,J. Jesus,False,yellow,Foul,,,,,,
brasileirao_serie_a_2026,2026-07-23,19,Internacional,Cruzeiro,1,2,45,,injuryTime,,,,,,,,5,,
brasileirao_serie_a_2026,2026-07-23,19,Internacional,Cruzeiro,1,2,35,,card,A. Bernabei,True,yellow,Foul,,,,,,
brasileirao_serie_a_2026,2026-07-23,19,Internacional,Cruzeiro,1,2,33,,card,M. Pereira,False,yellow,,,,,,,
brasileirao_serie_a_2026,2026-07-23,19,Internacional,Cruzeiro,1,2,18,,card,Fagner,False,yellow,Foul,,,,,,
brasileirao_serie_a_2026,2026-07-23,19,Internacional,Cruzeiro,1,2,16,,card,Gerson,False,yellow,Foul,,,,,,
brasileirao_serie_a_2026,2026-07-23,19,Internacional,Cruzeiro,1,2,11,,goal,K. Jorge,False,,,,,,,0,1
brasileirao_serie_a_2026,2026-07-23,19,Chapecoense,Flamengo,0,4,90,,period,,,,,,,FT,,0,4
brasileirao_serie_a_2026,2026-07-23,19,Chapecoense,Flamengo,0,4,90,,injuryTime,,,,,,,,3,,
brasileirao_serie_a_2026,2026-07-23,19,Chapecoense,Flamengo,0,4,86,,goal,Pedro,False,,,,,,,0,4
brasileirao_serie_a_2026,2026-07-23,19,Chapecoense,Flamengo,0,4,80,,substitution,,True,,,R. Tadeu,Marcinho,,,,
brasileirao_serie_a_2026,2026-07-23,19,Chapecoense,Flamengo,0,4,80,,substitution,,False,,,Danilo,L. Pereira,,,,
brasileirao_serie_a_2026,2026-07-23,19,Chapecoense,Flamengo,0,4,69,,substitution,,True,,,Kássio,G. Augusto,,,,
brasileirao_serie_a_2026,2026-07-23,19,Chapecoense,Flamengo,0,4,69,,substitution,,True,,,N. Pessoa,Y. Bolasie,,,,
brasileirao_serie_a_2026,2026-07-23,19,Chapecoense,Flamengo,0,4,69,,substitution,,False,,,E. Araujo,Jorginho,,,,
brasileirao_serie_a_2026,2026-07-23,19,Chapecoense,Flamengo,0,4,69,,substitution,,False,,,G. de Arrascaeta,B. Henrique,,,,
brasileirao_serie_a_2026,2026-07-23,19,Chapecoense,Flamengo,0,4,68,,substitution,,False,,,A. Sandro,A. Lucas,,,,
brasileirao_serie_a_2026,2026-07-23,19,Chapecoense,Flamengo,0,4,59,,substitution,,True,,,Ênio,D. Antunes,,,,
brasileirao_serie_a_2026,2026-07-23,19,Chapecoense,Flamengo,0,4,59,,substitution,,True,,,B. Matias,V. Balieiro,,,,
brasileirao_serie_a_2026,2026-07-23,19,Chapecoense,Flamengo,0,4,53,,card,B. Pacheco,True,yellow,Foul,,,,,,
brasileirao_serie_a_2026,2026-07-23,19,Chapecoense,Flamengo,0,4,48,,goal,Lorran,False,,,,,,,0,3
brasileirao_serie_a_2026,2026-07-23,19,Chapecoense,Flamengo,0,4,45,,period,,,,,,,HT,,0,2
brasileirao_serie_a_2026,2026-07-23,19,Chapecoense,Flamengo,0,4,45,,injuryTime,,,,,,,,3,,
brasileirao_serie_a_2026,2026-07-23,19,Chapecoense,Flamengo,0,4,38,,goal,R. Thyere,False,,,,,,,0,2
brasileirao_serie_a_2026,2026-07-23,19,Chapecoense,Flamengo,0,4,33,,substitution,,False,,,Lorran,G. Plata,,,,
brasileirao_serie_a_2026,2026-07-23,19,Chapecoense,Flamengo,0,4,26,,goal,Pedro,False,,,,,,,0,1
brasileirao_serie_a_2026,2026-07-22,19,Coritiba,Palmeiras,1,3,90,,period,,,,,,,FT,,1,3
brasileirao_serie_a_2026,2026-07-22,19,Coritiba,Palmeiras,1,3,90,1,substitution,,False,,,L. Evangelista,A. Pereira,,,,
brasileirao_serie_a_2026,2026-07-22,19,Coritiba,Palmeiras,1,3,90,1,substitution,,False,,,Heittor,R. Sosa,,,,
brasileirao_serie_a_2026,2026-07-22,19,Coritiba,Palmeiras,1,3,90,,injuryTime,,,,,,,,6,,
brasileirao_serie_a_2026,2026-07-22,19,Coritiba,Palmeiras,1,3,80,,substitution,,False,,,Riquelme,J. Arias,,,,
brasileirao_serie_a_2026,2026-07-22,19,Coritiba,Palmeiras,1,3,79,,card,Khellven,False,yellow,Foul,,,,,,
brasileirao_serie_a_2026,2026-07-22,19,Coritiba,Palmeiras,1,3,79,,substitution,,False,,,E. Martínez,Mauricio,,,,
brasileirao_serie_a_2026,2026-07-22,19,Coritiba,Palmeiras,1,3,77,,substitution,,True,,,J.P. Chermont,T. Santos,,,,
brasileirao_serie_a_2026,2026-07-22,19,Coritiba,Palmeiras,1,3,77,,substitution,,True,,,B. Ocampo,Tinga,,,,
brasileirao_serie_a_2026,2026-07-22,19,Coritiba,Palmeiras,1,3,68,,goal,P. Roberto,True,,,,,,,1,3
brasileirao_serie_a_2026,2026-07-22,19,Coritiba,Palmeiras,1,3,67,,goal,R. Sosa,False,,,,,,,0,3
brasileirao_serie_a_2026,2026-07-22,19,Coritiba,Palmeiras,1,3,65,,substitution,,True,,,P. Roberto,Renato Marques,,,,
brasileirao_serie_a_2026,2026-07-22,19,Coritiba,Palmeiras,1,3,65,,substitution,,True,,,F. Jonatan,Bruno Melo,,,,
brasileirao_serie_a_2026,2026-07-22,19,Coritiba,Palmeiras,1,3,59,,substitution,,True,,,L. Ronier,J. Lavega,,,,
brasileirao_serie_a_2026,2026-07-22,19,Coritiba,Palmeiras,1,3,46,,substitution,,True,,,V. Paulista,S. Gomez,,,,
brasileirao_serie_a_2026,2026-07-22,19,Coritiba,Palmeiras,1,3,45,,period,,,,,,,HT,,0,2
brasileirao_serie_a_2026,2026-07-22,19,Coritiba,Palmeiras,1,3,45,,card,T. Santos,True,yellow,Foul,,,,,,
brasileirao_serie_a_2026,2026-07-22,19,Coritiba,Palmeiras,1,3,45,,injuryTime,,,,,,,,4,,
brasileirao_serie_a_2026,2026-07-22,19,Coritiba,Palmeiras,1,3,38,,card,A. Barboza,False,yellow,Foul,,,,,,
brasileirao_serie_a_2026,2026-07-22,19,Coritiba,Palmeiras,1,3,19,,goal,Mauricio,False,,,,,,,0,2
brasileirao_serie_a_2026,2026-07-22,19,Coritiba,Palmeiras,1,3,15,,card,R. Sosa,False,yellow,Argument,,,,,,
brasileirao_serie_a_2026,2026-07-22,19,Coritiba,Palmeiras,1,3,9,,goal,Mauricio,False,,,,,,,0,1
brasileirao_serie_a_2026,2026-07-21,19,Atlético Mineiro,Bahia,1,1,90,,period,,,,,,,FT,,1,1
brasileirao_serie_a_2026,2026-07-21,19,Atlético Mineiro,Bahia,1,1,90,,injuryTime,,,,,,,,5,,
brasileirao_serie_a_2026,2026-07-21,19,Atlético Mineiro,Bahia,1,1,87,,card,Erick,False,yellow,Foul,,,,,,
brasileirao_serie_a_2026,2026-07-21,19,Atlético Mineiro,Bahia,1,1,87,,substitution,,False,,,K. Furquim,E. Pulga,,,,
brasileirao_serie_a_2026,2026-07-21,19,Atlético Mineiro,Bahia,1,1,86,,substitution,,True,,,Reinier,Bernard,,,,
brasileirao_serie_a_2026,2026-07-21,19,Atlético Mineiro,Bahia,1,1,80,,substitution,,False,,,I. Borduchi,J. Guilherme,,,,
brasileirao_serie_a_2026,2026-07-21,19,Atlético Mineiro,Bahia,1,1,77,,card,J. Guilherme,False,yellow,Foul,,,,,,
brasileirao_serie_a_2026,2026-07-21,19,Atlético Mineiro,Bahia,1,1,73,,substitution,,False,,,R. Pablo,W. José,,,,
brasileirao_serie_a_2026,2026-07-21,19,Atlético Mineiro,Bahia,1,1,73,,substitution,,False,,,E. Ribeiro,Ademir,,,,
brasileirao_serie_a_2026,2026-07-21,19,Atlético Mineiro,Bahia,1,1,67,,substitution,,True,,,M. Cissé,Maycon,,,,
brasileirao_serie_a_2026,2026-07-21,19,Atlético Mineiro,Bahia,1,1,67,,substitution,,True,,,Dudu,V. Hugo,,,,
brasileirao_serie_a_2026,2026-07-21,19,Atlético Mineiro,Bahia,1,1,57,,goal,Ademir,False,,,,,,,1,1
brasileirao_serie_a_2026,2026-07-21,19,Atlético Mineiro,Bahia,1,1,46,,substitution,,False,,,M. Victor,S. R. Mingo,,,,
brasileirao_serie_a_2026,2026-07-21,19,Atlético Mineiro,Bahia,1,1,45,,period,,,,,,,HT,,1,0
brasileirao_serie_a_2026,2026-07-21,19,Atlético Mineiro,Bahia,1,1,45,1,goal,Ruan,True,,,,,,,1,0
brasileirao_serie_a_2026,2026-07-21,19,Atlético Mineiro,Bahia,1,1,45,,injuryTime,,,,,,,,2,,
brasileirao_serie_a_2026,2026-07-17,19,Mirassol,Grêmio,2,1,90,,period,,,,,,,FT,,2,1
brasileirao_serie_a_2026,2026-07-17,19,Mirassol,Grêmio,2,1,90,,injuryTime,,,,,,,,5,,
brasileirao_serie_a_2026,2026-07-17,19,Mirassol,Grêmio,2,1,86,,substitution,,False,,,M. Rocha,Tetê,,,,
brasileirao_serie_a_2026,2026-07-17,19,Mirassol,Grêmio,2,1,83,,substitution,,True,,,Fernandinho,Alesson,,,,
brasileirao_serie_a_2026,2026-07-17,19,Mirassol,Grêmio,2,1,83,,substitution,,True,,,Chico,Denilson,,,,
brasileirao_serie_a_2026,2026-07-17,19,Mirassol,Grêmio,2,1,80,,substitution,,False,,,Riquelme,J. Nardoni,,,,
brasileirao_serie_a_2026,2026-07-17,19,Mirassol,Grêmio,2,1,79,,card,L. Pérez,False,yellow,,,,,,,
brasileirao_serie_a_2026,2026-07-17,19,Mirassol,Grêmio,2,1,77,,goal,C. Vinícius,False,,,,,,,2,1
brasileirao_serie_a_2026,2026-07-17,19,Mirassol,Grêmio,2,1,76,,substitution,,True,,,Shaylon,Japa,,,,
brasileirao_serie_a_2026,2026-07-17,19,Mirassol,Grêmio,2,1,75,,substitution,,True,,,A. Luis,B. Santos,,,,
brasileirao_serie_a_2026,2026-07-17,19,Mirassol,Grêmio,2,1,72,,substitution,,True,,,C. Eduardo,E. Carioca,,,,
brasileirao_serie_a_2026,2026-07-17,19,Mirassol,Grêmio,2,1,65,,card,G. Martins,False,yellow,,,,,,,
brasileirao_serie_a_2026,2026-07-17,19,Mirassol,Grêmio,2,1,46,,substitution,,False,,,Willian,F. Amuzu,,,,
brasileirao_serie_a_2026,2026-07-17,19,Mirassol,Grêmio,2,1,46,,substitution,,False,,,P. Gabriel,C. Paulista,,,,
brasileirao_serie_a_2026,2026-07-17,19,Mirassol,Grêmio,2,1,46,,substitution,,False,,,M. Braithwaite,G. Mec,,,,
brasileirao_serie_a_2026,2026-07-17,19,Mirassol,Grêmio,2,1,46,,substitution,,False,,,L. Pérez,M. Villasanti,,,,
brasileirao_serie_a_2026,2026-07-17,19,Mirassol,Grêmio,2,1,45,,period,,,,,,,HT,,2,0
brasileirao_serie_a_2026,2026-07-17,19,Mirassol,Grêmio,2,1,45,,injuryTime,,,,,,,,4,,
brasileirao_serie_a_2026,2026-07-17,19,Mirassol,Grêmio,2,1,41,,card,W. Kannemann,False,yellow,,,,,,,
brasileirao_serie_a_2026,2026-07-17,19,Mirassol,Grêmio,2,1,40,,goal,E. Carioca,True,,,,,,,2,0
brasileirao_serie_a_2026,2026-07-17,19,Mirassol,Grêmio,2,1,38,,card,Denilson,True,yellow,,,,,,,
brasileirao_serie_a_2026,2026-07-17,19,Mirassol,Grêmio,2,1,37,,varDecision,Denilson,True,,,,,,,,
brasileirao_serie_a_2026,2026-07-17,19,Mirassol,Grêmio,2,1,16,,goal,B. Santos,True,,,,,,,1,0
brasileirao_serie_a_2026,2026-07-17,19,Fluminense,Red Bull Bragantino,1,1,90,,period,,,,,,,FT,,1,1
brasileirao_serie_a_2026,2026-07-17,19,Fluminense,Red Bull Bragantino,1,1,90,14,goal,Ignácio,True,,,,,,,1,1
brasileirao_serie_a_2026,2026-07-17,19,Fluminense,Red Bull Bragantino,1,1,90,5,card,J. Freytes,True,yellow,,,,,,,
brasileirao_serie_a_2026,2026-07-17,19,Fluminense,Red Bull Bragantino,1,1,90,5,card,H. Mosquera,False,yellow,,,,,,,
brasileirao_serie_a_2026,2026-07-17,19,Fluminense,Red Bull Bragantino,1,1,90,5,card,Ignácio,True,yellow,,,,,,,
brasileirao_serie_a_2026,2026-07-17,19,Fluminense,Red Bull Bragantino,1,1,90,4,card,Fabinho,False,red,,,,,,,
brasileirao_serie_a_2026,2026-07-17,19,Fluminense,Red Bull Bragantino,1,1,90,4,card,John Kennedy,True,red,,,,,,,
brasileirao_serie_a_2026,2026-07-17,19,Fluminense,Red Bull Bragantino,1,1,90,2,substitution,,False,,,Fabinho,Rodriguinho,,,,
brasileirao_serie_a_2026,2026-07-17,19,Fluminense,Red Bull Bragantino,1,1,90,,card,T. Volpi,False,yellow,,,,,,,
brasileirao_serie_a_2026,2026-07-17,19,Fluminense,Red Bull Bragantino,1,1,90,,injuryTime,,,,,,,,9,,
brasileirao_serie_a_2026,2026-07-17,19,Fluminense,Red Bull Bragantino,1,1,85,,substitution,,False,,,M. Fernandes,E. Ramires,,,,
brasileirao_serie_a_2026,2026-07-17,19,Fluminense,Red Bull Bragantino,1,1,85,,substitution,,False,,,P. Henrique,Fernando,,,,
brasileirao_serie_a_2026,2026-07-17,19,Fluminense,Red Bull Bragantino,1,1,79,,substitution,,True,,,G. Cano,Hércules,,,,
brasileirao_serie_a_2026,2026-07-17,19,Fluminense,Red Bull Bragantino,1,1,68,,substitution,,False,,,H. Mosquera,J. Herrera,,,,
brasileirao_serie_a_2026,2026-07-17,19,Fluminense,Red Bull Bragantino,1,1,67,,substitution,,False,,,J. A. Hurtado,E. Sasha,,,,
brasileirao_serie_a_2026,2026-07-17,19,Fluminense,Red Bull Bragantino,1,1,64,,card,A. Sant Anna,False,red,,,,,,,
brasileirao_serie_a_2026,2026-07-17,19,Fluminense,Red Bull Bragantino,1,1,64,,card,A. Vinicius,False,yellow,,,,,,,
brasileirao_serie_a_2026,2026-07-17,19,Fluminense,Red Bull Bragantino,1,1,58,,card,E. Sasha,False,yellow,,,,,,,
brasileirao_serie_a_2026,2026-07-17,19,Fluminense,Red Bull Bragantino,1,1,56,,substitution,,True,,,A. Canobbio,K. Serna,,,,
brasileirao_serie_a_2026,2026-07-17,19,Fluminense,Red Bull Bragantino,1,1,56,,substitution,,True,,,John Kennedy,J. Savarino,,,,
brasileirao_serie_a_2026,2026-07-17,19,Fluminense,Red Bull Bragantino,1,1,46,,substitution,,True,,,Ignácio,Jemmes,,,,
brasileirao_serie_a_2026,2026-07-17,19,Fluminense,Red Bull Bragantino,1,1,45,,period,,,,,,,HT,,0,1
brasileirao_serie_a_2026,2026-07-17,19,Fluminense,Red Bull Bragantino,1,1,45,,injuryTime,,,,,,,,5,,
brasileirao_serie_a_2026,2026-07-17,19,Fluminense,Red Bull Bragantino,1,1,33,,substitution,,True,,,J. Freytes,J. Millán,,,,
brasileirao_serie_a_2026,2026-07-17,19,Fluminense,Red Bull Bragantino,1,1,27,,goal,E. Sasha,False,,,,,,,0,1
brasileirao_serie_a_2026,2026-07-17,4,Bahia,Chapecoense,2,0,90,,period,,,,,,,FT,,2,0
brasileirao_serie_a_2026,2026-07-17,4,Bahia,Chapecoense,2,0,90,,injuryTime,,,,,,,,5,,
brasileirao_serie_a_2026,2026-07-17,4,Bahia,Chapecoense,2,0,87,,substitution,,True,,,M. Victor,D. Duarte,,,,
brasileirao_serie_a_2026,2026-07-17,4,Bahia,Chapecoense,2,0,81,,substitution,,False,,,D. Antunes,Camilo,,,,
brasileirao_serie_a_2026,2026-07-17,4,Bahia,Chapecoense,2,0,80,,substitution,,True,,,Everaldo,E. Pulga,,,,
brasileirao_serie_a_2026,2026-07-17,4,Bahia,Chapecoense,2,0,79,,substitution,,True,,,J. Lucas,R. Nestor,,,,
brasileirao_serie_a_2026,2026-07-17,4,Bahia,Chapecoense,2,0,67,,substitution,,True,,,E. Ribeiro,W. José,,,,
brasileirao_serie_a_2026,2026-07-17,4,Bahia,Chapecoense,2,0,67,,substitution,,True,,,K. Furquim,Ademir,,,,
brasileirao_serie_a_2026,2026-07-17,4,Bahia,Chapecoense,2,0,64,,card,J. Guilherme,True,yellow,Argument,,,,,,
brasileirao_serie_a_2026,2026-07-17,4,Bahia,Chapecoense,2,0,63,,substitution,,False,,,Everton,M. Vinícius,,,,
brasileirao_serie_a_2026,2026-07-17,4,Bahia,Chapecoense,2,0,63,,substitution,,False,,,R. Tadeu,Marcinho,,,,
brasileirao_serie_a_2026,2026-07-17,4,Bahia,Chapecoense,2,0,46,,substitution,,False,,,N. Pessoa,Ênio,,,,
brasileirao_serie_a_2026,2026-07-17,4,Bahia,Chapecoense,2,0,46,,substitution,,False,,,V. Balieiro,B. Matias,,,,
brasileirao_serie_a_2026,2026-07-17,4,Bahia,Chapecoense,2,0,45,,period,,,,,,,HT,,2,0
brasileirao_serie_a_2026,2026-07-17,4,Bahia,Chapecoense,2,0,45,,injuryTime,,,,,,,,3,,
brasileirao_serie_a_2026,2026-07-17,4,Bahia,Chapecoense,2,0,34,,goal,R. Gómez,True,,,,,,,2,0
brasileirao_serie_a_2026,2026-07-17,4,Bahia,Chapecoense,2,0,12,,goal,R. Nestor,True,,,,,,,1,0
brasileirao_serie_a_2026,2026-07-17,4,Bahia,Chapecoense,2,0,9,,varDecision,E. Pulga,True,,,,,,,,
brasileirao_serie_a_2026,2026-07-17,4,Bahia,Chapecoense,2,0,83,,card,L. Juba,True,yellow,Argument,,,,,,
brasileirao_serie_a_2026,2026-07-16,19,Vitória,Vasco da Gama,1,0,90,,period,,,,,,,FT,,1,0
brasileirao_serie_a_2026,2026-07-16,19,Vitória,Vasco da Gama,1,0,90,,injuryTime,,,,,,,,5,,
brasileirao_serie_a_2026,2026-07-16,19,Vitória,Vasco da Gama,1,0,78,,substitution,,False,,,David,N. Moreira,,,,
brasileirao_serie_a_2026,2026-07-16,19,Vitória,Vasco da Gama,1,0,78,,substitution,,False,,,Tchê Tchê,T. Mendes,,,,
brasileirao_serie_a_2026,2026-07-16,19,Vitória,Vasco da Gama,1,0,78,,substitution,,True,,,E. Brítez,Jamerson,,,,
brasileirao_serie_a_2026,2026-07-16,19,Vitória,Vasco da Gama,1,0,78,,substitution,,True,,,F. Santos,D. Tarzia,,,,
brasileirao_serie_a_2026,2026-07-16,19,Vitória,Vasco da Gama,1,0,77,,substitution,,True,,,Marinho,Erick,,,,
brasileirao_serie_a_2026,2026-07-16,19,Vitória,Vasco da Gama,1,0,73,,substitution,,False,,,M. Hinestroza,Adson,,,,
brasileirao_serie_a_2026,2026-07-16,19,Vitória,Vasco da Gama,1,0,69,,goal,R. Kayzer,True,,,,,,,1,0
brasileirao_serie_a_2026,2026-07-16,19,Vitória,Vasco da Gama,1,0,63,,substitution,,True,,,R. Kayzer,Renê,,,,
brasileirao_serie_a_2026,2026-07-16,19,Vitória,Vasco da Gama,1,0,59,,substitution,,False,,,A. Gómez,J. Rojas,,,,
brasileirao_serie_a_2026,2026-07-16,19,Vitória,Vasco da Gama,1,0,59,,substitution,,False,,,Brenner,C. Spinelli,,,,
brasileirao_serie_a_2026,2026-07-16,19,Vitória,Vasco da Gama,1,0,45,,period,,,,,,,HT,,0,0
brasileirao_serie_a_2026,2026-07-16,19,Vitória,Vasco da Gama,1,0,45,,injuryTime,,,,,,,,3,,
brasileirao_serie_a_2026,2026-07-16,19,Vitória,Vasco da Gama,1,0,39,,substitution,,True,,,T. Pochettino,Z. Vitor,,,,
brasileirao_serie_a_2026,2026-07-16,19,Botafogo,Santos,2,1,90,,period,,,,,,,FT,,2,1
brasileirao_serie_a_2026,2026-07-16,19,Botafogo,Santos,2,1,90,5,card,K. Barría,True,yellow,,,,,,,
brasileirao_serie_a_2026,2026-07-16,19,Botafogo,Santos,2,1,90,5,goal,K. Barría,True,,,,,,,2,1
brasileirao_serie_a_2026,2026-07-16,19,Botafogo,Santos,2,1,90,,injuryTime,,,,,,,,5,,
brasileirao_serie_a_2026,2026-07-16,19,Botafogo,Santos,2,1,86,,substitution,,True,,,M. Ponte,Vitinho,,,,
brasileirao_serie_a_2026,2026-07-16,19,Botafogo,Santos,2,1,86,,substitution,,True,,,Marçal,A. Telles,,,,
brasileirao_serie_a_2026,2026-07-16,19,Botafogo,Santos,2,1,78,,card,N. Ferraresi,True,yellow,,,,,,,
brasileirao_serie_a_2026,2026-07-16,19,Botafogo,Santos,2,1,78,,substitution,,True,,,Edenilson,L. Emanuel,,,,
brasileirao_serie_a_2026,2026-07-16,19,Botafogo,Santos,2,1,77,,substitution,,True,,,K. Barría,K. Toledo,,,,
brasileirao_serie_a_2026,2026-07-16,19,Botafogo,Santos,2,1,71,,substitution,,False,,,G. Bontempo,B. Rollheiser,,,,
brasileirao_serie_a_2026,2026-07-16,19,Botafogo,Santos,2,1,71,,substitution,,False,,,G. Menino,I. Vinícius,,,,
brasileirao_serie_a_2026,2026-07-16,19,Botafogo,Santos,2,1,64,,substitution,,True,,,S. Rodríguez,M. Martins,,,,
brasileirao_serie_a_2026,2026-07-16,19,Botafogo,Santos,2,1,64,,substitution,,False,,,Rony,Thaciano,,,,
brasileirao_serie_a_2026,2026-07-16,19,Botafogo,Santos,2,1,64,,substitution,,False,,,Nadson,Miguelito,,,,
brasileirao_serie_a_2026,2026-07-16,19,Botafogo,Santos,2,1,57,,goal,Á. Barreal,False,,,,,,,1,1
brasileirao_serie_a_2026,2026-07-16,19,Botafogo,Santos,2,1,54,,substitution,,False,,,C. Oliva,G. H. Pereira,,,,
brasileirao_serie_a_2026,2026-07-16,19,Botafogo,Santos,2,1,45,,period,,,,,,,HT,,1,0
brasileirao_serie_a_2026,2026-07-16,19,Botafogo,Santos,2,1,45,2,card,M. Martins,True,yellow,,,,,,,
brasileirao_serie_a_2026,2026-07-16,19,Botafogo,Santos,2,1,45,2,card,Á. Barreal,False,yellow,,,,,,,
brasileirao_serie_a_2026,2026-07-16,19,Botafogo,Santos,2,1,45,,injuryTime,,,,,,,,4,,
brasileirao_serie_a_2026,2026-07-16,19,Botafogo,Santos,2,1,42,,varDecision,L. Emanuel,True,,,,,,,,
brasileirao_serie_a_2026,2026-07-16,19,Botafogo,Santos,2,1,41,,goal,L. Emanuel,True,,,,,,,1,0
brasileirao_serie_a_2026,2026-07-16,19,Botafogo,Santos,2,1,26,,card,Thaciano,False,yellow,,,,,,,
brasileirao_serie_a_2026,2026-07-16,19,Botafogo,Santos,2,1,25,,card,Huguinho,True,yellow,,,,,,,
brasileirao_serie_a_2026,2026-05-31,18,Remo,São Paulo,1,0,90,,period,,,,,,,Second half,,1,0
brasileirao_serie_a_2026,2026-05-31,18,Remo,São Paulo,1,0,90,7,substitution,,True,,,Diego Hernández,Marcelinho,,,,
brasileirao_serie_a_2026,2026-05-31,18,Remo,São Paulo,1,0,90,4,goal,Marcelinho,True,,,,,,,1,0
brasileirao_serie_a_2026,2026-05-31,18,Remo,São Paulo,1,0,90,,injuryTime,,,,,,,,5,,
brasileirao_serie_a_2026,2026-05-31,18,Remo,São Paulo,1,0,87,,substitution,,False,,,G. Tapia,J. Calleri,,,,
brasileirao_serie_a_2026,2026-05-31,18,Remo,São Paulo,1,0,85,,card,D. Braga,True,yellow,,,,,,,
brasileirao_serie_a_2026,2026-05-31,18,Remo,São Paulo,1,0,80,,substitution,,True,,,D. Braga,V. Bueno,,,,
brasileirao_serie_a_2026,2026-05-31,18,Remo,São Paulo,1,0,80,,substitution,,True,,,M. Alexandre,Y. Pikachu,,,,
brasileirao_serie_a_2026,2026-05-31,18,Remo,São Paulo,1,0,80,,substitution,,True,,,G. Poveda,Zé Ricardo,,,,
brasileirao_serie_a_2026,2026-05-31,18,Remo,São Paulo,1,0,72,,substitution,,False,,,Tetê,Artur,,,,
brasileirao_serie_a_2026,2026-05-31,18,Remo,São Paulo,1,0,72,,substitution,,False,,,H. Leonardo,Danielzinho,,,,
brasileirao_serie_a_2026,2026-05-31,18,Remo,São Paulo,1,0,72,,substitution,,False,,,Lucca,Ferreira,,,,
brasileirao_serie_a_2026,2026-05-31,18,Remo,São Paulo,1,0,71,,substitution,,True,,,L. Picco,Zé Welison,,,,
brasileirao_serie_a_2026,2026-05-31,18,Remo,São Paulo,1,0,62,,substitution,,False,,,M. Antônio,A. Silva,,,,
brasileirao_serie_a_2026,2026-05-31,18,Remo,São Paulo,1,0,45,,period,,,,,,,HT,,0,0
brasileirao_serie_a_2026,2026-05-31,18,Remo,São Paulo,1,0,45,,injuryTime,,,,,,,,2,,
brasileirao_serie_a_2026,2026-05-31,18,Remo,São Paulo,1,0,38,,card,E. Díaz,False,yellow,,,,,,,
brasileirao_serie_a_2026,2026-05-31,18,Remo,São Paulo,1,0,28,,card,L. Osorio,False,yellow,,,,,,,
brasileirao_serie_a_2026,2026-05-31,18,Cruzeiro,Fluminense,1,1,90,,period,,,,,,,Second half,,1,1
brasileirao_serie_a_2026,2026-05-31,18,Cruzeiro,Fluminense,1,1,90,,injuryTime,,,,,,,,7,,
brasileirao_serie_a_2026,2026-05-31,18,Cruzeiro,Fluminense,1,1,89,,substitution,,True,,,Chico da Costa,Christian,,,,
brasileirao_serie_a_2026,2026-05-31,18,Cruzeiro,Fluminense,1,1,87,,card,F. Bruno,True,yellow,,,,,,,
brasileirao_serie_a_2026,2026-05-31,18,Cruzeiro,Fluminense,1,1,86,,card,S. Xavier,False,yellow,,,,,,,
brasileirao_serie_a_2026,2026-05-31,18,Cruzeiro,Fluminense,1,1,82,,card,J. Millán,False,yellow,,,,,,,
brasileirao_serie_a_2026,2026-05-31,18,Cruzeiro,Fluminense,1,1,75,,goal,M. Pereira,True,,,,,,,1,1
brasileirao_serie_a_2026,2026-05-31,18,Cruzeiro,Fluminense,1,1,75,,substitution,,False,,,Hércules,F. Bernal,,,,
brasileirao_serie_a_2026,2026-05-31,18,Cruzeiro,Fluminense,1,1,74,,substitution,,False,,,S. Xavier,J. Savarino,,,,
brasileirao_serie_a_2026,2026-05-31,18,Cruzeiro,Fluminense,1,1,74,,substitution,,False,,,G. Cano,John Kennedy,,,,
brasileirao_serie_a_2026,2026-05-31,18,Cruzeiro,Fluminense,1,1,67,,substitution,,False,,,L. Acosta,Y. Soteldo,,,,
brasileirao_serie_a_2026,2026-05-31,18,Cruzeiro,Fluminense,1,1,57,,substitution,,True,,,L. Sinisterra,N. Villarreal,,,,
brasileirao_serie_a_2026,2026-05-31,18,Cruzeiro,Fluminense,1,1,56,,substitution,,True,,,K. Kenji,K. Arroyo,,,,
brasileirao_serie_a_2026,2026-05-31,18,Cruzeiro,Fluminense,1,1,56,,substitution,,True,,,B. Rodrigues,Fagner,,,,
brasileirao_serie_a_2026,2026-05-31,18,Cruzeiro,Fluminense,1,1,46,,substitution,,False,,,Renê,G. Arana,,,,
brasileirao_serie_a_2026,2026-05-31,18,Cruzeiro,Fluminense,1,1,46,,substitution,,True,,,M. Henrique,L. Romero,,,,
brasileirao_serie_a_2026,2026-05-31,18,Cruzeiro,Fluminense,1,1,45,,period,,,,,,,HT,,0,1
brasileirao_serie_a_2026,2026-05-31,18,Cruzeiro,Fluminense,1,1,45,,injuryTime,,,,,,,,6,,
brasileirao_serie_a_2026,2026-05-31,18,Cruzeiro,Fluminense,1,1,43,,goal,John Kennedy,False,,,,,,,0,1
brasileirao_serie_a_2026,2026-05-31,18,Cruzeiro,Fluminense,1,1,35,,card,L. Romero,True,yellow,,,,,,,
brasileirao_serie_a_2026,2026-05-31,18,Vasco da Gama,Atlético Mineiro,0,1,90,,period,,,,,,,Second half,,0,1
brasileirao_serie_a_2026,2026-05-31,18,Vasco da Gama,Atlético Mineiro,0,1,90,,injuryTime,,,,,,,,6,,
brasileirao_serie_a_2026,2026-05-31,18,Vasco da Gama,Atlético Mineiro,0,1,88,,card,I. Román,False,yellow,,,,,,,
brasileirao_serie_a_2026,2026-05-31,18,Vasco da Gama,Atlético Mineiro,0,1,80,,substitution,,False,,,C. C. Soares,Reinier,,,,
brasileirao_serie_a_2026,2026-05-31,18,Vasco da Gama,Atlético Mineiro,0,1,80,,substitution,,False,,,K. P. Resende,R. Lodi,,,,
brasileirao_serie_a_2026,2026-05-31,18,Vasco da Gama,Atlético Mineiro,0,1,80,,substitution,,True,,,L. Zuccarello,Adson,,,,
brasileirao_serie_a_2026,2026-05-31,18,Vasco da Gama,Atlético Mineiro,0,1,80,,substitution,,True,,,P. Henrique,P. Rodríguez,,,,
brasileirao_serie_a_2026,2026-05-31,18,Vasco da Gama,Atlético Mineiro,0,1,69,,substitution,,True,,,B. Lopes,J. Rojas,,,,
brasileirao_serie_a_2026,2026-05-31,18,Vasco da Gama,Atlético Mineiro,0,1,63,,substitution,,False,,,Alexsander,V. Hugo,,,,
brasileirao_serie_a_2026,2026-05-31,18,Vasco da Gama,Atlético Mineiro,0,1,63,,substitution,,False,,,M. Cissé,Bernard,,,,
brasileirao_serie_a_2026,2026-05-31,18,Vasco da Gama,Atlético Mineiro,0,1,58,,substitution,,True,,,David,N. Moreira,,,,
brasileirao_serie_a_2026,2026-05-31,18,Vasco da Gama,Atlético Mineiro,0,1,45,,period,,,,,,,HT,,0,1
brasileirao_serie_a_2026,2026-05-31,18,Vasco da Gama,Atlético Mineiro,0,1,45,,injuryTime,,,,,,,,2,,
brasileirao_serie_a_2026,2026-05-31,18,Vasco da Gama,Atlético Mineiro,0,1,34,,card,C. Barros,True,yellow,,,,,,,
brasileirao_serie_a_2026,2026-05-31,18,Vasco da Gama,Atlético Mineiro,0,1,32,,goal,V. Hugo,False,,,,,,,0,1
brasileirao_serie_a_2026,2026-05-31,18,Palmeiras,Chapecoense,1,0,90,,period,,,,,,,FT,,1,0
brasileirao_serie_a_2026,2026-05-31,18,Palmeiras,Chapecoense,1,0,90,15,varDecision,N. Pessoa,False,,,,,,,,
brasileirao_serie_a_2026,2026-05-31,18,Palmeiras,Chapecoense,1,0,90,9,varDecision,Italo,False,,,,,,,,
brasileirao_serie_a_2026,2026-05-31,18,Palmeiras,Chapecoense,1,0,90,,injuryTime,,,,,,,,6,,
brasileirao_serie_a_2026,2026-05-31,18,Palmeiras,Chapecoense,1,0,82,,substitution,,False,,,R. Tadeu,Everton,,,,
brasileirao_serie_a_2026,2026-05-31,18,Palmeiras,Chapecoense,1,0,82,,substitution,,False,,,N. Pessoa,Ênio,,,,
brasileirao_serie_a_2026,2026-05-31,18,Palmeiras,Chapecoense,1,0,77,,card,Italo,False,yellow,Foul,,,,,,
brasileirao_serie_a_2026,2026-05-31,18,Palmeiras,Chapecoense,1,0,76,,substitution,,True,,,L. Benedetti,F. Anderson,,,,
brasileirao_serie_a_2026,2026-05-31,18,Palmeiras,Chapecoense,1,0,76,,substitution,,True,,,Jefté,A. Gabriel,,,,
brasileirao_serie_a_2026,2026-05-31,18,Palmeiras,Chapecoense,1,0,71,,substitution,,False,,,V. Eduardo,B. Leonardo,,,,
brasileirao_serie_a_2026,2026-05-31,18,Palmeiras,Chapecoense,1,0,67,,substitution,,False,,,Italo,Marcinho,,,,
brasileirao_serie_a_2026,2026-05-31,18,Palmeiras,Chapecoense,1,0,66,,substitution,,False,,,J. Carlos,G. Augusto,,,,
brasileirao_serie_a_2026,2026-05-31,18,Palmeiras,Chapecoense,1,0,65,,goal,Paulinho,True,,,,,,,1,0
brasileirao_serie_a_2026,2026-05-31,18,Palmeiras,Chapecoense,1,0,58,,substitution,,True,,,Larson,L. Evangelista,,,,
brasileirao_serie_a_2026,2026-05-31,18,Palmeiras,Chapecoense,1,0,57,,substitution,,True,,,Paulinho,Luighi,,,,
brasileirao_serie_a_2026,2026-05-31,18,Palmeiras,Chapecoense,1,0,46,,substitution,,True,,,Riquelme,L. F. Pacheco,,,,
brasileirao_serie_a_2026,2026-05-31,18,Palmeiras,Chapecoense,1,0,45,,period,,,,,,,HT,,0,0
brasileirao_serie_a_2026,2026-05-31,18,Palmeiras,Chapecoense,1,0,45,,injuryTime,,,,,,,,3,,
brasileirao_serie_a_2026,2026-05-31,18,Palmeiras,Chapecoense,1,0,43,,card,Allan,True,red,Foul,,,,,,
brasileirao_serie_a_2026,2026-05-31,18,Palmeiras,Chapecoense,1,0,23,,card,L. F. Pacheco,True,yellow,Foul,,,,,,
brasileirao_serie_a_2026,2026-05-31,18,Palmeiras,Chapecoense,1,0,0,,card,A. Ferreira,True,yellow,Argument,,,,,,
brasileirao_serie_a_2026,2026-05-31,18,Red Bull Bragantino,Internacional,3,1,90,,period,,,,,,,FT,,3,1
brasileirao_serie_a_2026,2026-05-31,18,Red Bull Bragantino,Internacional,3,1,90,,injuryTime,,,,,,,,7,,
brasileirao_serie_a_2026,2026-05-31,18,Red Bull Bragantino,Internacional,3,1,85,,substitution,,False,,,Allex,M. Bahia,,,,
brasileirao_serie_a_2026,2026-05-31,18,Red Bull Bragantino,Internacional,3,1,85,,substitution,,False,,,B. Tabata,J. Carbonero,,,,
brasileirao_serie_a_2026,2026-05-31,18,Red Bull Bragantino,Internacional,3,1,84,,substitution,,True,,,Vanderlan,J. Capixaba,,,,
brasileirao_serie_a_2026,2026-05-31,18,Red Bull Bragantino,Internacional,3,1,84,,substitution,,True,,,I. Sosa,I. Pitta,,,,
brasileirao_serie_a_2026,2026-05-31,18,Red Bull Bragantino,Internacional,3,1,84,,card,J. Capixaba,True,yellow,Time wasting,,,,,,
brasileirao_serie_a_2026,2026-05-31,18,Red Bull Bragantino,Internacional,3,1,80,,substitution,,False,,,P. Paula,B. Henrique,,,,
brasileirao_serie_a_2026,2026-05-31,18,Red Bull Bragantino,Internacional,3,1,79,,goal,B. Aguirre,False,,,,,,,3,1
brasileirao_serie_a_2026,2026-05-31,18,Red Bull Bragantino,Internacional,3,1,76,,card,R. Borré,False,yellow,Argument,,,,,,
brasileirao_serie_a_2026,2026-05-31,18,Red Bull Bragantino,Internacional,3,1,73,,substitution,,True,,,E. Sasha,Fernando,,,,
brasileirao_serie_a_2026,2026-05-31,18,Red Bull Bragantino,Internacional,3,1,73,,substitution,,True,,,M. Braz,J. Herrera,,,,
brasileirao_serie_a_2026,2026-05-31,18,Red Bull Bragantino,Internacional,3,1,70,,substitution,,False,,,R. Borré,Alerrandro,,,,
brasileirao_serie_a_2026,2026-05-31,18,Red Bull Bragantino,Internacional,3,1,70,,substitution,,False,,,B. Aguirre,R. Villagra,,,,
brasileirao_serie_a_2026,2026-05-31,18,Red Bull Bragantino,Internacional,3,1,64,,substitution,,True,,,G. Neves,E. Ramires,,,,
brasileirao_serie_a_2026,2026-05-31,18,Red Bull Bragantino,Internacional,3,1,52,,goal,T. Volpi,True,,,,,,,3,0
brasileirao_serie_a_2026,2026-05-31,18,Red Bull Bragantino,Internacional,3,1,45,,period,,,,,,,HT,,2,0
brasileirao_serie_a_2026,2026-05-31,18,Red Bull Bragantino,Internacional,3,1,45,8,card,G. Mercado,False,yellow,Argument,,,,,,
brasileirao_serie_a_2026,2026-05-31,18,Red Bull Bragantino,Internacional,3,1,45,7,goal,J. Capixaba,True,,,,,,,2,0
brasileirao_serie_a_2026,2026-05-31,18,Red Bull Bragantino,Internacional,3,1,45,,card,A. Patrick,False,yellow,Foul,,,,,,
brasileirao_serie_a_2026,2026-05-31,18,Red Bull Bragantino,Internacional,3,1,45,,injuryTime,,,,,,,,6,,
brasileirao_serie_a_2026,2026-05-31,18,Red Bull Bragantino,Internacional,3,1,44,,card,Alerrandro,False,yellow,Foul,,,,,,
brasileirao_serie_a_2026,2026-05-31,18,Red Bull Bragantino,Internacional,3,1,23,,card,G. Marques,True,yellow,Foul,,,,,,
brasileirao_serie_a_2026,2026-05-31,18,Red Bull Bragantino,Internacional,3,1,18,,goal,Fernando,True,,,,,,,1,0
brasileirao_serie_a_2026,2026-05-30,18,Santos,Vitória,3,1,90,,period,,,,,,,Second half,,3,1
brasileirao_serie_a_2026,2026-05-30,18,Santos,Vitória,3,1,90,2,card,L. Cândido,False,yellow,,,,,,,
brasileirao_serie_a_2026,2026-05-30,18,Santos,Vitória,3,1,90,,injuryTime,,,,,,,,8,,
brasileirao_serie_a_2026,2026-05-30,18,Santos,Vitória,3,1,88,,substitution,,False,,,Osvaldo,E. Martinez,,,,
brasileirao_serie_a_2026,2026-05-30,18,Santos,Vitória,3,1,79,,card,G. Brazão,True,yellow,,,,,,,
brasileirao_serie_a_2026,2026-05-30,18,Santos,Vitória,3,1,76,,substitution,,True,,,B. Rollheiser,Á. Barreal,,,,
brasileirao_serie_a_2026,2026-05-30,18,Santos,Vitória,3,1,75,,substitution,,True,,,Davizinho,G. Bontempo,,,,
brasileirao_serie_a_2026,2026-05-30,18,Santos,Vitória,3,1,74,,goal,Renê,False,,,,,,,3,1
brasileirao_serie_a_2026,2026-05-30,18,Santos,Vitória,3,1,71,,substitution,,False,,,R. Kayzer,Neris,,,,
brasileirao_serie_a_2026,2026-05-30,18,Santos,Vitória,3,1,71,,substitution,,False,,,Marinho,Claudinho,,,,
brasileirao_serie_a_2026,2026-05-30,18,Santos,Vitória,3,1,69,,substitution,,True,,,Rony,Miguelito,,,,
brasileirao_serie_a_2026,2026-05-30,18,Santos,Vitória,3,1,60,,card,G. Barbosa,True,red,,,,,,,
brasileirao_serie_a_2026,2026-05-30,18,Santos,Vitória,3,1,60,,substitution,,True,,,J. P. Ananias,L. Peres,,,,
brasileirao_serie_a_2026,2026-05-30,18,Santos,Vitória,3,1,60,,varDecision,G. Barbosa,True,,,,,,,,
brasileirao_serie_a_2026,2026-05-30,18,Santos,Vitória,3,1,57,,card,G. Barbosa,True,yellow,,,,,,,
brasileirao_serie_a_2026,2026-05-30,18,Santos,Vitória,3,1,56,,goal,G. Barbosa,True,,,,,,,3,0
brasileirao_serie_a_2026,2026-05-30,18,Santos,Vitória,3,1,54,,goal,Á. Barreal,True,,,,,,,2,0
brasileirao_serie_a_2026,2026-05-30,18,Santos,Vitória,3,1,53,,card,E. Martinez,False,yellow,,,,,,,
brasileirao_serie_a_2026,2026-05-30,18,Santos,Vitória,3,1,46,,substitution,,True,,,S. Mendes,C. Oliva,,,,
brasileirao_serie_a_2026,2026-05-30,18,Santos,Vitória,3,1,46,,substitution,,False,,,D. Tarzia,Caique,,,,
brasileirao_serie_a_2026,2026-05-30,18,Santos,Vitória,3,1,45,,period,,,,,,,HT,,1,0
brasileirao_serie_a_2026,2026-05-30,18,Santos,Vitória,3,1,45,4,card,Renê,False,yellow,,,,,,,
brasileirao_serie_a_2026,2026-05-30,18,Santos,Vitória,3,1,45,,injuryTime,,,,,,,,3,,
brasileirao_serie_a_2026,2026-05-30,18,Santos,Vitória,3,1,27,,substitution,,False,,,E. Martinez,G. Baralhas,,,,
brasileirao_serie_a_2026,2026-05-30,18,Santos,Vitória,3,1,21,,card,Caique,False,yellow,,,,,,,
brasileirao_serie_a_2026,2026-05-30,18,Santos,Vitória,3,1,19,,goal,Miguelito,True,,,,,,,1,0
brasileirao_serie_a_2026,2026-05-30,18,Santos,Vitória,3,1,16,,card,Willian Arão,True,yellow,,,,,,,
brasileirao_serie_a_2026,2026-05-30,18,Grêmio,Corinthians,1,3,90,,period,,,,,,,Second half,,1,3
brasileirao_serie_a_2026,2026-05-30,18,Grêmio,Corinthians,1,3,90,4,substitution,,False,,,M. Pereira,R. Garro,,,,
brasileirao_serie_a_2026,2026-05-30,18,Grêmio,Corinthians,1,3,90,4,substitution,,False,,,Dieguinho,B. Bidon,,,,
brasileirao_serie_a_2026,2026-05-30,18,Grêmio,Corinthians,1,3,90,2,card,Viery,True,yellow,,,,,,,
brasileirao_serie_a_2026,2026-05-30,18,Grêmio,Corinthians,1,3,90,,injuryTime,,,,,,,,6,,
brasileirao_serie_a_2026,2026-05-30,18,Grêmio,Corinthians,1,3,88,,substitution,,False,,,A. Carrillo,A. Luiz,,,,
brasileirao_serie_a_2026,2026-05-30,18,Grêmio,Corinthians,1,3,88,,substitution,,False,,,Z. Labyad,Kaio César,,,,
brasileirao_serie_a_2026,2026-05-30,18,Grêmio,Corinthians,1,3,82,,substitution,,False,,,Allan,Raniele,,,,
brasileirao_serie_a_2026,2026-05-30,18,Grêmio,Corinthians,1,3,80,,substitution,,True,,,A. Henrique,G. Mec,,,,
brasileirao_serie_a_2026,2026-05-30,18,Grêmio,Corinthians,1,3,79,,substitution,,True,,,G. Menegon,C. Vinícius,,,,
brasileirao_serie_a_2026,2026-05-30,18,Grêmio,Corinthians,1,3,75,,card,T. Beltrame,True,red,,,,,,,
brasileirao_serie_a_2026,2026-05-30,18,Grêmio,Corinthians,1,3,69,,card,J. Enamorado,True,yellow,,,,,,,
brasileirao_serie_a_2026,2026-05-30,18,Grêmio,Corinthians,1,3,68,,card,Kaio César,False,yellow,,,,,,,
brasileirao_serie_a_2026,2026-05-30,18,Grêmio,Corinthians,1,3,67,,goal,Kaio César,False,,,,,,,1,3
brasileirao_serie_a_2026,2026-05-30,18,Grêmio,Corinthians,1,3,65,,goal,A. Luiz,False,,,,,,,1,2
brasileirao_serie_a_2026,2026-05-30,18,Grêmio,Corinthians,1,3,62,,substitution,,True,,,F. Amuzu,M. Braithwaite,,,,
brasileirao_serie_a_2026,2026-05-30,18,Grêmio,Corinthians,1,3,53,,substitution,,True,,,J. Enamorado,Tetê,,,,
brasileirao_serie_a_2026,2026-05-30,18,Grêmio,Corinthians,1,3,46,,substitution,,True,,,J. Pedro,M. Rocha,,,,
brasileirao_serie_a_2026,2026-05-30,18,Grêmio,Corinthians,1,3,45,,period,,,,,,,HT,,1,1
brasileirao_serie_a_2026,2026-05-30,18,Grêmio,Corinthians,1,3,45,2,goal,A. Luiz,False,,,,,,,1,1
brasileirao_serie_a_2026,2026-05-30,18,Grêmio,Corinthians,1,3,45,,injuryTime,,,,,,,,4,,
brasileirao_serie_a_2026,2026-05-30,18,Grêmio,Corinthians,1,3,44,,card,R. Garro,False,yellow,,,,,,,
brasileirao_serie_a_2026,2026-05-30,18,Grêmio,Corinthians,1,3,41,,card,W. Leonardo,True,yellow,,,,,,,
brasileirao_serie_a_2026,2026-05-30,18,Grêmio,Corinthians,1,3,7,,goal,G. Mec,True,,,,,,,1,0
brasileirao_serie_a_2026,2026-05-30,18,Bahia,Botafogo,2,1,90,,period,,,,,,,FT,,2,1
brasileirao_serie_a_2026,2026-05-30,18,Bahia,Botafogo,2,1,90,4,substitution,,True,,,M. Victor,W. José,,,,
brasileirao_serie_a_2026,2026-05-30,18,Bahia,Botafogo,2,1,90,3,substitution,,False,,,C. Ramos,G. Justino,,,,
brasileirao_serie_a_2026,2026-05-30,18,Bahia,Botafogo,2,1,90,3,card,D. Duarte,True,yellow,,,,,,,
brasileirao_serie_a_2026,2026-05-30,18,Bahia,Botafogo,2,1,90,2,goal,D. Duarte,True,,,,,,,2,1
brasileirao_serie_a_2026,2026-05-30,18,Bahia,Botafogo,2,1,90,,injuryTime,,,,,,,,8,,
brasileirao_serie_a_2026,2026-05-30,18,Bahia,Botafogo,2,1,83,,card,Newton,False,yellow,Time wasting,,,,,,
brasileirao_serie_a_2026,2026-05-30,18,Bahia,Botafogo,2,1,75,,substitution,,False,,,M. Martins,K. Toledo,,,,
brasileirao_serie_a_2026,2026-05-30,18,Bahia,Botafogo,2,1,74,,substitution,,False,,,Newton,Á. Montoro,,,,
brasileirao_serie_a_2026,2026-05-30,18,Bahia,Botafogo,2,1,74,,substitution,,False,,,S. Rodríguez,C. Medina,,,,
brasileirao_serie_a_2026,2026-05-30,18,Bahia,Botafogo,2,1,65,,substitution,,True,,,M. Sanabria,J. Guilherme,,,,
brasileirao_serie_a_2026,2026-05-30,18,Bahia,Botafogo,2,1,57,,goal,N. Ferraresi,True,,,,,,,1,1
brasileirao_serie_a_2026,2026-05-30,18,Bahia,Botafogo,2,1,46,,substitution,,True,,,Everaldo,E. Pulga,,,,
brasileirao_serie_a_2026,2026-05-30,18,Bahia,Botafogo,2,1,46,,substitution,,True,,,E. Ribeiro,C. Alexandre,,,,
brasileirao_serie_a_2026,2026-05-30,18,Bahia,Botafogo,2,1,45,,period,,,,,,,HT,,0,1
brasileirao_serie_a_2026,2026-05-30,18,Bahia,Botafogo,2,1,45,10,card,Huguinho,False,yellow,Foul,,,,,,
brasileirao_serie_a_2026,2026-05-30,18,Bahia,Botafogo,2,1,45,4,substitution,,False,,,Raúl,L. Villalba,,,,
brasileirao_serie_a_2026,2026-05-30,18,Bahia,Botafogo,2,1,45,2,card,Neto,False,red,Argument,,,,,,
brasileirao_serie_a_2026,2026-05-30,18,Bahia,Botafogo,2,1,45,,injuryTime,,,,,,,,10,,
brasileirao_serie_a_2026,2026-05-30,18,Bahia,Botafogo,2,1,44,,card,Erick,True,yellow,Foul,,,,,,
brasileirao_serie_a_2026,2026-05-30,18,Bahia,Botafogo,2,1,43,,card,C. Medina,False,yellow,Foul,,,,,,
brasileirao_serie_a_2026,2026-05-30,18,Bahia,Botafogo,2,1,42,,card,Ademir,True,yellow,Foul,,,,,,
brasileirao_serie_a_2026,2026-05-30,18,Bahia,Botafogo,2,1,40,,varDecision,Ademir,True,,,,,,,,
brasileirao_serie_a_2026,2026-05-30,18,Bahia,Botafogo,2,1,37,,card,N. Ferraresi,False,yellow,Foul,,,,,,
brasileirao_serie_a_2026,2026-05-30,18,Bahia,Botafogo,2,1,25,,substitution,,True,,,Ademir,C. Olivera,,,,
brasileirao_serie_a_2026,2026-05-30,18,Bahia,Botafogo,2,1,21,,card,Á. Montoro,False,yellow,Foul,,,,,,
brasileirao_serie_a_2026,2026-05-30,18,Bahia,Botafogo,2,1,7,,goal,Huguinho,False,,,,,,,0,1
brasileirao_serie_a_2026,2026-05-30,18,Bahia,Botafogo,2,1,0,,card,G. Xavier,True,yellow,Argument,,,,,,
brasileirao_serie_a_2026,2026-05-30,18,Flamengo,Coritiba,3,0,90,,period,,,,,,,Second half,,3,0
brasileirao_serie_a_2026,2026-05-30,18,Flamengo,Coritiba,3,0,90,,injuryTime,,,,,,,,3,,
brasileirao_serie_a_2026,2026-05-30,18,Flamengo,Coritiba,3,0,88,,substitution,,False,,,Wallisson Luiz,S. Gomez,,,,
brasileirao_serie_a_2026,2026-05-30,18,Flamengo,Coritiba,3,0,85,,substitution,,True,,,C. Joshua,Pedro,,,,
brasileirao_serie_a_2026,2026-05-30,18,Flamengo,Coritiba,3,0,85,,substitution,,True,,,Wallace,L. Araújo,,,,
brasileirao_serie_a_2026,2026-05-30,18,Flamengo,Coritiba,3,0,84,,card,L. Araújo,True,yellow,,,,,,,
brasileirao_serie_a_2026,2026-05-30,18,Flamengo,Coritiba,3,0,76,,substitution,,True,,,S. Ñíguez,E. Pulgar,,,,
brasileirao_serie_a_2026,2026-05-30,18,Flamengo,Coritiba,3,0,75,,substitution,,True,,,Everton,S. Lino,,,,
brasileirao_serie_a_2026,2026-05-30,18,Flamengo,Coritiba,3,0,70,,goal,S. Lino,True,,,,,,,3,0
brasileirao_serie_a_2026,2026-05-30,18,Flamengo,Coritiba,3,0,63,,substitution,,False,,,F. Jonatan,J. Lavega,,,,
brasileirao_serie_a_2026,2026-05-30,18,Flamengo,Coritiba,3,0,63,,substitution,,False,,,V. Paulista,T. Santos,,,,
brasileirao_serie_a_2026,2026-05-30,18,Flamengo,Coritiba,3,0,63,,substitution,,False,,,Gustavo,Josué,,,,
brasileirao_serie_a_2026,2026-05-30,18,Flamengo,Coritiba,3,0,60,,goal,Pedro,True,,,,,,,2,0
brasileirao_serie_a_2026,2026-05-30,18,Flamengo,Coritiba,3,0,54,,card,E. Araujo,True,yellow,,,,,,,
brasileirao_serie_a_2026,2026-05-30,18,Flamengo,Coritiba,3,0,46,,substitution,,False,,,L. Taverna,J.P. Chermont,,,,
brasileirao_serie_a_2026,2026-05-30,18,Flamengo,Coritiba,3,0,45,,period,,,,,,,HT,,1,0
brasileirao_serie_a_2026,2026-05-30,18,Flamengo,Coritiba,3,0,45,,injuryTime,,,,,,,,6,,
brasileirao_serie_a_2026,2026-05-30,18,Flamengo,Coritiba,3,0,41,,card,E. Pulgar,True,yellow,,,,,,,
brasileirao_serie_a_2026,2026-05-30,18,Flamengo,Coritiba,3,0,36,,card,P. Rocha,False,red,,,,,,,
brasileirao_serie_a_2026,2026-05-30,18,Flamengo,Coritiba,3,0,34,,varDecision,P. Rocha,False,,,,,,,,
brasileirao_serie_a_2026,2026-05-30,18,Flamengo,Coritiba,3,0,19,,substitution,,True,,,J. Victor,L. Ortiz,,,,
brasileirao_serie_a_2026,2026-05-30,18,Flamengo,Coritiba,3,0,11,,goal,S. Lino,True,,,,,,,1,0
brasileirao_serie_a_2026,2026-05-30,18,Athletico,Mirassol,1,0,90,,period,,,,,,,Second half,,1,0
brasileirao_serie_a_2026,2026-05-30,18,Athletico,Mirassol,1,0,90,,injuryTime,,,,,,,,6,,
brasileirao_serie_a_2026,2026-05-30,18,Athletico,Mirassol,1,0,88,,goal,K. Viveros,True,,,,,,,1,0
brasileirao_serie_a_2026,2026-05-30,18,Athletico,Mirassol,1,0,85,,card,Eduardo,False,yellow,,,,,,,
brasileirao_serie_a_2026,2026-05-30,18,Athletico,Mirassol,1,0,83,,substitution,,True,,,C. Terán,A. Dias,,,,
brasileirao_serie_a_2026,2026-05-30,18,Athletico,Mirassol,1,0,81,,substitution,,False,,,Chico,Shaylon,,,,
brasileirao_serie_a_2026,2026-05-30,18,Athletico,Mirassol,1,0,81,,substitution,,False,,,L. Oliveira,J. Aldo,,,,
brasileirao_serie_a_2026,2026-05-30,18,Athletico,Mirassol,1,0,78,,substitution,,True,,,Leozinho,S. Mendoza,,,,
brasileirao_serie_a_2026,2026-05-30,18,Athletico,Mirassol,1,0,78,,substitution,,True,,,D. Riquelme,Felipinho,,,,
brasileirao_serie_a_2026,2026-05-30,18,Athletico,Mirassol,1,0,72,,card,W. Machado,False,yellow,,,,,,,
brasileirao_serie_a_2026,2026-05-30,18,Athletico,Mirassol,1,0,71,,substitution,,False,,,N. Moura,Denilson,,,,
brasileirao_serie_a_2026,2026-05-30,18,Athletico,Mirassol,1,0,71,,substitution,,False,,,Eduardo,C. Eduardo,,,,
brasileirao_serie_a_2026,2026-05-30,18,Athletico,Mirassol,1,0,68,,substitution,,True,,,J. Cruz,L. Esquivel,,,,
brasileirao_serie_a_2026,2026-05-30,18,Athletico,Mirassol,1,0,66,,card,G. Benavídez,True,yellow,,,,,,,
brasileirao_serie_a_2026,2026-05-30,18,Athletico,Mirassol,1,0,63,,substitution,,False,,,A. Luis,E. Carioca,,,,
brasileirao_serie_a_2026,2026-05-30,18,Athletico,Mirassol,1,0,58,,card,A. Dias,True,yellow,,,,,,,
brasileirao_serie_a_2026,2026-05-30,18,Athletico,Mirassol,1,0,46,,substitution,,True,,,Julimar,Bruno Zapelli,,,,
brasileirao_serie_a_2026,2026-05-30,18,Athletico,Mirassol,1,0,45,,period,,,,,,,HT,,0,0
brasileirao_serie_a_2026,2026-05-30,18,Athletico,Mirassol,1,0,45,,injuryTime,,,,,,,,3,,
brasileirao_serie_a_2026,2026-05-30,18,Athletico,Mirassol,1,0,31,,card,E. Carioca,False,yellow,,,,,,,
brasileirao_serie_a_2026,2026-05-25,17,Coritiba,Bahia,3,2,90,,period,,,,,,,Second half,,3,2
brasileirao_serie_a_2026,2026-05-25,17,Coritiba,Bahia,3,2,90,2,substitution,,True,,,V. Paulista,Josué,,,,
brasileirao_serie_a_2026,2026-05-25,17,Coritiba,Bahia,3,2,90,1,goal,Everaldo,False,,,,,,,3,2
brasileirao_serie_a_2026,2026-05-25,17,Coritiba,Bahia,3,2,90,,card,R. Gómez,False,yellow,,,,,,,
brasileirao_serie_a_2026,2026-05-25,17,Coritiba,Bahia,3,2,90,,injuryTime,,,,,,,,7,,
brasileirao_serie_a_2026,2026-05-25,17,Coritiba,Bahia,3,2,87,,substitution,,True,,,Wallisson Luiz,S. Gomez,,,,
brasileirao_serie_a_2026,2026-05-25,17,Coritiba,Bahia,3,2,78,,substitution,,True,,,W. Oliveira,T. Santos,,,,
brasileirao_serie_a_2026,2026-05-25,17,Coritiba,Bahia,3,2,78,,substitution,,True,,,Fabinho,J. Lavega,,,,
brasileirao_serie_a_2026,2026-05-25,17,Coritiba,Bahia,3,2,78,,substitution,,True,,,L. Taverna,J.P. Chermont,,,,
brasileirao_serie_a_2026,2026-05-25,17,Coritiba,Bahia,3,2,76,,card,Ademir,False,yellow,,,,,,,
brasileirao_serie_a_2026,2026-05-25,17,Coritiba,Bahia,3,2,71,,substitution,,False,,,Everaldo,W. José,,,,
brasileirao_serie_a_2026,2026-05-25,17,Coritiba,Bahia,3,2,71,,substitution,,False,,,M. Araújo,J. Lucas,,,,
brasileirao_serie_a_2026,2026-05-25,17,Coritiba,Bahia,3,2,71,,substitution,,False,,,C. Olivera,E. Pulga,,,,
brasileirao_serie_a_2026,2026-05-25,17,Coritiba,Bahia,3,2,68,,goal,B. Lopes,True,,,,,,,3,1
brasileirao_serie_a_2026,2026-05-25,17,Coritiba,Bahia,3,2,65,,goal,J. Lavega,True,,,,,,,2,1
brasileirao_serie_a_2026,2026-05-25,17,Coritiba,Bahia,3,2,60,,substitution,,False,,,Ademir,M. Sanabria,,,,
brasileirao_serie_a_2026,2026-05-25,17,Coritiba,Bahia,3,2,56,,goal,Bruno Melo,True,,,,,,,1,1
brasileirao_serie_a_2026,2026-05-25,17,Coritiba,Bahia,3,2,45,,period,,,,,,,HT,,0,1
brasileirao_serie_a_2026,2026-05-25,17,Coritiba,Bahia,3,2,45,6,substitution,,False,,,J. Paulo,L. Vieira,,,,
brasileirao_serie_a_2026,2026-05-25,17,Coritiba,Bahia,3,2,45,,injuryTime,,,,,,,,5,,
brasileirao_serie_a_2026,2026-05-25,17,Coritiba,Bahia,3,2,30,,card,N. Acevedo,False,yellow,,,,,,,
brasileirao_serie_a_2026,2026-05-25,17,Coritiba,Bahia,3,2,26,,goal,T. Cóser,False,,,,,,,0,1
brasileirao_serie_a_2026,2026-05-24,17,Vasco da Gama,Red Bull Bragantino,0,3,90,,period,,,,,,,Second half,,0,3
brasileirao_serie_a_2026,2026-05-24,17,Vasco da Gama,Red Bull Bragantino,0,3,90,1,card,J. Capixaba,False,yellow,,,,,,,
brasileirao_serie_a_2026,2026-05-24,17,Vasco da Gama,Red Bull Bragantino,0,3,90,,injuryTime,,,,,,,,4,,
brasileirao_serie_a_2026,2026-05-24,17,Vasco da Gama,Red Bull Bragantino,0,3,88,,substitution,,False,,,B. d. Moraes,A. Sant Anna,,,,
brasileirao_serie_a_2026,2026-05-24,17,Vasco da Gama,Red Bull Bragantino,0,3,88,,substitution,,False,,,I. Sosa,E. Ramires,,,,
brasileirao_serie_a_2026,2026-05-24,17,Vasco da Gama,Red Bull Bragantino,0,3,88,,substitution,,True,,,David,A. Gómez,,,,
brasileirao_serie_a_2026,2026-05-24,17,Vasco da Gama,Red Bull Bragantino,0,3,85,,card,A. Gómez,True,yellow,,,,,,,
brasileirao_serie_a_2026,2026-05-24,17,Vasco da Gama,Red Bull Bragantino,0,3,85,,varDecision,E. Ramires,False,,,,,,,,
brasileirao_serie_a_2026,2026-05-24,17,Vasco da Gama,Red Bull Bragantino,0,3,77,,goal,Fernando,False,,,,,,,0,3
brasileirao_serie_a_2026,2026-05-24,17,Vasco da Gama,Red Bull Bragantino,0,3,75,,substitution,,True,,,H. Moura,J. Silva,,,,
brasileirao_serie_a_2026,2026-05-24,17,Vasco da Gama,Red Bull Bragantino,0,3,72,,substitution,,False,,,E. Sasha,I. Pitta,,,,
brasileirao_serie_a_2026,2026-05-24,17,Vasco da Gama,Red Bull Bragantino,0,3,71,,substitution,,False,,,Fernando,H. Mosquera,,,,
brasileirao_serie_a_2026,2026-05-24,17,Vasco da Gama,Red Bull Bragantino,0,3,71,,substitution,,False,,,G. Neves,Rodriguinho,,,,
brasileirao_serie_a_2026,2026-05-24,17,Vasco da Gama,Red Bull Bragantino,0,3,60,,goal,I. Pitta,False,,,,,,,0,2
brasileirao_serie_a_2026,2026-05-24,17,Vasco da Gama,Red Bull Bragantino,0,3,57,,card,H. Mosquera,False,yellow,,,,,,,
brasileirao_serie_a_2026,2026-05-24,17,Vasco da Gama,Red Bull Bragantino,0,3,52,,substitution,,True,,,Brenner,J. Rojas,,,,
brasileirao_serie_a_2026,2026-05-24,17,Vasco da Gama,Red Bull Bragantino,0,3,52,,substitution,,True,,,Cuiabano,L. Piton,,,,
brasileirao_serie_a_2026,2026-05-24,17,Vasco da Gama,Red Bull Bragantino,0,3,45,,period,,,,,,,HT,,0,1
brasileirao_serie_a_2026,2026-05-24,17,Vasco da Gama,Red Bull Bragantino,0,3,45,1,goal,Rodriguinho,False,,,,,,,0,1
brasileirao_serie_a_2026,2026-05-24,17,Vasco da Gama,Red Bull Bragantino,0,3,45,,injuryTime,,,,,,,,1,,
brasileirao_serie_a_2026,2026-05-24,17,Vasco da Gama,Red Bull Bragantino,0,3,32,,card,Rodriguinho,False,yellow,,,,,,,
brasileirao_serie_a_2026,2026-05-24,17,Corinthians,Atlético Mineiro,1,0,90,,period,,,,,,,Second half,,1,0
brasileirao_serie_a_2026,2026-05-24,17,Corinthians,Atlético Mineiro,1,0,90,1,substitution,,False,,,C. C. Soares,A. Franco,,,,
brasileirao_serie_a_2026,2026-05-24,17,Corinthians,Atlético Mineiro,1,0,90,,injuryTime,,,,,,,,5,,
brasileirao_serie_a_2026,2026-05-24,17,Corinthians,Atlético Mineiro,1,0,88,,goal,Z. Labyad,True,,,,,,,1,0
brasileirao_serie_a_2026,2026-05-24,17,Corinthians,Atlético Mineiro,1,0,81,,substitution,,True,,,A. Carrillo,B. Bidon,,,,
brasileirao_serie_a_2026,2026-05-24,17,Corinthians,Atlético Mineiro,1,0,79,,substitution,,False,,,M. Cissé,Bernard,,,,
brasileirao_serie_a_2026,2026-05-24,17,Corinthians,Atlético Mineiro,1,0,77,,substitution,,True,,,Z. Labyad,R. Garro,,,,
brasileirao_serie_a_2026,2026-05-24,17,Corinthians,Atlético Mineiro,1,0,67,,substitution,,False,,,A. Minda,V. Hugo,,,,
brasileirao_serie_a_2026,2026-05-24,17,Corinthians,Atlético Mineiro,1,0,61,,card,Y. Alberto,True,yellow,,,,,,,
brasileirao_serie_a_2026,2026-05-24,17,Corinthians,Atlético Mineiro,1,0,61,,substitution,,True,,,Allan,Raniele,,,,
brasileirao_serie_a_2026,2026-05-24,17,Corinthians,Atlético Mineiro,1,0,61,,substitution,,True,,,M. Depay,A. Luiz,,,,
brasileirao_serie_a_2026,2026-05-24,17,Corinthians,Atlético Mineiro,1,0,55,,card,Ruan,False,yellow,,,,,,,
brasileirao_serie_a_2026,2026-05-24,17,Corinthians,Atlético Mineiro,1,0,46,,substitution,,True,,,Kaio César,J. Lingard,,,,
brasileirao_serie_a_2026,2026-05-24,17,Corinthians,Atlético Mineiro,1,0,45,,period,,,,,,,HT,,0,0
brasileirao_serie_a_2026,2026-05-24,17,Corinthians,Atlético Mineiro,1,0,45,,injuryTime,,,,,,,,2,,
brasileirao_serie_a_2026,2026-05-24,17,Corinthians,Atlético Mineiro,1,0,37,,card,T. Cuello,False,yellow,,,,,,,
brasileirao_serie_a_2026,2026-05-24,17,Remo,Athletico,1,2,90,,period,,,,,,,Second half,,1,2
brasileirao_serie_a_2026,2026-05-24,17,Remo,Athletico,1,2,90,2,card,D. Riquelme,False,yellow,,,,,,,
brasileirao_serie_a_2026,2026-05-24,17,Remo,Athletico,1,2,90,,varDecision,Leozinho,False,,,,,,,,
brasileirao_serie_a_2026,2026-05-24,17,Remo,Athletico,1,2,90,,card,Leozinho,False,yellow,,,,,,,
brasileirao_serie_a_2026,2026-05-24,17,Remo,Athletico,1,2,90,,injuryTime,,,,,,,,6,,
brasileirao_serie_a_2026,2026-05-24,17,Remo,Athletico,1,2,88,,substitution,,True,,,Zé Ricardo,Zé Welison,,,,
brasileirao_serie_a_2026,2026-05-24,17,Remo,Athletico,1,2,85,,substitution,,False,,,R. P. Nepomuceno,K. Viveros,,,,
brasileirao_serie_a_2026,2026-05-24,17,Remo,Athletico,1,2,82,,varDecision,Marcelinho,True,,,,,,,,
brasileirao_serie_a_2026,2026-05-24,17,Remo,Athletico,1,2,77,,substitution,,True,,,Diego Hernández,A. Manga,,,,
brasileirao_serie_a_2026,2026-05-24,17,Remo,Athletico,1,2,71,,substitution,,False,,,D. Riquelme,Felipinho,,,,
brasileirao_serie_a_2026,2026-05-24,17,Remo,Athletico,1,2,64,,card,Felipinho,False,yellow,,,,,,,
brasileirao_serie_a_2026,2026-05-24,17,Remo,Athletico,1,2,59,,substitution,,True,,,L. Picco,Patrick,,,,
brasileirao_serie_a_2026,2026-05-24,17,Remo,Athletico,1,2,59,,substitution,,True,,,G. Poveda,V. Bueno,,,,
brasileirao_serie_a_2026,2026-05-24,17,Remo,Athletico,1,2,53,,goal,K. Viveros,False,,,,,,,1,2
brasileirao_serie_a_2026,2026-05-24,17,Remo,Athletico,1,2,46,,substitution,,False,,,Leozinho,Bruno Zapelli,,,,
brasileirao_serie_a_2026,2026-05-24,17,Remo,Athletico,1,2,46,,substitution,,False,,,Julimar,G. Junior,,,,
brasileirao_serie_a_2026,2026-05-24,17,Remo,Athletico,1,2,46,,substitution,,True,,,M. Alexandre,Y. Pikachu,,,,
brasileirao_serie_a_2026,2026-05-24,17,Remo,Athletico,1,2,45,,period,,,,,,,HT,,1,1
brasileirao_serie_a_2026,2026-05-24,17,Remo,Athletico,1,2,45,12,card,Marcelinho,True,yellow,,,,,,,
brasileirao_serie_a_2026,2026-05-24,17,Remo,Athletico,1,2,45,11,card,Bruno Zapelli,False,yellow,,,,,,,
brasileirao_serie_a_2026,2026-05-24,17,Remo,Athletico,1,2,45,8,card,Jajá,True,red,,,,,,,
brasileirao_serie_a_2026,2026-05-24,17,Remo,Athletico,1,2,45,,varDecision,Jajá,True,,,,,,,,
brasileirao_serie_a_2026,2026-05-24,17,Remo,Athletico,1,2,45,,goal,K. Viveros,False,,,,,,,1,1
brasileirao_serie_a_2026,2026-05-24,17,Remo,Athletico,1,2,45,,injuryTime,,,,,,,,10,,
brasileirao_serie_a_2026,2026-05-24,17,Remo,Athletico,1,2,28,,varDecision,Bruno Zapelli,False,,,,,,,,
brasileirao_serie_a_2026,2026-05-24,17,Remo,Athletico,1,2,14,,goal,Jajá,True,,,,,,,1,0
brasileirao_serie_a_2026,2026-05-24,17,Cruzeiro,Chapecoense,2,1,90,,period,,,,,,,FT,,2,1
brasileirao_serie_a_2026,2026-05-24,17,Cruzeiro,Chapecoense,2,1,90,6,substitution,,True,,,Fagner,K. Moraes,,,,
brasileirao_serie_a_2026,2026-05-24,17,Cruzeiro,Chapecoense,2,1,90,6,substitution,,True,,,N. Villarreal,K. Jorge,,,,
brasileirao_serie_a_2026,2026-05-24,17,Cruzeiro,Chapecoense,2,1,90,6,substitution,,True,,,M. Henrique,L. Romero,,,,
brasileirao_serie_a_2026,2026-05-24,17,Cruzeiro,Chapecoense,2,1,90,1,varDecision,Maurício Garcez,False,,,,,,,,
brasileirao_serie_a_2026,2026-05-24,17,Cruzeiro,Chapecoense,2,1,90,,injuryTime,,,,,,,,8,,
brasileirao_serie_a_2026,2026-05-24,17,Cruzeiro,Chapecoense,2,1,81,,substitution,,False,,,J. Carlos,V. Eduardo,,,,
brasileirao_serie_a_2026,2026-05-24,17,Cruzeiro,Chapecoense,2,1,79,,goal,J. Paulo,False,,,,,,,2,1
brasileirao_serie_a_2026,2026-05-24,17,Cruzeiro,Chapecoense,2,1,78,,substitution,,True,,,B. Rodrigues,L. Sinisterra,,,,
brasileirao_serie_a_2026,2026-05-24,17,Cruzeiro,Chapecoense,2,1,73,,goal,L. Sinisterra,True,,,,,,,2,0
brasileirao_serie_a_2026,2026-05-24,17,Cruzeiro,Chapecoense,2,1,71,,card,V. Eduardo,False,yellow,Persistent fouling,,,,,,
brasileirao_serie_a_2026,2026-05-24,17,Cruzeiro,Chapecoense,2,1,66,,substitution,,False,,,H. Meritão,V. Balieiro,,,,
brasileirao_serie_a_2026,2026-05-24,17,Cruzeiro,Chapecoense,2,1,66,,substitution,,False,,,M. Vinícius,Everton,,,,
brasileirao_serie_a_2026,2026-05-24,17,Cruzeiro,Chapecoense,2,1,64,,substitution,,True,,,Christian,K. Kenji,,,,
brasileirao_serie_a_2026,2026-05-24,17,Cruzeiro,Chapecoense,2,1,48,,card,K. Kenji,True,yellow,Foul,,,,,,
brasileirao_serie_a_2026,2026-05-24,17,Cruzeiro,Chapecoense,2,1,46,,substitution,,False,,,Maurício Garcez,Marcinho,,,,
brasileirao_serie_a_2026,2026-05-24,17,Cruzeiro,Chapecoense,2,1,45,,period,,,,,,,HT,,1,0
brasileirao_serie_a_2026,2026-05-24,17,Cruzeiro,Chapecoense,2,1,45,,injuryTime,,,,,,,,4,,
brasileirao_serie_a_2026,2026-05-24,17,Cruzeiro,Chapecoense,2,1,41,,card,R. Carvalheira,False,yellow,Argument,,,,,,
brasileirao_serie_a_2026,2026-05-24,17,Cruzeiro,Chapecoense,2,1,39,,substitution,,False,,,V. Eduardo,E. Doma,,,,
brasileirao_serie_a_2026,2026-05-24,17,Cruzeiro,Chapecoense,2,1,34,,varDecision,L. Sinisterra,True,,,,,,,,
brasileirao_serie_a_2026,2026-05-24,17,Cruzeiro,Chapecoense,2,1,27,,goal,K. Jorge,True,,,,,,,1,0
brasileirao_serie_a_2026,2026-05-24,17,Cruzeiro,Chapecoense,2,1,0,,card,E. Doma,False,yellow,Argument,,,,,,
brasileirao_serie_a_2026,2026-05-24,17,Flamengo,Palmeiras,0,3,90,,period,,,,,,,FT,,0,3
brasileirao_serie_a_2026,2026-05-24,17,Flamengo,Palmeiras,0,3,90,10,card,L. Pereira,True,yellow,,,,,,,
brasileirao_serie_a_2026,2026-05-24,17,Flamengo,Palmeiras,0,3,90,10,card,Wallace,True,yellow,,,,,,,
brasileirao_serie_a_2026,2026-05-24,17,Flamengo,Palmeiras,0,3,90,8,card,Paulinho,False,yellow,,,,,,,
brasileirao_serie_a_2026,2026-05-24,17,Flamengo,Palmeiras,0,3,90,5,goal,Paulinho,False,,,,,,,0,3
brasileirao_serie_a_2026,2026-05-24,17,Flamengo,Palmeiras,0,3,90,2,card,N. De la Cruz,True,yellow,,,,,,,
brasileirao_serie_a_2026,2026-05-24,17,Flamengo,Palmeiras,0,3,90,1,substitution,,False,,,L. Evangelista,J. López,,,,
brasileirao_serie_a_2026,2026-05-24,17,Flamengo,Palmeiras,0,3,90,,injuryTime,,,,,,,,5,,
brasileirao_serie_a_2026,2026-05-24,17,Flamengo,Palmeiras,0,3,87,,card,A. Giay,False,yellow,,,,,,,
brasileirao_serie_a_2026,2026-05-24,17,Flamengo,Palmeiras,0,3,87,,substitution,,True,,,Wallace,Pedro,,,,
brasileirao_serie_a_2026,2026-05-24,17,Flamengo,Palmeiras,0,3,87,,substitution,,True,,,S. Ñíguez,Jorginho,,,,
brasileirao_serie_a_2026,2026-05-24,17,Flamengo,Palmeiras,0,3,81,,substitution,,False,,,Jefté,A. Gabriel,,,,
brasileirao_serie_a_2026,2026-05-24,17,Flamengo,Palmeiras,0,3,81,,substitution,,False,,,Paulinho,Allan,,,,
brasileirao_serie_a_2026,2026-05-24,17,Flamengo,Palmeiras,0,3,81,,substitution,,True,,,N. De la Cruz,L. Paquetá,,,,
brasileirao_serie_a_2026,2026-05-24,17,Flamengo,Palmeiras,0,3,75,,substitution,,False,,,Mauricio,A. Pereira,,,,
brasileirao_serie_a_2026,2026-05-24,17,Flamengo,Palmeiras,0,3,75,,substitution,,False,,,F. Anderson,J. Arias,,,,
brasileirao_serie_a_2026,2026-05-24,17,Flamengo,Palmeiras,0,3,72,,card,C. Miguel,False,yellow,,,,,,,
brasileirao_serie_a_2026,2026-05-24,17,Flamengo,Palmeiras,0,3,68,,substitution,,True,,,G. Plata,S. Lino,,,,
brasileirao_serie_a_2026,2026-05-24,17,Flamengo,Palmeiras,0,3,65,,card,B. Henrique,True,yellow,,,,,,,
brasileirao_serie_a_2026,2026-05-24,17,Flamengo,Palmeiras,0,3,61,,card,J. Arias,False,yellow,,,,,,,
brasileirao_serie_a_2026,2026-05-24,17,Flamengo,Palmeiras,0,3,57,,goal,Allan,False,,,,,,,0,2
brasileirao_serie_a_2026,2026-05-24,17,Flamengo,Palmeiras,0,3,46,,substitution,,True,,,B. Henrique,E. Araujo,,,,
brasileirao_serie_a_2026,2026-05-24,17,Flamengo,Palmeiras,0,3,45,,period,,,,,,,HT,,0,1
brasileirao_serie_a_2026,2026-05-24,17,Flamengo,Palmeiras,0,3,45,,injuryTime,,,,,,,,4,,
brasileirao_serie_a_2026,2026-05-24,17,Flamengo,Palmeiras,0,3,40,,card,J. López,False,yellow,,,,,,,
brasileirao_serie_a_2026,2026-05-24,17,Flamengo,Palmeiras,0,3,38,,goal,J. López,False,,,,,,,0,1
brasileirao_serie_a_2026,2026-05-24,17,Flamengo,Palmeiras,0,3,32,,card,A. Pereira,False,yellow,,,,,,,
brasileirao_serie_a_2026,2026-05-24,17,Flamengo,Palmeiras,0,3,29,,card,L. Paquetá,True,yellow,,,,,,,
brasileirao_serie_a_2026,2026-05-24,17,Flamengo,Palmeiras,0,3,21,,card,J. Carrascal,True,red,,,,,,,
brasileirao_serie_a_2026,2026-05-23,17,Mirassol,Fluminense,1,0,90,,period,,,,,,,FT,,1,0
brasileirao_serie_a_2026,2026-05-23,17,Mirassol,Fluminense,1,0,90,7,card,J. Freytes,False,yellow,Argument,,,,,,
brasileirao_serie_a_2026,2026-05-23,17,Mirassol,Fluminense,1,0,90,,injuryTime,,,,,,,,6,,
brasileirao_serie_a_2026,2026-05-23,17,Mirassol,Fluminense,1,0,88,,substitution,,True,,,L. Oliveira,E. Carioca,,,,
brasileirao_serie_a_2026,2026-05-23,17,Mirassol,Fluminense,1,0,88,,substitution,,True,,,V. Luis,Reinaldo,,,,
brasileirao_serie_a_2026,2026-05-23,17,Mirassol,Fluminense,1,0,81,,card,Reinaldo,True,yellow,Time wasting,,,,,,
brasileirao_serie_a_2026,2026-05-23,17,Mirassol,Fluminense,1,0,76,,substitution,,False,,,W. Natã,John Kennedy,,,,
brasileirao_serie_a_2026,2026-05-23,17,Mirassol,Fluminense,1,0,76,,substitution,,False,,,G. Arana,Renê,,,,
brasileirao_serie_a_2026,2026-05-23,17,Mirassol,Fluminense,1,0,71,,substitution,,True,,,Eduardo,C. Eduardo,,,,
brasileirao_serie_a_2026,2026-05-23,17,Mirassol,Fluminense,1,0,71,,substitution,,True,,,Nathan Fogaça,Alesson,,,,
brasileirao_serie_a_2026,2026-05-23,17,Mirassol,Fluminense,1,0,68,,substitution,,False,,,R. Felipe,Y. Soteldo,,,,
brasileirao_serie_a_2026,2026-05-23,17,Mirassol,Fluminense,1,0,60,,substitution,,False,,,Hércules,Nonato,,,,
brasileirao_serie_a_2026,2026-05-23,17,Mirassol,Fluminense,1,0,60,,substitution,,False,,,G. Cano,L. Acosta,,,,
brasileirao_serie_a_2026,2026-05-23,17,Mirassol,Fluminense,1,0,57,,substitution,,True,,,Chico,Denilson,,,,
brasileirao_serie_a_2026,2026-05-23,17,Mirassol,Fluminense,1,0,45,,period,,,,,,,HT,,1,0
brasileirao_serie_a_2026,2026-05-23,17,Mirassol,Fluminense,1,0,45,4,varDecision,S. Xavier,False,,,,,,,,
brasileirao_serie_a_2026,2026-05-23,17,Mirassol,Fluminense,1,0,45,,injuryTime,,,,,,,,4,,
brasileirao_serie_a_2026,2026-05-23,17,Mirassol,Fluminense,1,0,38,,card,Nonato,False,yellow,Argument,,,,,,
brasileirao_serie_a_2026,2026-05-23,17,Mirassol,Fluminense,1,0,36,,goal,Denilson,True,,,,,,,1,0
brasileirao_serie_a_2026,2026-05-23,17,Mirassol,Fluminense,1,0,35,,card,Denilson,True,yellow,Foul,,,,,,
brasileirao_serie_a_2026,2026-05-23,17,Mirassol,Fluminense,1,0,33,,card,L. Acosta,False,yellow,Foul,,,,,,
brasileirao_serie_a_2026,2026-05-23,17,Mirassol,Fluminense,1,0,7,,card,Alesson,True,yellow,Foul,,,,,,
brasileirao_serie_a_2026,2026-05-23,17,Mirassol,Fluminense,1,0,0,,card,L. Zubeldia,False,yellow,Argument,,,,,,
brasileirao_serie_a_2026,2026-05-23,17,Grêmio,Santos,3,2,90,,period,,,,,,,Second half,,3,2
brasileirao_serie_a_2026,2026-05-23,17,Grêmio,Santos,3,2,90,2,substitution,,False,,,Davizinho,I. Vinícius,,,,
brasileirao_serie_a_2026,2026-05-23,17,Grêmio,Santos,3,2,90,,substitution,,True,,,M. Rocha,C. Pavón,,,,
brasileirao_serie_a_2026,2026-05-23,17,Grêmio,Santos,3,2,90,,injuryTime,,,,,,,,5,,
brasileirao_serie_a_2026,2026-05-23,17,Grêmio,Santos,3,2,88,,substitution,,False,,,Moisés,G. Barbosa,,,,
brasileirao_serie_a_2026,2026-05-23,17,Grêmio,Santos,3,2,88,,substitution,,False,,,S. Mendes,Miguelito,,,,
brasileirao_serie_a_2026,2026-05-23,17,Grêmio,Santos,3,2,84,,card,G. H. Pereira,False,yellowRed,,,,,,,
brasileirao_serie_a_2026,2026-05-23,17,Grêmio,Santos,3,2,83,,substitution,,True,,,W. Leonardo,C. Vinícius,,,,
brasileirao_serie_a_2026,2026-05-23,17,Grêmio,Santos,3,2,82,,substitution,,False,,,Robinho Jr,Rony,,,,
brasileirao_serie_a_2026,2026-05-23,17,Grêmio,Santos,3,2,82,,substitution,,False,,,L. Díaz,Willian Arão,,,,
brasileirao_serie_a_2026,2026-05-23,17,Grêmio,Santos,3,2,63,,goal,Tetê,True,,,,,,,3,2
brasileirao_serie_a_2026,2026-05-23,17,Grêmio,Santos,3,2,59,,goal,C. Vinícius,True,,,,,,,2,2
brasileirao_serie_a_2026,2026-05-23,17,Grêmio,Santos,3,2,56,,substitution,,True,,,Tetê,J. Enamorado,,,,
brasileirao_serie_a_2026,2026-05-23,17,Grêmio,Santos,3,2,55,,goal,G. Barbosa,False,,,,,,,1,2
brasileirao_serie_a_2026,2026-05-23,17,Grêmio,Santos,3,2,46,,substitution,,True,,,Arthur,E. Noriega,,,,
brasileirao_serie_a_2026,2026-05-23,17,Grêmio,Santos,3,2,45,,period,,,,,,,HT,,1,1
brasileirao_serie_a_2026,2026-05-23,17,Grêmio,Santos,3,2,45,,card,G. H. Pereira,False,yellow,,,,,,,
brasileirao_serie_a_2026,2026-05-23,17,Grêmio,Santos,3,2,45,,injuryTime,,,,,,,,4,,
brasileirao_serie_a_2026,2026-05-23,17,Grêmio,Santos,3,2,40,,goal,C. Vinícius,True,,,,,,,1,1
brasileirao_serie_a_2026,2026-05-23,17,Grêmio,Santos,3,2,32,,goal,G. Barbosa,False,,,,,,,0,1
brasileirao_serie_a_2026,2026-05-23,17,Grêmio,Santos,3,2,29,,card,C. Pavón,True,yellow,,,,,,,
brasileirao_serie_a_2026,2026-05-23,17,Grêmio,Santos,3,2,9,,card,I. Vinícius,False,yellow,,,,,,,
brasileirao_serie_a_2026,2026-05-23,17,Vitória,Internacional,2,0,90,,period,,,,,,,Second half,,2,0
brasileirao_serie_a_2026,2026-05-23,17,Vitória,Internacional,2,0,90,7,goal,D. Tarzia,True,,,,,,,2,0
brasileirao_serie_a_2026,2026-05-23,17,Vitória,Internacional,2,0,90,1,card,Cacá,True,yellow,,,,,,,
brasileirao_serie_a_2026,2026-05-23,17,Vitória,Internacional,2,0,90,,injuryTime,,,,,,,,7,,
brasileirao_serie_a_2026,2026-05-23,17,Vitória,Internacional,2,0,89,,card,A. Bernabei,False,yellowRed,,,,,,,
brasileirao_serie_a_2026,2026-05-23,17,Vitória,Internacional,2,0,80,,substitution,,True,,,Marinho,Erick,,,,
brasileirao_serie_a_2026,2026-05-23,17,Vitória,Internacional,2,0,78,,substitution,,False,,,A. Patrick,B. Gomes,,,,
brasileirao_serie_a_2026,2026-05-23,17,Vitória,Internacional,2,0,78,,substitution,,False,,,Allex,R. Borré,,,,
brasileirao_serie_a_2026,2026-05-23,17,Vitória,Internacional,2,0,78,,substitution,,False,,,T. Maia,B. Henrique,,,,
brasileirao_serie_a_2026,2026-05-23,17,Vitória,Internacional,2,0,75,,substitution,,True,,,R. Kayzer,Renê,,,,
brasileirao_serie_a_2026,2026-05-23,17,Vitória,Internacional,2,0,71,,substitution,,True,,,D. Tarzia,Matheuzinho,,,,
brasileirao_serie_a_2026,2026-05-23,17,Vitória,Internacional,2,0,71,,substitution,,True,,,J. Breno,Jamerson,,,,
brasileirao_serie_a_2026,2026-05-23,17,Vitória,Internacional,2,0,67,,substitution,,False,,,V. Gabriel,J. Juninho,,,,
brasileirao_serie_a_2026,2026-05-23,17,Vitória,Internacional,2,0,64,,substitution,,False,,,B. Tabata,M. Bahia,,,,
brasileirao_serie_a_2026,2026-05-23,17,Vitória,Internacional,2,0,46,,substitution,,True,,,Edenílson,Caique,,,,
brasileirao_serie_a_2026,2026-05-23,17,Vitória,Internacional,2,0,45,,period,,,,,,,HT,,1,0
brasileirao_serie_a_2026,2026-05-23,17,Vitória,Internacional,2,0,45,3,card,A. Bernabei,False,yellow,,,,,,,
brasileirao_serie_a_2026,2026-05-23,17,Vitória,Internacional,2,0,45,,injuryTime,,,,,,,,5,,
brasileirao_serie_a_2026,2026-05-23,17,Vitória,Internacional,2,0,38,,card,B. Gomes,False,yellow,,,,,,,
brasileirao_serie_a_2026,2026-05-23,17,Vitória,Internacional,2,0,35,,card,Caique,True,yellow,,,,,,,
brasileirao_serie_a_2026,2026-05-23,17,Vitória,Internacional,2,0,29,,goal,Renê,True,,,,,,,1,0
brasileirao_serie_a_2026,2026-05-23,17,São Paulo,Botafogo,1,1,90,,period,,,,,,,Second half,,1,1
brasileirao_serie_a_2026,2026-05-23,17,São Paulo,Botafogo,1,1,90,2,card,C. Ramos,False,yellow,,,,,,,
brasileirao_serie_a_2026,2026-05-23,17,São Paulo,Botafogo,1,1,90,,goal,J. Barrera,False,,,,,,,1,1
brasileirao_serie_a_2026,2026-05-23,17,São Paulo,Botafogo,1,1,89,,card,G. Tapia,True,yellow,,,,,,,
brasileirao_serie_a_2026,2026-05-23,17,São Paulo,Botafogo,1,1,87,,substitution,,False,,,C. Ramos,G. Justino,,,,
brasileirao_serie_a_2026,2026-05-23,17,São Paulo,Botafogo,1,1,85,,card,Rafael,True,yellow,,,,,,,
brasileirao_serie_a_2026,2026-05-23,17,São Paulo,Botafogo,1,1,84,,card,J. Correa,False,yellow,,,,,,,
brasileirao_serie_a_2026,2026-05-23,17,São Paulo,Botafogo,1,1,80,,card,Wendell,True,yellow,,,,,,,
brasileirao_serie_a_2026,2026-05-23,17,São Paulo,Botafogo,1,1,76,,substitution,,False,,,J. Correa,Huguinho,,,,
brasileirao_serie_a_2026,2026-05-23,17,São Paulo,Botafogo,1,1,75,,substitution,,True,,,D. Ferreira,P. Ferreira,,,,
brasileirao_serie_a_2026,2026-05-23,17,São Paulo,Botafogo,1,1,75,,substitution,,True,,,G. Tapia,Ferreira,,,,
brasileirao_serie_a_2026,2026-05-23,17,São Paulo,Botafogo,1,1,65,,substitution,,False,,,J. Barrera,K. Toledo,,,,
brasileirao_serie_a_2026,2026-05-23,17,São Paulo,Botafogo,1,1,65,,substitution,,False,,,Edenilson,Á. Montoro,,,,
brasileirao_serie_a_2026,2026-05-23,17,São Paulo,Botafogo,1,1,61,,card,Á. Montoro,False,yellow,,,,,,,
brasileirao_serie_a_2026,2026-05-23,17,São Paulo,Botafogo,1,1,46,,substitution,,False,,,K. Barría,L. Villalba,,,,
brasileirao_serie_a_2026,2026-05-23,17,São Paulo,Botafogo,1,1,45,,period,,,,,,,HT,,1,0
brasileirao_serie_a_2026,2026-05-23,17,São Paulo,Botafogo,1,1,45,,injuryTime,,,,,,,,3,,
brasileirao_serie_a_2026,2026-05-23,17,São Paulo,Botafogo,1,1,44,,substitution,,True,,,L. Osorio,Sabino,,,,
brasileirao_serie_a_2026,2026-05-23,17,São Paulo,Botafogo,1,1,30,,substitution,,True,,,P. Ferreira,Luciano,,,,
brasileirao_serie_a_2026,2026-05-23,17,São Paulo,Botafogo,1,1,27,,card,G. Justino,False,yellow,,,,,,,
brasileirao_serie_a_2026,2026-05-23,17,São Paulo,Botafogo,1,1,27,,card,Luciano,True,yellow,,,,,,,
brasileirao_serie_a_2026,2026-05-23,17,São Paulo,Botafogo,1,1,4,,goal,Luciano,True,,,,,,,1,0
brasileirao_serie_a_2026,2026-05-17,16,Athletico,Flamengo,1,1,90,,period,,,,,,,FT,,1,1
brasileirao_serie_a_2026,2026-05-17,16,Athletico,Flamengo,1,1,90,5,substitution,,True,,,R. P. Nepomuceno,Felipinho,,,,
brasileirao_serie_a_2026,2026-05-17,16,Athletico,Flamengo,1,1,90,3,substitution,,False,,,Vitão,Pedro,,,,
brasileirao_serie_a_2026,2026-05-17,16,Athletico,Flamengo,1,1,90,3,substitution,,False,,,A. Lucas,J. Carrascal,,,,
brasileirao_serie_a_2026,2026-05-17,16,Athletico,Flamengo,1,1,90,2,card,Danilo,False,yellowRed,Foul,,,,,,
brasileirao_serie_a_2026,2026-05-17,16,Athletico,Flamengo,1,1,90,,injuryTime,,,,,,,,5,,
brasileirao_serie_a_2026,2026-05-17,16,Athletico,Flamengo,1,1,84,,goal,Pedro,False,,,,,,,1,1
brasileirao_serie_a_2026,2026-05-17,16,Athletico,Flamengo,1,1,82,,substitution,,False,,,E. Royal,L. Ortiz,,,,
brasileirao_serie_a_2026,2026-05-17,16,Athletico,Flamengo,1,1,70,,card,Danilo,False,yellow,Foul,,,,,,
brasileirao_serie_a_2026,2026-05-17,16,Athletico,Flamengo,1,1,65,,substitution,,True,,,G. Junior,L. Esquivel,,,,
brasileirao_serie_a_2026,2026-05-17,16,Athletico,Flamengo,1,1,65,,substitution,,True,,,J. Cruz,Bruno Zapelli,,,,
brasileirao_serie_a_2026,2026-05-17,16,Athletico,Flamengo,1,1,59,,substitution,,False,,,Everton,S. Lino,,,,
brasileirao_serie_a_2026,2026-05-17,16,Athletico,Flamengo,1,1,59,,substitution,,False,,,B. Henrique,S. Ñíguez,,,,
brasileirao_serie_a_2026,2026-05-17,16,Athletico,Flamengo,1,1,56,,card,Jádson,True,yellow,Foul,,,,,,
brasileirao_serie_a_2026,2026-05-17,16,Athletico,Flamengo,1,1,45,,period,,,,,,,HT,,1,0
brasileirao_serie_a_2026,2026-05-17,16,Athletico,Flamengo,1,1,45,,injuryTime,,,,,,,,7,,
brasileirao_serie_a_2026,2026-05-17,16,Athletico,Flamengo,1,1,40,,card,Felipinho,True,yellow,Foul,,,,,,
brasileirao_serie_a_2026,2026-05-17,16,Athletico,Flamengo,1,1,28,,substitution,,True,,,Claudinho,Leonardo Derik,,,,
brasileirao_serie_a_2026,2026-05-17,16,Athletico,Flamengo,1,1,25,,card,J. Carrascal,False,yellow,Foul,,,,,,
brasileirao_serie_a_2026,2026-05-17,16,Athletico,Flamengo,1,1,11,,goal,S. Mendoza,True,,,,,,,1,0
brasileirao_serie_a_2026,2026-05-17,16,Athletico,Flamengo,1,1,0,,card,O. Hellmann,True,yellow,Argument,,,,,,
brasileirao_serie_a_2026,2026-05-17,16,Red Bull Bragantino,Vitória,2,0,90,,period,,,,,,,FT,,2,0
brasileirao_serie_a_2026,2026-05-17,16,Red Bull Bragantino,Vitória,2,0,90,10,goal,L. Barbosa,True,,,,,,,2,0
brasileirao_serie_a_2026,2026-05-17,16,Red Bull Bragantino,Vitória,2,0,90,,injuryTime,,,,,,,,8,,
brasileirao_serie_a_2026,2026-05-17,16,Red Bull Bragantino,Vitória,2,0,84,,substitution,,False,,,F. Santos,Matheuzinho,,,,
brasileirao_serie_a_2026,2026-05-17,16,Red Bull Bragantino,Vitória,2,0,84,,substitution,,False,,,R. López,Renê,,,,
brasileirao_serie_a_2026,2026-05-17,16,Red Bull Bragantino,Vitória,2,0,82,,substitution,,True,,,Rodriguinho,I. Pitta,,,,
brasileirao_serie_a_2026,2026-05-17,16,Red Bull Bragantino,Vitória,2,0,82,,substitution,,True,,,A. Vinicius,G. Girotto,,,,
brasileirao_serie_a_2026,2026-05-17,16,Red Bull Bragantino,Vitória,2,0,77,,substitution,,True,,,E. Ramires,G. Neves,,,,
brasileirao_serie_a_2026,2026-05-17,16,Red Bull Bragantino,Vitória,2,0,75,,substitution,,False,,,L. Silva,Z. Vitor,,,,
brasileirao_serie_a_2026,2026-05-17,16,Red Bull Bragantino,Vitória,2,0,72,,card,Z. Vitor,False,yellow,Argument,,,,,,
brasileirao_serie_a_2026,2026-05-17,16,Red Bull Bragantino,Vitória,2,0,71,,substitution,,True,,,Fernando,J. Herrera,,,,
brasileirao_serie_a_2026,2026-05-17,16,Red Bull Bragantino,Vitória,2,0,70,,substitution,,True,,,E. Sasha,H. Mosquera,,,,
brasileirao_serie_a_2026,2026-05-17,16,Red Bull Bragantino,Vitória,2,0,65,,card,A. Sant Anna,True,yellow,Foul,,,,,,
brasileirao_serie_a_2026,2026-05-17,16,Red Bull Bragantino,Vitória,2,0,62,,substitution,,False,,,D. Tarzia,Erick,,,,
brasileirao_serie_a_2026,2026-05-17,16,Red Bull Bragantino,Vitória,2,0,46,,card,P. Henrique,True,yellow,Foul,,,,,,
brasileirao_serie_a_2026,2026-05-17,16,Red Bull Bragantino,Vitória,2,0,46,,substitution,,False,,,Claudinho,Edenílson,,,,
brasileirao_serie_a_2026,2026-05-17,16,Red Bull Bragantino,Vitória,2,0,45,,period,,,,,,,HT,,1,0
brasileirao_serie_a_2026,2026-05-17,16,Red Bull Bragantino,Vitória,2,0,45,2,card,J. Capixaba,True,yellow,Foul,,,,,,
brasileirao_serie_a_2026,2026-05-17,16,Red Bull Bragantino,Vitória,2,0,45,,injuryTime,,,,,,,,7,,
brasileirao_serie_a_2026,2026-05-17,16,Red Bull Bragantino,Vitória,2,0,41,,goal,T. Volpi,True,,,,,,,1,0
brasileirao_serie_a_2026,2026-05-17,16,Red Bull Bragantino,Vitória,2,0,37,,varDecision,P. Henrique,True,,,,,,,,
brasileirao_serie_a_2026,2026-05-17,16,Red Bull Bragantino,Vitória,2,0,23,,card,H. Mosquera,True,yellow,Foul,,,,,,
brasileirao_serie_a_2026,2026-05-17,16,Red Bull Bragantino,Vitória,2,0,15,,card,Jamerson,False,yellow,Foul,,,,,,
brasileirao_serie_a_2026,2026-05-17,16,Red Bull Bragantino,Vitória,2,0,0,,card,J. Ventura,False,yellow,Argument,,,,,,
brasileirao_serie_a_2026,2026-05-17,16,Chapecoense,Remo,2,3,90,,period,,,,,,,Second half,,2,3
brasileirao_serie_a_2026,2026-05-17,16,Chapecoense,Remo,2,3,90,2,card,J. Paulo,True,yellow,,,,,,,
brasileirao_serie_a_2026,2026-05-17,16,Chapecoense,Remo,2,3,90,,injuryTime,,,,,,,,5,,
brasileirao_serie_a_2026,2026-05-17,16,Chapecoense,Remo,2,3,87,,goal,B. Leonardo,False,,,,,,,2,3
brasileirao_serie_a_2026,2026-05-17,16,Chapecoense,Remo,2,3,85,,substitution,,False,,,Diego Hernández,Jajá,,,,
brasileirao_serie_a_2026,2026-05-17,16,Chapecoense,Remo,2,3,85,,substitution,,False,,,G. Poveda,A. Manga,,,,
brasileirao_serie_a_2026,2026-05-17,16,Chapecoense,Remo,2,3,84,,substitution,,True,,,J. Vitor,M. Vinícius,,,,
brasileirao_serie_a_2026,2026-05-17,16,Chapecoense,Remo,2,3,84,,substitution,,True,,,R. Tadeu,N. Pessoa,,,,
brasileirao_serie_a_2026,2026-05-17,16,Chapecoense,Remo,2,3,76,,substitution,,False,,,M. Alexandre,Y. Pikachu,,,,
brasileirao_serie_a_2026,2026-05-17,16,Chapecoense,Remo,2,3,74,,substitution,,True,,,Maurício Garcez,E. Doma,,,,
brasileirao_serie_a_2026,2026-05-17,16,Chapecoense,Remo,2,3,74,,substitution,,True,,,J. Carlos,Ênio,,,,
brasileirao_serie_a_2026,2026-05-17,16,Chapecoense,Remo,2,3,69,,card,Marcelinho,False,yellow,,,,,,,
brasileirao_serie_a_2026,2026-05-17,16,Chapecoense,Remo,2,3,65,,card,Camilo,True,yellow,,,,,,,
brasileirao_serie_a_2026,2026-05-17,16,Chapecoense,Remo,2,3,63,,substitution,,True,,,Italo,Marcinho,,,,
brasileirao_serie_a_2026,2026-05-17,16,Chapecoense,Remo,2,3,59,,substitution,,False,,,D. Braga,Patrick,,,,
brasileirao_serie_a_2026,2026-05-17,16,Chapecoense,Remo,2,3,59,,substitution,,False,,,L. Picco,V. Bueno,,,,
brasileirao_serie_a_2026,2026-05-17,16,Chapecoense,Remo,2,3,51,,goal,Jajá,False,,,,,,,2,2
brasileirao_serie_a_2026,2026-05-17,16,Chapecoense,Remo,2,3,47,,goal,R. Carvalheira,True,,,,,,,2,1
brasileirao_serie_a_2026,2026-05-17,16,Chapecoense,Remo,2,3,45,,period,,,,,,,HT,,1,1
brasileirao_serie_a_2026,2026-05-17,16,Chapecoense,Remo,2,3,45,,injuryTime,,,,,,,,2,,
brasileirao_serie_a_2026,2026-05-17,16,Chapecoense,Remo,2,3,24,,goal,N. Pessoa,True,,,,,,,1,1
brasileirao_serie_a_2026,2026-05-17,16,Chapecoense,Remo,2,3,16,,goal,Y. Pikachu,False,,,,,,,0,1
brasileirao_serie_a_2026,2026-05-17,16,Botafogo,Corinthians,3,1,90,,period,,,,,,,Second half,,3,1
brasileirao_serie_a_2026,2026-05-17,16,Botafogo,Corinthians,3,1,90,1,card,A. Telles,True,yellow,,,,,,,
brasileirao_serie_a_2026,2026-05-17,16,Botafogo,Corinthians,3,1,90,,injuryTime,,,,,,,,7,,
brasileirao_serie_a_2026,2026-05-17,16,Botafogo,Corinthians,3,1,81,,card,A. Barboza,True,yellow,,,,,,,
brasileirao_serie_a_2026,2026-05-17,16,Botafogo,Corinthians,3,1,80,,substitution,,True,,,G. Justino,C. Medina,,,,
brasileirao_serie_a_2026,2026-05-17,16,Botafogo,Corinthians,3,1,80,,substitution,,True,,,S. Rodríguez,Á. Montoro,,,,
brasileirao_serie_a_2026,2026-05-17,16,Botafogo,Corinthians,3,1,77,,substitution,,False,,,Dieguinho,A. Carrillo,,,,
brasileirao_serie_a_2026,2026-05-17,16,Botafogo,Corinthians,3,1,77,,substitution,,False,,,P. Raul,R. Garro,,,,
brasileirao_serie_a_2026,2026-05-17,16,Botafogo,Corinthians,3,1,76,,substitution,,False,,,Allan,B. Bidon,,,,
brasileirao_serie_a_2026,2026-05-17,16,Botafogo,Corinthians,3,1,73,,substitution,,True,,,Edenilson,L. Villalba,,,,
brasileirao_serie_a_2026,2026-05-17,16,Botafogo,Corinthians,3,1,73,,card,L. Villalba,True,yellow,,,,,,,
brasileirao_serie_a_2026,2026-05-17,16,Botafogo,Corinthians,3,1,71,,card,A. Cabral,True,yellow,,,,,,,
brasileirao_serie_a_2026,2026-05-17,16,Botafogo,Corinthians,3,1,70,,goal,A. Cabral,True,,,,,,,3,1
brasileirao_serie_a_2026,2026-05-17,16,Botafogo,Corinthians,3,1,66,,substitution,,True,,,Vitinho,M. Ponte,,,,
brasileirao_serie_a_2026,2026-05-17,16,Botafogo,Corinthians,3,1,63,,substitution,,False,,,A. Luiz,Raniele,,,,
brasileirao_serie_a_2026,2026-05-17,16,Botafogo,Corinthians,3,1,46,,substitution,,False,,,Kaio César,J. Lingard,,,,
brasileirao_serie_a_2026,2026-05-17,16,Botafogo,Corinthians,3,1,46,,substitution,,True,,,K. Toledo,K. Barría,,,,
brasileirao_serie_a_2026,2026-05-17,16,Botafogo,Corinthians,3,1,45,,period,,,,,,,HT,,2,1
brasileirao_serie_a_2026,2026-05-17,16,Botafogo,Corinthians,3,1,45,6,card,J. Lingard,False,yellow,,,,,,,
brasileirao_serie_a_2026,2026-05-17,16,Botafogo,Corinthians,3,1,45,,injuryTime,,,,,,,,6,,
brasileirao_serie_a_2026,2026-05-17,16,Botafogo,Corinthians,3,1,39,,card,C. Medina,True,yellow,,,,,,,
brasileirao_serie_a_2026,2026-05-17,16,Botafogo,Corinthians,3,1,32,,goal,A. Cabral,True,,,,,,,2,1
brasileirao_serie_a_2026,2026-05-17,16,Botafogo,Corinthians,3,1,26,,varDecision,N. Ferraresi,True,,,,,,,,
brasileirao_serie_a_2026,2026-05-17,16,Botafogo,Corinthians,3,1,20,,card,M. Ponte,True,yellow,,,,,,,
brasileirao_serie_a_2026,2026-05-17,16,Botafogo,Corinthians,3,1,11,,goal,R. Garro,False,,,,,,,1,1
brasileirao_serie_a_2026,2026-05-17,16,Botafogo,Corinthians,3,1,7,,goal,A. Cabral,True,,,,,,,1,0
brasileirao_serie_a_2026,2026-05-17,16,Bahia,Grêmio,1,1,90,,period,,,,,,,FT,,1,1
brasileirao_serie_a_2026,2026-05-17,16,Bahia,Grêmio,1,1,90,1,card,R. Nestor,True,yellow,Argument,,,,,,
brasileirao_serie_a_2026,2026-05-17,16,Bahia,Grêmio,1,1,90,,card,G. Mec,False,yellow,Argument,,,,,,
brasileirao_serie_a_2026,2026-05-17,16,Bahia,Grêmio,1,1,90,,injuryTime,,,,,,,,6,,
brasileirao_serie_a_2026,2026-05-17,16,Bahia,Grêmio,1,1,84,,substitution,,True,,,C. Suassuna,Gilberto,,,,
brasileirao_serie_a_2026,2026-05-17,16,Bahia,Grêmio,1,1,80,,card,V. Ramon,False,yellow,Foul,,,,,,
brasileirao_serie_a_2026,2026-05-17,16,Bahia,Grêmio,1,1,79,,card,Erick,True,yellow,Foul,,,,,,
brasileirao_serie_a_2026,2026-05-17,16,Bahia,Grêmio,1,1,78,,substitution,,False,,,Zortéa,E. Noriega,,,,
brasileirao_serie_a_2026,2026-05-17,16,Bahia,Grêmio,1,1,74,,card,N. Acevedo,True,yellow,Argument,,,,,,
brasileirao_serie_a_2026,2026-05-17,16,Bahia,Grêmio,1,1,72,,goal,M. Sanabria,True,,,,,,,1,1
brasileirao_serie_a_2026,2026-05-17,16,Bahia,Grêmio,1,1,67,,substitution,,True,,,Everaldo,W. José,,,,
brasileirao_serie_a_2026,2026-05-17,16,Bahia,Grêmio,1,1,67,,substitution,,True,,,R. Nestor,E. Ribeiro,,,,
brasileirao_serie_a_2026,2026-05-17,16,Bahia,Grêmio,1,1,65,,card,P. Gabriel,False,yellow,Foul,,,,,,
brasileirao_serie_a_2026,2026-05-17,16,Bahia,Grêmio,1,1,62,,goal,Viery,False,,,,,,,0,1
brasileirao_serie_a_2026,2026-05-17,16,Bahia,Grêmio,1,1,60,,substitution,,True,,,M. Sanabria,Ademir,,,,
brasileirao_serie_a_2026,2026-05-17,16,Bahia,Grêmio,1,1,60,,substitution,,True,,,I. Borduchi,L. Juba,,,,
brasileirao_serie_a_2026,2026-05-17,16,Bahia,Grêmio,1,1,60,,substitution,,False,,,M. Braithwaite,C. Vinícius,,,,
brasileirao_serie_a_2026,2026-05-17,16,Bahia,Grêmio,1,1,60,,substitution,,False,,,F. Amuzu,J. Enamorado,,,,
brasileirao_serie_a_2026,2026-05-17,16,Bahia,Grêmio,1,1,59,,substitution,,False,,,V. Ramon,M. Rocha,,,,
brasileirao_serie_a_2026,2026-05-17,16,Bahia,Grêmio,1,1,57,,card,Kanu,True,yellow,Foul,,,,,,
brasileirao_serie_a_2026,2026-05-17,16,Bahia,Grêmio,1,1,46,,substitution,,False,,,G. Mec,Willian,,,,
brasileirao_serie_a_2026,2026-05-17,16,Bahia,Grêmio,1,1,45,,period,,,,,,,HT,,0,0
brasileirao_serie_a_2026,2026-05-17,16,Bahia,Grêmio,1,1,45,,injuryTime,,,,,,,,3,,
brasileirao_serie_a_2026,2026-05-17,16,Bahia,Grêmio,1,1,36,,card,J. Enamorado,False,yellow,Foul,,,,,,
brasileirao_serie_a_2026,2026-05-17,16,Bahia,Grêmio,1,1,0,,card,A. Henrique,False,yellow,Argument,,,,,,
brasileirao_serie_a_2026,2026-05-17,16,Santos,Coritiba,0,3,90,,period,,,,,,,FT,,0,3
brasileirao_serie_a_2026,2026-05-17,16,Santos,Coritiba,0,3,90,5,card,J. P. Ananias,True,yellow,Foul,,,,,,
brasileirao_serie_a_2026,2026-05-17,16,Santos,Coritiba,0,3,90,5,substitution,,False,,,D. Alves,B. Lopes,,,,
brasileirao_serie_a_2026,2026-05-17,16,Santos,Coritiba,0,3,90,3,card,G. Barbosa,True,yellow,,,,,,,
brasileirao_serie_a_2026,2026-05-17,16,Santos,Coritiba,0,3,90,2,substitution,,False,,,Gustavo,Josué,,,,
brasileirao_serie_a_2026,2026-05-17,16,Santos,Coritiba,0,3,90,,injuryTime,,,,,,,,6,,
brasileirao_serie_a_2026,2026-05-17,16,Santos,Coritiba,0,3,84,,card,Josué,False,yellow,Time wasting,,,,,,
brasileirao_serie_a_2026,2026-05-17,16,Santos,Coritiba,0,3,84,,substitution,,False,,,Renato Marques,P. Rocha,,,,
brasileirao_serie_a_2026,2026-05-17,16,Santos,Coritiba,0,3,83,,substitution,,False,,,V. Paulista,T. Santos,,,,
brasileirao_serie_a_2026,2026-05-17,16,Santos,Coritiba,0,3,73,,card,Á. Barreal,True,red,Professional foul last man,,,,,,
brasileirao_serie_a_2026,2026-05-17,16,Santos,Coritiba,0,3,65,,substitution,,True,,,Robinho Jr,Neymar,,,,
brasileirao_serie_a_2026,2026-05-17,16,Santos,Coritiba,0,3,60,,substitution,,False,,,W. Oliveira,J. Lavega,,,,
brasileirao_serie_a_2026,2026-05-17,16,Santos,Coritiba,0,3,60,,substitution,,False,,,Wallisson Luiz,L. Taverna,,,,
brasileirao_serie_a_2026,2026-05-17,16,Santos,Coritiba,0,3,56,,substitution,,True,,,J. P. Ananias,L. Peres,,,,
brasileirao_serie_a_2026,2026-05-17,16,Santos,Coritiba,0,3,46,,substitution,,True,,,Á. Barreal,Willian Arão,,,,
brasileirao_serie_a_2026,2026-05-17,16,Santos,Coritiba,0,3,46,,substitution,,True,,,G. Barbosa,Moisés,,,,
brasileirao_serie_a_2026,2026-05-17,16,Santos,Coritiba,0,3,46,,substitution,,True,,,L. Peres,Gustavinho,,,,
brasileirao_serie_a_2026,2026-05-17,16,Santos,Coritiba,0,3,45,,period,,,,,,,HT,,0,3
brasileirao_serie_a_2026,2026-05-17,16,Santos,Coritiba,0,3,45,,injuryTime,,,,,,,,4,,
brasileirao_serie_a_2026,2026-05-17,16,Santos,Coritiba,0,3,40,,substitution,,True,,,C. Oliva,Mayke,,,,
brasileirao_serie_a_2026,2026-05-17,16,Santos,Coritiba,0,3,39,,goal,Josué,False,,,,,,,0,3
brasileirao_serie_a_2026,2026-05-17,16,Santos,Coritiba,0,3,37,,card,G. Escobar,True,yellow,Foul,,,,,,
brasileirao_serie_a_2026,2026-05-17,16,Santos,Coritiba,0,3,20,,goal,B. Lopes,False,,,,,,,0,2
brasileirao_serie_a_2026,2026-05-17,16,Santos,Coritiba,0,3,16,,card,L. Taverna,False,yellow,Foul,,,,,,
brasileirao_serie_a_2026,2026-05-17,16,Santos,Coritiba,0,3,6,,goal,B. Lopes,False,,,,,,,0,1
brasileirao_serie_a_2026,2026-05-17,16,Santos,Coritiba,0,3,0,,card,Neymar,True,yellow,Unallowed field entering,,,,,,
brasileirao_serie_a_2026,2026-05-17,16,Palmeiras,Cruzeiro,1,1,90,,period,,,,,,,FT,,1,1
brasileirao_serie_a_2026,2026-05-17,16,Palmeiras,Cruzeiro,1,1,90,2,card,L. Silva,False,yellow,Foul,,,,,,
brasileirao_serie_a_2026,2026-05-17,16,Palmeiras,Cruzeiro,1,1,90,,substitution,,False,,,L. Silva,Christian,,,,
brasileirao_serie_a_2026,2026-05-17,16,Palmeiras,Cruzeiro,1,1,90,,injuryTime,,,,,,,,7,,
brasileirao_serie_a_2026,2026-05-17,16,Palmeiras,Cruzeiro,1,1,89,,substitution,,False,,,L. Sinisterra,M. Pereira,,,,
brasileirao_serie_a_2026,2026-05-17,16,Palmeiras,Cruzeiro,1,1,88,,card,Murilo,True,yellow,Foul,,,,,,
brasileirao_serie_a_2026,2026-05-17,16,Palmeiras,Cruzeiro,1,1,77,,substitution,,True,,,Khellven,A. Giay,,,,
brasileirao_serie_a_2026,2026-05-17,16,Palmeiras,Cruzeiro,1,1,77,,substitution,,True,,,Jefté,A. Gabriel,,,,
brasileirao_serie_a_2026,2026-05-17,16,Palmeiras,Cruzeiro,1,1,77,,substitution,,True,,,Paulinho,A. Pereira,,,,
brasileirao_serie_a_2026,2026-05-17,16,Palmeiras,Cruzeiro,1,1,75,,substitution,,False,,,K. Kenji,K. Arroyo,,,,
brasileirao_serie_a_2026,2026-05-17,16,Palmeiras,Cruzeiro,1,1,75,,card,Otávio,False,yellow,Time wasting,,,,,,
brasileirao_serie_a_2026,2026-05-17,16,Palmeiras,Cruzeiro,1,1,72,,card,J. López,True,yellow,Foul,,,,,,
brasileirao_serie_a_2026,2026-05-17,16,Palmeiras,Cruzeiro,1,1,45,,period,,,,,,,HT,,1,1
brasileirao_serie_a_2026,2026-05-17,16,Palmeiras,Cruzeiro,1,1,45,,injuryTime,,,,,,,,4,,
brasileirao_serie_a_2026,2026-05-17,16,Palmeiras,Cruzeiro,1,1,44,,substitution,,True,,,L. Evangelista,F. Anderson,,,,
brasileirao_serie_a_2026,2026-05-17,16,Palmeiras,Cruzeiro,1,1,41,,card,M. Pereira,False,yellow,Argument,,,,,,
brasileirao_serie_a_2026,2026-05-17,16,Palmeiras,Cruzeiro,1,1,20,,goal,F. Anderson,True,,,,,,,1,1
brasileirao_serie_a_2026,2026-05-17,16,Palmeiras,Cruzeiro,1,1,17,,substitution,,True,,,Mauricio,R. Sosa,,,,
brasileirao_serie_a_2026,2026-05-17,16,Palmeiras,Cruzeiro,1,1,12,,card,K. Arroyo,False,yellow,,,,,,,
brasileirao_serie_a_2026,2026-05-17,16,Palmeiras,Cruzeiro,1,1,11,,goal,K. Arroyo,False,,,,,,,0,1
brasileirao_serie_a_2026,2026-05-17,16,Palmeiras,Cruzeiro,1,1,0,,card,A. Jorge,False,yellow,Argument,,,,,,
brasileirao_serie_a_2026,2026-05-16,16,Fluminense,São Paulo,2,1,90,,period,,,,,,,FT,,2,1
brasileirao_serie_a_2026,2026-05-16,16,Fluminense,São Paulo,2,1,90,8,card,J. Savarino,True,yellow,,,,,,,
brasileirao_serie_a_2026,2026-05-16,16,Fluminense,São Paulo,2,1,90,6,card,J. Freytes,True,yellow,,,,,,,
brasileirao_serie_a_2026,2026-05-16,16,Fluminense,São Paulo,2,1,90,5,substitution,,False,,,C. Soares,L. Ramon,,,,
brasileirao_serie_a_2026,2026-05-16,16,Fluminense,São Paulo,2,1,90,,card,D. Bobadilla,False,yellow,,,,,,,
brasileirao_serie_a_2026,2026-05-16,16,Fluminense,São Paulo,2,1,90,,injuryTime,,,,,,,,7,,
brasileirao_serie_a_2026,2026-05-16,16,Fluminense,São Paulo,2,1,86,,card,F. Bernal,True,yellow,,,,,,,
brasileirao_serie_a_2026,2026-05-16,16,Fluminense,São Paulo,2,1,83,,substitution,,True,,,F. Bernal,Nonato,,,,
brasileirao_serie_a_2026,2026-05-16,16,Fluminense,São Paulo,2,1,83,,substitution,,True,,,Y. Soteldo,A. Canobbio,,,,
brasileirao_serie_a_2026,2026-05-16,16,Fluminense,São Paulo,2,1,79,,goal,Dória,False,,,,,,,2,1
brasileirao_serie_a_2026,2026-05-16,16,Fluminense,São Paulo,2,1,77,,substitution,,False,,,G. Tapia,A. Silva,,,,
brasileirao_serie_a_2026,2026-05-16,16,Fluminense,São Paulo,2,1,76,,substitution,,False,,,Luan,Wendell,,,,
brasileirao_serie_a_2026,2026-05-16,16,Fluminense,São Paulo,2,1,76,,card,E. Díaz,False,yellow,,,,,,,
brasileirao_serie_a_2026,2026-05-16,16,Fluminense,São Paulo,2,1,67,,card,Artur,False,yellow,,,,,,,
brasileirao_serie_a_2026,2026-05-16,16,Fluminense,São Paulo,2,1,64,,substitution,,False,,,Ferreira,Cauly,,,,
brasileirao_serie_a_2026,2026-05-16,16,Fluminense,São Paulo,2,1,61,,substitution,,True,,,K. Serna,L. Acosta,,,,
brasileirao_serie_a_2026,2026-05-16,16,Fluminense,São Paulo,2,1,61,,substitution,,True,,,R. Castillo,John Kennedy,,,,
brasileirao_serie_a_2026,2026-05-16,16,Fluminense,São Paulo,2,1,45,,period,,,,,,,HT,,2,0
brasileirao_serie_a_2026,2026-05-16,16,Fluminense,São Paulo,2,1,45,,injuryTime,,,,,,,,4,,
brasileirao_serie_a_2026,2026-05-16,16,Fluminense,São Paulo,2,1,44,,goal,A. Canobbio,True,,,,,,,2,0
brasileirao_serie_a_2026,2026-05-16,16,Fluminense,São Paulo,2,1,30,,card,A. Silva,False,yellow,,,,,,,
brasileirao_serie_a_2026,2026-05-16,16,Fluminense,São Paulo,2,1,19,,goal,John Kennedy,True,,,,,,,1,0
brasileirao_serie_a_2026,2026-05-16,16,Internacional,Vasco da Gama,4,1,90,,period,,,,,,,Second half,,4,1
brasileirao_serie_a_2026,2026-05-16,16,Internacional,Vasco da Gama,4,1,90,2,card,C. Cuesta,False,red,,,,,,,
brasileirao_serie_a_2026,2026-05-16,16,Internacional,Vasco da Gama,4,1,90,1,substitution,,True,,,B. Arhin,A. Bernabei,,,,
brasileirao_serie_a_2026,2026-05-16,16,Internacional,Vasco da Gama,4,1,90,,injuryTime,,,,,,,,4,,
brasileirao_serie_a_2026,2026-05-16,16,Internacional,Vasco da Gama,4,1,86,,substitution,,True,,,Ronaldo,B. Henrique,,,,
brasileirao_serie_a_2026,2026-05-16,16,Internacional,Vasco da Gama,4,1,86,,substitution,,True,,,L. F. d. M. Francisco,M. Bahia,,,,
brasileirao_serie_a_2026,2026-05-16,16,Internacional,Vasco da Gama,4,1,85,,goal,A. Gómez,False,,,,,,,4,1
brasileirao_serie_a_2026,2026-05-16,16,Internacional,Vasco da Gama,4,1,78,,substitution,,True,,,Allex,J. Carbonero,,,,
brasileirao_serie_a_2026,2026-05-16,16,Internacional,Vasco da Gama,4,1,78,,substitution,,True,,,R. Borré,Alerrandro,,,,
brasileirao_serie_a_2026,2026-05-16,16,Internacional,Vasco da Gama,4,1,74,,substitution,,False,,,R. R. S. d. S. Barros,Brenner,,,,
brasileirao_serie_a_2026,2026-05-16,16,Internacional,Vasco da Gama,4,1,74,,substitution,,False,,,M. Hinestroza,Tchê Tchê,,,,
brasileirao_serie_a_2026,2026-05-16,16,Internacional,Vasco da Gama,4,1,71,,goal,J. Carbonero,True,,,,,,,4,0
brasileirao_serie_a_2026,2026-05-16,16,Internacional,Vasco da Gama,4,1,63,,substitution,,False,,,David,N. Moreira,,,,
brasileirao_serie_a_2026,2026-05-16,16,Internacional,Vasco da Gama,4,1,62,,goal,A. Bernabei,True,,,,,,,3,0
brasileirao_serie_a_2026,2026-05-16,16,Internacional,Vasco da Gama,4,1,45,,period,,,,,,,HT,,2,0
brasileirao_serie_a_2026,2026-05-16,16,Internacional,Vasco da Gama,4,1,45,3,card,M. Bahia,True,yellow,,,,,,,
brasileirao_serie_a_2026,2026-05-16,16,Internacional,Vasco da Gama,4,1,45,3,card,A. Gómez,False,yellow,,,,,,,
brasileirao_serie_a_2026,2026-05-16,16,Internacional,Vasco da Gama,4,1,45,,injuryTime,,,,,,,,3,,
brasileirao_serie_a_2026,2026-05-16,16,Internacional,Vasco da Gama,4,1,32,,card,N. Moreira,False,yellow,,,,,,,
brasileirao_serie_a_2026,2026-05-16,16,Internacional,Vasco da Gama,4,1,24,,goal,Alerrandro,True,,,,,,,2,0
brasileirao_serie_a_2026,2026-05-16,16,Internacional,Vasco da Gama,4,1,22,,card,J. Carbonero,True,yellow,,,,,,,
brasileirao_serie_a_2026,2026-05-16,16,Internacional,Vasco da Gama,4,1,21,,goal,J. Carbonero,True,,,,,,,1,0
brasileirao_serie_a_2026,2026-05-16,16,Internacional,Vasco da Gama,4,1,11,,varDecision,G. Mercado,True,,,,,,,,
brasileirao_serie_a_2026,2026-05-16,16,Atlético Mineiro,Mirassol,3,1,90,,period,,,,,,,FT,,3,1
brasileirao_serie_a_2026,2026-05-16,16,Atlético Mineiro,Mirassol,3,1,90,,injuryTime,,,,,,,,5,,
brasileirao_serie_a_2026,2026-05-16,16,Atlético Mineiro,Mirassol,3,1,87,,card,Reinaldo,False,yellow,,,,,,,
brasileirao_serie_a_2026,2026-05-16,16,Atlético Mineiro,Mirassol,3,1,85,,substitution,,False,,,A. Galeano,Eduardo,,,,
brasileirao_serie_a_2026,2026-05-16,16,Atlético Mineiro,Mirassol,3,1,84,,substitution,,True,,,C. C. Soares,M. Cassierra,,,,
brasileirao_serie_a_2026,2026-05-16,16,Atlético Mineiro,Mirassol,3,1,82,,goal,M. Cissé,True,,,,,,,3,1
brasileirao_serie_a_2026,2026-05-16,16,Atlético Mineiro,Mirassol,3,1,79,,substitution,,True,,,Lyanco,A. Minda,,,,
brasileirao_serie_a_2026,2026-05-16,16,Atlético Mineiro,Mirassol,3,1,72,,substitution,,True,,,M. Cissé,T. Cuello,,,,
brasileirao_serie_a_2026,2026-05-16,16,Atlético Mineiro,Mirassol,3,1,63,,substitution,,False,,,T. Soares,E. Carioca,,,,
brasileirao_serie_a_2026,2026-05-16,16,Atlético Mineiro,Mirassol,3,1,63,,substitution,,False,,,Everton Galdino,Denilson,,,,
brasileirao_serie_a_2026,2026-05-16,16,Atlético Mineiro,Mirassol,3,1,61,,goal,Maycon,True,,,,,,,2,1
brasileirao_serie_a_2026,2026-05-16,16,Atlético Mineiro,Mirassol,3,1,57,,substitution,,False,,,Shaylon,C. Eduardo,,,,
brasileirao_serie_a_2026,2026-05-16,16,Atlético Mineiro,Mirassol,3,1,57,,substitution,,False,,,J. Aldo,L. Oliveira,,,,
brasileirao_serie_a_2026,2026-05-16,16,Atlético Mineiro,Mirassol,3,1,45,,period,,,,,,,HT,,1,1
brasileirao_serie_a_2026,2026-05-16,16,Atlético Mineiro,Mirassol,3,1,45,,injuryTime,,,,,,,,2,,
brasileirao_serie_a_2026,2026-05-16,16,Atlético Mineiro,Mirassol,3,1,40,,goal,W. Machado,False,,,,,,,1,1
brasileirao_serie_a_2026,2026-05-16,16,Atlético Mineiro,Mirassol,3,1,17,,goal,A. Minda,True,,,,,,,1,0
brasileirao_serie_a_2026,2026-05-10,15,Vasco da Gama,Athletico,1,0,90,,period,,,,,,,FT,,1,0
brasileirao_serie_a_2026,2026-05-10,15,Vasco da Gama,Athletico,1,0,90,1,substitution,,True,,,R. R. S. d. S. Barros,A. Gómez,,,,
brasileirao_serie_a_2026,2026-05-10,15,Vasco da Gama,Athletico,1,0,90,1,substitution,,True,,,L. Freitas,L. Piton,,,,
brasileirao_serie_a_2026,2026-05-10,15,Vasco da Gama,Athletico,1,0,90,,card,A. Gómez,True,yellow,,,,,,,
brasileirao_serie_a_2026,2026-05-10,15,Vasco da Gama,Athletico,1,0,90,,injuryTime,,,,,,,,6,,
brasileirao_serie_a_2026,2026-05-10,15,Vasco da Gama,Athletico,1,0,77,,substitution,,True,,,Brenner,C. Spinelli,,,,
brasileirao_serie_a_2026,2026-05-10,15,Vasco da Gama,Athletico,1,0,77,,substitution,,True,,,N. Moreira,Adson,,,,
brasileirao_serie_a_2026,2026-05-10,15,Vasco da Gama,Athletico,1,0,73,,substitution,,False,,,Isaac,R. P. Nepomuceno,,,,
brasileirao_serie_a_2026,2026-05-10,15,Vasco da Gama,Athletico,1,0,73,,substitution,,False,,,Bruno Zapelli,J. Cruz,,,,
brasileirao_serie_a_2026,2026-05-10,15,Vasco da Gama,Athletico,1,0,72,,substitution,,False,,,F. Chiqueti,B. B. Ramos,,,,
brasileirao_serie_a_2026,2026-05-10,15,Vasco da Gama,Athletico,1,0,69,,card,R. Renan,True,yellow,,,,,,,
brasileirao_serie_a_2026,2026-05-10,15,Vasco da Gama,Athletico,1,0,69,,substitution,,True,,,Tchê Tchê,J. Rojas,,,,
brasileirao_serie_a_2026,2026-05-10,15,Vasco da Gama,Athletico,1,0,63,,substitution,,False,,,Felipinho,L. Gustavo,,,,
brasileirao_serie_a_2026,2026-05-10,15,Vasco da Gama,Athletico,1,0,63,,card,J. Rojas,True,yellow,,,,,,,
brasileirao_serie_a_2026,2026-05-10,15,Vasco da Gama,Athletico,1,0,45,,period,,,,,,,HT,,1,0
brasileirao_serie_a_2026,2026-05-10,15,Vasco da Gama,Athletico,1,0,45,,injuryTime,,,,,,,,2,,
brasileirao_serie_a_2026,2026-05-10,15,Vasco da Gama,Athletico,1,0,37,,goal,T. Mendes,True,,,,,,,1,0
brasileirao_serie_a_2026,2026-05-10,15,Vasco da Gama,Athletico,1,0,11,,substitution,,False,,,Leonardo Derik,C. Terán,,,,
brasileirao_serie_a_2026,2026-05-10,15,Vasco da Gama,Athletico,1,0,7,,card,J. Portilla,False,yellow,,,,,,,
brasileirao_serie_a_2026,2026-05-10,15,Vasco da Gama,Athletico,1,0,7,,card,T. Mendes,True,yellow,,,,,,,
brasileirao_serie_a_2026,2026-05-10,15,Grêmio,Flamengo,0,1,90,,period,,,,,,,Second half,,0,1
brasileirao_serie_a_2026,2026-05-10,15,Grêmio,Flamengo,0,1,90,,injuryTime,,,,,,,,5,,
brasileirao_serie_a_2026,2026-05-10,15,Grêmio,Flamengo,0,1,87,,substitution,,False,,,B. Pinto,Pedro,,,,
brasileirao_serie_a_2026,2026-05-10,15,Grêmio,Flamengo,0,1,87,,substitution,,False,,,N. De la Cruz,J. Carrascal,,,,
brasileirao_serie_a_2026,2026-05-10,15,Grêmio,Flamengo,0,1,77,,substitution,,True,,,M. Braithwaite,C. Pavón,,,,
brasileirao_serie_a_2026,2026-05-10,15,Grêmio,Flamengo,0,1,77,,substitution,,True,,,J. Enamorado,F. Amuzu,,,,
brasileirao_serie_a_2026,2026-05-10,15,Grêmio,Flamengo,0,1,73,,card,Pedro,False,yellow,,,,,,,
brasileirao_serie_a_2026,2026-05-10,15,Grêmio,Flamengo,0,1,68,,goal,J. Carrascal,False,,,,,,,0,1
brasileirao_serie_a_2026,2026-05-10,15,Grêmio,Flamengo,0,1,65,,substitution,,False,,,E. Royal,A. Lucas,,,,
brasileirao_serie_a_2026,2026-05-10,15,Grêmio,Flamengo,0,1,65,,substitution,,True,,,Tiaguinho,L. Pérez,,,,
brasileirao_serie_a_2026,2026-05-10,15,Grêmio,Flamengo,0,1,64,,substitution,,False,,,L. Araújo,G. Plata,,,,
brasileirao_serie_a_2026,2026-05-10,15,Grêmio,Flamengo,0,1,45,,period,,,,,,,HT,,0,0
brasileirao_serie_a_2026,2026-05-10,15,Grêmio,Flamengo,0,1,45,3,card,E. Araujo,False,yellow,,,,,,,
brasileirao_serie_a_2026,2026-05-10,15,Grêmio,Flamengo,0,1,45,,injuryTime,,,,,,,,3,,
brasileirao_serie_a_2026,2026-05-10,15,Grêmio,Flamengo,0,1,44,,card,C. Pavón,True,yellow,,,,,,,
brasileirao_serie_a_2026,2026-05-10,15,Grêmio,Flamengo,0,1,20,,card,Jorginho,False,yellow,,,,,,,
brasileirao_serie_a_2026,2026-05-10,15,Grêmio,Flamengo,0,1,10,,substitution,,True,,,C. Paulista,P. Gabriel,,,,
brasileirao_serie_a_2026,2026-05-10,15,Santos,Red Bull Bragantino,2,0,90,,period,,,,,,,Second half,,2,0
brasileirao_serie_a_2026,2026-05-10,15,Santos,Red Bull Bragantino,2,0,90,,injuryTime,,,,,,,,5,,
brasileirao_serie_a_2026,2026-05-10,15,Santos,Red Bull Bragantino,2,0,87,,substitution,,True,,,Miguelito,B. Rollheiser,,,,
brasileirao_serie_a_2026,2026-05-10,15,Santos,Red Bull Bragantino,2,0,87,,substitution,,True,,,Moisés,Á. Barreal,,,,
brasileirao_serie_a_2026,2026-05-10,15,Santos,Red Bull Bragantino,2,0,82,,substitution,,True,,,G. Barbosa,Neymar,,,,
brasileirao_serie_a_2026,2026-05-10,15,Santos,Red Bull Bragantino,2,0,79,,card,Neymar,True,yellow,,,,,,,
brasileirao_serie_a_2026,2026-05-10,15,Santos,Red Bull Bragantino,2,0,78,,substitution,,False,,,A. Sant Anna,J. A. Hurtado,,,,
brasileirao_serie_a_2026,2026-05-10,15,Santos,Red Bull Bragantino,2,0,76,,goal,A. Frías,True,,,,,,,2,0
brasileirao_serie_a_2026,2026-05-10,15,Santos,Red Bull Bragantino,2,0,75,,card,A. Vinicius,False,yellow,,,,,,,
brasileirao_serie_a_2026,2026-05-10,15,Santos,Red Bull Bragantino,2,0,74,,substitution,,False,,,Fernando,H. Mosquera,,,,
brasileirao_serie_a_2026,2026-05-10,15,Santos,Red Bull Bragantino,2,0,70,,substitution,,True,,,Willian Arão,C. Oliva,,,,
brasileirao_serie_a_2026,2026-05-10,15,Santos,Red Bull Bragantino,2,0,70,,substitution,,True,,,Rony,G. Bontempo,,,,
brasileirao_serie_a_2026,2026-05-10,15,Santos,Red Bull Bragantino,2,0,67,,substitution,,False,,,Rodriguinho,G. Girotto,,,,
brasileirao_serie_a_2026,2026-05-10,15,Santos,Red Bull Bragantino,2,0,46,,substitution,,False,,,E. Ramires,I. Sosa,,,,
brasileirao_serie_a_2026,2026-05-10,15,Santos,Red Bull Bragantino,2,0,46,,substitution,,False,,,E. Sasha,J. Herrera,,,,
brasileirao_serie_a_2026,2026-05-10,15,Santos,Red Bull Bragantino,2,0,45,,period,,,,,,,HT,,1,0
brasileirao_serie_a_2026,2026-05-10,15,Santos,Red Bull Bragantino,2,0,45,5,goal,Neymar,True,,,,,,,1,0
brasileirao_serie_a_2026,2026-05-10,15,Santos,Red Bull Bragantino,2,0,45,,card,G. Girotto,False,yellow,,,,,,,
brasileirao_serie_a_2026,2026-05-10,15,Santos,Red Bull Bragantino,2,0,16,,card,I. Pitta,False,yellow,,,,,,,
brasileirao_serie_a_2026,2026-05-10,15,Santos,Red Bull Bragantino,2,0,7,,card,L. Barbosa,False,yellow,,,,,,,
brasileirao_serie_a_2026,2026-05-10,15,Mirassol,Chapecoense,1,1,90,,period,,,,,,,Second half,,1,1
brasileirao_serie_a_2026,2026-05-10,15,Mirassol,Chapecoense,1,1,90,7,card,J. Paulo,False,yellow,,,,,,,
brasileirao_serie_a_2026,2026-05-10,15,Mirassol,Chapecoense,1,1,90,,injuryTime,,,,,,,,7,,
brasileirao_serie_a_2026,2026-05-10,15,Mirassol,Chapecoense,1,1,81,,goal,J. Victor,False,,,,,,,1,1
brasileirao_serie_a_2026,2026-05-10,15,Mirassol,Chapecoense,1,1,79,,substitution,,False,,,J. Carlos,V. Caetano,,,,
brasileirao_serie_a_2026,2026-05-10,15,Mirassol,Chapecoense,1,1,79,,substitution,,False,,,Italo,Ênio,,,,
brasileirao_serie_a_2026,2026-05-10,15,Mirassol,Chapecoense,1,1,74,,card,J. Aldo,True,yellow,,,,,,,
brasileirao_serie_a_2026,2026-05-10,15,Mirassol,Chapecoense,1,1,71,,goal,Eduardo,True,,,,,,,1,0
brasileirao_serie_a_2026,2026-05-10,15,Mirassol,Chapecoense,1,1,71,,substitution,,False,,,G. Augusto,Y. Bolasie,,,,
brasileirao_serie_a_2026,2026-05-10,15,Mirassol,Chapecoense,1,1,70,,substitution,,False,,,R. Carvalheira,J. Vitor,,,,
brasileirao_serie_a_2026,2026-05-10,15,Mirassol,Chapecoense,1,1,66,,card,Y. Bolasie,False,yellow,,,,,,,
brasileirao_serie_a_2026,2026-05-10,15,Mirassol,Chapecoense,1,1,66,,substitution,,True,,,Eduardo,Denilson,,,,
brasileirao_serie_a_2026,2026-05-10,15,Mirassol,Chapecoense,1,1,66,,substitution,,True,,,A. Galeano,Shaylon,,,,
brasileirao_serie_a_2026,2026-05-10,15,Mirassol,Chapecoense,1,1,54,,substitution,,False,,,Maurício Garcez,Marcinho,,,,
brasileirao_serie_a_2026,2026-05-10,15,Mirassol,Chapecoense,1,1,46,,substitution,,True,,,Nathan Fogaça,C. Eduardo,,,,
brasileirao_serie_a_2026,2026-05-10,15,Mirassol,Chapecoense,1,1,45,,period,,,,,,,HT,,0,0
brasileirao_serie_a_2026,2026-05-10,15,Mirassol,Chapecoense,1,1,45,,injuryTime,,,,,,,,6,,
brasileirao_serie_a_2026,2026-05-10,15,Mirassol,Chapecoense,1,1,39,,substitution,,True,,,D. Borges,Igor Formiga,,,,
brasileirao_serie_a_2026,2026-05-10,15,Mirassol,Chapecoense,1,1,32,,card,Everton,False,yellow,,,,,,,
brasileirao_serie_a_2026,2026-05-10,15,Mirassol,Chapecoense,1,1,32,,card,V. Caetano,False,yellow,,,,,,,
brasileirao_serie_a_2026,2026-05-10,15,Mirassol,Chapecoense,1,1,18,,card,B. Pacheco,False,yellow,,,,,,,
brasileirao_serie_a_2026,2026-05-10,15,Mirassol,Chapecoense,1,1,13,,substitution,,True,,,Everton Galdino,A. Luis,,,,
brasileirao_serie_a_2026,2026-05-10,15,Corinthians,São Paulo,3,2,90,,period,,,,,,,FT,,3,2
brasileirao_serie_a_2026,2026-05-10,15,Corinthians,São Paulo,3,2,90,5,card,P. Raul,True,yellow,,,,,,,
brasileirao_serie_a_2026,2026-05-10,15,Corinthians,São Paulo,3,2,90,4,card,Z. Labyad,True,yellow,,,,,,,
brasileirao_serie_a_2026,2026-05-10,15,Corinthians,São Paulo,3,2,90,4,card,Luan,False,yellow,,,,,,,
brasileirao_serie_a_2026,2026-05-10,15,Corinthians,São Paulo,3,2,90,2,substitution,,False,,,A. Silva,D. Bobadilla,,,,
brasileirao_serie_a_2026,2026-05-10,15,Corinthians,São Paulo,3,2,90,,injuryTime,,,,,,,,6,,
brasileirao_serie_a_2026,2026-05-10,15,Corinthians,São Paulo,3,2,89,,goal,Matheuzinho,False,,,,,,,3,2
brasileirao_serie_a_2026,2026-05-10,15,Corinthians,São Paulo,3,2,88,,substitution,,True,,,Z. Labyad,R. Garro,,,,
brasileirao_serie_a_2026,2026-05-10,15,Corinthians,São Paulo,3,2,88,,substitution,,True,,,P. Raul,Y. Alberto,,,,
brasileirao_serie_a_2026,2026-05-10,15,Corinthians,São Paulo,3,2,83,,substitution,,True,,,Dieguinho,A. Carrillo,,,,
brasileirao_serie_a_2026,2026-05-10,15,Corinthians,São Paulo,3,2,83,,substitution,,False,,,Wendell,E. Díaz,,,,
brasileirao_serie_a_2026,2026-05-10,15,Corinthians,São Paulo,3,2,73,,card,E. Díaz,False,yellow,,,,,,,
brasileirao_serie_a_2026,2026-05-10,15,Corinthians,São Paulo,3,2,69,,substitution,,False,,,Luan,Danielzinho,,,,
brasileirao_serie_a_2026,2026-05-10,15,Corinthians,São Paulo,3,2,69,,substitution,,False,,,Cauly,Ferreira,,,,
brasileirao_serie_a_2026,2026-05-10,15,Corinthians,São Paulo,3,2,57,,goal,B. Bidon,True,,,,,,,3,1
brasileirao_serie_a_2026,2026-05-10,15,Corinthians,São Paulo,3,2,52,,goal,Matheuzinho,True,,,,,,,2,1
brasileirao_serie_a_2026,2026-05-10,15,Corinthians,São Paulo,3,2,45,,period,,,,,,,HT,,1,1
brasileirao_serie_a_2026,2026-05-10,15,Corinthians,São Paulo,3,2,45,,varDecision,D. Bobadilla,False,,,,,,,,
brasileirao_serie_a_2026,2026-05-10,15,Corinthians,São Paulo,3,2,45,1,card,Sabino,False,yellow,,,,,,,
brasileirao_serie_a_2026,2026-05-10,15,Corinthians,São Paulo,3,2,45,1,card,G. Paulista,True,yellow,,,,,,,
brasileirao_serie_a_2026,2026-05-10,15,Corinthians,São Paulo,3,2,45,1,card,J. Calleri,False,yellow,,,,,,,
brasileirao_serie_a_2026,2026-05-10,15,Corinthians,São Paulo,3,2,45,1,card,M. Bidu,True,yellow,,,,,,,
brasileirao_serie_a_2026,2026-05-10,15,Corinthians,São Paulo,3,2,45,,injuryTime,,,,,,,,16,,
brasileirao_serie_a_2026,2026-05-10,15,Corinthians,São Paulo,3,2,41,,goal,Luciano,False,,,,,,,1,1
brasileirao_serie_a_2026,2026-05-10,15,Corinthians,São Paulo,3,2,17,,goal,Raniele,True,,,,,,,1,0
brasileirao_serie_a_2026,2026-05-10,15,Remo,Palmeiras,1,1,90,,period,,,,,,,Second half,,1,1
brasileirao_serie_a_2026,2026-05-10,15,Remo,Palmeiras,1,1,90,8,substitution,,True,,,Diego Hernández,Patrick,,,,
brasileirao_serie_a_2026,2026-05-10,15,Remo,Palmeiras,1,1,90,8,substitution,,True,,,G. Pavani,Marcelinho,,,,
brasileirao_serie_a_2026,2026-05-10,15,Remo,Palmeiras,1,1,90,,varDecision,J. López,False,,,,,,,,
brasileirao_serie_a_2026,2026-05-10,15,Remo,Palmeiras,1,1,90,4,card,M. Rangel,True,yellow,,,,,,,
brasileirao_serie_a_2026,2026-05-10,15,Remo,Palmeiras,1,1,90,,injuryTime,,,,,,,,7,,
brasileirao_serie_a_2026,2026-05-10,15,Remo,Palmeiras,1,1,83,,substitution,,True,,,L. Picco,Zé Welison,,,,
brasileirao_serie_a_2026,2026-05-10,15,Remo,Palmeiras,1,1,83,,substitution,,True,,,M. Alexandre,Y. Pikachu,,,,
brasileirao_serie_a_2026,2026-05-10,15,Remo,Palmeiras,1,1,82,,substitution,,False,,,Mauricio,Allan,,,,
brasileirao_serie_a_2026,2026-05-10,15,Remo,Palmeiras,1,1,82,,substitution,,False,,,Paulinho,J. Arias,,,,
brasileirao_serie_a_2026,2026-05-10,15,Remo,Palmeiras,1,1,75,,substitution,,True,,,G. Poveda,A. Manga,,,,
brasileirao_serie_a_2026,2026-05-10,15,Remo,Palmeiras,1,1,74,,substitution,,False,,,B. Fuchs,A. Giay,,,,
brasileirao_serie_a_2026,2026-05-10,15,Remo,Palmeiras,1,1,74,,substitution,,False,,,L. Evangelista,A. Pereira,,,,
brasileirao_serie_a_2026,2026-05-10,15,Remo,Palmeiras,1,1,74,,card,Zé Ricardo,True,red,,,,,,,
brasileirao_serie_a_2026,2026-05-10,15,Remo,Palmeiras,1,1,73,,varDecision,Zé Ricardo,True,,,,,,,,
brasileirao_serie_a_2026,2026-05-10,15,Remo,Palmeiras,1,1,56,,substitution,,False,,,Khellven,Jefté,,,,
brasileirao_serie_a_2026,2026-05-10,15,Remo,Palmeiras,1,1,45,,period,,,,,,,HT,,1,1
brasileirao_serie_a_2026,2026-05-10,15,Remo,Palmeiras,1,1,45,,injuryTime,,,,,,,,3,,
brasileirao_serie_a_2026,2026-05-10,15,Remo,Palmeiras,1,1,32,,card,Allan,False,yellow,,,,,,,
brasileirao_serie_a_2026,2026-05-10,15,Remo,Palmeiras,1,1,24,,goal,R. Sosa,False,,,,,,,1,1
brasileirao_serie_a_2026,2026-05-10,15,Remo,Palmeiras,1,1,5,,card,Jefté,False,yellow,,,,,,,
brasileirao_serie_a_2026,2026-05-10,15,Remo,Palmeiras,1,1,2,,goal,A. Manga,True,,,,,,,1,0
brasileirao_serie_a_2026,2026-05-10,15,Atlético Mineiro,Botafogo,1,1,90,,period,,,,,,,FT,,1,1
brasileirao_serie_a_2026,2026-05-10,15,Atlético Mineiro,Botafogo,1,1,90,3,card,M. Ponte,False,yellow,,,,,,,
brasileirao_serie_a_2026,2026-05-10,15,Atlético Mineiro,Botafogo,1,1,90,,goal,A. Cabral,False,,,,,,,1,1
brasileirao_serie_a_2026,2026-05-10,15,Atlético Mineiro,Botafogo,1,1,90,,injuryTime,,,,,,,,5,,
brasileirao_serie_a_2026,2026-05-10,15,Atlético Mineiro,Botafogo,1,1,88,,substitution,,True,,,Reinier,T. Cuello,,,,
brasileirao_serie_a_2026,2026-05-10,15,Atlético Mineiro,Botafogo,1,1,80,,substitution,,False,,,J. Barrera,M. Martins,,,,
brasileirao_serie_a_2026,2026-05-10,15,Atlético Mineiro,Botafogo,1,1,75,,substitution,,False,,,Á. Montoro,Newton,,,,
brasileirao_serie_a_2026,2026-05-10,15,Atlético Mineiro,Botafogo,1,1,75,,substitution,,False,,,Marçal,A. Telles,,,,
brasileirao_serie_a_2026,2026-05-10,15,Atlético Mineiro,Botafogo,1,1,69,,substitution,,True,,,M. Cissé,A. Minda,,,,
brasileirao_serie_a_2026,2026-05-10,15,Atlético Mineiro,Botafogo,1,1,68,,substitution,,True,,,V. Hugo,I. Román,,,,
brasileirao_serie_a_2026,2026-05-10,15,Atlético Mineiro,Botafogo,1,1,64,,substitution,,False,,,K. Barría,Edenilson,,,,
brasileirao_serie_a_2026,2026-05-10,15,Atlético Mineiro,Botafogo,1,1,49,,substitution,,True,,,Alexsander,Bernard,,,,
brasileirao_serie_a_2026,2026-05-10,15,Atlético Mineiro,Botafogo,1,1,45,,period,,,,,,,HT,,1,0
brasileirao_serie_a_2026,2026-05-10,15,Atlético Mineiro,Botafogo,1,1,45,,injuryTime,,,,,,,,4,,
brasileirao_serie_a_2026,2026-05-10,15,Atlético Mineiro,Botafogo,1,1,27,,card,A. Telles,False,yellow,,,,,,,
brasileirao_serie_a_2026,2026-05-10,15,Atlético Mineiro,Botafogo,1,1,23,,goal,M. Cassierra,True,,,,,,,1,0
brasileirao_serie_a_2026,2026-05-10,15,Bahia,Cruzeiro,1,2,90,,period,,,,,,,FT,,1,2
brasileirao_serie_a_2026,2026-05-10,15,Bahia,Cruzeiro,1,2,90,,injuryTime,,,,,,,,7,,
brasileirao_serie_a_2026,2026-05-10,15,Bahia,Cruzeiro,1,2,89,,card,Otávio,False,yellow,Time wasting,,,,,,
brasileirao_serie_a_2026,2026-05-10,15,Bahia,Cruzeiro,1,2,86,,goal,K. Kenji,False,,,,,,,1,2
brasileirao_serie_a_2026,2026-05-10,15,Bahia,Cruzeiro,1,2,78,,substitution,,False,,,L. Silva,Gerson,,,,
brasileirao_serie_a_2026,2026-05-10,15,Bahia,Cruzeiro,1,2,77,,card,L. Romero,False,yellow,Foul,,,,,,
brasileirao_serie_a_2026,2026-05-10,15,Bahia,Cruzeiro,1,2,72,,substitution,,True,,,C. Olivera,E. Pulga,,,,
brasileirao_serie_a_2026,2026-05-10,15,Bahia,Cruzeiro,1,2,72,,substitution,,False,,,L. Villalba,K. Moraes,,,,
brasileirao_serie_a_2026,2026-05-10,15,Bahia,Cruzeiro,1,2,72,,substitution,,True,,,M. Araújo,J. Lucas,,,,
brasileirao_serie_a_2026,2026-05-10,15,Bahia,Cruzeiro,1,2,72,,substitution,,False,,,Wanderson,L. Sinisterra,,,,
brasileirao_serie_a_2026,2026-05-10,15,Bahia,Cruzeiro,1,2,62,,card,K. Moraes,False,yellow,Foul,,,,,,
brasileirao_serie_a_2026,2026-05-10,15,Bahia,Cruzeiro,1,2,62,,substitution,,False,,,K. Jorge,N. Villarreal,,,,
brasileirao_serie_a_2026,2026-05-10,15,Bahia,Cruzeiro,1,2,61,,substitution,,True,,,R. Nestor,E. Ribeiro,,,,
brasileirao_serie_a_2026,2026-05-10,15,Bahia,Cruzeiro,1,2,46,,substitution,,True,,,Ademir,M. Sanabria,,,,
brasileirao_serie_a_2026,2026-05-10,15,Bahia,Cruzeiro,1,2,46,,substitution,,False,,,K. Kenji,M. Henrique,,,,
brasileirao_serie_a_2026,2026-05-10,15,Bahia,Cruzeiro,1,2,45,,period,,,,,,,HT,,1,1
brasileirao_serie_a_2026,2026-05-10,15,Bahia,Cruzeiro,1,2,45,3,card,Everaldo,True,yellow,Argument,,,,,,
brasileirao_serie_a_2026,2026-05-10,15,Bahia,Cruzeiro,1,2,45,,injuryTime,,,,,,,,7,,
brasileirao_serie_a_2026,2026-05-10,15,Bahia,Cruzeiro,1,2,42,,varDecision,K. Moraes,False,,,,,,,,
brasileirao_serie_a_2026,2026-05-10,15,Bahia,Cruzeiro,1,2,41,,goal,K. Moraes,False,,,,,,,1,1
brasileirao_serie_a_2026,2026-05-10,15,Bahia,Cruzeiro,1,2,35,,card,S. R. Mingo,True,yellow,Foul,,,,,,
brasileirao_serie_a_2026,2026-05-10,15,Bahia,Cruzeiro,1,2,34,,substitution,,True,,,Everaldo,W. José,,,,
brasileirao_serie_a_2026,2026-05-10,15,Bahia,Cruzeiro,1,2,27,,goal,L. Juba,True,,,,,,,1,0
brasileirao_serie_a_2026,2026-05-10,15,Bahia,Cruzeiro,1,2,24,,card,F. Bruno,False,yellow,Foul,,,,,,
brasileirao_serie_a_2026,2026-05-10,15,Bahia,Cruzeiro,1,2,0,,card,J. Paulo,True,yellow,Argument,,,,,,
brasileirao_serie_a_2026,2026-05-09,15,Fluminense,Vitória,2,2,90,,period,,,,,,,Second half,,2,2
brasileirao_serie_a_2026,2026-05-09,15,Fluminense,Vitória,2,2,90,7,card,Renê,True,yellow,,,,,,,
brasileirao_serie_a_2026,2026-05-09,15,Fluminense,Vitória,2,2,90,2,card,R. Felipe,True,yellow,,,,,,,
brasileirao_serie_a_2026,2026-05-09,15,Fluminense,Vitória,2,2,90,,goal,K. Serna,True,,,,,,,2,2
brasileirao_serie_a_2026,2026-05-09,15,Fluminense,Vitória,2,2,90,,injuryTime,,,,,,,,9,,
brasileirao_serie_a_2026,2026-05-09,15,Fluminense,Vitória,2,2,88,,substitution,,False,,,Ronald,G. Baralhas,,,,
brasileirao_serie_a_2026,2026-05-09,15,Fluminense,Vitória,2,2,88,,substitution,,False,,,Neris,N. Mendes,,,,
brasileirao_serie_a_2026,2026-05-09,15,Fluminense,Vitória,2,2,83,,substitution,,True,,,R. Felipe,J. Savarino,,,,
brasileirao_serie_a_2026,2026-05-09,15,Fluminense,Vitória,2,2,83,,substitution,,True,,,Guga,S. Xavier,,,,
brasileirao_serie_a_2026,2026-05-09,15,Fluminense,Vitória,2,2,82,,substitution,,False,,,R. López,Renê,,,,
brasileirao_serie_a_2026,2026-05-09,15,Fluminense,Vitória,2,2,82,,substitution,,False,,,J. Breno,Caique,,,,
brasileirao_serie_a_2026,2026-05-09,15,Fluminense,Vitória,2,2,76,,card,S. Xavier,True,yellow,,,,,,,
brasileirao_serie_a_2026,2026-05-09,15,Fluminense,Vitória,2,2,75,,substitution,,False,,,D. Tarzia,R. Kayzer,,,,
brasileirao_serie_a_2026,2026-05-09,15,Fluminense,Vitória,2,2,74,,substitution,,True,,,R. Castillo,Nonato,,,,
brasileirao_serie_a_2026,2026-05-09,15,Fluminense,Vitória,2,2,73,,substitution,,True,,,K. Serna,Y. Soteldo,,,,
brasileirao_serie_a_2026,2026-05-09,15,Fluminense,Vitória,2,2,73,,substitution,,True,,,Hércules,Alisson,,,,
brasileirao_serie_a_2026,2026-05-09,15,Fluminense,Vitória,2,2,73,,card,Ramon,False,yellow,,,,,,,
brasileirao_serie_a_2026,2026-05-09,15,Fluminense,Vitória,2,2,67,,goal,Renê,False,,,,,,,1,2
brasileirao_serie_a_2026,2026-05-09,15,Fluminense,Vitória,2,2,63,,goal,R. Kayzer,False,,,,,,,1,1
brasileirao_serie_a_2026,2026-05-09,15,Fluminense,Vitória,2,2,60,,card,Alisson,True,yellow,,,,,,,
brasileirao_serie_a_2026,2026-05-09,15,Fluminense,Vitória,2,2,59,,varDecision,L. Cândido,False,,,,,,,,
brasileirao_serie_a_2026,2026-05-09,15,Fluminense,Vitória,2,2,48,,card,R. Kayzer,False,yellow,,,,,,,
brasileirao_serie_a_2026,2026-05-09,15,Fluminense,Vitória,2,2,45,,period,,,,,,,HT,,1,0
brasileirao_serie_a_2026,2026-05-09,15,Fluminense,Vitória,2,2,45,,injuryTime,,,,,,,,4,,
brasileirao_serie_a_2026,2026-05-09,15,Fluminense,Vitória,2,2,36,,goal,John Kennedy,True,,,,,,,1,0
brasileirao_serie_a_2026,2026-05-09,15,Coritiba,Internacional,2,2,90,,period,,,,,,,FT,,2,2
brasileirao_serie_a_2026,2026-05-09,15,Coritiba,Internacional,2,2,90,6,goal,F. Torres,False,,,,,,,2,2
brasileirao_serie_a_2026,2026-05-09,15,Coritiba,Internacional,2,2,90,,injuryTime,,,,,,,,6,,
brasileirao_serie_a_2026,2026-05-09,15,Coritiba,Internacional,2,2,84,,goal,R. Moledo,True,,,,,,,2,1
brasileirao_serie_a_2026,2026-05-09,15,Coritiba,Internacional,2,2,83,,card,V. Gabriel,False,yellow,Foul,,,,,,
brasileirao_serie_a_2026,2026-05-09,15,Coritiba,Internacional,2,2,81,,substitution,,False,,,A. Patrick,J. Carbonero,,,,
brasileirao_serie_a_2026,2026-05-09,15,Coritiba,Internacional,2,2,81,,substitution,,False,,,T. Maia,B. Henrique,,,,
brasileirao_serie_a_2026,2026-05-09,15,Coritiba,Internacional,2,2,81,,substitution,,False,,,B. Tabata,Alerrandro,,,,
brasileirao_serie_a_2026,2026-05-09,15,Coritiba,Internacional,2,2,80,,substitution,,True,,,F. Sobral,F. Jonatan,,,,
brasileirao_serie_a_2026,2026-05-09,15,Coritiba,Internacional,2,2,80,,substitution,,True,,,Renato Marques,P. Rocha,,,,
brasileirao_serie_a_2026,2026-05-09,15,Coritiba,Internacional,2,2,75,,substitution,,True,,,Gustavo,Josué,,,,
brasileirao_serie_a_2026,2026-05-09,15,Coritiba,Internacional,2,2,69,,goal,R. Borré,False,,,,,,,1,1
brasileirao_serie_a_2026,2026-05-09,15,Coritiba,Internacional,2,2,64,,substitution,,True,,,R. Moledo,J. Lavega,,,,
brasileirao_serie_a_2026,2026-05-09,15,Coritiba,Internacional,2,2,64,,substitution,,True,,,Wallisson Luiz,V. Paulista,,,,
brasileirao_serie_a_2026,2026-05-09,15,Coritiba,Internacional,2,2,61,,substitution,,False,,,R. Borré,M. Bahia,,,,
brasileirao_serie_a_2026,2026-05-09,15,Coritiba,Internacional,2,2,46,,substitution,,False,,,Vitinho,Allex,,,,
brasileirao_serie_a_2026,2026-05-09,15,Coritiba,Internacional,2,2,45,,period,,,,,,,HT,,1,0
brasileirao_serie_a_2026,2026-05-09,15,Coritiba,Internacional,2,2,45,,card,F. Torres,False,yellow,Foul,,,,,,
brasileirao_serie_a_2026,2026-05-09,15,Coritiba,Internacional,2,2,45,,injuryTime,,,,,,,,4,,
brasileirao_serie_a_2026,2026-05-09,15,Coritiba,Internacional,2,2,29,,card,S. Rochet,False,yellow,Argument,,,,,,
brasileirao_serie_a_2026,2026-05-09,15,Coritiba,Internacional,2,2,28,,goal,J. Lavega,True,,,,,,,1,0
brasileirao_serie_a_2026,2026-05-09,15,Coritiba,Internacional,2,2,17,,card,L. Ronier,True,yellow,Argument,,,,,,
brasileirao_serie_a_2026,2026-05-09,15,Coritiba,Internacional,2,2,0,,card,F. Seabra,True,yellow,Argument,,,,,,
brasileirao_serie_a_2026,2026-05-03,14,Mirassol,Corinthians,2,1,90,,period,,,,,,,Second half,,2,1
brasileirao_serie_a_2026,2026-05-03,14,Mirassol,Corinthians,2,1,90,4,card,A. Luis,True,yellow,,,,,,,
brasileirao_serie_a_2026,2026-05-03,14,Mirassol,Corinthians,2,1,90,4,card,G. Paulista,False,yellow,,,,,,,
brasileirao_serie_a_2026,2026-05-03,14,Mirassol,Corinthians,2,1,90,,injuryTime,,,,,,,,6,,
brasileirao_serie_a_2026,2026-05-03,14,Mirassol,Corinthians,2,1,87,,card,Walter,True,yellow,,,,,,,
brasileirao_serie_a_2026,2026-05-03,14,Mirassol,Corinthians,2,1,87,,substitution,,True,,,Rodrigues,V. Luis,,,,
brasileirao_serie_a_2026,2026-05-03,14,Mirassol,Corinthians,2,1,86,,substitution,,True,,,Eduardo,Shaylon,,,,
brasileirao_serie_a_2026,2026-05-03,14,Mirassol,Corinthians,2,1,81,,substitution,,False,,,A. Santana,B. Bidon,,,,
brasileirao_serie_a_2026,2026-05-03,14,Mirassol,Corinthians,2,1,80,,goal,Dieguinho,False,,,,,,,2,1
brasileirao_serie_a_2026,2026-05-03,14,Mirassol,Corinthians,2,1,78,,card,N. Moura,True,yellow,,,,,,,
brasileirao_serie_a_2026,2026-05-03,14,Mirassol,Corinthians,2,1,76,,card,A. Galeano,True,yellow,,,,,,,
brasileirao_serie_a_2026,2026-05-03,14,Mirassol,Corinthians,2,1,74,,substitution,,False,,,Dieguinho,M. Pereira,,,,
brasileirao_serie_a_2026,2026-05-03,14,Mirassol,Corinthians,2,1,74,,substitution,,False,,,Z. Labyad,R. Garro,,,,
brasileirao_serie_a_2026,2026-05-03,14,Mirassol,Corinthians,2,1,74,,substitution,,False,,,P. Raul,Y. Alberto,,,,
brasileirao_serie_a_2026,2026-05-03,14,Mirassol,Corinthians,2,1,71,,substitution,,True,,,A. Luis,E. Carioca,,,,
brasileirao_serie_a_2026,2026-05-03,14,Mirassol,Corinthians,2,1,62,,substitution,,False,,,Kaio César,J. Lingard,,,,
brasileirao_serie_a_2026,2026-05-03,14,Mirassol,Corinthians,2,1,62,,substitution,,True,,,A. Galeano,C. Eduardo,,,,
brasileirao_serie_a_2026,2026-05-03,14,Mirassol,Corinthians,2,1,62,,substitution,,True,,,Yuri,Denilson,,,,
brasileirao_serie_a_2026,2026-05-03,14,Mirassol,Corinthians,2,1,45,,period,,,,,,,HT,,2,0
brasileirao_serie_a_2026,2026-05-03,14,Mirassol,Corinthians,2,1,45,,injuryTime,,,,,,,,4,,
brasileirao_serie_a_2026,2026-05-03,14,Mirassol,Corinthians,2,1,38,,card,Allan,False,yellow,,,,,,,
brasileirao_serie_a_2026,2026-05-03,14,Mirassol,Corinthians,2,1,33,,goal,E. Carioca,True,,,,,,,2,0
brasileirao_serie_a_2026,2026-05-03,14,Mirassol,Corinthians,2,1,23,,goal,C. Eduardo,True,,,,,,,1,0
brasileirao_serie_a_2026,2026-05-03,14,Mirassol,Corinthians,2,1,15,,card,E. Carioca,True,yellow,,,,,,,
brasileirao_serie_a_2026,2026-05-03,14,Mirassol,Corinthians,2,1,14,,varDecision,E. Carioca,True,,,,,,,,
brasileirao_serie_a_2026,2026-05-03,14,Internacional,Fluminense,2,0,90,,period,,,,,,,Second half,,2,0
brasileirao_serie_a_2026,2026-05-03,14,Internacional,Fluminense,2,0,90,,injuryTime,,,,,,,,5,,
brasileirao_serie_a_2026,2026-05-03,14,Internacional,Fluminense,2,0,89,,substitution,,True,,,Kayky,A. Bernabei,,,,
brasileirao_serie_a_2026,2026-05-03,14,Internacional,Fluminense,2,0,85,,substitution,,True,,,B. Aguirre,J. Carbonero,,,,
brasileirao_serie_a_2026,2026-05-03,14,Internacional,Fluminense,2,0,74,,substitution,,False,,,Hércules,Alisson,,,,
brasileirao_serie_a_2026,2026-05-03,14,Internacional,Fluminense,2,0,74,,substitution,,False,,,R. Castillo,Y. Soteldo,,,,
brasileirao_serie_a_2026,2026-05-03,14,Internacional,Fluminense,2,0,70,,substitution,,True,,,T. Maia,B. Henrique,,,,
brasileirao_serie_a_2026,2026-05-03,14,Internacional,Fluminense,2,0,70,,substitution,,True,,,R. Borré,Alerrandro,,,,
brasileirao_serie_a_2026,2026-05-03,14,Internacional,Fluminense,2,0,63,,substitution,,False,,,Nonato,F. Bernal,,,,
brasileirao_serie_a_2026,2026-05-03,14,Internacional,Fluminense,2,0,56,,card,K. Serna,False,yellow,,,,,,,
brasileirao_serie_a_2026,2026-05-03,14,Internacional,Fluminense,2,0,49,,goal,Alerrandro,True,,,,,,,2,0
brasileirao_serie_a_2026,2026-05-03,14,Internacional,Fluminense,2,0,46,,substitution,,False,,,J. Savarino,Jemmes,,,,
brasileirao_serie_a_2026,2026-05-03,14,Internacional,Fluminense,2,0,46,,substitution,,True,,,Vitinho,Allex,,,,
brasileirao_serie_a_2026,2026-05-03,14,Internacional,Fluminense,2,0,46,,substitution,,False,,,K. Serna,A. Canobbio,,,,
brasileirao_serie_a_2026,2026-05-03,14,Internacional,Fluminense,2,0,45,,period,,,,,,,HT,,1,0
brasileirao_serie_a_2026,2026-05-03,14,Internacional,Fluminense,2,0,45,,injuryTime,,,,,,,,6,,
brasileirao_serie_a_2026,2026-05-03,14,Internacional,Fluminense,2,0,44,,card,Alisson,False,yellow,,,,,,,
brasileirao_serie_a_2026,2026-05-03,14,Internacional,Fluminense,2,0,41,,card,B. Gomes,True,yellow,,,,,,,
brasileirao_serie_a_2026,2026-05-03,14,Internacional,Fluminense,2,0,39,,goal,A. Bernabei,True,,,,,,,1,0
brasileirao_serie_a_2026,2026-05-03,14,Internacional,Fluminense,2,0,31,,card,A. Bernabei,True,yellow,,,,,,,
brasileirao_serie_a_2026,2026-05-03,14,Internacional,Fluminense,2,0,27,,card,Jemmes,False,yellow,,,,,,,
brasileirao_serie_a_2026,2026-05-03,14,Internacional,Fluminense,2,0,18,,card,Allex,True,yellow,,,,,,,
brasileirao_serie_a_2026,2026-05-03,14,Internacional,Fluminense,2,0,14,,card,V. Gabriel,True,yellow,,,,,,,
brasileirao_serie_a_2026,2026-05-03,14,Chapecoense,Red Bull Bragantino,1,2,90,,period,,,,,,,Second half,,1,2
brasileirao_serie_a_2026,2026-05-03,14,Chapecoense,Red Bull Bragantino,1,2,90,5,card,E. Ramires,False,yellow,,,,,,,
brasileirao_serie_a_2026,2026-05-03,14,Chapecoense,Red Bull Bragantino,1,2,90,,injuryTime,,,,,,,,7,,
brasileirao_serie_a_2026,2026-05-03,14,Chapecoense,Red Bull Bragantino,1,2,86,,card,B. Leonardo,True,yellow,,,,,,,
brasileirao_serie_a_2026,2026-05-03,14,Chapecoense,Red Bull Bragantino,1,2,85,,substitution,,False,,,E. Ramires,J. Herrera,,,,
brasileirao_serie_a_2026,2026-05-03,14,Chapecoense,Red Bull Bragantino,1,2,84,,substitution,,False,,,B. d. Moraes,C. N. Santos,,,,
brasileirao_serie_a_2026,2026-05-03,14,Chapecoense,Red Bull Bragantino,1,2,84,,substitution,,True,,,J. Carlos,J. Vitor,,,,
brasileirao_serie_a_2026,2026-05-03,14,Chapecoense,Red Bull Bragantino,1,2,76,,substitution,,False,,,Fernando,E. Sasha,,,,
brasileirao_serie_a_2026,2026-05-03,14,Chapecoense,Red Bull Bragantino,1,2,75,,substitution,,True,,,G. Augusto,V. Caetano,,,,
brasileirao_serie_a_2026,2026-05-03,14,Chapecoense,Red Bull Bragantino,1,2,75,,substitution,,True,,,M. Vinícius,Everton,,,,
brasileirao_serie_a_2026,2026-05-03,14,Chapecoense,Red Bull Bragantino,1,2,75,,substitution,,True,,,Italo,Marcinho,,,,
brasileirao_serie_a_2026,2026-05-03,14,Chapecoense,Red Bull Bragantino,1,2,73,,goal,L. Barbosa,False,,,,,,,1,2
brasileirao_serie_a_2026,2026-05-03,14,Chapecoense,Red Bull Bragantino,1,2,68,,substitution,,False,,,G. Neves,I. Sosa,,,,
brasileirao_serie_a_2026,2026-05-03,14,Chapecoense,Red Bull Bragantino,1,2,45,,period,,,,,,,HT,,1,1
brasileirao_serie_a_2026,2026-05-03,14,Chapecoense,Red Bull Bragantino,1,2,45,,injuryTime,,,,,,,,7,,
brasileirao_serie_a_2026,2026-05-03,14,Chapecoense,Red Bull Bragantino,1,2,41,,goal,G. Girotto,False,,,,,,,1,1
brasileirao_serie_a_2026,2026-05-03,14,Chapecoense,Red Bull Bragantino,1,2,31,,varDecision,C. N. Santos,False,,,,,,,,
brasileirao_serie_a_2026,2026-05-03,14,Chapecoense,Red Bull Bragantino,1,2,30,,card,C. N. Santos,False,yellow,,,,,,,
brasileirao_serie_a_2026,2026-05-03,14,Chapecoense,Red Bull Bragantino,1,2,23,,goal,Y. Bolasie,True,,,,,,,1,0
brasileirao_serie_a_2026,2026-05-03,14,Chapecoense,Red Bull Bragantino,1,2,19,,substitution,,True,,,J. Paulo,R. Thyere,,,,
brasileirao_serie_a_2026,2026-05-03,14,Chapecoense,Red Bull Bragantino,1,2,7,,card,Ênio,True,yellow,,,,,,,
brasileirao_serie_a_2026,2026-05-03,14,São Paulo,Bahia,2,2,90,,period,,,,,,,Second half,,2,2
brasileirao_serie_a_2026,2026-05-03,14,São Paulo,Bahia,2,2,90,7,card,Erick,False,yellow,,,,,,,
brasileirao_serie_a_2026,2026-05-03,14,São Paulo,Bahia,2,2,90,7,goal,Erick,False,,,,,,,2,2
brasileirao_serie_a_2026,2026-05-03,14,São Paulo,Bahia,2,2,90,6,card,J. Calleri,True,yellow,,,,,,,
brasileirao_serie_a_2026,2026-05-03,14,São Paulo,Bahia,2,2,90,4,card,M. Sanabria,False,yellow,,,,,,,
brasileirao_serie_a_2026,2026-05-03,14,São Paulo,Bahia,2,2,90,,injuryTime,,,,,,,,7,,
brasileirao_serie_a_2026,2026-05-03,14,São Paulo,Bahia,2,2,85,,substitution,,True,,,,L. Moura,,,,
brasileirao_serie_a_2026,2026-05-03,14,São Paulo,Bahia,2,2,82,,substitution,,False,,,M. Araújo,J. Lucas,,,,
brasileirao_serie_a_2026,2026-05-03,14,São Paulo,Bahia,2,2,82,,substitution,,False,,,R. Nestor,E. Ribeiro,,,,
brasileirao_serie_a_2026,2026-05-03,14,São Paulo,Bahia,2,2,82,,substitution,,False,,,Ademir,E. Pulga,,,,
brasileirao_serie_a_2026,2026-05-03,14,São Paulo,Bahia,2,2,81,,card,E. Díaz,True,yellow,,,,,,,
brasileirao_serie_a_2026,2026-05-03,14,São Paulo,Bahia,2,2,73,,goal,Ferreira,True,,,,,,,2,1
brasileirao_serie_a_2026,2026-05-03,14,São Paulo,Bahia,2,2,71,,substitution,,True,,,Ferreira,Luciano,,,,
brasileirao_serie_a_2026,2026-05-03,14,São Paulo,Bahia,2,2,71,,substitution,,True,,,Luan,Danielzinho,,,,
brasileirao_serie_a_2026,2026-05-03,14,São Paulo,Bahia,2,2,71,,substitution,,True,,,E. Díaz,Wendell,,,,
brasileirao_serie_a_2026,2026-05-03,14,São Paulo,Bahia,2,2,63,,substitution,,True,,,L. Moura,Cauly,,,,
brasileirao_serie_a_2026,2026-05-03,14,São Paulo,Bahia,2,2,62,,goal,L. Juba,False,,,,,,,1,1
brasileirao_serie_a_2026,2026-05-03,14,São Paulo,Bahia,2,2,56,,substitution,,False,,,M. Sanabria,C. Olivera,,,,
brasileirao_serie_a_2026,2026-05-03,14,São Paulo,Bahia,2,2,50,,substitution,,True,,,C. Soares,L. Ramon,,,,
brasileirao_serie_a_2026,2026-05-03,14,São Paulo,Bahia,2,2,45,,period,,,,,,,HT,,1,0
brasileirao_serie_a_2026,2026-05-03,14,São Paulo,Bahia,2,2,45,,card,D. Bobadilla,True,yellow,,,,,,,
brasileirao_serie_a_2026,2026-05-03,14,São Paulo,Bahia,2,2,45,,injuryTime,,,,,,,,2,,
brasileirao_serie_a_2026,2026-05-03,14,São Paulo,Bahia,2,2,41,,card,N. Acevedo,False,yellow,,,,,,,
brasileirao_serie_a_2026,2026-05-03,14,São Paulo,Bahia,2,2,17,,goal,Artur,True,,,,,,,1,0
brasileirao_serie_a_2026,2026-05-03,14,Flamengo,Vasco da Gama,2,2,90,,period,,,,,,,Second half,,2,2
brasileirao_serie_a_2026,2026-05-03,14,Flamengo,Vasco da Gama,2,2,90,7,goal,H. Moura,False,,,,,,,2,2
brasileirao_serie_a_2026,2026-05-03,14,Flamengo,Vasco da Gama,2,2,90,1,substitution,,True,,,Wallace,Pedro,,,,
brasileirao_serie_a_2026,2026-05-03,14,Flamengo,Vasco da Gama,2,2,90,,injuryTime,,,,,,,,7,,
brasileirao_serie_a_2026,2026-05-03,14,Flamengo,Vasco da Gama,2,2,85,,card,A. Sandro,True,yellow,,,,,,,
brasileirao_serie_a_2026,2026-05-03,14,Flamengo,Vasco da Gama,2,2,84,,goal,R. Renan,False,,,,,,,2,1
brasileirao_serie_a_2026,2026-05-03,14,Flamengo,Vasco da Gama,2,2,82,,substitution,,True,,,S. Ñíguez,Jorginho,,,,
brasileirao_serie_a_2026,2026-05-03,14,Flamengo,Vasco da Gama,2,2,81,,substitution,,False,,,H. Moura,C. Barros,,,,
brasileirao_serie_a_2026,2026-05-03,14,Flamengo,Vasco da Gama,2,2,76,,substitution,,False,,,N. Moreira,J. Rojas,,,,
brasileirao_serie_a_2026,2026-05-03,14,Flamengo,Vasco da Gama,2,2,69,,substitution,,True,,,N. De la Cruz,L. Araújo,,,,
brasileirao_serie_a_2026,2026-05-03,14,Flamengo,Vasco da Gama,2,2,69,,substitution,,True,,,B. Pinto,S. Lino,,,,
brasileirao_serie_a_2026,2026-05-03,14,Flamengo,Vasco da Gama,2,2,65,,substitution,,False,,,Adson,Brenner,,,,
brasileirao_serie_a_2026,2026-05-03,14,Flamengo,Vasco da Gama,2,2,65,,substitution,,False,,,C. Spinelli,P. Henrique,,,,
brasileirao_serie_a_2026,2026-05-03,14,Flamengo,Vasco da Gama,2,2,65,,substitution,,False,,,A. Gómez,David,,,,
brasileirao_serie_a_2026,2026-05-03,14,Flamengo,Vasco da Gama,2,2,60,,goal,Jorginho,True,,,,,,,2,0
brasileirao_serie_a_2026,2026-05-03,14,Flamengo,Vasco da Gama,2,2,59,,card,P. Henrique,False,yellow,,,,,,,
brasileirao_serie_a_2026,2026-05-03,14,Flamengo,Vasco da Gama,2,2,57,,varDecision,Pedro,True,,,,,,,,
brasileirao_serie_a_2026,2026-05-03,14,Flamengo,Vasco da Gama,2,2,52,,card,C. Cuesta,False,yellow,,,,,,,
brasileirao_serie_a_2026,2026-05-03,14,Flamengo,Vasco da Gama,2,2,45,,period,,,,,,,HT,,1,0
brasileirao_serie_a_2026,2026-05-03,14,Flamengo,Vasco da Gama,2,2,45,2,card,C. Barros,False,yellow,,,,,,,
brasileirao_serie_a_2026,2026-05-03,14,Flamengo,Vasco da Gama,2,2,45,1,card,G. Plata,True,yellow,,,,,,,
brasileirao_serie_a_2026,2026-05-03,14,Flamengo,Vasco da Gama,2,2,45,,injuryTime,,,,,,,,2,,
brasileirao_serie_a_2026,2026-05-03,14,Flamengo,Vasco da Gama,2,2,41,,card,L. Pereira,True,yellow,,,,,,,
brasileirao_serie_a_2026,2026-05-03,14,Flamengo,Vasco da Gama,2,2,8,,goal,Pedro,True,,,,,,,1,0
brasileirao_serie_a_2026,2026-05-03,14,Cruzeiro,Atlético Mineiro,1,3,90,,period,,,,,,,Second half,,1,3
brasileirao_serie_a_2026,2026-05-03,14,Cruzeiro,Atlético Mineiro,1,3,90,,injuryTime,,,,,,,,7,,
brasileirao_serie_a_2026,2026-05-03,14,Cruzeiro,Atlético Mineiro,1,3,88,,substitution,,False,,,T. Pérez,Maycon,,,,
brasileirao_serie_a_2026,2026-05-03,14,Cruzeiro,Atlético Mineiro,1,3,88,,substitution,,False,,,C. C. Soares,M. Cassierra,,,,
brasileirao_serie_a_2026,2026-05-03,14,Cruzeiro,Atlético Mineiro,1,3,86,,goal,K. Jorge,True,,,,,,,1,3
brasileirao_serie_a_2026,2026-05-03,14,Cruzeiro,Atlético Mineiro,1,3,84,,card,J. Alonso,False,yellow,,,,,,,
brasileirao_serie_a_2026,2026-05-03,14,Cruzeiro,Atlético Mineiro,1,3,79,,card,Lyanco,False,yellowRed,,,,,,,
brasileirao_serie_a_2026,2026-05-03,14,Cruzeiro,Atlético Mineiro,1,3,78,,substitution,,True,,,M. Henrique,M. Pereira,,,,
brasileirao_serie_a_2026,2026-05-03,14,Cruzeiro,Atlético Mineiro,1,3,78,,substitution,,True,,,J. Marcelo,Gerson,,,,
brasileirao_serie_a_2026,2026-05-03,14,Cruzeiro,Atlético Mineiro,1,3,77,,substitution,,False,,,K. P. Resende,Bernard,,,,
brasileirao_serie_a_2026,2026-05-03,14,Cruzeiro,Atlético Mineiro,1,3,75,,card,Kaiki,True,red,,,,,,,
brasileirao_serie_a_2026,2026-05-03,14,Cruzeiro,Atlético Mineiro,1,3,75,,varDecision,Kaiki,True,,,,,,,,
brasileirao_serie_a_2026,2026-05-03,14,Cruzeiro,Atlético Mineiro,1,3,72,,card,M. Pereira,True,yellow,,,,,,,
brasileirao_serie_a_2026,2026-05-03,14,Cruzeiro,Atlético Mineiro,1,3,72,,card,Reinier,False,yellow,,,,,,,
brasileirao_serie_a_2026,2026-05-03,14,Cruzeiro,Atlético Mineiro,1,3,72,,goal,M. Cassierra,False,,,,,,,0,3
brasileirao_serie_a_2026,2026-05-03,14,Cruzeiro,Atlético Mineiro,1,3,69,,card,M. Cassierra,False,yellow,,,,,,,
brasileirao_serie_a_2026,2026-05-03,14,Cruzeiro,Atlético Mineiro,1,3,66,,card,K. Arroyo,True,yellowRed,,,,,,,
brasileirao_serie_a_2026,2026-05-03,14,Cruzeiro,Atlético Mineiro,1,3,65,,substitution,,False,,,Reinier,A. Minda,,,,
brasileirao_serie_a_2026,2026-05-03,14,Cruzeiro,Atlético Mineiro,1,3,64,,card,K. Arroyo,True,yellow,,,,,,,
brasileirao_serie_a_2026,2026-05-03,14,Cruzeiro,Atlético Mineiro,1,3,62,,substitution,,True,,,Wanderson,Christian,,,,
brasileirao_serie_a_2026,2026-05-03,14,Cruzeiro,Atlético Mineiro,1,3,62,,substitution,,True,,,B. Rodrigues,L. Romero,,,,
brasileirao_serie_a_2026,2026-05-03,14,Cruzeiro,Atlético Mineiro,1,3,56,,card,Christian,True,yellow,,,,,,,
brasileirao_serie_a_2026,2026-05-03,14,Cruzeiro,Atlético Mineiro,1,3,56,,card,Lyanco,False,yellow,,,,,,,
brasileirao_serie_a_2026,2026-05-03,14,Cruzeiro,Atlético Mineiro,1,3,45,,period,,,,,,,HT,,0,2
brasileirao_serie_a_2026,2026-05-03,14,Cruzeiro,Atlético Mineiro,1,3,45,2,card,A. Franco,False,yellow,,,,,,,
brasileirao_serie_a_2026,2026-05-03,14,Cruzeiro,Atlético Mineiro,1,3,45,,injuryTime,,,,,,,,7,,
brasileirao_serie_a_2026,2026-05-03,14,Cruzeiro,Atlético Mineiro,1,3,40,,substitution,,True,,,N. Villarreal,K. Moraes,,,,
brasileirao_serie_a_2026,2026-05-03,14,Cruzeiro,Atlético Mineiro,1,3,32,,goal,Maycon,False,,,,,,,0,2
brasileirao_serie_a_2026,2026-05-03,14,Cruzeiro,Atlético Mineiro,1,3,30,,varDecision,A. Minda,False,,,,,,,,
brasileirao_serie_a_2026,2026-05-03,14,Cruzeiro,Atlético Mineiro,1,3,12,,goal,A. Minda,False,,,,,,,0,1
brasileirao_serie_a_2026,2026-05-03,14,Cruzeiro,Atlético Mineiro,1,3,5,,card,Ruan,False,yellow,,,,,,,
brasileirao_serie_a_2026,2026-05-02,14,Athletico,Grêmio,0,0,90,,period,,,,,,,FT,,0,0
brasileirao_serie_a_2026,2026-05-02,14,Athletico,Grêmio,0,0,90,,injuryTime,,,,,,,,6,,
brasileirao_serie_a_2026,2026-05-02,14,Athletico,Grêmio,0,0,84,,card,Riquelme,False,yellowRed,Argument,,,,,,
brasileirao_serie_a_2026,2026-05-02,14,Athletico,Grêmio,0,0,84,,card,G. Benavídez,True,yellow,Argument,,,,,,
brasileirao_serie_a_2026,2026-05-02,14,Athletico,Grêmio,0,0,72,,card,Riquelme,False,yellow,Foul,,,,,,
brasileirao_serie_a_2026,2026-05-02,14,Athletico,Grêmio,0,0,65,,substitution,,False,,,Tetê,M. Braithwaite,,,,
brasileirao_serie_a_2026,2026-05-02,14,Athletico,Grêmio,0,0,64,,substitution,,True,,,D. Riquelme,J. Portilla,,,,
brasileirao_serie_a_2026,2026-05-02,14,Athletico,Grêmio,0,0,63,,substitution,,True,,,Dudu,Bruninho,,,,
brasileirao_serie_a_2026,2026-05-02,14,Athletico,Grêmio,0,0,51,,substitution,,False,,,Willian,J. Nardoni,,,,
brasileirao_serie_a_2026,2026-05-02,14,Athletico,Grêmio,0,0,46,,substitution,,False,,,Riquelme,G. Mec,,,,
brasileirao_serie_a_2026,2026-05-02,14,Athletico,Grêmio,0,0,46,,substitution,,False,,,A. Henrique,J. Enamorado,,,,
brasileirao_serie_a_2026,2026-05-02,14,Athletico,Grêmio,0,0,45,,period,,,,,,,HT,,0,0
brasileirao_serie_a_2026,2026-05-02,14,Athletico,Grêmio,0,0,45,,injuryTime,,,,,,,,7,,
brasileirao_serie_a_2026,2026-05-02,14,Athletico,Grêmio,0,0,35,,substitution,,True,,,Leonardo Derik,J. Cruz,,,,
brasileirao_serie_a_2026,2026-05-02,14,Athletico,Grêmio,0,0,33,,card,L. Esquivel,True,red,Violent conduct,,,,,,
brasileirao_serie_a_2026,2026-05-02,14,Athletico,Grêmio,0,0,31,,varDecision,L. Esquivel,True,,,,,,,,
brasileirao_serie_a_2026,2026-05-02,14,Athletico,Grêmio,0,0,20,,card,K. Viveros,True,yellow,Foul,,,,,,
brasileirao_serie_a_2026,2026-05-02,14,Athletico,Grêmio,0,0,0,,card,V. Severino,False,yellow,Argument,,,,,,
brasileirao_serie_a_2026,2026-05-02,14,Athletico,Grêmio,0,0,0,,card,O. Hellmann,True,yellow,Argument,,,,,,
brasileirao_serie_a_2026,2026-05-02,14,Vitória,Coritiba,4,1,90,,period,,,,,,,Second half,,4,1
brasileirao_serie_a_2026,2026-05-02,14,Vitória,Coritiba,4,1,86,,card,Renê,True,yellow,,,,,,,
brasileirao_serie_a_2026,2026-05-02,14,Vitória,Coritiba,4,1,79,,substitution,,True,,,Marinho,Erick,,,,
brasileirao_serie_a_2026,2026-05-02,14,Vitória,Coritiba,4,1,75,,substitution,,True,,,Neris,Cacá,,,,
brasileirao_serie_a_2026,2026-05-02,14,Vitória,Coritiba,4,1,75,,substitution,,False,,,Gustavo,Josué,,,,
brasileirao_serie_a_2026,2026-05-02,14,Vitória,Coritiba,4,1,64,,substitution,,True,,,Edenílson,Z. Vitor,,,,
brasileirao_serie_a_2026,2026-05-02,14,Vitória,Coritiba,4,1,64,,substitution,,True,,,Ronald,Caique,,,,
brasileirao_serie_a_2026,2026-05-02,14,Vitória,Coritiba,4,1,63,,substitution,,False,,,J.P. Chermont,L. Ronier,,,,
brasileirao_serie_a_2026,2026-05-02,14,Vitória,Coritiba,4,1,63,,substitution,,False,,,V. Paulista,S. Gomez,,,,
brasileirao_serie_a_2026,2026-05-02,14,Vitória,Coritiba,4,1,63,,substitution,,False,,,Renato Marques,P. Rocha,,,,
brasileirao_serie_a_2026,2026-05-02,14,Vitória,Coritiba,4,1,61,,goal,Erick,True,,,,,,,4,1
brasileirao_serie_a_2026,2026-05-02,14,Vitória,Coritiba,4,1,55,,goal,D. Tarzia,True,,,,,,,3,1
brasileirao_serie_a_2026,2026-05-02,14,Vitória,Coritiba,4,1,46,,card,Z. Vitor,True,yellow,,,,,,,
brasileirao_serie_a_2026,2026-05-02,14,Vitória,Coritiba,4,1,46,,substitution,,True,,,D. Tarzia,Matheuzinho,,,,
brasileirao_serie_a_2026,2026-05-02,14,Vitória,Coritiba,4,1,45,,period,,,,,,,HT,,2,1
brasileirao_serie_a_2026,2026-05-02,14,Vitória,Coritiba,4,1,45,3,goal,P. Rocha,False,,,,,,,2,1
brasileirao_serie_a_2026,2026-05-02,14,Vitória,Coritiba,4,1,45,,injuryTime,,,,,,,,4,,
brasileirao_serie_a_2026,2026-05-02,14,Vitória,Coritiba,4,1,32,,card,Matheuzinho,True,yellow,,,,,,,
brasileirao_serie_a_2026,2026-05-02,14,Vitória,Coritiba,4,1,28,,goal,Z. Vitor,True,,,,,,,2,0
brasileirao_serie_a_2026,2026-05-02,14,Vitória,Coritiba,4,1,26,,card,T. Cóser,False,red,,,,,,,
brasileirao_serie_a_2026,2026-05-02,14,Vitória,Coritiba,4,1,23,,card,T. Santos,False,yellow,,,,,,,
brasileirao_serie_a_2026,2026-05-02,14,Vitória,Coritiba,4,1,15,,goal,Renê,True,,,,,,,1,0
brasileirao_serie_a_2026,2026-05-02,14,Palmeiras,Santos,1,1,90,,period,,,,,,,FT,,1,1
brasileirao_serie_a_2026,2026-05-02,14,Palmeiras,Santos,1,1,90,9,card,L. F. Pacheco,True,yellow,,,,,,,
brasileirao_serie_a_2026,2026-05-02,14,Palmeiras,Santos,1,1,90,,varDecision,J. Arias,True,,,,,,,,
brasileirao_serie_a_2026,2026-05-02,14,Palmeiras,Santos,1,1,90,,injuryTime,,,,,,,,6,,
brasileirao_serie_a_2026,2026-05-02,14,Palmeiras,Santos,1,1,86,,substitution,,False,,,Z. Rafael,G. Bontempo,,,,
brasileirao_serie_a_2026,2026-05-02,14,Palmeiras,Santos,1,1,86,,substitution,,False,,,M. Xavier,B. Rollheiser,,,,
brasileirao_serie_a_2026,2026-05-02,14,Palmeiras,Santos,1,1,81,,substitution,,False,,,Rony,G. Barbosa,,,,
brasileirao_serie_a_2026,2026-05-02,14,Palmeiras,Santos,1,1,81,,substitution,,False,,,Moisés,Á. Barreal,,,,
brasileirao_serie_a_2026,2026-05-02,14,Palmeiras,Santos,1,1,80,,substitution,,True,,,E. Martínez,G. Gómez,,,,
brasileirao_serie_a_2026,2026-05-02,14,Palmeiras,Santos,1,1,74,,substitution,,True,,,L. F. Pacheco,A. Pereira,,,,
brasileirao_serie_a_2026,2026-05-02,14,Palmeiras,Santos,1,1,74,,substitution,,True,,,Paulinho,Mauricio,,,,
brasileirao_serie_a_2026,2026-05-02,14,Palmeiras,Santos,1,1,68,,substitution,,False,,,Willian Arão,C. Oliva,,,,
brasileirao_serie_a_2026,2026-05-02,14,Palmeiras,Santos,1,1,64,,goal,J. López,True,,,,,,,1,1
brasileirao_serie_a_2026,2026-05-02,14,Palmeiras,Santos,1,1,60,,substitution,,True,,,R. Sosa,L. Evangelista,,,,
brasileirao_serie_a_2026,2026-05-02,14,Palmeiras,Santos,1,1,46,,substitution,,True,,,Allan,Khellven,,,,
brasileirao_serie_a_2026,2026-05-02,14,Palmeiras,Santos,1,1,45,,period,,,,,,,HT,,0,1
brasileirao_serie_a_2026,2026-05-02,14,Palmeiras,Santos,1,1,45,,injuryTime,,,,,,,,3,,
brasileirao_serie_a_2026,2026-05-02,14,Palmeiras,Santos,1,1,32,,card,G. Brazão,False,yellow,,,,,,,
brasileirao_serie_a_2026,2026-05-02,14,Palmeiras,Santos,1,1,26,,goal,B. Rollheiser,False,,,,,,,0,1
brasileirao_serie_a_2026,2026-05-02,14,Botafogo,Remo,1,2,90,,period,,,,,,,Second half,,1,2
brasileirao_serie_a_2026,2026-05-02,14,Botafogo,Remo,1,2,90,3,goal,Jajá,False,,,,,,,1,2
brasileirao_serie_a_2026,2026-05-02,14,Botafogo,Remo,1,2,90,1,substitution,,False,,,D. Braga,Mayk,,,,
brasileirao_serie_a_2026,2026-05-02,14,Botafogo,Remo,1,2,90,1,substitution,,False,,,G. Poveda,A. Manga,,,,
brasileirao_serie_a_2026,2026-05-02,14,Botafogo,Remo,1,2,90,1,substitution,,False,,,M. Alexandre,Marcelinho,,,,
brasileirao_serie_a_2026,2026-05-02,14,Botafogo,Remo,1,2,90,,injuryTime,,,,,,,,7,,
brasileirao_serie_a_2026,2026-05-02,14,Botafogo,Remo,1,2,88,,card,L. Picco,False,yellow,,,,,,,
brasileirao_serie_a_2026,2026-05-02,14,Botafogo,Remo,1,2,85,,substitution,,False,,,Jaderson,Zé Ricardo,,,,
brasileirao_serie_a_2026,2026-05-02,14,Botafogo,Remo,1,2,80,,substitution,,True,,,J. Correa,Allan,,,,
brasileirao_serie_a_2026,2026-05-02,14,Botafogo,Remo,1,2,77,,substitution,,True,,,J. Santos,Á. Montoro,,,,
brasileirao_serie_a_2026,2026-05-02,14,Botafogo,Remo,1,2,72,,substitution,,False,,,L. Picco,Zé Welison,,,,
brasileirao_serie_a_2026,2026-05-02,14,Botafogo,Remo,1,2,70,,goal,A. Manga,False,,,,,,,1,1
brasileirao_serie_a_2026,2026-05-02,14,Botafogo,Remo,1,2,63,,substitution,,True,,,Marçal,A. Telles,,,,
brasileirao_serie_a_2026,2026-05-02,14,Botafogo,Remo,1,2,63,,substitution,,True,,,Allan,C. Medina,,,,
brasileirao_serie_a_2026,2026-05-02,14,Botafogo,Remo,1,2,49,,card,D. Oliveira,True,yellow,,,,,,,
brasileirao_serie_a_2026,2026-05-02,14,Botafogo,Remo,1,2,46,,substitution,,True,,,Edenilson,K. Barría,,,,
brasileirao_serie_a_2026,2026-05-02,14,Botafogo,Remo,1,2,45,,period,,,,,,,HT,,1,0
brasileirao_serie_a_2026,2026-05-02,14,Botafogo,Remo,1,2,45,1,card,D. Tchamba,False,yellow,,,,,,,
brasileirao_serie_a_2026,2026-05-02,14,Botafogo,Remo,1,2,45,,injuryTime,,,,,,,,4,,
brasileirao_serie_a_2026,2026-05-02,14,Botafogo,Remo,1,2,37,,card,Vitinho,True,yellow,,,,,,,
brasileirao_serie_a_2026,2026-05-02,14,Botafogo,Remo,1,2,13,,goal,N. Ferraresi,True,,,,,,,1,0
brasileirao_serie_a_2026,2026-04-26,13,Fluminense,Chapecoense,2,1,90,,period,,,,,,,Second half,,2,1
brasileirao_serie_a_2026,2026-04-26,13,Fluminense,Chapecoense,2,1,90,,card,Ganso,True,yellow,,,,,,,
brasileirao_serie_a_2026,2026-04-26,13,Fluminense,Chapecoense,2,1,90,,card,E. Doma,False,red,,,,,,,
brasileirao_serie_a_2026,2026-04-26,13,Fluminense,Chapecoense,2,1,90,,card,J. Vitor,False,yellow,,,,,,,
brasileirao_serie_a_2026,2026-04-26,13,Fluminense,Chapecoense,2,1,90,,substitution,,True,,,Ignácio,Guga,,,,
brasileirao_serie_a_2026,2026-04-26,13,Fluminense,Chapecoense,2,1,90,,injuryTime,,,,,,,,6,,
brasileirao_serie_a_2026,2026-04-26,13,Fluminense,Chapecoense,2,1,87,,substitution,,False,,,N. Pessoa,R. Thyere,,,,
brasileirao_serie_a_2026,2026-04-26,13,Fluminense,Chapecoense,2,1,86,,goal,John Kennedy,True,,,,,,,2,1
brasileirao_serie_a_2026,2026-04-26,13,Fluminense,Chapecoense,2,1,81,,card,Ênio,False,yellow,,,,,,,
brasileirao_serie_a_2026,2026-04-26,13,Fluminense,Chapecoense,2,1,79,,substitution,,True,,,Ganso,F. Bernal,,,,
brasileirao_serie_a_2026,2026-04-26,13,Fluminense,Chapecoense,2,1,79,,substitution,,True,,,John Kennedy,A. Canobbio,,,,
brasileirao_serie_a_2026,2026-04-26,13,Fluminense,Chapecoense,2,1,79,,substitution,,True,,,Alisson,Hércules,,,,
brasileirao_serie_a_2026,2026-04-26,13,Fluminense,Chapecoense,2,1,78,,goal,Ênio,False,,,,,,,1,1
brasileirao_serie_a_2026,2026-04-26,13,Fluminense,Chapecoense,2,1,71,,card,E. Doma,False,yellow,,,,,,,
brasileirao_serie_a_2026,2026-04-26,13,Fluminense,Chapecoense,2,1,70,,substitution,,False,,,J. Vitor,H. Meritão,,,,
brasileirao_serie_a_2026,2026-04-26,13,Fluminense,Chapecoense,2,1,70,,substitution,,False,,,Ênio,J. Carlos,,,,
brasileirao_serie_a_2026,2026-04-26,13,Fluminense,Chapecoense,2,1,60,,card,J. Carlos,False,yellow,,,,,,,
brasileirao_serie_a_2026,2026-04-26,13,Fluminense,Chapecoense,2,1,56,,goal,J. Savarino,True,,,,,,,1,0
brasileirao_serie_a_2026,2026-04-26,13,Fluminense,Chapecoense,2,1,54,,varDecision,F. Bernal,True,,,,,,,,
brasileirao_serie_a_2026,2026-04-26,13,Fluminense,Chapecoense,2,1,46,,substitution,,False,,,R. Carvalheira,W. Clar,,,,
brasileirao_serie_a_2026,2026-04-26,13,Fluminense,Chapecoense,2,1,46,,substitution,,True,,,Y. Soteldo,K. Serna,,,,
brasileirao_serie_a_2026,2026-04-26,13,Fluminense,Chapecoense,2,1,45,,period,,,,,,,HT,,0,0
brasileirao_serie_a_2026,2026-04-26,13,Fluminense,Chapecoense,2,1,45,,injuryTime,,,,,,,,3,,
brasileirao_serie_a_2026,2026-04-26,13,Fluminense,Chapecoense,2,1,34,,substitution,,False,,,Everton,M. Vinícius,,,,
brasileirao_serie_a_2026,2026-04-26,13,Atlético Mineiro,Flamengo,0,4,90,,period,,,,,,,FT,,0,4
brasileirao_serie_a_2026,2026-04-26,13,Atlético Mineiro,Flamengo,0,4,90,,injuryTime,,,,,,,,3,,
brasileirao_serie_a_2026,2026-04-26,13,Atlético Mineiro,Flamengo,0,4,86,,substitution,,False,,,Vitão,L. Pereira,,,,
brasileirao_serie_a_2026,2026-04-26,13,Atlético Mineiro,Flamengo,0,4,86,,varDecision,Pedro,False,,,,,,,,
brasileirao_serie_a_2026,2026-04-26,13,Atlético Mineiro,Flamengo,0,4,84,,goal,Pedro,False,,,,,,,0,4
brasileirao_serie_a_2026,2026-04-26,13,Atlético Mineiro,Flamengo,0,4,82,,substitution,,False,,,A. Lucas,A. Sandro,,,,
brasileirao_serie_a_2026,2026-04-26,13,Atlético Mineiro,Flamengo,0,4,82,,substitution,,False,,,B. Pinto,G. de Arrascaeta,,,,
brasileirao_serie_a_2026,2026-04-26,13,Atlético Mineiro,Flamengo,0,4,74,,substitution,,True,,,Dudu,T. Cuello,,,,
brasileirao_serie_a_2026,2026-04-26,13,Atlético Mineiro,Flamengo,0,4,74,,substitution,,True,,,G. Scarpa,Maycon,,,,
brasileirao_serie_a_2026,2026-04-26,13,Atlético Mineiro,Flamengo,0,4,73,,substitution,,False,,,S. Ñíguez,Jorginho,,,,
brasileirao_serie_a_2026,2026-04-26,13,Atlético Mineiro,Flamengo,0,4,73,,substitution,,False,,,L. Araújo,S. Lino,,,,
brasileirao_serie_a_2026,2026-04-26,13,Atlético Mineiro,Flamengo,0,4,48,,card,T. Pérez,True,yellow,,,,,,,
brasileirao_serie_a_2026,2026-04-26,13,Atlético Mineiro,Flamengo,0,4,46,,substitution,,True,,,T. Pérez,A. Franco,,,,
brasileirao_serie_a_2026,2026-04-26,13,Atlético Mineiro,Flamengo,0,4,46,,substitution,,True,,,A. Minda,Bernard,,,,
brasileirao_serie_a_2026,2026-04-26,13,Atlético Mineiro,Flamengo,0,4,45,,period,,,,,,,HT,,0,3
brasileirao_serie_a_2026,2026-04-26,13,Atlético Mineiro,Flamengo,0,4,45,3,card,S. Lino,False,yellow,,,,,,,
brasileirao_serie_a_2026,2026-04-26,13,Atlético Mineiro,Flamengo,0,4,45,1,goal,G. de Arrascaeta,False,,,,,,,0,3
brasileirao_serie_a_2026,2026-04-26,13,Atlético Mineiro,Flamengo,0,4,45,,injuryTime,,,,,,,,3,,
brasileirao_serie_a_2026,2026-04-26,13,Atlético Mineiro,Flamengo,0,4,31,,goal,G. Plata,False,,,,,,,0,2
brasileirao_serie_a_2026,2026-04-26,13,Atlético Mineiro,Flamengo,0,4,26,,card,G. Varela,False,yellow,,,,,,,
brasileirao_serie_a_2026,2026-04-26,13,Atlético Mineiro,Flamengo,0,4,8,,goal,Pedro,False,,,,,,,0,1
brasileirao_serie_a_2026,2026-04-26,13,Red Bull Bragantino,Palmeiras,0,1,90,,period,,,,,,,FT,,0,1
brasileirao_serie_a_2026,2026-04-26,13,Red Bull Bragantino,Palmeiras,0,1,90,,injuryTime,,,,,,,,8,,
brasileirao_serie_a_2026,2026-04-26,13,Red Bull Bragantino,Palmeiras,0,1,88,,substitution,,True,,,I. Sosa,G. Girotto,,,,
brasileirao_serie_a_2026,2026-04-26,13,Red Bull Bragantino,Palmeiras,0,1,88,,substitution,,True,,,G. Neves,J. A. Hurtado,,,,
brasileirao_serie_a_2026,2026-04-26,13,Red Bull Bragantino,Palmeiras,0,1,86,,substitution,,False,,,Khellven,J. Arias,,,,
brasileirao_serie_a_2026,2026-04-26,13,Red Bull Bragantino,Palmeiras,0,1,86,,substitution,,False,,,E. Martínez,R. Sosa,,,,
brasileirao_serie_a_2026,2026-04-26,13,Red Bull Bragantino,Palmeiras,0,1,78,,card,A. Giay,False,yellow,,,,,,,
brasileirao_serie_a_2026,2026-04-26,13,Red Bull Bragantino,Palmeiras,0,1,75,,substitution,,False,,,L. Evangelista,A. Pereira,,,,
brasileirao_serie_a_2026,2026-04-26,13,Red Bull Bragantino,Palmeiras,0,1,64,,card,F. Anderson,False,yellow,,,,,,,
brasileirao_serie_a_2026,2026-04-26,13,Red Bull Bragantino,Palmeiras,0,1,61,,substitution,,True,,,J. Herrera,H. Mosquera,,,,
brasileirao_serie_a_2026,2026-04-26,13,Red Bull Bragantino,Palmeiras,0,1,61,,substitution,,True,,,Rodriguinho,E. Sasha,,,,
brasileirao_serie_a_2026,2026-04-26,13,Red Bull Bragantino,Palmeiras,0,1,61,,substitution,,True,,,Vinicinho,M. Fernandes,,,,
brasileirao_serie_a_2026,2026-04-26,13,Red Bull Bragantino,Palmeiras,0,1,58,,substitution,,False,,,F. Anderson,Allan,,,,
brasileirao_serie_a_2026,2026-04-26,13,Red Bull Bragantino,Palmeiras,0,1,58,,substitution,,False,,,Mauricio,J. López,,,,
brasileirao_serie_a_2026,2026-04-26,13,Red Bull Bragantino,Palmeiras,0,1,45,,period,,,,,,,HT,,0,1
brasileirao_serie_a_2026,2026-04-26,13,Red Bull Bragantino,Palmeiras,0,1,45,,card,J. Capixaba,True,yellow,,,,,,,
brasileirao_serie_a_2026,2026-04-26,13,Red Bull Bragantino,Palmeiras,0,1,45,,injuryTime,,,,,,,,3,,
brasileirao_serie_a_2026,2026-04-26,13,Red Bull Bragantino,Palmeiras,0,1,21,,goal,J. López,False,,,,,,,0,1
brasileirao_serie_a_2026,2026-04-26,13,Athletico,Vitória,3,1,90,,period,,,,,,,FT,,3,1
brasileirao_serie_a_2026,2026-04-26,13,Athletico,Vitória,3,1,90,8,goal,L. Gustavo,True,,,,,,,3,1
brasileirao_serie_a_2026,2026-04-26,13,Athletico,Vitória,3,1,90,5,card,L. Silva,False,yellow,Argument,,,,,,
brasileirao_serie_a_2026,2026-04-26,13,Athletico,Vitória,3,1,90,5,card,Bruno Zapelli,True,yellow,Argument,,,,,,
brasileirao_serie_a_2026,2026-04-26,13,Athletico,Vitória,3,1,90,4,substitution,,False,,,L. Silva,Z. Vitor,,,,
brasileirao_serie_a_2026,2026-04-26,13,Athletico,Vitória,3,1,90,2,goal,K. Viveros,True,,,,,,,2,1
brasileirao_serie_a_2026,2026-04-26,13,Athletico,Vitória,3,1,90,,card,Santos,True,yellow,Argument,,,,,,
brasileirao_serie_a_2026,2026-04-26,13,Athletico,Vitória,3,1,90,,substitution,,True,,,R. P. Nepomuceno,S. Mendoza,,,,
brasileirao_serie_a_2026,2026-04-26,13,Athletico,Vitória,3,1,90,,injuryTime,,,,,,,,8,,
brasileirao_serie_a_2026,2026-04-26,13,Athletico,Vitória,3,1,87,,card,Z. Vitor,False,yellow,Foul,,,,,,
brasileirao_serie_a_2026,2026-04-26,13,Athletico,Vitória,3,1,80,,substitution,,True,,,F. Chiqueti,Bruninho,,,,
brasileirao_serie_a_2026,2026-04-26,13,Athletico,Vitória,3,1,79,,substitution,,False,,,Marinho,Erick,,,,
brasileirao_serie_a_2026,2026-04-26,13,Athletico,Vitória,3,1,79,,substitution,,True,,,Bruno Zapelli,J. Portilla,,,,
brasileirao_serie_a_2026,2026-04-26,13,Athletico,Vitória,3,1,74,,substitution,,False,,,D. Tarzia,Matheuzinho,,,,
brasileirao_serie_a_2026,2026-04-26,13,Athletico,Vitória,3,1,74,,substitution,,False,,,F. Santos,Renê,,,,
brasileirao_serie_a_2026,2026-04-26,13,Athletico,Vitória,3,1,68,,card,A. Dias,True,yellow,Foul,,,,,,
brasileirao_serie_a_2026,2026-04-26,13,Athletico,Vitória,3,1,63,,substitution,,True,,,Dudu,J. Cruz,,,,
brasileirao_serie_a_2026,2026-04-26,13,Athletico,Vitória,3,1,55,,card,G. Benavídez,True,yellow,Foul,,,,,,
brasileirao_serie_a_2026,2026-04-26,13,Athletico,Vitória,3,1,46,,substitution,,False,,,Ronald,Edenílson,,,,
brasileirao_serie_a_2026,2026-04-26,13,Athletico,Vitória,3,1,45,,period,,,,,,,HT,,1,1
brasileirao_serie_a_2026,2026-04-26,13,Athletico,Vitória,3,1,45,,injuryTime,,,,,,,,5,,
brasileirao_serie_a_2026,2026-04-26,13,Athletico,Vitória,3,1,43,,card,E. Martinez,False,yellow,Time wasting,,,,,,
brasileirao_serie_a_2026,2026-04-26,13,Athletico,Vitória,3,1,34,,goal,K. Viveros,True,,,,,,,1,1
brasileirao_serie_a_2026,2026-04-26,13,Athletico,Vitória,3,1,22,,goal,Renê,False,,,,,,,0,1
brasileirao_serie_a_2026,2026-04-26,13,Athletico,Vitória,3,1,12,,card,Edenílson,False,yellow,Foul,,,,,,
brasileirao_serie_a_2026,2026-04-26,13,Athletico,Vitória,3,1,8,,card,L. Gustavo,True,yellow,Foul,,,,,,
brasileirao_serie_a_2026,2026-04-26,13,Athletico,Vitória,3,1,0,,card,Mycael,True,yellow,Unallowed field entering,,,,,,
brasileirao_serie_a_2026,2026-04-26,13,Grêmio,Coritiba,1,0,90,,period,,,,,,,FT,,1,0
brasileirao_serie_a_2026,2026-04-26,13,Grêmio,Coritiba,1,0,90,8,card,J. Maranhão,False,red,Foul,,,,,,
brasileirao_serie_a_2026,2026-04-26,13,Grêmio,Coritiba,1,0,90,4,varDecision,J. Nardoni,True,,,,,,,,
brasileirao_serie_a_2026,2026-04-26,13,Grêmio,Coritiba,1,0,90,,injuryTime,,,,,,,,9,,
brasileirao_serie_a_2026,2026-04-26,13,Grêmio,Coritiba,1,0,89,,substitution,,True,,,Riquelme,Arthur,,,,
brasileirao_serie_a_2026,2026-04-26,13,Grêmio,Coritiba,1,0,78,,substitution,,False,,,T. Cóser,T. Santos,,,,
brasileirao_serie_a_2026,2026-04-26,13,Grêmio,Coritiba,1,0,78,,substitution,,False,,,J. Lavega,P. Rocha,,,,
brasileirao_serie_a_2026,2026-04-26,13,Grêmio,Coritiba,1,0,75,,substitution,,True,,,M. Braithwaite,C. Vinícius,,,,
brasileirao_serie_a_2026,2026-04-26,13,Grêmio,Coritiba,1,0,75,,substitution,,True,,,J. Nardoni,G. Mec,,,,
brasileirao_serie_a_2026,2026-04-26,13,Grêmio,Coritiba,1,0,69,,substitution,,True,,,Tetê,J. Enamorado,,,,
brasileirao_serie_a_2026,2026-04-26,13,Grêmio,Coritiba,1,0,59,,substitution,,False,,,J.P. Chermont,Maicon,,,,
brasileirao_serie_a_2026,2026-04-26,13,Grêmio,Coritiba,1,0,59,,substitution,,False,,,W. Oliveira,V. Paulista,,,,
brasileirao_serie_a_2026,2026-04-26,13,Grêmio,Coritiba,1,0,48,,card,Viery,True,yellow,Foul,,,,,,
brasileirao_serie_a_2026,2026-04-26,13,Grêmio,Coritiba,1,0,46,,substitution,,True,,,E. Noriega,L. Pérez,,,,
brasileirao_serie_a_2026,2026-04-26,13,Grêmio,Coritiba,1,0,45,,period,,,,,,,HT,,1,0
brasileirao_serie_a_2026,2026-04-26,13,Grêmio,Coritiba,1,0,45,8,card,V. Paulista,False,yellow,Argument,,,,,,
brasileirao_serie_a_2026,2026-04-26,13,Grêmio,Coritiba,1,0,45,6,card,L. Pérez,True,yellow,Foul,,,,,,
brasileirao_serie_a_2026,2026-04-26,13,Grêmio,Coritiba,1,0,45,,injuryTime,,,,,,,,10,,
brasileirao_serie_a_2026,2026-04-26,13,Grêmio,Coritiba,1,0,43,,goal,G. Mec,True,,,,,,,1,0
brasileirao_serie_a_2026,2026-04-26,13,Grêmio,Coritiba,1,0,37,,varDecision,C. Vinícius,True,,,,,,,,
brasileirao_serie_a_2026,2026-04-26,13,Grêmio,Coritiba,1,0,34,,substitution,,False,,,F. Jonatan,B. Lopes,,,,
brasileirao_serie_a_2026,2026-04-26,13,Grêmio,Coritiba,1,0,30,,card,Bruno Melo,False,red,Foul,,,,,,
brasileirao_serie_a_2026,2026-04-26,13,Grêmio,Coritiba,1,0,10,,card,C. Vinícius,True,yellow,Argument,,,,,,
brasileirao_serie_a_2026,2026-04-26,13,Grêmio,Coritiba,1,0,0,,card,L. Castro,True,red,Argument,,,,,,
brasileirao_serie_a_2026,2026-04-26,13,Grêmio,Coritiba,1,0,0,,card,L. Castro,True,yellow,Argument,,,,,,
brasileirao_serie_a_2026,2026-04-26,13,Grêmio,Coritiba,1,0,0,,card,B. Lopes,False,yellow,Argument,,,,,,
brasileirao_serie_a_2026,2026-04-26,13,Corinthians,Vasco da Gama,1,0,90,,period,,,,,,,FT,,1,0
brasileirao_serie_a_2026,2026-04-26,13,Corinthians,Vasco da Gama,1,0,90,7,card,Kauê,True,yellow,Time wasting,,,,,,
brasileirao_serie_a_2026,2026-04-26,13,Corinthians,Vasco da Gama,1,0,90,,injuryTime,,,,,,,,9,,
brasileirao_serie_a_2026,2026-04-26,13,Corinthians,Vasco da Gama,1,0,89,,substitution,,True,,,M. Pereira,B. Bidon,,,,
brasileirao_serie_a_2026,2026-04-26,13,Corinthians,Vasco da Gama,1,0,89,,substitution,,True,,,F. Angileri,M. Bidu,,,,
brasileirao_serie_a_2026,2026-04-26,13,Corinthians,Vasco da Gama,1,0,82,,card,J. Rojas,False,yellow,Foul,,,,,,
brasileirao_serie_a_2026,2026-04-26,13,Corinthians,Vasco da Gama,1,0,78,,substitution,,False,,,N. Moreira,P. Henrique,,,,
brasileirao_serie_a_2026,2026-04-26,13,Corinthians,Vasco da Gama,1,0,77,,substitution,,True,,,A. Carrillo,R. Garro,,,,
brasileirao_serie_a_2026,2026-04-26,13,Corinthians,Vasco da Gama,1,0,68,,substitution,,False,,,C. Spinelli,David,,,,
brasileirao_serie_a_2026,2026-04-26,13,Corinthians,Vasco da Gama,1,0,63,,substitution,,False,,,Adson,Tchê Tchê,,,,
brasileirao_serie_a_2026,2026-04-26,13,Corinthians,Vasco da Gama,1,0,63,,substitution,,True,,,J. Lingard,Vitinho,,,,
brasileirao_serie_a_2026,2026-04-26,13,Corinthians,Vasco da Gama,1,0,46,,substitution,,False,,,L. Piton,Cuiabano,,,,
brasileirao_serie_a_2026,2026-04-26,13,Corinthians,Vasco da Gama,1,0,46,,substitution,,False,,,J. Rojas,T. Mendes,,,,
brasileirao_serie_a_2026,2026-04-26,13,Corinthians,Vasco da Gama,1,0,45,,period,,,,,,,HT,,1,0
brasileirao_serie_a_2026,2026-04-26,13,Corinthians,Vasco da Gama,1,0,45,,card,A. Luiz,True,red,Foul,,,,,,
brasileirao_serie_a_2026,2026-04-26,13,Corinthians,Vasco da Gama,1,0,45,,injuryTime,,,,,,,,9,,
brasileirao_serie_a_2026,2026-04-26,13,Corinthians,Vasco da Gama,1,0,41,,card,C. Barros,False,yellow,Foul,,,,,,
brasileirao_serie_a_2026,2026-04-26,13,Corinthians,Vasco da Gama,1,0,38,,goal,M. Bidu,True,,,,,,,1,0
brasileirao_serie_a_2026,2026-04-26,13,Corinthians,Vasco da Gama,1,0,31,,card,Tchê Tchê,False,yellow,Argument,,,,,,
brasileirao_serie_a_2026,2026-04-26,13,Corinthians,Vasco da Gama,1,0,31,,card,T. Mendes,False,yellow,Argument,,,,,,
brasileirao_serie_a_2026,2026-04-26,13,Corinthians,Vasco da Gama,1,0,29,,card,G. Henrique,True,yellow,Foul,,,,,,
brasileirao_serie_a_2026,2026-04-26,13,Corinthians,Vasco da Gama,1,0,0,,card,A. Carrillo,True,yellow,Unallowed field entering,,,,,,
brasileirao_serie_a_2026,2026-04-26,13,Corinthians,Vasco da Gama,1,0,0,,card,F. Diniz,True,yellow,Argument,,,,,,
brasileirao_serie_a_2026,2026-04-26,13,São Paulo,Mirassol,1,0,90,,period,,,,,,,FT,,1,0
brasileirao_serie_a_2026,2026-04-26,13,São Paulo,Mirassol,1,0,90,,injuryTime,,,,,,,,6,,
brasileirao_serie_a_2026,2026-04-26,13,São Paulo,Mirassol,1,0,88,,substitution,,True,,,Dória,Luciano,,,,
brasileirao_serie_a_2026,2026-04-26,13,São Paulo,Mirassol,1,0,84,,substitution,,False,,,E. Carioca,Alesson,,,,
brasileirao_serie_a_2026,2026-04-26,13,São Paulo,Mirassol,1,0,81,,substitution,,False,,,T. Soares,L. Oliveira,,,,
brasileirao_serie_a_2026,2026-04-26,13,São Paulo,Mirassol,1,0,81,,substitution,,False,,,Everton Galdino,Eduardo,,,,
brasileirao_serie_a_2026,2026-04-26,13,São Paulo,Mirassol,1,0,76,,goal,Luciano,True,,,,,,,1,0
brasileirao_serie_a_2026,2026-04-26,13,São Paulo,Mirassol,1,0,76,,substitution,,True,,,Luan,D. Bobadilla,,,,
brasileirao_serie_a_2026,2026-04-26,13,São Paulo,Mirassol,1,0,66,,substitution,,True,,,Lucca,Cauly,,,,
brasileirao_serie_a_2026,2026-04-26,13,São Paulo,Mirassol,1,0,65,,substitution,,False,,,Denilson,Shaylon,,,,
brasileirao_serie_a_2026,2026-04-26,13,São Paulo,Mirassol,1,0,65,,substitution,,False,,,N. Moura,J. Aldo,,,,
brasileirao_serie_a_2026,2026-04-26,13,São Paulo,Mirassol,1,0,45,,period,,,,,,,HT,,0,0
brasileirao_serie_a_2026,2026-04-26,13,São Paulo,Mirassol,1,0,45,4,card,J. Aldo,False,yellow,Argument,,,,,,
brasileirao_serie_a_2026,2026-04-26,13,São Paulo,Mirassol,1,0,45,,injuryTime,,,,,,,,3,,
brasileirao_serie_a_2026,2026-04-26,13,São Paulo,Mirassol,1,0,41,,card,Danielzinho,True,yellow,Foul,,,,,,
brasileirao_serie_a_2026,2026-04-26,13,São Paulo,Mirassol,1,0,0,,card,Nathan Fogaça,False,yellow,Argument,,,,,,
brasileirao_serie_a_2026,2026-04-25,13,Remo,Cruzeiro,0,1,90,,period,,,,,,,Second half,,0,1
brasileirao_serie_a_2026,2026-04-25,13,Remo,Cruzeiro,0,1,90,,injuryTime,,,,,,,,6,,
brasileirao_serie_a_2026,2026-04-25,13,Remo,Cruzeiro,0,1,87,,substitution,,False,,,L. Sinisterra,K. Arroyo,,,,
brasileirao_serie_a_2026,2026-04-25,13,Remo,Cruzeiro,0,1,82,,substitution,,True,,,J. Pedro,Jajá,,,,
brasileirao_serie_a_2026,2026-04-25,13,Remo,Cruzeiro,0,1,82,,substitution,,True,,,L. Picco,Z. Welison,,,,
brasileirao_serie_a_2026,2026-04-25,13,Remo,Cruzeiro,0,1,76,,substitution,,False,,,M. Henrique,Christian,,,,
brasileirao_serie_a_2026,2026-04-25,13,Remo,Cruzeiro,0,1,75,,substitution,,False,,,Chico da Costa,B. Rodrigues,,,,
brasileirao_serie_a_2026,2026-04-25,13,Remo,Cruzeiro,0,1,68,,substitution,,True,,,Diego Hernández,Y. Pikachu,,,,
brasileirao_serie_a_2026,2026-04-25,13,Remo,Cruzeiro,0,1,65,,substitution,,False,,,Wanderson,K. Jorge,,,,
brasileirao_serie_a_2026,2026-04-25,13,Remo,Cruzeiro,0,1,60,,card,K. Moraes,False,yellow,,,,,,,
brasileirao_serie_a_2026,2026-04-25,13,Remo,Cruzeiro,0,1,56,,substitution,,True,,,Jaderson,Zé Ricardo,,,,
brasileirao_serie_a_2026,2026-04-25,13,Remo,Cruzeiro,0,1,56,,substitution,,True,,,A. Manga,G. Poveda,,,,
brasileirao_serie_a_2026,2026-04-25,13,Remo,Cruzeiro,0,1,53,,card,M. Cunha,False,yellow,,,,,,,
brasileirao_serie_a_2026,2026-04-25,13,Remo,Cruzeiro,0,1,45,,period,,,,,,,HT,,0,1
brasileirao_serie_a_2026,2026-04-25,13,Remo,Cruzeiro,0,1,45,,injuryTime,,,,,,,,4,,
brasileirao_serie_a_2026,2026-04-25,13,Remo,Cruzeiro,0,1,44,,card,Zé Ricardo,True,yellow,,,,,,,
brasileirao_serie_a_2026,2026-04-25,13,Remo,Cruzeiro,0,1,38,,card,K. Arroyo,False,yellow,,,,,,,
brasileirao_serie_a_2026,2026-04-25,13,Remo,Cruzeiro,0,1,34,,goal,K. Arroyo,False,,,,,,,0,1
brasileirao_serie_a_2026,2026-04-25,13,Botafogo,Internacional,2,2,90,,period,,,,,,,FT,,2,2
brasileirao_serie_a_2026,2026-04-25,13,Botafogo,Internacional,2,2,90,,injuryTime,,,,,,,,5,,
brasileirao_serie_a_2026,2026-04-25,13,Botafogo,Internacional,2,2,83,,substitution,,False,,,M. Bahia,J. Carbonero,,,,
brasileirao_serie_a_2026,2026-04-25,13,Botafogo,Internacional,2,2,80,,card,J. Correa,True,yellow,Foul,,,,,,
brasileirao_serie_a_2026,2026-04-25,13,Botafogo,Internacional,2,2,78,,substitution,,True,,,Allan,A. Cabral,,,,
brasileirao_serie_a_2026,2026-04-25,13,Botafogo,Internacional,2,2,74,,goal,A. Bernabei,False,,,,,,,2,2
brasileirao_serie_a_2026,2026-04-25,13,Botafogo,Internacional,2,2,71,,card,V. Gabriel,False,yellow,Foul,,,,,,
brasileirao_serie_a_2026,2026-04-25,13,Botafogo,Internacional,2,2,67,,substitution,,True,,,J. Correa,Edenilson,,,,
brasileirao_serie_a_2026,2026-04-25,13,Botafogo,Internacional,2,2,67,,substitution,,True,,,Á. Montoro,M. Martins,,,,
brasileirao_serie_a_2026,2026-04-25,13,Botafogo,Internacional,2,2,65,,goal,C. Medina,True,,,,,,,2,1
brasileirao_serie_a_2026,2026-04-25,13,Botafogo,Internacional,2,2,62,,substitution,,False,,,A. Patrick,Vitinho,,,,
brasileirao_serie_a_2026,2026-04-25,13,Botafogo,Internacional,2,2,62,,substitution,,False,,,R. Borré,Alerrandro,,,,
brasileirao_serie_a_2026,2026-04-25,13,Botafogo,Internacional,2,2,62,,substitution,,False,,,P. Paula,B. Henrique,,,,
brasileirao_serie_a_2026,2026-04-25,13,Botafogo,Internacional,2,2,59,,goal,J. Carbonero,False,,,,,,,1,1
brasileirao_serie_a_2026,2026-04-25,13,Botafogo,Internacional,2,2,54,,goal,D. Santos,True,,,,,,,1,0
brasileirao_serie_a_2026,2026-04-25,13,Botafogo,Internacional,2,2,46,,substitution,,True,,,K. Barría,J. Santos,,,,
brasileirao_serie_a_2026,2026-04-25,13,Botafogo,Internacional,2,2,45,,period,,,,,,,HT,,0,0
brasileirao_serie_a_2026,2026-04-25,13,Botafogo,Internacional,2,2,45,,injuryTime,,,,,,,,2,,
brasileirao_serie_a_2026,2026-04-25,13,Botafogo,Internacional,2,2,36,,card,F. Torres,False,yellow,Foul,,,,,,
brasileirao_serie_a_2026,2026-04-25,13,Botafogo,Internacional,2,2,33,,substitution,,True,,,M. Ponte,Vitinho,,,,
brasileirao_serie_a_2026,2026-04-25,13,Botafogo,Internacional,2,2,13,,card,A. Cabral,True,yellow,Argument,,,,,,
brasileirao_serie_a_2026,2026-04-25,13,Botafogo,Internacional,2,2,0,,card,C. Sampaio,False,yellow,Argument,,,,,,
brasileirao_serie_a_2026,2026-04-25,13,Botafogo,Internacional,2,2,0,,card,F. Carvalho,True,yellow,Argument,,,,,,
brasileirao_serie_a_2026,2026-04-25,13,Bahia,Santos,2,2,90,,period,,,,,,,Second half,,2,2
brasileirao_serie_a_2026,2026-04-25,13,Bahia,Santos,2,2,90,,card,E. Ribeiro,True,yellow,,,,,,,
brasileirao_serie_a_2026,2026-04-25,13,Bahia,Santos,2,2,90,,substitution,,True,,,Ademir,E. Pulga,,,,
brasileirao_serie_a_2026,2026-04-25,13,Bahia,Santos,2,2,90,,injuryTime,,,,,,,,9,,
brasileirao_serie_a_2026,2026-04-25,13,Bahia,Santos,2,2,89,,substitution,,False,,,L. Peres,J. Schmidt,,,,
brasileirao_serie_a_2026,2026-04-25,13,Bahia,Santos,2,2,89,,card,G. Escobar,False,yellow,,,,,,,
brasileirao_serie_a_2026,2026-04-25,13,Bahia,Santos,2,2,83,,goal,W. Jose,True,,,,,,,2,2
brasileirao_serie_a_2026,2026-04-25,13,Bahia,Santos,2,2,82,,card,Mayke,False,yellow,,,,,,,
brasileirao_serie_a_2026,2026-04-25,13,Bahia,Santos,2,2,80,,substitution,,False,,,T. Rincón,G. Bontempo,,,,
brasileirao_serie_a_2026,2026-04-25,13,Bahia,Santos,2,2,80,,substitution,,False,,,Moisés,Rony,,,,
brasileirao_serie_a_2026,2026-04-25,13,Bahia,Santos,2,2,76,,goal,L. Juba,True,,,,,,,1,2
brasileirao_serie_a_2026,2026-04-25,13,Bahia,Santos,2,2,73,,substitution,,True,,,Everaldo,C. Olivera,,,,
brasileirao_serie_a_2026,2026-04-25,13,Bahia,Santos,2,2,72,,card,Miguelito,False,yellow,,,,,,,
brasileirao_serie_a_2026,2026-04-25,13,Bahia,Santos,2,2,72,,substitution,,True,,,Erick,C. Alexandre,,,,
brasileirao_serie_a_2026,2026-04-25,13,Bahia,Santos,2,2,65,,substitution,,False,,,Miguelito,B. Rollheiser,,,,
brasileirao_serie_a_2026,2026-04-25,13,Bahia,Santos,2,2,65,,substitution,,False,,,L. Díaz,Thaciano,,,,
brasileirao_serie_a_2026,2026-04-25,13,Bahia,Santos,2,2,59,,card,S. R. Mingo,True,yellow,,,,,,,
brasileirao_serie_a_2026,2026-04-25,13,Bahia,Santos,2,2,53,,card,Diogenes,False,yellow,,,,,,,
brasileirao_serie_a_2026,2026-04-25,13,Bahia,Santos,2,2,46,,substitution,,True,,,Gilberto,G. Xavier,,,,
brasileirao_serie_a_2026,2026-04-25,13,Bahia,Santos,2,2,46,,substitution,,True,,,E. Ribeiro,M. Araújo,,,,
brasileirao_serie_a_2026,2026-04-25,13,Bahia,Santos,2,2,45,,period,,,,,,,HT,,0,2
brasileirao_serie_a_2026,2026-04-25,13,Bahia,Santos,2,2,45,,goal,B. Rollheiser,False,,,,,,,0,2
brasileirao_serie_a_2026,2026-04-25,13,Bahia,Santos,2,2,45,,varDecision,Thaciano,False,,,,,,,,
brasileirao_serie_a_2026,2026-04-25,13,Bahia,Santos,2,2,45,,injuryTime,,,,,,,,5,,
brasileirao_serie_a_2026,2026-04-25,13,Bahia,Santos,2,2,22,,goal,B. Rollheiser,False,,,,,,,0,1
brasileirao_serie_a_2026,2026-04-25,13,Bahia,Santos,2,2,20,,card,E. Pulga,True,yellow,,,,,,,
brasileirao_serie_a_2026,2026-04-25,13,Bahia,Santos,2,2,20,,varDecision,G. Bontempo,False,,,,,,,,
brasileirao_serie_a_2026,2026-04-19,12,Flamengo,Bahia,2,0,90,,period,,,,,,,FT,,2,0
brasileirao_serie_a_2026,2026-04-19,12,Flamengo,Bahia,2,0,90,,injuryTime,,,,,,,,4,,
brasileirao_serie_a_2026,2026-04-19,12,Flamengo,Bahia,2,0,85,,substitution,,False,,,M. Sanabria,C. Olivera,,,,
brasileirao_serie_a_2026,2026-04-19,12,Flamengo,Bahia,2,0,85,,substitution,,True,,,L. Araújo,G. Plata,,,,
brasileirao_serie_a_2026,2026-04-19,12,Flamengo,Bahia,2,0,85,,substitution,,True,,,Everton,Pedro,,,,
brasileirao_serie_a_2026,2026-04-19,12,Flamengo,Bahia,2,0,80,,goal,L. Paquetá,True,,,,,,,2,0
brasileirao_serie_a_2026,2026-04-19,12,Flamengo,Bahia,2,0,79,,substitution,,True,,,N. De la Cruz,G. de Arrascaeta,,,,
brasileirao_serie_a_2026,2026-04-19,12,Flamengo,Bahia,2,0,79,,substitution,,True,,,S. Ñíguez,E. Araujo,,,,
brasileirao_serie_a_2026,2026-04-19,12,Flamengo,Bahia,2,0,74,,substitution,,False,,,Ademir,E. Pulga,,,,
brasileirao_serie_a_2026,2026-04-19,12,Flamengo,Bahia,2,0,74,,substitution,,False,,,M. Araújo,E. Ribeiro,,,,
brasileirao_serie_a_2026,2026-04-19,12,Flamengo,Bahia,2,0,66,,substitution,,True,,,B. Pinto,S. Lino,,,,
brasileirao_serie_a_2026,2026-04-19,12,Flamengo,Bahia,2,0,46,,substitution,,False,,,C. Alexandre,Gilberto,,,,
brasileirao_serie_a_2026,2026-04-19,12,Flamengo,Bahia,2,0,46,,substitution,,False,,,Everaldo,W. José,,,,
brasileirao_serie_a_2026,2026-04-19,12,Flamengo,Bahia,2,0,45,,period,,,,,,,HT,,1,0
brasileirao_serie_a_2026,2026-04-19,12,Flamengo,Bahia,2,0,45,,injuryTime,,,,,,,,1,,
brasileirao_serie_a_2026,2026-04-19,12,Flamengo,Bahia,2,0,44,,card,L. Pereira,True,yellow,,,,,,,
brasileirao_serie_a_2026,2026-04-19,12,Flamengo,Bahia,2,0,18,,card,G. de Arrascaeta,True,yellow,,,,,,,
brasileirao_serie_a_2026,2026-04-19,12,Flamengo,Bahia,2,0,17,,goal,G. de Arrascaeta,True,,,,,,,1,0
brasileirao_serie_a_2026,2026-04-19,12,Red Bull Bragantino,Remo,4,2,90,,period,,,,,,,FT,,4,2
brasileirao_serie_a_2026,2026-04-19,12,Red Bull Bragantino,Remo,4,2,90,,injuryTime,,,,,,,,5,,
brasileirao_serie_a_2026,2026-04-19,12,Red Bull Bragantino,Remo,4,2,88,,card,A. Manga,False,yellow,,,,,,,
brasileirao_serie_a_2026,2026-04-19,12,Red Bull Bragantino,Remo,4,2,86,,substitution,,True,,,G. Marques,L. Barbosa,,,,
brasileirao_serie_a_2026,2026-04-19,12,Red Bull Bragantino,Remo,4,2,83,,substitution,,False,,,A. Manga,Jajá,,,,
brasileirao_serie_a_2026,2026-04-19,12,Red Bull Bragantino,Remo,4,2,83,,substitution,,False,,,Zé Ricardo,Zé Welison,,,,
brasileirao_serie_a_2026,2026-04-19,12,Red Bull Bragantino,Remo,4,2,82,,substitution,,False,,,G. Poveda,G. Taliari,,,,
brasileirao_serie_a_2026,2026-04-19,12,Red Bull Bragantino,Remo,4,2,73,,substitution,,True,,,R. Augusto,M. Braz,,,,
brasileirao_serie_a_2026,2026-04-19,12,Red Bull Bragantino,Remo,4,2,72,,substitution,,False,,,V. Bueno,Jaderson,,,,
brasileirao_serie_a_2026,2026-04-19,12,Red Bull Bragantino,Remo,4,2,66,,substitution,,True,,,E. Sasha,I. Pitta,,,,
brasileirao_serie_a_2026,2026-04-19,12,Red Bull Bragantino,Remo,4,2,65,,substitution,,True,,,I. Sosa,M. Fernandes,,,,
brasileirao_serie_a_2026,2026-04-19,12,Red Bull Bragantino,Remo,4,2,65,,substitution,,True,,,Fernando,Vinicinho,,,,
brasileirao_serie_a_2026,2026-04-19,12,Red Bull Bragantino,Remo,4,2,55,,substitution,,False,,,Y. Pikachu,M. Alexandre,,,,
brasileirao_serie_a_2026,2026-04-19,12,Red Bull Bragantino,Remo,4,2,51,,goal,D. Tchamba,True,,,,,,,4,2
brasileirao_serie_a_2026,2026-04-19,12,Red Bull Bragantino,Remo,4,2,47,,goal,D. Tchamba,True,,,,,,,3,2
brasileirao_serie_a_2026,2026-04-19,12,Red Bull Bragantino,Remo,4,2,45,,period,,,,,,,HT,,2,2
brasileirao_serie_a_2026,2026-04-19,12,Red Bull Bragantino,Remo,4,2,45,,injuryTime,,,,,,,,4,,
brasileirao_serie_a_2026,2026-04-19,12,Red Bull Bragantino,Remo,4,2,42,,card,A. Vinicius,True,yellow,,,,,,,
brasileirao_serie_a_2026,2026-04-19,12,Red Bull Bragantino,Remo,4,2,39,,goal,Marcelinho,False,,,,,,,2,2
brasileirao_serie_a_2026,2026-04-19,12,Red Bull Bragantino,Remo,4,2,37,,goal,I. Pitta,True,,,,,,,2,1
brasileirao_serie_a_2026,2026-04-19,12,Red Bull Bragantino,Remo,4,2,28,,goal,G. Taliari,False,,,,,,,1,1
brasileirao_serie_a_2026,2026-04-19,12,Red Bull Bragantino,Remo,4,2,19,,goal,I. Pitta,True,,,,,,,1,0
brasileirao_serie_a_2026,2026-04-19,12,Palmeiras,Athletico,1,0,90,,period,,,,,,,FT,,1,0
brasileirao_serie_a_2026,2026-04-19,12,Palmeiras,Athletico,1,0,90,,injuryTime,,,,,,,,8,,
brasileirao_serie_a_2026,2026-04-19,12,Palmeiras,Athletico,1,0,86,,varDecision,K. Viveros,False,,,,,,,,
brasileirao_serie_a_2026,2026-04-19,12,Palmeiras,Athletico,1,0,83,,substitution,,True,,,L. Benedetti,Allan,,,,
brasileirao_serie_a_2026,2026-04-19,12,Palmeiras,Athletico,1,0,83,,substitution,,True,,,V. Roque,R. Sosa,,,,
brasileirao_serie_a_2026,2026-04-19,12,Palmeiras,Athletico,1,0,83,,substitution,,True,,,F. Anderson,J. Arias,,,,
brasileirao_serie_a_2026,2026-04-19,12,Palmeiras,Athletico,1,0,80,,substitution,,False,,,R. P. Nepomuceno,L. Gustavo,,,,
brasileirao_serie_a_2026,2026-04-19,12,Palmeiras,Athletico,1,0,80,,substitution,,False,,,Leozinho,J. F. Aguirre,,,,
brasileirao_serie_a_2026,2026-04-19,12,Palmeiras,Athletico,1,0,72,,substitution,,True,,,L. Evangelista,A. Pereira,,,,
brasileirao_serie_a_2026,2026-04-19,12,Palmeiras,Athletico,1,0,71,,card,R. Sosa,True,yellow,Foul,,,,,,
brasileirao_serie_a_2026,2026-04-19,12,Palmeiras,Athletico,1,0,63,,card,L. Esquivel,False,yellow,Foul,,,,,,
brasileirao_serie_a_2026,2026-04-19,12,Palmeiras,Athletico,1,0,60,,substitution,,False,,,F. Chiqueti,Dudu,,,,
brasileirao_serie_a_2026,2026-04-19,12,Palmeiras,Athletico,1,0,59,,substitution,,False,,,Bruno Zapelli,J. Portilla,,,,
brasileirao_serie_a_2026,2026-04-19,12,Palmeiras,Athletico,1,0,56,,card,J. Cruz,False,yellow,Persistent fouling,,,,,,
brasileirao_serie_a_2026,2026-04-19,12,Palmeiras,Athletico,1,0,53,,substitution,,False,,,J. Cruz,Jádson,,,,
brasileirao_serie_a_2026,2026-04-19,12,Palmeiras,Athletico,1,0,51,,substitution,,True,,,B. Fuchs,J. López,,,,
brasileirao_serie_a_2026,2026-04-19,12,Palmeiras,Athletico,1,0,47,,card,Murilo,True,yellowRed,Foul,,,,,,
brasileirao_serie_a_2026,2026-04-19,12,Palmeiras,Athletico,1,0,45,,period,,,,,,,HT,,1,0
brasileirao_serie_a_2026,2026-04-19,12,Palmeiras,Athletico,1,0,45,,injuryTime,,,,,,,,4,,
brasileirao_serie_a_2026,2026-04-19,12,Palmeiras,Athletico,1,0,42,,card,Jádson,False,yellow,Foul,,,,,,
brasileirao_serie_a_2026,2026-04-19,12,Palmeiras,Athletico,1,0,30,,card,Murilo,True,yellow,Foul,,,,,,
brasileirao_serie_a_2026,2026-04-19,12,Palmeiras,Athletico,1,0,23,,card,J. Portilla,False,yellow,Foul,,,,,,
brasileirao_serie_a_2026,2026-04-19,12,Palmeiras,Athletico,1,0,15,,goal,G. Gómez,True,,,,,,,1,0
brasileirao_serie_a_2026,2026-04-19,12,Palmeiras,Athletico,1,0,0,,card,O. Hellmann,False,yellow,Argument,,,,,,
brasileirao_serie_a_2026,2026-04-19,12,Santos,Fluminense,2,3,90,,period,,,,,,,FT,,2,3
brasileirao_serie_a_2026,2026-04-19,12,Santos,Fluminense,2,3,90,3,card,Otávio,False,yellow,Persistent fouling,,,,,,
brasileirao_serie_a_2026,2026-04-19,12,Santos,Fluminense,2,3,90,,injuryTime,,,,,,,,7,,
brasileirao_serie_a_2026,2026-04-19,12,Santos,Fluminense,2,3,89,,substitution,,True,,,Thaciano,G. Bontempo,,,,
brasileirao_serie_a_2026,2026-04-19,12,Santos,Fluminense,2,3,88,,card,L. Peres,True,yellow,Foul,,,,,,
brasileirao_serie_a_2026,2026-04-19,12,Santos,Fluminense,2,3,87,,substitution,,False,,,Renê,K. Serna,,,,
brasileirao_serie_a_2026,2026-04-19,12,Santos,Fluminense,2,3,87,,substitution,,False,,,Ganso,R. Castillo,,,,
brasileirao_serie_a_2026,2026-04-19,12,Santos,Fluminense,2,3,86,,goal,John Kennedy,False,,,,,,,2,3
brasileirao_serie_a_2026,2026-04-19,12,Santos,Fluminense,2,3,81,,substitution,,True,,,B. Rollheiser,Gustavinho,,,,
brasileirao_serie_a_2026,2026-04-19,12,Santos,Fluminense,2,3,80,,substitution,,False,,,R. Felipe,J. Savarino,,,,
brasileirao_serie_a_2026,2026-04-19,12,Santos,Fluminense,2,3,80,,substitution,,False,,,Otávio,F. Bernal,,,,
brasileirao_serie_a_2026,2026-04-19,12,Santos,Fluminense,2,3,65,,card,L. Veríssimo,True,yellow,Foul,,,,,,
brasileirao_serie_a_2026,2026-04-19,12,Santos,Fluminense,2,3,61,,substitution,,True,,,L. Díaz,Á. Barreal,,,,
brasileirao_serie_a_2026,2026-04-19,12,Santos,Fluminense,2,3,60,,goal,R. Castillo,False,,,,,,,2,2
brasileirao_serie_a_2026,2026-04-19,12,Santos,Fluminense,2,3,58,,substitution,,False,,,John Kennedy,Alisson,,,,
brasileirao_serie_a_2026,2026-04-19,12,Santos,Fluminense,2,3,57,,goal,Á. Barreal,True,,,,,,,2,1
brasileirao_serie_a_2026,2026-04-19,12,Santos,Fluminense,2,3,46,,substitution,,True,,,R. Gonzaga,Moisés,,,,
brasileirao_serie_a_2026,2026-04-19,12,Santos,Fluminense,2,3,45,,period,,,,,,,HT,,1,1
brasileirao_serie_a_2026,2026-04-19,12,Santos,Fluminense,2,3,45,4,card,Alisson,False,yellow,Foul,,,,,,
brasileirao_serie_a_2026,2026-04-19,12,Santos,Fluminense,2,3,45,,injuryTime,,,,,,,,4,,
brasileirao_serie_a_2026,2026-04-19,12,Santos,Fluminense,2,3,33,,card,F. Bernal,False,yellow,Foul,,,,,,
brasileirao_serie_a_2026,2026-04-19,12,Santos,Fluminense,2,3,33,,card,G. Barbosa,True,yellow,Argument,,,,,,
brasileirao_serie_a_2026,2026-04-19,12,Santos,Fluminense,2,3,25,,card,Gustavinho,True,yellow,Foul,,,,,,
brasileirao_serie_a_2026,2026-04-19,12,Santos,Fluminense,2,3,24,,goal,J. Savarino,False,,,,,,,1,1
brasileirao_serie_a_2026,2026-04-19,12,Santos,Fluminense,2,3,20,,card,I. Vinícius,True,yellow,Foul,,,,,,
brasileirao_serie_a_2026,2026-04-19,12,Santos,Fluminense,2,3,9,,goal,G. Barbosa,True,,,,,,,1,0
brasileirao_serie_a_2026,2026-04-19,12,Santos,Fluminense,2,3,0,,card,L. Zubeldia,False,yellow,Argument,,,,,,
brasileirao_serie_a_2026,2026-04-19,12,Coritiba,Atlético Mineiro,2,0,90,,period,,,,,,,FT,,2,0
brasileirao_serie_a_2026,2026-04-19,12,Coritiba,Atlético Mineiro,2,0,90,,card,R. Lodi,False,red,,,,,,,
brasileirao_serie_a_2026,2026-04-19,12,Coritiba,Atlético Mineiro,2,0,90,,card,Renato Marques,True,red,,,,,,,
brasileirao_serie_a_2026,2026-04-19,12,Coritiba,Atlético Mineiro,2,0,90,,injuryTime,,,,,,,,5,,
brasileirao_serie_a_2026,2026-04-19,12,Coritiba,Atlético Mineiro,2,0,88,,card,T. Santos,True,yellow,,,,,,,
brasileirao_serie_a_2026,2026-04-19,12,Coritiba,Atlético Mineiro,2,0,86,,substitution,,True,,,T. Cóser,V. Paulista,,,,
brasileirao_serie_a_2026,2026-04-19,12,Coritiba,Atlético Mineiro,2,0,86,,substitution,,True,,,Renato Marques,P. Rocha,,,,
brasileirao_serie_a_2026,2026-04-19,12,Coritiba,Atlético Mineiro,2,0,84,,substitution,,False,,,Á. Preciado,T. Cuello,,,,
brasileirao_serie_a_2026,2026-04-19,12,Coritiba,Atlético Mineiro,2,0,84,,substitution,,False,,,Bernard,Reinier,,,,
brasileirao_serie_a_2026,2026-04-19,12,Coritiba,Atlético Mineiro,2,0,72,,substitution,,False,,,M. Cassierra,Hulk,,,,
brasileirao_serie_a_2026,2026-04-19,12,Coritiba,Atlético Mineiro,2,0,66,,substitution,,False,,,M. Cissé,Maycon,,,,
brasileirao_serie_a_2026,2026-04-19,12,Coritiba,Atlético Mineiro,2,0,66,,substitution,,False,,,Dudu,Natanael,,,,
brasileirao_serie_a_2026,2026-04-19,12,Coritiba,Atlético Mineiro,2,0,65,,card,Lyanco,False,yellow,,,,,,,
brasileirao_serie_a_2026,2026-04-19,12,Coritiba,Atlético Mineiro,2,0,58,,goal,P. Rocha,True,,,,,,,2,0
brasileirao_serie_a_2026,2026-04-19,12,Coritiba,Atlético Mineiro,2,0,58,,substitution,,True,,,J. Lavega,B. Lopes,,,,
brasileirao_serie_a_2026,2026-04-19,12,Coritiba,Atlético Mineiro,2,0,58,,substitution,,True,,,T. Santos,Josué,,,,
brasileirao_serie_a_2026,2026-04-19,12,Coritiba,Atlético Mineiro,2,0,45,,period,,,,,,,HT,,1,0
brasileirao_serie_a_2026,2026-04-19,12,Coritiba,Atlético Mineiro,2,0,45,2,card,S. Gomez,True,yellow,,,,,,,
brasileirao_serie_a_2026,2026-04-19,12,Coritiba,Atlético Mineiro,2,0,45,,injuryTime,,,,,,,,3,,
brasileirao_serie_a_2026,2026-04-19,12,Coritiba,Atlético Mineiro,2,0,34,,substitution,,True,,,F. Jonatan,Bruno Melo,,,,
brasileirao_serie_a_2026,2026-04-19,12,Coritiba,Atlético Mineiro,2,0,7,,goal,B. Lopes,True,,,,,,,1,0
brasileirao_serie_a_2026,2026-04-19,12,Internacional,Mirassol,1,2,90,,period,,,,,,,FT,,1,2
brasileirao_serie_a_2026,2026-04-19,12,Internacional,Mirassol,1,2,90,3,goal,A. Patrick,True,,,,,,,1,2
brasileirao_serie_a_2026,2026-04-19,12,Internacional,Mirassol,1,2,90,,injuryTime,,,,,,,,7,,
brasileirao_serie_a_2026,2026-04-19,12,Internacional,Mirassol,1,2,81,,substitution,,False,,,Nathan Fogaça,A. Luis,,,,
brasileirao_serie_a_2026,2026-04-19,12,Internacional,Mirassol,1,2,81,,substitution,,False,,,V. Luis,Reinaldo,,,,
brasileirao_serie_a_2026,2026-04-19,12,Internacional,Mirassol,1,2,81,,substitution,,True,,,Kayky,Allex,,,,
brasileirao_serie_a_2026,2026-04-19,12,Internacional,Mirassol,1,2,74,,substitution,,True,,,T. Maia,B. Gomes,,,,
brasileirao_serie_a_2026,2026-04-19,12,Internacional,Mirassol,1,2,71,,substitution,,False,,,E. Carioca,Shaylon,,,,
brasileirao_serie_a_2026,2026-04-19,12,Internacional,Mirassol,1,2,70,,substitution,,False,,,C. Eduardo,Alesson,,,,
brasileirao_serie_a_2026,2026-04-19,12,Internacional,Mirassol,1,2,67,,substitution,,True,,,Alerrandro,P. Paula,,,,
brasileirao_serie_a_2026,2026-04-19,12,Internacional,Mirassol,1,2,67,,substitution,,True,,,B. Tabata,Vitinho,,,,
brasileirao_serie_a_2026,2026-04-19,12,Internacional,Mirassol,1,2,63,,substitution,,False,,,N. Moura,Denilson,,,,
brasileirao_serie_a_2026,2026-04-19,12,Internacional,Mirassol,1,2,62,,card,Walter,False,yellow,Time wasting,,,,,,
brasileirao_serie_a_2026,2026-04-19,12,Internacional,Mirassol,1,2,56,,card,J. Aldo,False,yellow,Foul,,,,,,
brasileirao_serie_a_2026,2026-04-19,12,Internacional,Mirassol,1,2,46,,substitution,,True,,,J. Carbonero,B. Aguirre,,,,
brasileirao_serie_a_2026,2026-04-19,12,Internacional,Mirassol,1,2,45,,period,,,,,,,HT,,0,2
brasileirao_serie_a_2026,2026-04-19,12,Internacional,Mirassol,1,2,45,,goal,A. Luis,False,,,,,,,0,2
brasileirao_serie_a_2026,2026-04-19,12,Internacional,Mirassol,1,2,45,,injuryTime,,,,,,,,7,,
brasileirao_serie_a_2026,2026-04-19,12,Internacional,Mirassol,1,2,22,,goal,L. Oliveira,False,,,,,,,0,1
brasileirao_serie_a_2026,2026-04-19,12,Internacional,Mirassol,1,2,19,,card,L. Oliveira,False,yellow,Time wasting,,,,,,
brasileirao_serie_a_2026,2026-04-19,12,Internacional,Mirassol,1,2,0,,card,A. Muralha,False,yellow,Argument,,,,,,
brasileirao_serie_a_2026,2026-04-19,12,Internacional,Mirassol,1,2,0,,card,P. Pezzolano,True,yellow,Argument,,,,,,
brasileirao_serie_a_2026,2026-04-18,12,Cruzeiro,Grêmio,2,0,90,,period,,,,,,,FT,,2,0
brasileirao_serie_a_2026,2026-04-18,12,Cruzeiro,Grêmio,2,0,90,1,card,L. Silva,True,yellow,Foul,,,,,,
brasileirao_serie_a_2026,2026-04-18,12,Cruzeiro,Grêmio,2,0,90,,injuryTime,,,,,,,,6,,
brasileirao_serie_a_2026,2026-04-18,12,Cruzeiro,Grêmio,2,0,85,,card,L. Pérez,False,yellow,Foul,,,,,,
brasileirao_serie_a_2026,2026-04-18,12,Cruzeiro,Grêmio,2,0,84,,substitution,,False,,,M. Braithwaite,C. Vinícius,,,,
brasileirao_serie_a_2026,2026-04-18,12,Cruzeiro,Grêmio,2,0,77,,card,G. Martins,False,yellow,Foul,,,,,,
brasileirao_serie_a_2026,2026-04-18,12,Cruzeiro,Grêmio,2,0,75,,substitution,,True,,,L. Silva,L. Romero,,,,
brasileirao_serie_a_2026,2026-04-18,12,Cruzeiro,Grêmio,2,0,75,,substitution,,True,,,Wanderson,Christian,,,,
brasileirao_serie_a_2026,2026-04-18,12,Cruzeiro,Grêmio,2,0,71,,substitution,,False,,,G. Mec,F. Amuzu,,,,
brasileirao_serie_a_2026,2026-04-18,12,Cruzeiro,Grêmio,2,0,71,,substitution,,False,,,Tetê,J. Enamorado,,,,
brasileirao_serie_a_2026,2026-04-18,12,Cruzeiro,Grêmio,2,0,71,,substitution,,False,,,L. Pérez,E. Noriega,,,,
brasileirao_serie_a_2026,2026-04-18,12,Cruzeiro,Grêmio,2,0,68,,substitution,,True,,,B. Rodrigues,M. Pereira,,,,
brasileirao_serie_a_2026,2026-04-18,12,Cruzeiro,Grêmio,2,0,66,,goal,L. Romero,True,,,,,,,2,0
brasileirao_serie_a_2026,2026-04-18,12,Cruzeiro,Grêmio,2,0,61,,substitution,,True,,,M. Henrique,Gerson,,,,
brasileirao_serie_a_2026,2026-04-18,12,Cruzeiro,Grêmio,2,0,61,,card,E. Noriega,False,yellow,Foul,,,,,,
brasileirao_serie_a_2026,2026-04-18,12,Cruzeiro,Grêmio,2,0,57,,substitution,,False,,,M. Monsalve,J. Nardoni,,,,
brasileirao_serie_a_2026,2026-04-18,12,Cruzeiro,Grêmio,2,0,51,,goal,Christian,True,,,,,,,1,0
brasileirao_serie_a_2026,2026-04-18,12,Cruzeiro,Grêmio,2,0,46,,substitution,,True,,,N. Villarreal,K. Jorge,,,,
brasileirao_serie_a_2026,2026-04-18,12,Cruzeiro,Grêmio,2,0,45,,period,,,,,,,HT,,0,0
brasileirao_serie_a_2026,2026-04-18,12,Cruzeiro,Grêmio,2,0,45,,injuryTime,,,,,,,,5,,
brasileirao_serie_a_2026,2026-04-18,12,Cruzeiro,Grêmio,2,0,44,,card,M. Pereira,True,yellow,Foul,,,,,,
brasileirao_serie_a_2026,2026-04-18,12,Cruzeiro,Grêmio,2,0,20,,card,F. Bruno,True,yellow,Foul,,,,,,
brasileirao_serie_a_2026,2026-04-18,12,Cruzeiro,Grêmio,2,0,0,,card,L. Villalba,True,yellow,Argument,,,,,,
brasileirao_serie_a_2026,2026-04-18,12,Vitória,Corinthians,0,0,90,,period,,,,,,,FT,,0,0
brasileirao_serie_a_2026,2026-04-18,12,Vitória,Corinthians,0,0,90,1,substitution,,True,,,Ronald,G. Baralhas,,,,
brasileirao_serie_a_2026,2026-04-18,12,Vitória,Corinthians,0,0,90,,substitution,,True,,,A. Cantalapiedra,Erick,,,,
brasileirao_serie_a_2026,2026-04-18,12,Vitória,Corinthians,0,0,90,,card,N. Mendes,True,yellow,,,,,,,
brasileirao_serie_a_2026,2026-04-18,12,Vitória,Corinthians,0,0,90,,injuryTime,,,,,,,,5,,
brasileirao_serie_a_2026,2026-04-18,12,Vitória,Corinthians,0,0,88,,card,M. Bidu,False,yellow,,,,,,,
brasileirao_serie_a_2026,2026-04-18,12,Vitória,Corinthians,0,0,77,,substitution,,False,,,Z. Labyad,R. Garro,,,,
brasileirao_serie_a_2026,2026-04-18,12,Vitória,Corinthians,0,0,77,,substitution,,False,,,J. Lingard,Kayke,,,,
brasileirao_serie_a_2026,2026-04-18,12,Vitória,Corinthians,0,0,76,,substitution,,True,,,D. Tarzia,Matheuzinho,,,,
brasileirao_serie_a_2026,2026-04-18,12,Vitória,Corinthians,0,0,76,,substitution,,True,,,Z. Vitor,Caique,,,,
brasileirao_serie_a_2026,2026-04-18,12,Vitória,Corinthians,0,0,64,,substitution,,False,,,Kaio César,P. Milans,,,,
brasileirao_serie_a_2026,2026-04-18,12,Vitória,Corinthians,0,0,64,,substitution,,False,,,Allan,Raniele,,,,
brasileirao_serie_a_2026,2026-04-18,12,Vitória,Corinthians,0,0,55,,substitution,,False,,,M. Pereira,B. Bidon,,,,
brasileirao_serie_a_2026,2026-04-18,12,Vitória,Corinthians,0,0,45,,period,,,,,,,HT,,0,0
brasileirao_serie_a_2026,2026-04-18,12,Vitória,Corinthians,0,0,45,5,card,R. Garro,False,yellow,,,,,,,
brasileirao_serie_a_2026,2026-04-18,12,Vitória,Corinthians,0,0,45,,injuryTime,,,,,,,,4,,
brasileirao_serie_a_2026,2026-04-18,12,Vitória,Corinthians,0,0,10,,substitution,,True,,,Renê,R. Kayzer,,,,
brasileirao_serie_a_2026,2026-04-18,12,Vasco da Gama,São Paulo,2,1,90,,period,,,,,,,FT,,2,1
brasileirao_serie_a_2026,2026-04-18,12,Vasco da Gama,São Paulo,2,1,90,7,card,L. Jardim,True,yellow,,,,,,,
brasileirao_serie_a_2026,2026-04-18,12,Vasco da Gama,São Paulo,2,1,90,,injuryTime,,,,,,,,7,,
brasileirao_serie_a_2026,2026-04-18,12,Vasco da Gama,São Paulo,2,1,88,,goal,A. Gómez,True,,,,,,,2,1
brasileirao_serie_a_2026,2026-04-18,12,Vasco da Gama,São Paulo,2,1,81,,substitution,,True,,,H. Moura,C. Barros,,,,
brasileirao_serie_a_2026,2026-04-18,12,Vasco da Gama,São Paulo,2,1,80,,substitution,,False,,,G. Tapia,Luciano,,,,
brasileirao_serie_a_2026,2026-04-18,12,Vasco da Gama,São Paulo,2,1,80,,substitution,,False,,,F. Negrucci,Danielzinho,,,,
brasileirao_serie_a_2026,2026-04-18,12,Vasco da Gama,São Paulo,2,1,74,,card,A. Franco,False,yellow,,,,,,,
brasileirao_serie_a_2026,2026-04-18,12,Vasco da Gama,São Paulo,2,1,72,,goal,P. Rodríguez,True,,,,,,,1,1
brasileirao_serie_a_2026,2026-04-18,12,Vasco da Gama,São Paulo,2,1,69,,varDecision,C. Spinelli,True,,,,,,,,
brasileirao_serie_a_2026,2026-04-18,12,Vasco da Gama,São Paulo,2,1,63,,substitution,,False,,,Maik,C. Soares,,,,
brasileirao_serie_a_2026,2026-04-18,12,Vasco da Gama,São Paulo,2,1,63,,substitution,,False,,,Wendell,E. Díaz,,,,
brasileirao_serie_a_2026,2026-04-18,12,Vasco da Gama,São Paulo,2,1,62,,substitution,,True,,,Brenner,David,,,,
brasileirao_serie_a_2026,2026-04-18,12,Vasco da Gama,São Paulo,2,1,62,,substitution,,True,,,C. Spinelli,J. Rojas,,,,
brasileirao_serie_a_2026,2026-04-18,12,Vasco da Gama,São Paulo,2,1,58,,card,C. Soares,False,yellow,,,,,,,
brasileirao_serie_a_2026,2026-04-18,12,Vasco da Gama,São Paulo,2,1,58,,substitution,,False,,,Tetê,Lucca,,,,
brasileirao_serie_a_2026,2026-04-18,12,Vasco da Gama,São Paulo,2,1,46,,substitution,,True,,,P. Rodríguez,P. Henrique,,,,
brasileirao_serie_a_2026,2026-04-18,12,Vasco da Gama,São Paulo,2,1,46,,substitution,,True,,,Adson,Tchê Tchê,,,,
brasileirao_serie_a_2026,2026-04-18,12,Vasco da Gama,São Paulo,2,1,45,,period,,,,,,,HT,,0,1
brasileirao_serie_a_2026,2026-04-18,12,Vasco da Gama,São Paulo,2,1,45,,injuryTime,,,,,,,,4,,
brasileirao_serie_a_2026,2026-04-18,12,Vasco da Gama,São Paulo,2,1,10,,goal,Luciano,False,,,,,,,0,1
brasileirao_serie_a_2026,2026-04-18,12,Chapecoense,Botafogo,1,4,90,,period,,,,,,,FT,,1,4
brasileirao_serie_a_2026,2026-04-18,12,Chapecoense,Botafogo,1,4,90,,injuryTime,,,,,,,,3,,
brasileirao_serie_a_2026,2026-04-18,12,Chapecoense,Botafogo,1,4,80,,goal,M. Martins,False,,,,,,,1,4
brasileirao_serie_a_2026,2026-04-18,12,Chapecoense,Botafogo,1,4,77,,substitution,,False,,,Allan,C. Medina,,,,
brasileirao_serie_a_2026,2026-04-18,12,Chapecoense,Botafogo,1,4,74,,substitution,,False,,,K. Barría,A. Cabral,,,,
brasileirao_serie_a_2026,2026-04-18,12,Chapecoense,Botafogo,1,4,73,,substitution,,False,,,J. Barrera,Edenilson,,,,
brasileirao_serie_a_2026,2026-04-18,12,Chapecoense,Botafogo,1,4,68,,substitution,,True,,,J. Carlos,J. Vitor,,,,
brasileirao_serie_a_2026,2026-04-18,12,Chapecoense,Botafogo,1,4,59,,substitution,,False,,,J. Correa,J. Santos,,,,
brasileirao_serie_a_2026,2026-04-18,12,Chapecoense,Botafogo,1,4,53,,substitution,,True,,,K. Ramírez,Italo,,,,
brasileirao_serie_a_2026,2026-04-18,12,Chapecoense,Botafogo,1,4,46,,substitution,,True,,,Maurício Garcez,Y. Bolasie,,,,
brasileirao_serie_a_2026,2026-04-18,12,Chapecoense,Botafogo,1,4,45,,period,,,,,,,HT,,1,3
brasileirao_serie_a_2026,2026-04-18,12,Chapecoense,Botafogo,1,4,45,3,goal,Marcinho,True,,,,,,,1,3
brasileirao_serie_a_2026,2026-04-18,12,Chapecoense,Botafogo,1,4,45,,injuryTime,,,,,,,,3,,
brasileirao_serie_a_2026,2026-04-18,12,Chapecoense,Botafogo,1,4,29,,substitution,,True,,,M. Vinícius,Everton,,,,
brasileirao_serie_a_2026,2026-04-18,12,Chapecoense,Botafogo,1,4,29,,substitution,,True,,,V. Balieiro,D. Antunes,,,,
brasileirao_serie_a_2026,2026-04-18,12,Chapecoense,Botafogo,1,4,20,,goal,Edenilson,False,,,,,,,0,3
brasileirao_serie_a_2026,2026-04-18,12,Chapecoense,Botafogo,1,4,14,,goal,M. Martins,False,,,,,,,0,2
brasileirao_serie_a_2026,2026-04-18,12,Chapecoense,Botafogo,1,4,10,,goal,Edenilson,False,,,,,,,0,1
brasileirao_serie_a_2026,2026-04-12,11,Cruzeiro,Red Bull Bragantino,2,1,90,,period,,,,,,,FT,,2,1
brasileirao_serie_a_2026,2026-04-12,11,Cruzeiro,Red Bull Bragantino,2,1,90,,injuryTime,,,,,,,,7,,
brasileirao_serie_a_2026,2026-04-12,11,Cruzeiro,Red Bull Bragantino,2,1,84,,substitution,,False,,,Rodriguinho,Vinicinho,,,,
brasileirao_serie_a_2026,2026-04-12,11,Cruzeiro,Red Bull Bragantino,2,1,84,,substitution,,False,,,J. N. Coelho,J. A. Hurtado,,,,
brasileirao_serie_a_2026,2026-04-12,11,Cruzeiro,Red Bull Bragantino,2,1,84,,substitution,,False,,,E. Ramires,G. Girotto,,,,
brasileirao_serie_a_2026,2026-04-12,11,Cruzeiro,Red Bull Bragantino,2,1,84,,substitution,,True,,,L. Villalba,J. Jesus,,,,
brasileirao_serie_a_2026,2026-04-12,11,Cruzeiro,Red Bull Bragantino,2,1,84,,substitution,,True,,,B. Rodrigues,N. Villarreal,,,,
brasileirao_serie_a_2026,2026-04-12,11,Cruzeiro,Red Bull Bragantino,2,1,82,,card,G. Marques,False,yellow,,,,,,,
brasileirao_serie_a_2026,2026-04-12,11,Cruzeiro,Red Bull Bragantino,2,1,76,,substitution,,True,,,K. Moraes,Fagner,,,,
brasileirao_serie_a_2026,2026-04-12,11,Cruzeiro,Red Bull Bragantino,2,1,74,,substitution,,False,,,G. Neves,M. Fernandes,,,,
brasileirao_serie_a_2026,2026-04-12,11,Cruzeiro,Red Bull Bragantino,2,1,69,,substitution,,True,,,Wanderson,K. Arroyo,,,,
brasileirao_serie_a_2026,2026-04-12,11,Cruzeiro,Red Bull Bragantino,2,1,69,,substitution,,True,,,M. Henrique,L. Silva,,,,
brasileirao_serie_a_2026,2026-04-12,11,Cruzeiro,Red Bull Bragantino,2,1,63,,substitution,,False,,,R. Augusto,I. Sosa,,,,
brasileirao_serie_a_2026,2026-04-12,11,Cruzeiro,Red Bull Bragantino,2,1,59,,card,I. Sosa,False,yellow,,,,,,,
brasileirao_serie_a_2026,2026-04-12,11,Cruzeiro,Red Bull Bragantino,2,1,49,,goal,Christian,True,,,,,,,2,1
brasileirao_serie_a_2026,2026-04-12,11,Cruzeiro,Red Bull Bragantino,2,1,45,,period,,,,,,,HT,,1,1
brasileirao_serie_a_2026,2026-04-12,11,Cruzeiro,Red Bull Bragantino,2,1,45,,injuryTime,,,,,,,,3,,
brasileirao_serie_a_2026,2026-04-12,11,Cruzeiro,Red Bull Bragantino,2,1,18,,goal,N. Villarreal,True,,,,,,,1,1
brasileirao_serie_a_2026,2026-04-12,11,Cruzeiro,Red Bull Bragantino,2,1,6,,goal,J. A. Hurtado,False,,,,,,,0,1
brasileirao_serie_a_2026,2026-04-12,11,Corinthians,Palmeiras,0,0,90,,period,,,,,,,FT,,0,0
brasileirao_serie_a_2026,2026-04-12,11,Corinthians,Palmeiras,0,0,90,3,card,Raniele,True,yellow,,,,,,,
brasileirao_serie_a_2026,2026-04-12,11,Corinthians,Palmeiras,0,0,90,,injuryTime,,,,,,,,7,,
brasileirao_serie_a_2026,2026-04-12,11,Corinthians,Palmeiras,0,0,83,,substitution,,True,,,J. Lingard,Kayke,,,,
brasileirao_serie_a_2026,2026-04-12,11,Corinthians,Palmeiras,0,0,83,,substitution,,False,,,L. Evangelista,M. Freitas,,,,
brasileirao_serie_a_2026,2026-04-12,11,Corinthians,Palmeiras,0,0,76,,card,M. Freitas,False,yellow,,,,,,,
brasileirao_serie_a_2026,2026-04-12,11,Corinthians,Palmeiras,0,0,73,,substitution,,True,,,A. Carrillo,R. Garro,,,,
brasileirao_serie_a_2026,2026-04-12,11,Corinthians,Palmeiras,0,0,72,,substitution,,False,,,Luighi,Mauricio,,,,
brasileirao_serie_a_2026,2026-04-12,11,Corinthians,Palmeiras,0,0,71,,substitution,,False,,,A. Gabriel,Khellven,,,,
brasileirao_serie_a_2026,2026-04-12,11,Corinthians,Palmeiras,0,0,71,,substitution,,False,,,F. Anderson,A. Giay,,,,
brasileirao_serie_a_2026,2026-04-12,11,Corinthians,Palmeiras,0,0,71,,card,Matheuzinho,True,red,,,,,,,
brasileirao_serie_a_2026,2026-04-12,11,Corinthians,Palmeiras,0,0,70,,varDecision,Matheuzinho,True,,,,,,,,
brasileirao_serie_a_2026,2026-04-12,11,Corinthians,Palmeiras,0,0,45,,period,,,,,,,HT,,0,0
brasileirao_serie_a_2026,2026-04-12,11,Corinthians,Palmeiras,0,0,45,,injuryTime,,,,,,,,4,,
brasileirao_serie_a_2026,2026-04-12,11,Corinthians,Palmeiras,0,0,44,,card,Matheuzinho,True,yellow,,,,,,,
brasileirao_serie_a_2026,2026-04-12,11,Corinthians,Palmeiras,0,0,35,,card,A. Luiz,True,red,,,,,,,
brasileirao_serie_a_2026,2026-04-12,11,Corinthians,Palmeiras,0,0,34,,varDecision,A. Luiz,True,,,,,,,,
brasileirao_serie_a_2026,2026-04-12,11,Fluminense,Flamengo,1,2,90,,period,,,,,,,FT,,1,2
brasileirao_serie_a_2026,2026-04-12,11,Fluminense,Flamengo,1,2,90,5,card,J. Carrascal,False,red,,,,,,,
brasileirao_serie_a_2026,2026-04-12,11,Fluminense,Flamengo,1,2,90,2,card,B. Pinto,False,yellow,,,,,,,
brasileirao_serie_a_2026,2026-04-12,11,Fluminense,Flamengo,1,2,90,1,card,E. Araujo,False,yellow,,,,,,,
brasileirao_serie_a_2026,2026-04-12,11,Fluminense,Flamengo,1,2,90,1,card,L. Araújo,False,yellow,,,,,,,
brasileirao_serie_a_2026,2026-04-12,11,Fluminense,Flamengo,1,2,90,,injuryTime,,,,,,,,7,,
brasileirao_serie_a_2026,2026-04-12,11,Fluminense,Flamengo,1,2,89,,card,R. Castillo,True,yellow,,,,,,,
brasileirao_serie_a_2026,2026-04-12,11,Fluminense,Flamengo,1,2,86,,substitution,,True,,,G. Arana,Renê,,,,
brasileirao_serie_a_2026,2026-04-12,11,Fluminense,Flamengo,1,2,86,,substitution,,True,,,Guga,S. Xavier,,,,
brasileirao_serie_a_2026,2026-04-12,11,Fluminense,Flamengo,1,2,81,,substitution,,False,,,Danilo,Pedro,,,,
brasileirao_serie_a_2026,2026-04-12,11,Fluminense,Flamengo,1,2,81,,substitution,,False,,,L. Araújo,L. Ortiz,,,,
brasileirao_serie_a_2026,2026-04-12,11,Fluminense,Flamengo,1,2,76,,goal,J. Savarino,True,,,,,,,1,2
brasileirao_serie_a_2026,2026-04-12,11,Fluminense,Flamengo,1,2,73,,substitution,,False,,,J. Carrascal,G. Plata,,,,
brasileirao_serie_a_2026,2026-04-12,11,Fluminense,Flamengo,1,2,73,,substitution,,False,,,N. De la Cruz,G. de Arrascaeta,,,,
brasileirao_serie_a_2026,2026-04-12,11,Fluminense,Flamengo,1,2,72,,card,A. Canobbio,True,yellow,,,,,,,
brasileirao_serie_a_2026,2026-04-12,11,Fluminense,Flamengo,1,2,67,,substitution,,False,,,B. Pinto,S. Lino,,,,
brasileirao_serie_a_2026,2026-04-12,11,Fluminense,Flamengo,1,2,65,,substitution,,True,,,R. Castillo,John Kennedy,,,,
brasileirao_serie_a_2026,2026-04-12,11,Fluminense,Flamengo,1,2,65,,substitution,,True,,,J. Savarino,Martinelli,,,,
brasileirao_serie_a_2026,2026-04-12,11,Fluminense,Flamengo,1,2,51,,goal,Pedro,False,,,,,,,0,2
brasileirao_serie_a_2026,2026-04-12,11,Fluminense,Flamengo,1,2,45,,period,,,,,,,HT,,0,1
brasileirao_serie_a_2026,2026-04-12,11,Fluminense,Flamengo,1,2,45,,injuryTime,,,,,,,,3,,
brasileirao_serie_a_2026,2026-04-12,11,Fluminense,Flamengo,1,2,38,,card,Martinelli,True,yellow,,,,,,,
brasileirao_serie_a_2026,2026-04-12,11,Fluminense,Flamengo,1,2,7,,goal,Pedro,False,,,,,,,0,1
brasileirao_serie_a_2026,2026-04-12,11,Fluminense,Flamengo,1,2,7,,substitution,,True,,,Ganso,L. Acosta,,,,
brasileirao_serie_a_2026,2026-04-12,11,Botafogo,Coritiba,2,2,90,,period,,,,,,,FT,,2,2
brasileirao_serie_a_2026,2026-04-12,11,Botafogo,Coritiba,2,2,90,9,card,J. Maranhão,False,yellow,,,,,,,
brasileirao_serie_a_2026,2026-04-12,11,Botafogo,Coritiba,2,2,90,,injuryTime,,,,,,,,8,,
brasileirao_serie_a_2026,2026-04-12,11,Botafogo,Coritiba,2,2,89,,card,A. Barboza,True,yellow,,,,,,,
brasileirao_serie_a_2026,2026-04-12,11,Botafogo,Coritiba,2,2,89,,card,T. Santos,False,yellow,,,,,,,
brasileirao_serie_a_2026,2026-04-12,11,Botafogo,Coritiba,2,2,85,,card,P. Rangel,False,yellow,,,,,,,
brasileirao_serie_a_2026,2026-04-12,11,Botafogo,Coritiba,2,2,82,,substitution,,False,,,T. Santos,S. Gomez,,,,
brasileirao_serie_a_2026,2026-04-12,11,Botafogo,Coritiba,2,2,79,,goal,J. Lavega,False,,,,,,,2,2
brasileirao_serie_a_2026,2026-04-12,11,Botafogo,Coritiba,2,2,79,,substitution,,False,,,F. Jonatan,Bruno Melo,,,,
brasileirao_serie_a_2026,2026-04-12,11,Botafogo,Coritiba,2,2,78,,substitution,,False,,,Renato Marques,P. Rocha,,,,
brasileirao_serie_a_2026,2026-04-12,11,Botafogo,Coritiba,2,2,77,,goal,A. Cabral,True,,,,,,,2,1
brasileirao_serie_a_2026,2026-04-12,11,Botafogo,Coritiba,2,2,76,,substitution,,True,,,C. Ramos,Vitinho,,,,
brasileirao_serie_a_2026,2026-04-12,11,Botafogo,Coritiba,2,2,71,,card,Vitinho,True,yellow,,,,,,,
brasileirao_serie_a_2026,2026-04-12,11,Botafogo,Coritiba,2,2,70,,card,Wallisson Luiz,False,yellow,,,,,,,
brasileirao_serie_a_2026,2026-04-12,11,Botafogo,Coritiba,2,2,70,,substitution,,False,,,J. Lavega,B. Lopes,,,,
brasileirao_serie_a_2026,2026-04-12,11,Botafogo,Coritiba,2,2,69,,substitution,,False,,,T. Cóser,Maicon,,,,
brasileirao_serie_a_2026,2026-04-12,11,Botafogo,Coritiba,2,2,65,,substitution,,True,,,M. Martins,J. Barrera,,,,
brasileirao_serie_a_2026,2026-04-12,11,Botafogo,Coritiba,2,2,60,,substitution,,False,,,Wallisson Luiz,V. Paulista,,,,
brasileirao_serie_a_2026,2026-04-12,11,Botafogo,Coritiba,2,2,55,,goal,D. Oliveira,True,,,,,,,1,1
brasileirao_serie_a_2026,2026-04-12,11,Botafogo,Coritiba,2,2,49,,substitution,,True,,,C. Roque,J. Hernández,,,,
brasileirao_serie_a_2026,2026-04-12,11,Botafogo,Coritiba,2,2,46,,substitution,,True,,,Edenilson,Á. Montoro,,,,
brasileirao_serie_a_2026,2026-04-12,11,Botafogo,Coritiba,2,2,46,,substitution,,True,,,L. Villalba,S. Rodríguez,,,,
brasileirao_serie_a_2026,2026-04-12,11,Botafogo,Coritiba,2,2,45,,period,,,,,,,HT,,0,1
brasileirao_serie_a_2026,2026-04-12,11,Botafogo,Coritiba,2,2,45,,injuryTime,,,,,,,,2,,
brasileirao_serie_a_2026,2026-04-12,11,Botafogo,Coritiba,2,2,33,,goal,B. Lopes,False,,,,,,,0,1
brasileirao_serie_a_2026,2026-04-12,11,Athletico,Chapecoense,2,0,90,,period,,,,,,,FT,,2,0
brasileirao_serie_a_2026,2026-04-12,11,Athletico,Chapecoense,2,0,90,4,card,J. Carlos,False,yellow,,,,,,,
brasileirao_serie_a_2026,2026-04-12,11,Athletico,Chapecoense,2,0,90,,injuryTime,,,,,,,,5,,
brasileirao_serie_a_2026,2026-04-12,11,Athletico,Chapecoense,2,0,86,,substitution,,True,,,Felipinho,S. Mendoza,,,,
brasileirao_serie_a_2026,2026-04-12,11,Athletico,Chapecoense,2,0,86,,substitution,,True,,,R. P. Nepomuceno,K. Viveros,,,,
brasileirao_serie_a_2026,2026-04-12,11,Athletico,Chapecoense,2,0,81,,goal,K. Viveros,True,,,,,,,2,0
brasileirao_serie_a_2026,2026-04-12,11,Athletico,Chapecoense,2,0,78,,substitution,,False,,,J. Carlos,H. Meritão,,,,
brasileirao_serie_a_2026,2026-04-12,11,Athletico,Chapecoense,2,0,78,,substitution,,False,,,R. Carvalheira,J. Vitor,,,,
brasileirao_serie_a_2026,2026-04-12,11,Athletico,Chapecoense,2,0,71,,card,Bruno Zapelli,True,yellow,,,,,,,
brasileirao_serie_a_2026,2026-04-12,11,Athletico,Chapecoense,2,0,69,,substitution,,False,,,Marcinho,Ênio,,,,
brasileirao_serie_a_2026,2026-04-12,11,Athletico,Chapecoense,2,0,69,,substitution,,False,,,Maurício Garcez,Italo,,,,
brasileirao_serie_a_2026,2026-04-12,11,Athletico,Chapecoense,2,0,68,,card,B. Leonardo,False,yellow,,,,,,,
brasileirao_serie_a_2026,2026-04-12,11,Athletico,Chapecoense,2,0,62,,substitution,,True,,,J. Cruz,Dudu,,,,
brasileirao_serie_a_2026,2026-04-12,11,Athletico,Chapecoense,2,0,61,,card,N. Pessoa,False,yellow,,,,,,,
brasileirao_serie_a_2026,2026-04-12,11,Athletico,Chapecoense,2,0,61,,card,E. Doma,False,yellow,,,,,,,
brasileirao_serie_a_2026,2026-04-12,11,Athletico,Chapecoense,2,0,57,,goal,S. Mendoza,True,,,,,,,1,0
brasileirao_serie_a_2026,2026-04-12,11,Athletico,Chapecoense,2,0,56,,substitution,,False,,,N. Pessoa,Y. Bolasie,,,,
brasileirao_serie_a_2026,2026-04-12,11,Athletico,Chapecoense,2,0,46,,substitution,,True,,,Bruno Zapelli,J. Portilla,,,,
brasileirao_serie_a_2026,2026-04-12,11,Athletico,Chapecoense,2,0,46,,substitution,,True,,,B. B. Ramos,Julimar,,,,
brasileirao_serie_a_2026,2026-04-12,11,Athletico,Chapecoense,2,0,45,,period,,,,,,,HT,,0,0
brasileirao_serie_a_2026,2026-04-12,11,Athletico,Chapecoense,2,0,45,2,card,Julimar,True,yellow,,,,,,,
brasileirao_serie_a_2026,2026-04-12,11,Athletico,Chapecoense,2,0,45,,injuryTime,,,,,,,,5,,
brasileirao_serie_a_2026,2026-04-12,11,Athletico,Chapecoense,2,0,19,,card,Y. Bolasie,False,yellow,,,,,,,
brasileirao_serie_a_2026,2026-04-11,11,Internacional,Grêmio,0,0,90,,period,,,,,,,FT,,0,0
brasileirao_serie_a_2026,2026-04-11,11,Internacional,Grêmio,0,0,90,6,card,A. Bernabei,True,yellow,,,,,,,
brasileirao_serie_a_2026,2026-04-11,11,Internacional,Grêmio,0,0,90,,injuryTime,,,,,,,,7,,
brasileirao_serie_a_2026,2026-04-11,11,Internacional,Grêmio,0,0,89,,card,Viery,False,red,,,,,,,
brasileirao_serie_a_2026,2026-04-11,11,Internacional,Grêmio,0,0,81,,substitution,,False,,,M. Braithwaite,C. Vinícius,,,,
brasileirao_serie_a_2026,2026-04-11,11,Internacional,Grêmio,0,0,80,,substitution,,True,,,Kayky,J. Carbonero,,,,
brasileirao_serie_a_2026,2026-04-11,11,Internacional,Grêmio,0,0,80,,substitution,,False,,,C. Paulista,P. Gabriel,,,,
brasileirao_serie_a_2026,2026-04-11,11,Internacional,Grêmio,0,0,80,,substitution,,True,,,T. Maia,R. Villagra,,,,
brasileirao_serie_a_2026,2026-04-11,11,Internacional,Grêmio,0,0,80,,substitution,,True,,,Á. Rodríguez,A. Patrick,,,,
brasileirao_serie_a_2026,2026-04-11,11,Internacional,Grêmio,0,0,76,,card,G. Mercado,True,yellow,,,,,,,
brasileirao_serie_a_2026,2026-04-11,11,Internacional,Grêmio,0,0,72,,substitution,,True,,,P. Paula,B. Henrique,,,,
brasileirao_serie_a_2026,2026-04-11,11,Internacional,Grêmio,0,0,70,,card,C. Vinícius,False,yellow,,,,,,,
brasileirao_serie_a_2026,2026-04-11,11,Internacional,Grêmio,0,0,67,,substitution,,False,,,G. Mec,F. Amuzu,,,,
brasileirao_serie_a_2026,2026-04-11,11,Internacional,Grêmio,0,0,59,,substitution,,True,,,Alerrandro,R. Borré,,,,
brasileirao_serie_a_2026,2026-04-11,11,Internacional,Grêmio,0,0,57,,card,R. Villagra,True,yellow,,,,,,,
brasileirao_serie_a_2026,2026-04-11,11,Internacional,Grêmio,0,0,56,,substitution,,False,,,J. Enamorado,Tetê,,,,
brasileirao_serie_a_2026,2026-04-11,11,Internacional,Grêmio,0,0,56,,card,P. Gabriel,False,yellow,,,,,,,
brasileirao_serie_a_2026,2026-04-11,11,Internacional,Grêmio,0,0,45,,period,,,,,,,HT,,0,0
brasileirao_serie_a_2026,2026-04-11,11,Internacional,Grêmio,0,0,45,,injuryTime,,,,,,,,2,,
brasileirao_serie_a_2026,2026-04-11,11,Internacional,Grêmio,0,0,8,,card,G. Martins,False,yellow,,,,,,,
brasileirao_serie_a_2026,2026-04-11,11,Internacional,Grêmio,0,0,5,,card,R. Borré,True,yellow,,,,,,,
brasileirao_serie_a_2026,2026-04-11,11,Santos,Atlético Mineiro,1,0,90,,period,,,,,,,FT,,1,0
brasileirao_serie_a_2026,2026-04-11,11,Santos,Atlético Mineiro,1,0,90,4,substitution,,True,,,Thaciano,G. Bontempo,,,,
brasileirao_serie_a_2026,2026-04-11,11,Santos,Atlético Mineiro,1,0,90,,injuryTime,,,,,,,,6,,
brasileirao_serie_a_2026,2026-04-11,11,Santos,Atlético Mineiro,1,0,86,,substitution,,False,,,M. Cassierra,V. Hugo,,,,
brasileirao_serie_a_2026,2026-04-11,11,Santos,Atlético Mineiro,1,0,86,,substitution,,False,,,Alexsander,T. Pérez,,,,
brasileirao_serie_a_2026,2026-04-11,11,Santos,Atlético Mineiro,1,0,85,,substitution,,True,,,L. Díaz,G. Barbosa,,,,
brasileirao_serie_a_2026,2026-04-11,11,Santos,Atlético Mineiro,1,0,80,,substitution,,False,,,Dudu,Hulk,,,,
brasileirao_serie_a_2026,2026-04-11,11,Santos,Atlético Mineiro,1,0,71,,substitution,,False,,,C. C. Soares,Reinier,,,,
brasileirao_serie_a_2026,2026-04-11,11,Santos,Atlético Mineiro,1,0,71,,substitution,,False,,,Bernard,Natanael,,,,
brasileirao_serie_a_2026,2026-04-11,11,Santos,Atlético Mineiro,1,0,63,,goal,Moisés,True,,,,,,,1,0
brasileirao_serie_a_2026,2026-04-11,11,Santos,Atlético Mineiro,1,0,56,,substitution,,True,,,Moisés,Rony,,,,
brasileirao_serie_a_2026,2026-04-11,11,Santos,Atlético Mineiro,1,0,56,,substitution,,True,,,C. Oliva,Gustavinho,,,,
brasileirao_serie_a_2026,2026-04-11,11,Santos,Atlético Mineiro,1,0,45,,period,,,,,,,HT,,0,0
brasileirao_serie_a_2026,2026-04-11,11,Santos,Atlético Mineiro,1,0,45,,injuryTime,,,,,,,,5,,
brasileirao_serie_a_2026,2026-04-11,11,Santos,Atlético Mineiro,1,0,32,,card,Lyanco,False,yellow,Foul,,,,,,
brasileirao_serie_a_2026,2026-04-11,11,Santos,Atlético Mineiro,1,0,31,,card,L. Peres,True,yellow,Foul,,,,,,
brasileirao_serie_a_2026,2026-04-11,11,Santos,Atlético Mineiro,1,0,21,,card,G. Barbosa,True,yellow,Argument,,,,,,
brasileirao_serie_a_2026,2026-04-11,11,Santos,Atlético Mineiro,1,0,10,,card,G. Escobar,True,yellow,Simulation,,,,,,
brasileirao_serie_a_2026,2026-04-11,11,Santos,Atlético Mineiro,1,0,0,,card,Cuca,True,yellowRed,Argument,,,,,,
brasileirao_serie_a_2026,2026-04-11,11,Santos,Atlético Mineiro,1,0,0,,card,Cuca,True,yellow,Argument,,,,,,
brasileirao_serie_a_2026,2026-04-11,11,Mirassol,Bahia,1,2,90,,period,,,,,,,FT,,1,2
brasileirao_serie_a_2026,2026-04-11,11,Mirassol,Bahia,1,2,90,2,card,Negueba,True,yellow,Argument,,,,,,
brasileirao_serie_a_2026,2026-04-11,11,Mirassol,Bahia,1,2,90,,card,L. Oliveira,True,yellow,Argument,,,,,,
brasileirao_serie_a_2026,2026-04-11,11,Mirassol,Bahia,1,2,90,,injuryTime,,,,,,,,9,,
brasileirao_serie_a_2026,2026-04-11,11,Mirassol,Bahia,1,2,89,,goal,M. Sanabria,False,,,,,,,1,2
brasileirao_serie_a_2026,2026-04-11,11,Mirassol,Bahia,1,2,80,,substitution,,False,,,R. Nestor,E. Ribeiro,,,,
brasileirao_serie_a_2026,2026-04-11,11,Mirassol,Bahia,1,2,79,,card,J. Lucas,False,yellow,Foul,,,,,,
brasileirao_serie_a_2026,2026-04-11,11,Mirassol,Bahia,1,2,76,,substitution,,True,,,G. Pires,J. Aldo,,,,
brasileirao_serie_a_2026,2026-04-11,11,Mirassol,Bahia,1,2,69,,substitution,,False,,,M. Sanabria,Ademir,,,,
brasileirao_serie_a_2026,2026-04-11,11,Mirassol,Bahia,1,2,65,,goal,L. Juba,False,,,,,,,1,1
brasileirao_serie_a_2026,2026-04-11,11,Mirassol,Bahia,1,2,61,,card,V. Luis,True,yellow,Foul,,,,,,
brasileirao_serie_a_2026,2026-04-11,11,Mirassol,Bahia,1,2,60,,substitution,,True,,,Shaylon,Eduardo,,,,
brasileirao_serie_a_2026,2026-04-11,11,Mirassol,Bahia,1,2,60,,substitution,,False,,,Ademir,E. Pulga,,,,
brasileirao_serie_a_2026,2026-04-11,11,Mirassol,Bahia,1,2,60,,substitution,,False,,,W. José,Everaldo,,,,
brasileirao_serie_a_2026,2026-04-11,11,Mirassol,Bahia,1,2,60,,substitution,,True,,,Alesson,E. Carioca,,,,
brasileirao_serie_a_2026,2026-04-11,11,Mirassol,Bahia,1,2,57,,card,J. Aldo,True,yellow,Foul,,,,,,
brasileirao_serie_a_2026,2026-04-11,11,Mirassol,Bahia,1,2,46,,substitution,,False,,,Gilberto,C. Alexandre,,,,
brasileirao_serie_a_2026,2026-04-11,11,Mirassol,Bahia,1,2,46,,substitution,,True,,,Nathan Fogaça,A. Luis,,,,
brasileirao_serie_a_2026,2026-04-11,11,Mirassol,Bahia,1,2,45,,period,,,,,,,HT,,1,0
brasileirao_serie_a_2026,2026-04-11,11,Mirassol,Bahia,1,2,45,3,card,E. Carioca,True,yellow,Foul,,,,,,
brasileirao_serie_a_2026,2026-04-11,11,Mirassol,Bahia,1,2,45,,injuryTime,,,,,,,,8,,
brasileirao_serie_a_2026,2026-04-11,11,Mirassol,Bahia,1,2,41,,substitution,,True,,,V. Luis,Reinaldo,,,,
brasileirao_serie_a_2026,2026-04-11,11,Mirassol,Bahia,1,2,14,,goal,D. Duarte,True,,,,,,,1,0
brasileirao_serie_a_2026,2026-04-11,11,Mirassol,Bahia,1,2,0,,card,Eduardo,True,red,Argument,,,,,,
brasileirao_serie_a_2026,2026-04-11,11,Mirassol,Bahia,1,2,0,,card,R. Guanaes,True,red,Argument,,,,,,
brasileirao_serie_a_2026,2026-04-11,11,Mirassol,Bahia,1,2,0,,card,R. Ceni,False,yellow,Argument,,,,,,
brasileirao_serie_a_2026,2026-04-11,11,Vitória,São Paulo,2,0,90,,period,,,,,,,FT,,2,0
brasileirao_serie_a_2026,2026-04-11,11,Vitória,São Paulo,2,0,90,,injuryTime,,,,,,,,6,,
brasileirao_serie_a_2026,2026-04-11,11,Vitória,São Paulo,2,0,89,,card,R. Tolói,False,yellow,,,,,,,
brasileirao_serie_a_2026,2026-04-11,11,Vitória,São Paulo,2,0,88,,substitution,,True,,,Ronald,G. Baralhas,,,,
brasileirao_serie_a_2026,2026-04-11,11,Vitória,São Paulo,2,0,87,,card,G. Baralhas,True,yellow,,,,,,,
brasileirao_serie_a_2026,2026-04-11,11,Vitória,São Paulo,2,0,83,,goal,Ramon,True,,,,,,,2,0
brasileirao_serie_a_2026,2026-04-11,11,Vitória,São Paulo,2,0,78,,substitution,,False,,,Lucca,Danielzinho,,,,
brasileirao_serie_a_2026,2026-04-11,11,Vitória,São Paulo,2,0,76,,card,Tetê,False,yellow,,,,,,,
brasileirao_serie_a_2026,2026-04-11,11,Vitória,São Paulo,2,0,75,,card,D. Tarzia,True,yellow,,,,,,,
brasileirao_serie_a_2026,2026-04-11,11,Vitória,São Paulo,2,0,71,,substitution,,True,,,Renê,R. Kayzer,,,,
brasileirao_serie_a_2026,2026-04-11,11,Vitória,São Paulo,2,0,71,,substitution,,True,,,D. Tarzia,Matheuzinho,,,,
brasileirao_serie_a_2026,2026-04-11,11,Vitória,São Paulo,2,0,66,,substitution,,True,,,Z. Vitor,Caique,,,,
brasileirao_serie_a_2026,2026-04-11,11,Vitória,São Paulo,2,0,66,,substitution,,False,,,Wendell,E. Díaz,,,,
brasileirao_serie_a_2026,2026-04-11,11,Vitória,São Paulo,2,0,66,,substitution,,False,,,G. Tapia,A. Silva,,,,
brasileirao_serie_a_2026,2026-04-11,11,Vitória,São Paulo,2,0,57,,substitution,,False,,,C. Soares,Cauly,,,,
brasileirao_serie_a_2026,2026-04-11,11,Vitória,São Paulo,2,0,57,,substitution,,False,,,Tetê,Ferreira,,,,
brasileirao_serie_a_2026,2026-04-11,11,Vitória,São Paulo,2,0,54,,card,L. Ramon,False,red,,,,,,,
brasileirao_serie_a_2026,2026-04-11,11,Vitória,São Paulo,2,0,45,,period,,,,,,,HT,,1,0
brasileirao_serie_a_2026,2026-04-11,11,Vitória,São Paulo,2,0,45,,injuryTime,,,,,,,,4,,
brasileirao_serie_a_2026,2026-04-11,11,Vitória,São Paulo,2,0,37,,card,M. Antônio,False,yellow,,,,,,,
brasileirao_serie_a_2026,2026-04-11,11,Vitória,São Paulo,2,0,35,,goal,Cacá,True,,,,,,,1,0
brasileirao_serie_a_2026,2026-04-11,11,Remo,Vasco da Gama,1,1,90,,period,,,,,,,FT,,1,1
brasileirao_serie_a_2026,2026-04-11,11,Remo,Vasco da Gama,1,1,90,1,substitution,,True,,,G. Poveda,G. Taliari,,,,
brasileirao_serie_a_2026,2026-04-11,11,Remo,Vasco da Gama,1,1,90,,injuryTime,,,,,,,,6,,
brasileirao_serie_a_2026,2026-04-11,11,Remo,Vasco da Gama,1,1,89,,substitution,,False,,,C. Spinelli,Tchê Tchê,,,,
brasileirao_serie_a_2026,2026-04-11,11,Remo,Vasco da Gama,1,1,84,,goal,Marllon,True,,,,,,,1,1
brasileirao_serie_a_2026,2026-04-11,11,Remo,Vasco da Gama,1,1,83,,card,A. Saldivia,False,yellow,,,,,,,
brasileirao_serie_a_2026,2026-04-11,11,Remo,Vasco da Gama,1,1,78,,substitution,,False,,,M. Hinestroza,J. Rojas,,,,
brasileirao_serie_a_2026,2026-04-11,11,Remo,Vasco da Gama,1,1,77,,substitution,,True,,,Zé Ricardo,Patrick,,,,
brasileirao_serie_a_2026,2026-04-11,11,Remo,Vasco da Gama,1,1,77,,substitution,,True,,,Diego Hernández,A. Manga,,,,
brasileirao_serie_a_2026,2026-04-11,11,Remo,Vasco da Gama,1,1,64,,substitution,,False,,,Brenner,David,,,,
brasileirao_serie_a_2026,2026-04-11,11,Remo,Vasco da Gama,1,1,64,,substitution,,False,,,JP,C. Barros,,,,
brasileirao_serie_a_2026,2026-04-11,11,Remo,Vasco da Gama,1,1,59,,substitution,,True,,,Jaderson,D. Braga,,,,
brasileirao_serie_a_2026,2026-04-11,11,Remo,Vasco da Gama,1,1,54,,goal,A. Gómez,False,,,,,,,0,1
brasileirao_serie_a_2026,2026-04-11,11,Remo,Vasco da Gama,1,1,45,,period,,,,,,,HT,,0,0
brasileirao_serie_a_2026,2026-04-11,11,Remo,Vasco da Gama,1,1,45,,injuryTime,,,,,,,,3,,
brasileirao_serie_a_2026,2026-04-11,11,Remo,Vasco da Gama,1,1,12,,card,Cuiabano,False,yellow,,,,,,,
brasileirao_serie_a_2026,2026-04-05,10,Grêmio,Remo,0,0,90,,period,,,,,,,FT,,0,0
brasileirao_serie_a_2026,2026-04-05,10,Grêmio,Remo,0,0,90,,injuryTime,,,,,,,,6,,
brasileirao_serie_a_2026,2026-04-05,10,Grêmio,Remo,0,0,85,,substitution,,False,,,Jaderson,G. Taliari,,,,
brasileirao_serie_a_2026,2026-04-05,10,Grêmio,Remo,0,0,77,,substitution,,True,,,M. Braithwaite,P. Gabriel,,,,
brasileirao_serie_a_2026,2026-04-05,10,Grêmio,Remo,0,0,72,,substitution,,False,,,M. Alexandre,D. Braga,,,,
brasileirao_serie_a_2026,2026-04-05,10,Grêmio,Remo,0,0,72,,substitution,,False,,,Jajá,A. Manga,,,,
brasileirao_serie_a_2026,2026-04-05,10,Grêmio,Remo,0,0,68,,card,Y. Pikachu,False,yellowRed,Foul,,,,,,
brasileirao_serie_a_2026,2026-04-05,10,Grêmio,Remo,0,0,66,,substitution,,True,,,Dodi,J. Nardoni,,,,
brasileirao_serie_a_2026,2026-04-05,10,Grêmio,Remo,0,0,46,,substitution,,True,,,G. Mec,M. Monsalve,,,,
brasileirao_serie_a_2026,2026-04-05,10,Grêmio,Remo,0,0,46,,substitution,,True,,,Arthur,Zortéa,,,,
brasileirao_serie_a_2026,2026-04-05,10,Grêmio,Remo,0,0,46,,substitution,,True,,,Tetê,J. Enamorado,,,,
brasileirao_serie_a_2026,2026-04-05,10,Grêmio,Remo,0,0,45,,period,,,,,,,HT,,0,0
brasileirao_serie_a_2026,2026-04-05,10,Grêmio,Remo,0,0,45,,injuryTime,,,,,,,,6,,
brasileirao_serie_a_2026,2026-04-05,10,Grêmio,Remo,0,0,44,,card,Y. Pikachu,False,yellow,Argument,,,,,,
brasileirao_serie_a_2026,2026-04-05,10,Grêmio,Remo,0,0,44,,card,D. Braga,False,yellow,Foul,,,,,,
brasileirao_serie_a_2026,2026-04-05,10,Grêmio,Remo,0,0,42,,card,C. Pavón,True,yellow,Argument,,,,,,
brasileirao_serie_a_2026,2026-04-05,10,Grêmio,Remo,0,0,39,,varDecision,Y. Pikachu,False,,,,,,,,
brasileirao_serie_a_2026,2026-04-05,10,Grêmio,Remo,0,0,0,,card,Arthur,True,yellow,Argument,,,,,,
brasileirao_serie_a_2026,2026-04-05,10,Mirassol,Red Bull Bragantino,0,1,90,,period,,,,,,,FT,,0,1
brasileirao_serie_a_2026,2026-04-05,10,Mirassol,Red Bull Bragantino,0,1,90,,injuryTime,,,,,,,,7,,
brasileirao_serie_a_2026,2026-04-05,10,Mirassol,Red Bull Bragantino,0,1,85,,substitution,,False,,,E. Ramires,I. Pitta,,,,
brasileirao_serie_a_2026,2026-04-05,10,Mirassol,Red Bull Bragantino,0,1,85,,substitution,,False,,,A. Sant Anna,H. Mosquera,,,,
brasileirao_serie_a_2026,2026-04-05,10,Mirassol,Red Bull Bragantino,0,1,78,,card,C. Eduardo,True,yellow,Foul,,,,,,
brasileirao_serie_a_2026,2026-04-05,10,Mirassol,Red Bull Bragantino,0,1,71,,substitution,,False,,,P. Henrique,M. Fernandes,,,,
brasileirao_serie_a_2026,2026-04-05,10,Mirassol,Red Bull Bragantino,0,1,70,,substitution,,False,,,Fabinho,G. Girotto,,,,
brasileirao_serie_a_2026,2026-04-05,10,Mirassol,Red Bull Bragantino,0,1,68,,substitution,,True,,,E. Carioca,Alesson,,,,
brasileirao_serie_a_2026,2026-04-05,10,Mirassol,Red Bull Bragantino,0,1,67,,card,I. Pitta,False,yellow,Foul,,,,,,
brasileirao_serie_a_2026,2026-04-05,10,Mirassol,Red Bull Bragantino,0,1,62,,card,J. Capixaba,False,yellow,Foul,,,,,,
brasileirao_serie_a_2026,2026-04-05,10,Mirassol,Red Bull Bragantino,0,1,61,,substitution,,True,,,A. Luis,T. Soares,,,,
brasileirao_serie_a_2026,2026-04-05,10,Mirassol,Red Bull Bragantino,0,1,59,,card,J. Victor,True,yellow,Foul,,,,,,
brasileirao_serie_a_2026,2026-04-05,10,Mirassol,Red Bull Bragantino,0,1,53,,substitution,,True,,,Eduardo,Yuri,,,,
brasileirao_serie_a_2026,2026-04-05,10,Mirassol,Red Bull Bragantino,0,1,51,,goal,I. Pitta,False,,,,,,,0,1
brasileirao_serie_a_2026,2026-04-05,10,Mirassol,Red Bull Bragantino,0,1,46,,substitution,,True,,,G. Pires,Shaylon,,,,
brasileirao_serie_a_2026,2026-04-05,10,Mirassol,Red Bull Bragantino,0,1,46,,substitution,,True,,,C. Eduardo,A. Galeano,,,,
brasileirao_serie_a_2026,2026-04-05,10,Mirassol,Red Bull Bragantino,0,1,45,,period,,,,,,,HT,,0,0
brasileirao_serie_a_2026,2026-04-05,10,Mirassol,Red Bull Bragantino,0,1,45,,injuryTime,,,,,,,,4,,
brasileirao_serie_a_2026,2026-04-05,10,Mirassol,Red Bull Bragantino,0,1,35,,substitution,,False,,,M. Braz,J. Herrera,,,,
brasileirao_serie_a_2026,2026-04-05,10,Mirassol,Red Bull Bragantino,0,1,0,,card,J. Herrera,False,yellow,Argument,,,,,,
brasileirao_serie_a_2026,2026-04-05,10,Corinthians,Internacional,0,1,90,,period,,,,,,,FT,,0,1
brasileirao_serie_a_2026,2026-04-05,10,Corinthians,Internacional,0,1,90,1,card,A. Ramalho,True,yellow,,,,,,,
brasileirao_serie_a_2026,2026-04-05,10,Corinthians,Internacional,0,1,90,,injuryTime,,,,,,,,7,,
brasileirao_serie_a_2026,2026-04-05,10,Corinthians,Internacional,0,1,88,,substitution,,True,,,Dieguinho,Matheuzinho,,,,
brasileirao_serie_a_2026,2026-04-05,10,Corinthians,Internacional,0,1,87,,substitution,,False,,,B. Aguirre,Vitinho,,,,
brasileirao_serie_a_2026,2026-04-05,10,Corinthians,Internacional,0,1,86,,substitution,,False,,,J. Juninho,B. Gomes,,,,
brasileirao_serie_a_2026,2026-04-05,10,Corinthians,Internacional,0,1,83,,substitution,,True,,,P. Raul,Raniele,,,,
brasileirao_serie_a_2026,2026-04-05,10,Corinthians,Internacional,0,1,80,,substitution,,False,,,T. Maia,J. Carbonero,,,,
brasileirao_serie_a_2026,2026-04-05,10,Corinthians,Internacional,0,1,78,,goal,A. Bernabei,False,,,,,,,0,1
brasileirao_serie_a_2026,2026-04-05,10,Corinthians,Internacional,0,1,76,,card,V. Gabriel,False,yellow,,,,,,,
brasileirao_serie_a_2026,2026-04-05,10,Corinthians,Internacional,0,1,74,,card,Vitinho,False,yellow,,,,,,,
brasileirao_serie_a_2026,2026-04-05,10,Corinthians,Internacional,0,1,72,,substitution,,True,,,Z. Labyad,B. Bidon,,,,
brasileirao_serie_a_2026,2026-04-05,10,Corinthians,Internacional,0,1,72,,substitution,,True,,,Vitinho,J. Lingard,,,,
brasileirao_serie_a_2026,2026-04-05,10,Corinthians,Internacional,0,1,65,,substitution,,False,,,Alerrandro,R. Borré,,,,
brasileirao_serie_a_2026,2026-04-05,10,Corinthians,Internacional,0,1,65,,substitution,,False,,,B. Henrique,P. Paula,,,,
brasileirao_serie_a_2026,2026-04-05,10,Corinthians,Internacional,0,1,55,,card,J. Lingard,True,yellow,,,,,,,
brasileirao_serie_a_2026,2026-04-05,10,Corinthians,Internacional,0,1,46,,substitution,,True,,,R. Garro,M. Pereira,,,,
brasileirao_serie_a_2026,2026-04-05,10,Corinthians,Internacional,0,1,45,,period,,,,,,,HT,,0,0
brasileirao_serie_a_2026,2026-04-05,10,Corinthians,Internacional,0,1,45,,injuryTime,,,,,,,,4,,
brasileirao_serie_a_2026,2026-04-05,10,Corinthians,Internacional,0,1,44,,card,J. Carbonero,False,yellow,,,,,,,
brasileirao_serie_a_2026,2026-04-05,10,Bahia,Palmeiras,1,2,90,,period,,,,,,,FT,,1,2
brasileirao_serie_a_2026,2026-04-05,10,Bahia,Palmeiras,1,2,90,2,card,Luighi,False,yellow,Time wasting,,,,,,
brasileirao_serie_a_2026,2026-04-05,10,Bahia,Palmeiras,1,2,90,,injuryTime,,,,,,,,8,,
brasileirao_serie_a_2026,2026-04-05,10,Bahia,Palmeiras,1,2,88,,goal,S. R. Mingo,False,,,,,,,1,2
brasileirao_serie_a_2026,2026-04-05,10,Bahia,Palmeiras,1,2,85,,substitution,,True,,,Dell,E. Pulga,,,,
brasileirao_serie_a_2026,2026-04-05,10,Bahia,Palmeiras,1,2,85,,card,Khellven,False,yellow,Foul,,,,,,
brasileirao_serie_a_2026,2026-04-05,10,Bahia,Palmeiras,1,2,81,,substitution,,False,,,Khellven,A. Gabriel,,,,
brasileirao_serie_a_2026,2026-04-05,10,Bahia,Palmeiras,1,2,74,,substitution,,True,,,M. Araújo,E. Ribeiro,,,,
brasileirao_serie_a_2026,2026-04-05,10,Bahia,Palmeiras,1,2,69,,substitution,,True,,,Erick,C. Alexandre,,,,
brasileirao_serie_a_2026,2026-04-05,10,Bahia,Palmeiras,1,2,69,,substitution,,True,,,W. José,Everaldo,,,,
brasileirao_serie_a_2026,2026-04-05,10,Bahia,Palmeiras,1,2,69,,substitution,,True,,,Ademir,C. Olivera,,,,
brasileirao_serie_a_2026,2026-04-05,10,Bahia,Palmeiras,1,2,64,,substitution,,False,,,F. Anderson,Allan,,,,
brasileirao_serie_a_2026,2026-04-05,10,Bahia,Palmeiras,1,2,60,,substitution,,False,,,L. Evangelista,Mauricio,,,,
brasileirao_serie_a_2026,2026-04-05,10,Bahia,Palmeiras,1,2,60,,substitution,,False,,,R. Sosa,J. Arias,,,,
brasileirao_serie_a_2026,2026-04-05,10,Bahia,Palmeiras,1,2,60,,substitution,,False,,,Luighi,J. López,,,,
brasileirao_serie_a_2026,2026-04-05,10,Bahia,Palmeiras,1,2,58,,goal,D. Duarte,True,,,,,,,1,1
brasileirao_serie_a_2026,2026-04-05,10,Bahia,Palmeiras,1,2,55,,card,A. Giay,False,yellow,Argument,,,,,,
brasileirao_serie_a_2026,2026-04-05,10,Bahia,Palmeiras,1,2,50,,card,J. Arias,False,yellow,Foul,,,,,,
brasileirao_serie_a_2026,2026-04-05,10,Bahia,Palmeiras,1,2,45,,period,,,,,,,HT,,0,1
brasileirao_serie_a_2026,2026-04-05,10,Bahia,Palmeiras,1,2,45,,injuryTime,,,,,,,,3,,
brasileirao_serie_a_2026,2026-04-05,10,Bahia,Palmeiras,1,2,42,,goal,J. Arias,False,,,,,,,0,1
brasileirao_serie_a_2026,2026-04-05,10,Bahia,Palmeiras,1,2,40,,card,L. Juba,True,yellow,Foul,,,,,,
brasileirao_serie_a_2026,2026-04-05,10,Bahia,Palmeiras,1,2,0,,card,G. Xavier,True,yellow,Argument,,,,,,
brasileirao_serie_a_2026,2026-04-05,10,Bahia,Palmeiras,1,2,0,,card,R. Ceni,True,yellow,Argument,,,,,,
brasileirao_serie_a_2026,2026-04-05,10,Bahia,Palmeiras,1,2,0,,card,A. Ferreira,False,yellow,Argument,,,,,,
brasileirao_serie_a_2026,2026-04-05,10,Flamengo,Santos,3,1,90,,period,,,,,,,FT,,3,1
brasileirao_serie_a_2026,2026-04-05,10,Flamengo,Santos,3,1,90,6,substitution,,False,,,Z. Rafael,G. Bontempo,,,,
brasileirao_serie_a_2026,2026-04-05,10,Flamengo,Santos,3,1,90,,injuryTime,,,,,,,,12,,
brasileirao_serie_a_2026,2026-04-05,10,Flamengo,Santos,3,1,89,,goal,L. Paquetá,True,,,,,,,3,1
brasileirao_serie_a_2026,2026-04-05,10,Flamengo,Santos,3,1,86,,substitution,,True,,,N. De la Cruz,G. de Arrascaeta,,,,
brasileirao_serie_a_2026,2026-04-05,10,Flamengo,Santos,3,1,82,,substitution,,False,,,B. Rollheiser,Á. Barreal,,,,
brasileirao_serie_a_2026,2026-04-05,10,Flamengo,Santos,3,1,82,,substitution,,True,,,L. Araújo,Pedro,,,,
brasileirao_serie_a_2026,2026-04-05,10,Flamengo,Santos,3,1,81,,substitution,,True,,,G. Plata,J. Carrascal,,,,
brasileirao_serie_a_2026,2026-04-05,10,Flamengo,Santos,3,1,72,,substitution,,False,,,Willian Arão,C. Oliva,,,,
brasileirao_serie_a_2026,2026-04-05,10,Flamengo,Santos,3,1,72,,substitution,,False,,,G. Barbosa,Z. Ivaldo,,,,
brasileirao_serie_a_2026,2026-04-05,10,Flamengo,Santos,3,1,72,,substitution,,False,,,Moisés,Thaciano,,,,
brasileirao_serie_a_2026,2026-04-05,10,Flamengo,Santos,3,1,71,,goal,Jorginho,True,,,,,,,2,1
brasileirao_serie_a_2026,2026-04-05,10,Flamengo,Santos,3,1,67,,card,Á. Barreal,False,yellow,,,,,,,
brasileirao_serie_a_2026,2026-04-05,10,Flamengo,Santos,3,1,65,,substitution,,True,,,B. Pinto,S. Lino,,,,
brasileirao_serie_a_2026,2026-04-05,10,Flamengo,Santos,3,1,65,,substitution,,True,,,L. Paquetá,E. Araujo,,,,
brasileirao_serie_a_2026,2026-04-05,10,Flamengo,Santos,3,1,64,,goal,Pedro,True,,,,,,,1,1
brasileirao_serie_a_2026,2026-04-05,10,Flamengo,Santos,3,1,57,,varDecision,L. Ortiz,True,,,,,,,,
brasileirao_serie_a_2026,2026-04-05,10,Flamengo,Santos,3,1,53,,card,G. Bontempo,False,yellow,,,,,,,
brasileirao_serie_a_2026,2026-04-05,10,Flamengo,Santos,3,1,48,,goal,L. Díaz,False,,,,,,,0,1
brasileirao_serie_a_2026,2026-04-05,10,Flamengo,Santos,3,1,45,,period,,,,,,,HT,,0,0
brasileirao_serie_a_2026,2026-04-05,10,Flamengo,Santos,3,1,45,,injuryTime,,,,,,,,4,,
brasileirao_serie_a_2026,2026-04-05,10,Atlético Mineiro,Athletico,2,1,90,,period,,,,,,,FT,,2,1
brasileirao_serie_a_2026,2026-04-05,10,Atlético Mineiro,Athletico,2,1,90,,injuryTime,,,,,,,,5,,
brasileirao_serie_a_2026,2026-04-05,10,Atlético Mineiro,Athletico,2,1,88,,substitution,,False,,,B. B. Ramos,L. Gustavo,,,,
brasileirao_serie_a_2026,2026-04-05,10,Atlético Mineiro,Athletico,2,1,88,,goal,Julimar,False,,,,,,,2,1
brasileirao_serie_a_2026,2026-04-05,10,Atlético Mineiro,Athletico,2,1,85,,substitution,,True,,,M. Cassierra,Hulk,,,,
brasileirao_serie_a_2026,2026-04-05,10,Atlético Mineiro,Athletico,2,1,80,,goal,G. Scarpa,True,,,,,,,2,0
brasileirao_serie_a_2026,2026-04-05,10,Atlético Mineiro,Athletico,2,1,77,,substitution,,True,,,G. Scarpa,V. Hugo,,,,
brasileirao_serie_a_2026,2026-04-05,10,Atlético Mineiro,Athletico,2,1,75,,substitution,,False,,,Leozinho,Leonardo Derik,,,,
brasileirao_serie_a_2026,2026-04-05,10,Atlético Mineiro,Athletico,2,1,70,,substitution,,True,,,Bernard,Reinier,,,,
brasileirao_serie_a_2026,2026-04-05,10,Atlético Mineiro,Athletico,2,1,70,,substitution,,True,,,M. Cissé,T. Pérez,,,,
brasileirao_serie_a_2026,2026-04-05,10,Atlético Mineiro,Athletico,2,1,69,,substitution,,True,,,Dudu,T. Cuello,,,,
brasileirao_serie_a_2026,2026-04-05,10,Atlético Mineiro,Athletico,2,1,46,,substitution,,False,,,J. Portilla,Jádson,,,,
brasileirao_serie_a_2026,2026-04-05,10,Atlético Mineiro,Athletico,2,1,46,,substitution,,False,,,J. Cruz,Dudu,,,,
brasileirao_serie_a_2026,2026-04-05,10,Atlético Mineiro,Athletico,2,1,46,,substitution,,False,,,Julimar,S. Mendoza,,,,
brasileirao_serie_a_2026,2026-04-05,10,Atlético Mineiro,Athletico,2,1,45,,period,,,,,,,HT,,1,0
brasileirao_serie_a_2026,2026-04-05,10,Atlético Mineiro,Athletico,2,1,45,,injuryTime,,,,,,,,1,,
brasileirao_serie_a_2026,2026-04-05,10,Atlético Mineiro,Athletico,2,1,19,,card,J. F. Aguirre,False,yellow,,,,,,,
brasileirao_serie_a_2026,2026-04-05,10,Atlético Mineiro,Athletico,2,1,6,,goal,V. Hugo,True,,,,,,,1,0
brasileirao_serie_a_2026,2026-04-05,10,Chapecoense,Vitória,1,1,90,,period,,,,,,,FT,,1,1
brasileirao_serie_a_2026,2026-04-05,10,Chapecoense,Vitória,1,1,90,3,goal,Matheuzinho,False,,,,,,,1,1
brasileirao_serie_a_2026,2026-04-05,10,Chapecoense,Vitória,1,1,90,,injuryTime,,,,,,,,8,,
brasileirao_serie_a_2026,2026-04-05,10,Chapecoense,Vitória,1,1,89,,substitution,,False,,,Matheuzinho,Caique,,,,
brasileirao_serie_a_2026,2026-04-05,10,Chapecoense,Vitória,1,1,89,,card,M. Vinícius,True,yellow,Argument,,,,,,
brasileirao_serie_a_2026,2026-04-05,10,Chapecoense,Vitória,1,1,87,,goal,N. Pessoa,True,,,,,,,1,0
brasileirao_serie_a_2026,2026-04-05,10,Chapecoense,Vitória,1,1,83,,substitution,,True,,,N. Pessoa,J. Carlos,,,,
brasileirao_serie_a_2026,2026-04-05,10,Chapecoense,Vitória,1,1,83,,substitution,,True,,,D. Antunes,J. Vitor,,,,
brasileirao_serie_a_2026,2026-04-05,10,Chapecoense,Vitória,1,1,82,,card,Cacá,False,yellow,Argument,,,,,,
brasileirao_serie_a_2026,2026-04-05,10,Chapecoense,Vitória,1,1,70,,card,A. Pato,False,yellow,Foul,,,,,,
brasileirao_serie_a_2026,2026-04-05,10,Chapecoense,Vitória,1,1,67,,substitution,,True,,,Marcinho,Italo,,,,
brasileirao_serie_a_2026,2026-04-05,10,Chapecoense,Vitória,1,1,65,,substitution,,False,,,A. Pato,D. Tarzia,,,,
brasileirao_serie_a_2026,2026-04-05,10,Chapecoense,Vitória,1,1,56,,substitution,,False,,,L. Cândido,Camutanga,,,,
brasileirao_serie_a_2026,2026-04-05,10,Chapecoense,Vitória,1,1,46,,substitution,,False,,,Renê,R. Kayzer,,,,
brasileirao_serie_a_2026,2026-04-05,10,Chapecoense,Vitória,1,1,46,,substitution,,False,,,N. Mendes,Ronald,,,,
brasileirao_serie_a_2026,2026-04-05,10,Chapecoense,Vitória,1,1,46,,substitution,,True,,,W. Clar,B. Pacheco,,,,
brasileirao_serie_a_2026,2026-04-05,10,Chapecoense,Vitória,1,1,45,,period,,,,,,,HT,,0,0
brasileirao_serie_a_2026,2026-04-05,10,Chapecoense,Vitória,1,1,45,,card,Ronald,False,yellow,Foul,,,,,,
brasileirao_serie_a_2026,2026-04-05,10,Chapecoense,Vitória,1,1,45,,injuryTime,,,,,,,,7,,
brasileirao_serie_a_2026,2026-04-05,10,Chapecoense,Vitória,1,1,38,,card,Edenílson,False,red,Professional foul last man,,,,,,
brasileirao_serie_a_2026,2026-04-05,10,Chapecoense,Vitória,1,1,18,,substitution,,True,,,M. Vinícius,Everton,,,,
brasileirao_serie_a_2026,2026-04-05,10,Chapecoense,Vitória,1,1,0,,card,Everton,True,yellow,Argument,,,,,,
brasileirao_serie_a_2026,2026-04-05,10,Vasco da Gama,Botafogo,1,2,90,,period,,,,,,,FT,,1,2
brasileirao_serie_a_2026,2026-04-05,10,Vasco da Gama,Botafogo,1,2,90,2,card,Raúl,False,yellow,Time wasting,,,,,,
brasileirao_serie_a_2026,2026-04-05,10,Vasco da Gama,Botafogo,1,2,90,,injuryTime,,,,,,,,6,,
brasileirao_serie_a_2026,2026-04-05,10,Vasco da Gama,Botafogo,1,2,87,,substitution,,False,,,Newton,Allan,,,,
brasileirao_serie_a_2026,2026-04-05,10,Vasco da Gama,Botafogo,1,2,79,,goal,M. Martins,False,,,,,,,1,2
brasileirao_serie_a_2026,2026-04-05,10,Vasco da Gama,Botafogo,1,2,79,,card,P. Rodríguez,True,yellow,Argument,,,,,,
brasileirao_serie_a_2026,2026-04-05,10,Vasco da Gama,Botafogo,1,2,78,,substitution,,True,,,C. Spinelli,David,,,,
brasileirao_serie_a_2026,2026-04-05,10,Vasco da Gama,Botafogo,1,2,70,,substitution,,True,,,N. Moreira,J. Rojas,,,,
brasileirao_serie_a_2026,2026-04-05,10,Vasco da Gama,Botafogo,1,2,70,,substitution,,True,,,M. Hinestroza,Tchê Tchê,,,,
brasileirao_serie_a_2026,2026-04-05,10,Vasco da Gama,Botafogo,1,2,68,,substitution,,False,,,Á. Montoro,A. Cabral,,,,
brasileirao_serie_a_2026,2026-04-05,10,Vasco da Gama,Botafogo,1,2,68,,substitution,,False,,,K. Barría,Edenilson,,,,
brasileirao_serie_a_2026,2026-04-05,10,Vasco da Gama,Botafogo,1,2,66,,goal,L. Villalba,False,,,,,,,1,1
brasileirao_serie_a_2026,2026-04-05,10,Vasco da Gama,Botafogo,1,2,61,,goal,David,True,,,,,,,1,0
brasileirao_serie_a_2026,2026-04-05,10,Vasco da Gama,Botafogo,1,2,60,,substitution,,False,,,L. Villalba,J. Santos,,,,
brasileirao_serie_a_2026,2026-04-05,10,Vasco da Gama,Botafogo,1,2,55,,card,N. Ferraresi,False,yellow,Foul,,,,,,
brasileirao_serie_a_2026,2026-04-05,10,Vasco da Gama,Botafogo,1,2,52,,card,J. Santos,False,yellow,Foul,,,,,,
brasileirao_serie_a_2026,2026-04-05,10,Vasco da Gama,Botafogo,1,2,46,,substitution,,False,,,C. Roque,A. Telles,,,,
brasileirao_serie_a_2026,2026-04-05,10,Vasco da Gama,Botafogo,1,2,45,,period,,,,,,,HT,,0,0
brasileirao_serie_a_2026,2026-04-05,10,Vasco da Gama,Botafogo,1,2,45,,injuryTime,,,,,,,,5,,
brasileirao_serie_a_2026,2026-04-05,10,Vasco da Gama,Botafogo,1,2,41,,card,A. Saldivia,True,yellow,Foul,,,,,,
brasileirao_serie_a_2026,2026-04-05,10,Vasco da Gama,Botafogo,1,2,0,,card,G. Justino,False,yellow,Time wasting,,,,,,
brasileirao_serie_a_2026,2026-04-04,10,Coritiba,Fluminense,1,1,90,,period,,,,,,,FT,,1,1
brasileirao_serie_a_2026,2026-04-04,10,Coritiba,Fluminense,1,1,90,,injuryTime,,,,,,,,6,,
brasileirao_serie_a_2026,2026-04-04,10,Coritiba,Fluminense,1,1,83,,substitution,,True,,,Fabinho,S. Gomez,,,,
brasileirao_serie_a_2026,2026-04-04,10,Coritiba,Fluminense,1,1,81,,goal,John Kennedy,False,,,,,,,1,1
brasileirao_serie_a_2026,2026-04-04,10,Coritiba,Fluminense,1,1,81,,card,S. Gomez,True,yellow,Foul,,,,,,
brasileirao_serie_a_2026,2026-04-04,10,Coritiba,Fluminense,1,1,79,,substitution,,False,,,John Kennedy,R. Castillo,,,,
brasileirao_serie_a_2026,2026-04-04,10,Coritiba,Fluminense,1,1,79,,substitution,,False,,,G. Cano,K. Serna,,,,
brasileirao_serie_a_2026,2026-04-04,10,Coritiba,Fluminense,1,1,77,,substitution,,True,,,Wallisson Luiz,L. Ronier,,,,
brasileirao_serie_a_2026,2026-04-04,10,Coritiba,Fluminense,1,1,74,,goal,T. Cóser,True,,,,,,,1,0
brasileirao_serie_a_2026,2026-04-04,10,Coritiba,Fluminense,1,1,71,,substitution,,False,,,Alisson,Hércules,,,,
brasileirao_serie_a_2026,2026-04-04,10,Coritiba,Fluminense,1,1,71,,substitution,,False,,,J. Savarino,Ganso,,,,
brasileirao_serie_a_2026,2026-04-04,10,Coritiba,Fluminense,1,1,64,,substitution,,False,,,Otávio,Martinelli,,,,
brasileirao_serie_a_2026,2026-04-04,10,Coritiba,Fluminense,1,1,57,,substitution,,True,,,Tinga,J.P. Chermont,,,,
brasileirao_serie_a_2026,2026-04-04,10,Coritiba,Fluminense,1,1,57,,substitution,,True,,,T. Cóser,J. Maranhão,,,,
brasileirao_serie_a_2026,2026-04-04,10,Coritiba,Fluminense,1,1,56,,substitution,,True,,,B. Lopes,F. Jonatan,,,,
brasileirao_serie_a_2026,2026-04-04,10,Coritiba,Fluminense,1,1,45,,period,,,,,,,HT,,0,0
brasileirao_serie_a_2026,2026-04-04,10,Coritiba,Fluminense,1,1,45,,injuryTime,,,,,,,,3,,
brasileirao_serie_a_2026,2026-04-04,10,Coritiba,Fluminense,1,1,18,,varDecision,K. Serna,False,,,,,,,,
brasileirao_serie_a_2026,2026-04-04,10,Coritiba,Fluminense,1,1,0,,card,F. Seabra,True,yellow,Argument,,,,,,
brasileirao_serie_a_2026,2026-04-04,10,São Paulo,Cruzeiro,4,1,90,,period,,,,,,,FT,,4,1
brasileirao_serie_a_2026,2026-04-04,10,São Paulo,Cruzeiro,4,1,90,3,card,Ferreira,True,yellow,,,,,,,
brasileirao_serie_a_2026,2026-04-04,10,São Paulo,Cruzeiro,4,1,90,1,goal,Ferreira,True,,,,,,,4,1
brasileirao_serie_a_2026,2026-04-04,10,São Paulo,Cruzeiro,4,1,90,,injuryTime,,,,,,,,10,,
brasileirao_serie_a_2026,2026-04-04,10,São Paulo,Cruzeiro,4,1,83,,substitution,,False,,,N. Villarreal,K. Jorge,,,,
brasileirao_serie_a_2026,2026-04-04,10,São Paulo,Cruzeiro,4,1,83,,substitution,,False,,,J. Jesus,F. Bruno,,,,
brasileirao_serie_a_2026,2026-04-04,10,São Paulo,Cruzeiro,4,1,77,,substitution,,True,,,P. Maia,D. Bobadilla,,,,
brasileirao_serie_a_2026,2026-04-04,10,São Paulo,Cruzeiro,4,1,76,,substitution,,True,,,A. Silva,J. Calleri,,,,
brasileirao_serie_a_2026,2026-04-04,10,São Paulo,Cruzeiro,4,1,68,,substitution,,False,,,Wanderson,Gerson,,,,
brasileirao_serie_a_2026,2026-04-04,10,São Paulo,Cruzeiro,4,1,68,,substitution,,False,,,Chico da Costa,K. Arroyo,,,,
brasileirao_serie_a_2026,2026-04-04,10,São Paulo,Cruzeiro,4,1,68,,substitution,,True,,,E. Díaz,Wendell,,,,
brasileirao_serie_a_2026,2026-04-04,10,São Paulo,Cruzeiro,4,1,67,,card,Wendell,True,yellow,,,,,,,
brasileirao_serie_a_2026,2026-04-04,10,São Paulo,Cruzeiro,4,1,66,,varDecision,Wendell,True,,,,,,,,
brasileirao_serie_a_2026,2026-04-04,10,São Paulo,Cruzeiro,4,1,62,,goal,Ferreira,True,,,,,,,3,1
brasileirao_serie_a_2026,2026-04-04,10,São Paulo,Cruzeiro,4,1,60,,substitution,,True,,,Cauly,Luciano,,,,
brasileirao_serie_a_2026,2026-04-04,10,São Paulo,Cruzeiro,4,1,47,,goal,Christian,False,,,,,,,2,1
brasileirao_serie_a_2026,2026-04-04,10,São Paulo,Cruzeiro,4,1,46,,substitution,,True,,,Dória,Sabino,,,,
brasileirao_serie_a_2026,2026-04-04,10,São Paulo,Cruzeiro,4,1,46,,substitution,,False,,,L. Silva,M. Henrique,,,,
brasileirao_serie_a_2026,2026-04-04,10,São Paulo,Cruzeiro,4,1,46,,substitution,,False,,,K. Moraes,W. Furtado,,,,
brasileirao_serie_a_2026,2026-04-04,10,São Paulo,Cruzeiro,4,1,45,,period,,,,,,,HT,,2,0
brasileirao_serie_a_2026,2026-04-04,10,São Paulo,Cruzeiro,4,1,45,,injuryTime,,,,,,,,6,,
brasileirao_serie_a_2026,2026-04-04,10,São Paulo,Cruzeiro,4,1,16,,goal,Ferreira,True,,,,,,,2,0
brasileirao_serie_a_2026,2026-04-04,10,São Paulo,Cruzeiro,4,1,12,,goal,J. Calleri,True,,,,,,,1,0
brasileirao_serie_a_2026,2026-04-03,9,Red Bull Bragantino,Flamengo,3,0,90,,period,,,,,,,FT,,3,0
brasileirao_serie_a_2026,2026-04-03,9,Red Bull Bragantino,Flamengo,3,0,90,,injuryTime,,,,,,,,4,,
brasileirao_serie_a_2026,2026-04-03,9,Red Bull Bragantino,Flamengo,3,0,89,,card,Everton,False,yellow,,,,,,,
brasileirao_serie_a_2026,2026-04-03,9,Red Bull Bragantino,Flamengo,3,0,85,,substitution,,True,,,J. A. Hurtado,J. Capixaba,,,,
brasileirao_serie_a_2026,2026-04-03,9,Red Bull Bragantino,Flamengo,3,0,85,,substitution,,True,,,C. N. Santos,A. Sant Anna,,,,
brasileirao_serie_a_2026,2026-04-03,9,Red Bull Bragantino,Flamengo,3,0,81,,card,G. Neves,True,yellow,,,,,,,
brasileirao_serie_a_2026,2026-04-03,9,Red Bull Bragantino,Flamengo,3,0,80,,card,I. Sosa,True,yellow,,,,,,,
brasileirao_serie_a_2026,2026-04-03,9,Red Bull Bragantino,Flamengo,3,0,77,,substitution,,True,,,G. Neves,M. Fernandes,,,,
brasileirao_serie_a_2026,2026-04-03,9,Red Bull Bragantino,Flamengo,3,0,77,,substitution,,True,,,Vinicinho,H. Mosquera,,,,
brasileirao_serie_a_2026,2026-04-03,9,Red Bull Bragantino,Flamengo,3,0,77,,card,M. Fernandes,True,yellow,,,,,,,
brasileirao_serie_a_2026,2026-04-03,9,Red Bull Bragantino,Flamengo,3,0,75,,substitution,,False,,,Danilo,A. Lucas,,,,
brasileirao_serie_a_2026,2026-04-03,9,Red Bull Bragantino,Flamengo,3,0,73,,varDecision,H. Mosquera,True,,,,,,,,
brasileirao_serie_a_2026,2026-04-03,9,Red Bull Bragantino,Flamengo,3,0,67,,substitution,,False,,,Wallace,Pedro,,,,
brasileirao_serie_a_2026,2026-04-03,9,Red Bull Bragantino,Flamengo,3,0,65,,substitution,,True,,,I. Sosa,J. Herrera,,,,
brasileirao_serie_a_2026,2026-04-03,9,Red Bull Bragantino,Flamengo,3,0,58,,substitution,,False,,,N. De la Cruz,S. Lino,,,,
brasileirao_serie_a_2026,2026-04-03,9,Red Bull Bragantino,Flamengo,3,0,55,,goal,L. Barbosa,True,,,,,,,3,0
brasileirao_serie_a_2026,2026-04-03,9,Red Bull Bragantino,Flamengo,3,0,50,,card,E. Pulgar,False,red,,,,,,,
brasileirao_serie_a_2026,2026-04-03,9,Red Bull Bragantino,Flamengo,3,0,49,,card,J. Herrera,True,yellow,,,,,,,
brasileirao_serie_a_2026,2026-04-03,9,Red Bull Bragantino,Flamengo,3,0,49,,varDecision,E. Pulgar,False,,,,,,,,
brasileirao_serie_a_2026,2026-04-03,9,Red Bull Bragantino,Flamengo,3,0,46,,substitution,,False,,,J. Carrascal,L. Araújo,,,,
brasileirao_serie_a_2026,2026-04-03,9,Red Bull Bragantino,Flamengo,3,0,46,,substitution,,False,,,Everton,L. Paquetá,,,,
brasileirao_serie_a_2026,2026-04-03,9,Red Bull Bragantino,Flamengo,3,0,45,,period,,,,,,,HT,,2,0
brasileirao_serie_a_2026,2026-04-03,9,Red Bull Bragantino,Flamengo,3,0,45,,injuryTime,,,,,,,,4,,
brasileirao_serie_a_2026,2026-04-03,9,Red Bull Bragantino,Flamengo,3,0,39,,goal,G. Girotto,True,,,,,,,2,0
brasileirao_serie_a_2026,2026-04-03,9,Red Bull Bragantino,Flamengo,3,0,17,,goal,I. Pitta,True,,,,,,,1,0
brasileirao_serie_a_2026,2026-04-03,9,Palmeiras,Grêmio,2,1,90,,period,,,,,,,FT,,2,1
brasileirao_serie_a_2026,2026-04-03,9,Palmeiras,Grêmio,2,1,90,,injuryTime,,,,,,,,5,,
brasileirao_serie_a_2026,2026-04-03,9,Palmeiras,Grêmio,2,1,86,,card,Dodi,False,yellow,Foul,,,,,,
brasileirao_serie_a_2026,2026-04-03,9,Palmeiras,Grêmio,2,1,84,,substitution,,True,,,Khellven,J. Arias,,,,
brasileirao_serie_a_2026,2026-04-03,9,Palmeiras,Grêmio,2,1,84,,substitution,,True,,,L. Evangelista,Allan,,,,
brasileirao_serie_a_2026,2026-04-03,9,Palmeiras,Grêmio,2,1,80,,substitution,,False,,,Zortéa,J. Nardoni,,,,
brasileirao_serie_a_2026,2026-04-03,9,Palmeiras,Grêmio,2,1,76,,substitution,,False,,,M. Braithwaite,J. Enamorado,,,,
brasileirao_serie_a_2026,2026-04-03,9,Palmeiras,Grêmio,2,1,74,,card,G. Martins,False,yellow,Foul,,,,,,
brasileirao_serie_a_2026,2026-04-03,9,Palmeiras,Grêmio,2,1,72,,goal,M. Freitas,True,,,,,,,2,1
brasileirao_serie_a_2026,2026-04-03,9,Palmeiras,Grêmio,2,1,72,,substitution,,True,,,R. Sosa,J. López,,,,
brasileirao_serie_a_2026,2026-04-03,9,Palmeiras,Grêmio,2,1,71,,substitution,,True,,,F. Anderson,Mauricio,,,,
brasileirao_serie_a_2026,2026-04-03,9,Palmeiras,Grêmio,2,1,67,,substitution,,True,,,A. Gabriel,Jefté,,,,
brasileirao_serie_a_2026,2026-04-03,9,Palmeiras,Grêmio,2,1,54,,goal,C. Vinícius,False,,,,,,,1,1
brasileirao_serie_a_2026,2026-04-03,9,Palmeiras,Grêmio,2,1,46,,substitution,,False,,,G. Mec,M. Monsalve,,,,
brasileirao_serie_a_2026,2026-04-03,9,Palmeiras,Grêmio,2,1,46,,substitution,,False,,,F. Amuzu,Tetê,,,,
brasileirao_serie_a_2026,2026-04-03,9,Palmeiras,Grêmio,2,1,46,,substitution,,False,,,Dodi,E. Noriega,,,,
brasileirao_serie_a_2026,2026-04-03,9,Palmeiras,Grêmio,2,1,45,,period,,,,,,,HT,,1,0
brasileirao_serie_a_2026,2026-04-03,9,Palmeiras,Grêmio,2,1,45,,injuryTime,,,,,,,,2,,
brasileirao_serie_a_2026,2026-04-03,9,Palmeiras,Grêmio,2,1,44,,goal,M. Freitas,True,,,,,,,1,0
brasileirao_serie_a_2026,2026-04-03,9,Palmeiras,Grêmio,2,1,40,,card,P. Gabriel,False,yellow,Foul,,,,,,
brasileirao_serie_a_2026,2026-04-03,9,Palmeiras,Grêmio,2,1,0,,card,L. Castro,False,yellow,Argument,,,,,,
brasileirao_serie_a_2026,2026-04-02,9,Santos,Remo,2,0,90,,period,,,,,,,FT,,2,0
brasileirao_serie_a_2026,2026-04-02,9,Santos,Remo,2,0,90,1,substitution,,True,,,Robinho Jr,C. Oliva,,,,
brasileirao_serie_a_2026,2026-04-02,9,Santos,Remo,2,0,90,1,substitution,,True,,,J. Schmidt,Rony,,,,
brasileirao_serie_a_2026,2026-04-02,9,Santos,Remo,2,0,90,,injuryTime,,,,,,,,5,,
brasileirao_serie_a_2026,2026-04-02,9,Santos,Remo,2,0,86,,card,Neymar,True,yellow,,,,,,,
brasileirao_serie_a_2026,2026-04-02,9,Santos,Remo,2,0,84,,substitution,,False,,,Jaderson,Mayk,,,,
brasileirao_serie_a_2026,2026-04-02,9,Santos,Remo,2,0,84,,varDecision,Moisés,True,,,,,,,,
brasileirao_serie_a_2026,2026-04-02,9,Santos,Remo,2,0,82,,goal,Moisés,True,,,,,,,2,0
brasileirao_serie_a_2026,2026-04-02,9,Santos,Remo,2,0,79,,substitution,,False,,,Diego Hernández,A. Manga,,,,
brasileirao_serie_a_2026,2026-04-02,9,Santos,Remo,2,0,78,,substitution,,False,,,G. Poveda,G. Taliari,,,,
brasileirao_serie_a_2026,2026-04-02,9,Santos,Remo,2,0,71,,substitution,,True,,,G. Bontempo,G. H. Pereira,,,,
brasileirao_serie_a_2026,2026-04-02,9,Santos,Remo,2,0,71,,substitution,,True,,,Willian Arão,Thaciano,,,,
brasileirao_serie_a_2026,2026-04-02,9,Santos,Remo,2,0,70,,card,Rony,True,yellow,,,,,,,
brasileirao_serie_a_2026,2026-04-02,9,Santos,Remo,2,0,65,,substitution,,False,,,Y. Pikachu,Jajá,,,,
brasileirao_serie_a_2026,2026-04-02,9,Santos,Remo,2,0,59,,substitution,,True,,,Moisés,Á. Barreal,,,,
brasileirao_serie_a_2026,2026-04-02,9,Santos,Remo,2,0,58,,card,G. H. Pereira,True,yellow,,,,,,,
brasileirao_serie_a_2026,2026-04-02,9,Santos,Remo,2,0,56,,card,Zé Welison,False,yellow,,,,,,,
brasileirao_serie_a_2026,2026-04-02,9,Santos,Remo,2,0,46,,substitution,,False,,,D. Braga,Zé Ricardo,,,,
brasileirao_serie_a_2026,2026-04-02,9,Santos,Remo,2,0,45,,period,,,,,,,HT,,1,0
brasileirao_serie_a_2026,2026-04-02,9,Santos,Remo,2,0,45,,injuryTime,,,,,,,,3,,
brasileirao_serie_a_2026,2026-04-02,9,Santos,Remo,2,0,41,,card,Thaciano,True,yellow,,,,,,,
brasileirao_serie_a_2026,2026-04-02,9,Santos,Remo,2,0,40,,goal,Thaciano,True,,,,,,,1,0
brasileirao_serie_a_2026,2026-04-02,9,Santos,Remo,2,0,5,,card,Zé Ricardo,False,yellow,,,,,,,
brasileirao_serie_a_2026,2026-04-02,9,Chapecoense,Atlético Mineiro,0,4,90,,period,,,,,,,FT,,0,4
brasileirao_serie_a_2026,2026-04-02,9,Chapecoense,Atlético Mineiro,0,4,90,5,goal,Dudu,False,,,,,,,0,4
brasileirao_serie_a_2026,2026-04-02,9,Chapecoense,Atlético Mineiro,0,4,90,,injuryTime,,,,,,,,8,,
brasileirao_serie_a_2026,2026-04-02,9,Chapecoense,Atlético Mineiro,0,4,86,,substitution,,False,,,K. P. Resende,R. Lodi,,,,
brasileirao_serie_a_2026,2026-04-02,9,Chapecoense,Atlético Mineiro,0,4,81,,substitution,,False,,,Dudu,V. Hugo,,,,
brasileirao_serie_a_2026,2026-04-02,9,Chapecoense,Atlético Mineiro,0,4,81,,substitution,,False,,,M. Cassierra,Hulk,,,,
brasileirao_serie_a_2026,2026-04-02,9,Chapecoense,Atlético Mineiro,0,4,76,,substitution,,True,,,N. Pessoa,Y. Bolasie,,,,
brasileirao_serie_a_2026,2026-04-02,9,Chapecoense,Atlético Mineiro,0,4,67,,substitution,,False,,,G. Scarpa,Bernard,,,,
brasileirao_serie_a_2026,2026-04-02,9,Chapecoense,Atlético Mineiro,0,4,67,,substitution,,False,,,I. Gomes,Reinier,,,,
brasileirao_serie_a_2026,2026-04-02,9,Chapecoense,Atlético Mineiro,0,4,46,,substitution,,True,,,K. Ramírez,Italo,,,,
brasileirao_serie_a_2026,2026-04-02,9,Chapecoense,Atlético Mineiro,0,4,46,,substitution,,True,,,Ênio,V. Caetano,,,,
brasileirao_serie_a_2026,2026-04-02,9,Chapecoense,Atlético Mineiro,0,4,46,,substitution,,True,,,H. Meritão,R. Carvalheira,,,,
brasileirao_serie_a_2026,2026-04-02,9,Chapecoense,Atlético Mineiro,0,4,45,,period,,,,,,,HT,,0,3
brasileirao_serie_a_2026,2026-04-02,9,Chapecoense,Atlético Mineiro,0,4,45,,injuryTime,,,,,,,,3,,
brasileirao_serie_a_2026,2026-04-02,9,Chapecoense,Atlético Mineiro,0,4,42,,card,V. Caetano,True,yellow,,,,,,,
brasileirao_serie_a_2026,2026-04-02,9,Chapecoense,Atlético Mineiro,0,4,35,,goal,T. Cuello,False,,,,,,,0,3
brasileirao_serie_a_2026,2026-04-02,9,Chapecoense,Atlético Mineiro,0,4,30,,goal,Reinier,False,,,,,,,0,2
brasileirao_serie_a_2026,2026-04-02,9,Chapecoense,Atlético Mineiro,0,4,23,,goal,Bernard,False,,,,,,,0,1
brasileirao_serie_a_2026,2026-04-02,9,Chapecoense,Atlético Mineiro,0,4,20,,substitution,,True,,,J. Carlos,G. Augusto,,,,
brasileirao_serie_a_2026,2026-04-02,9,Fluminense,Corinthians,3,1,90,,period,,,,,,,FT,,3,1
brasileirao_serie_a_2026,2026-04-02,9,Fluminense,Corinthians,3,1,90,4,card,M. Pereira,False,yellow,,,,,,,
brasileirao_serie_a_2026,2026-04-02,9,Fluminense,Corinthians,3,1,90,,injuryTime,,,,,,,,8,,
brasileirao_serie_a_2026,2026-04-02,9,Fluminense,Corinthians,3,1,89,,goal,A. Luiz,False,,,,,,,3,1
brasileirao_serie_a_2026,2026-04-02,9,Fluminense,Corinthians,3,1,86,,substitution,,True,,,G. Cano,Martinelli,,,,
brasileirao_serie_a_2026,2026-04-02,9,Fluminense,Corinthians,3,1,83,,goal,R. Castillo,True,,,,,,,3,0
brasileirao_serie_a_2026,2026-04-02,9,Fluminense,Corinthians,3,1,77,,substitution,,True,,,Alisson,Hércules,,,,
brasileirao_serie_a_2026,2026-04-02,9,Fluminense,Corinthians,3,1,77,,substitution,,True,,,R. Castillo,John Kennedy,,,,
brasileirao_serie_a_2026,2026-04-02,9,Fluminense,Corinthians,3,1,77,,substitution,,False,,,Dieguinho,R. Garro,,,,
brasileirao_serie_a_2026,2026-04-02,9,Fluminense,Corinthians,3,1,76,,substitution,,False,,,Z. Labyad,Y. Alberto,,,,
brasileirao_serie_a_2026,2026-04-02,9,Fluminense,Corinthians,3,1,70,,substitution,,True,,,Y. Soteldo,K. Serna,,,,
brasileirao_serie_a_2026,2026-04-02,9,Fluminense,Corinthians,3,1,69,,substitution,,True,,,Ganso,L. Acosta,,,,
brasileirao_serie_a_2026,2026-04-02,9,Fluminense,Corinthians,3,1,62,,card,A. Luiz,False,yellow,,,,,,,
brasileirao_serie_a_2026,2026-04-02,9,Fluminense,Corinthians,3,1,55,,card,Allan,False,red,,,,,,,
brasileirao_serie_a_2026,2026-04-02,9,Fluminense,Corinthians,3,1,54,,varDecision,Allan,False,,,,,,,,
brasileirao_serie_a_2026,2026-04-02,9,Fluminense,Corinthians,3,1,52,,card,L. Acosta,True,yellow,,,,,,,
brasileirao_serie_a_2026,2026-04-02,9,Fluminense,Corinthians,3,1,52,,card,Allan,False,yellow,,,,,,,
brasileirao_serie_a_2026,2026-04-02,9,Fluminense,Corinthians,3,1,46,,substitution,,False,,,F. Angileri,M. Bidu,,,,
brasileirao_serie_a_2026,2026-04-02,9,Fluminense,Corinthians,3,1,46,,substitution,,False,,,J. Lingard,B. Bidon,,,,
brasileirao_serie_a_2026,2026-04-02,9,Fluminense,Corinthians,3,1,46,,substitution,,False,,,M. Pereira,Charles,,,,
brasileirao_serie_a_2026,2026-04-02,9,Fluminense,Corinthians,3,1,45,,period,,,,,,,HT,,2,0
brasileirao_serie_a_2026,2026-04-02,9,Fluminense,Corinthians,3,1,45,3,goal,Hércules,True,,,,,,,2,0
brasileirao_serie_a_2026,2026-04-02,9,Fluminense,Corinthians,3,1,45,,injuryTime,,,,,,,,3,,
brasileirao_serie_a_2026,2026-04-02,9,Fluminense,Corinthians,3,1,35,,card,M. Bidu,False,yellow,,,,,,,
brasileirao_serie_a_2026,2026-04-02,9,Fluminense,Corinthians,3,1,20,,goal,John Kennedy,True,,,,,,,1,0
brasileirao_serie_a_2026,2026-04-01,9,Coritiba,Vasco da Gama,1,1,90,,period,,,,,,,FT,,1,1
brasileirao_serie_a_2026,2026-04-01,9,Coritiba,Vasco da Gama,1,1,90,8,substitution,,True,,,,Keno,,,,
brasileirao_serie_a_2026,2026-04-01,9,Coritiba,Vasco da Gama,1,1,90,3,card,P. Henrique,False,yellow,,,,,,,
brasileirao_serie_a_2026,2026-04-01,9,Coritiba,Vasco da Gama,1,1,90,,goal,A. Saldivia,True,,,,,,,1,1
brasileirao_serie_a_2026,2026-04-01,9,Coritiba,Vasco da Gama,1,1,90,,injuryTime,,,,,,,,9,,
brasileirao_serie_a_2026,2026-04-01,9,Coritiba,Vasco da Gama,1,1,85,,substitution,,False,,,J. Silva,M. Hinestroza,,,,
brasileirao_serie_a_2026,2026-04-01,9,Coritiba,Vasco da Gama,1,1,85,,substitution,,False,,,R. A. d. S. Fortes,L. Piton,,,,
brasileirao_serie_a_2026,2026-04-01,9,Coritiba,Vasco da Gama,1,1,78,,substitution,,True,,,Fabinho,S. Gomez,,,,
brasileirao_serie_a_2026,2026-04-01,9,Coritiba,Vasco da Gama,1,1,77,,substitution,,True,,,J.P. Chermont,Tinga,,,,
brasileirao_serie_a_2026,2026-04-01,9,Coritiba,Vasco da Gama,1,1,77,,substitution,,True,,,F. Jonatan,Bruno Melo,,,,
brasileirao_serie_a_2026,2026-04-01,9,Coritiba,Vasco da Gama,1,1,72,,substitution,,False,,,Matheus França,N. Moreira,,,,
brasileirao_serie_a_2026,2026-04-01,9,Coritiba,Vasco da Gama,1,1,69,,card,V. Paulista,True,yellow,,,,,,,
brasileirao_serie_a_2026,2026-04-01,9,Coritiba,Vasco da Gama,1,1,63,,substitution,,True,,,Keno,J. Lavega,,,,
brasileirao_serie_a_2026,2026-04-01,9,Coritiba,Vasco da Gama,1,1,62,,substitution,,False,,,C. Barros,H. Moura,,,,
brasileirao_serie_a_2026,2026-04-01,9,Coritiba,Vasco da Gama,1,1,62,,substitution,,False,,,Brenner,David,,,,
brasileirao_serie_a_2026,2026-04-01,9,Coritiba,Vasco da Gama,1,1,62,,card,J. Lavega,True,yellow,,,,,,,
brasileirao_serie_a_2026,2026-04-01,9,Coritiba,Vasco da Gama,1,1,46,,substitution,,True,,,V. Paulista,W. Oliveira,,,,
brasileirao_serie_a_2026,2026-04-01,9,Coritiba,Vasco da Gama,1,1,45,,period,,,,,,,HT,,0,1
brasileirao_serie_a_2026,2026-04-01,9,Coritiba,Vasco da Gama,1,1,45,,injuryTime,,,,,,,,3,,
brasileirao_serie_a_2026,2026-04-01,9,Coritiba,Vasco da Gama,1,1,24,,goal,Tchê Tchê,False,,,,,,,0,1
brasileirao_serie_a_2026,2026-04-01,9,Cruzeiro,Vitória,3,0,90,,period,,,,,,,FT,,3,0
brasileirao_serie_a_2026,2026-04-01,9,Cruzeiro,Vitória,3,0,90,2,card,M. Pereira,True,yellow,,,,,,,
brasileirao_serie_a_2026,2026-04-01,9,Cruzeiro,Vitória,3,0,90,,injuryTime,,,,,,,,5,,
brasileirao_serie_a_2026,2026-04-01,9,Cruzeiro,Vitória,3,0,82,,substitution,,False,,,L. Silva,Erick,,,,
brasileirao_serie_a_2026,2026-04-01,9,Cruzeiro,Vitória,3,0,82,,substitution,,True,,,B. Rodrigues,Christian,,,,
brasileirao_serie_a_2026,2026-04-01,9,Cruzeiro,Vitória,3,0,82,,substitution,,True,,,L. Romero,Gerson,,,,
brasileirao_serie_a_2026,2026-04-01,9,Cruzeiro,Vitória,3,0,75,,substitution,,False,,,D. Tarzia,A. Cantalapiedra,,,,
brasileirao_serie_a_2026,2026-04-01,9,Cruzeiro,Vitória,3,0,75,,substitution,,True,,,Fagner,W. Furtado,,,,
brasileirao_serie_a_2026,2026-04-01,9,Cruzeiro,Vitória,3,0,75,,substitution,,True,,,Chico da Costa,K. Jorge,,,,
brasileirao_serie_a_2026,2026-04-01,9,Cruzeiro,Vitória,3,0,68,,substitution,,True,,,Wanderson,K. Arroyo,,,,
brasileirao_serie_a_2026,2026-04-01,9,Cruzeiro,Vitória,3,0,64,,card,G. Baralhas,False,yellow,,,,,,,
brasileirao_serie_a_2026,2026-04-01,9,Cruzeiro,Vitória,3,0,56,,card,Cacá,False,yellow,,,,,,,
brasileirao_serie_a_2026,2026-04-01,9,Cruzeiro,Vitória,3,0,46,,substitution,,False,,,Edenílson,E. Martinez,,,,
brasileirao_serie_a_2026,2026-04-01,9,Cruzeiro,Vitória,3,0,46,,substitution,,False,,,Renê,R. López,,,,
brasileirao_serie_a_2026,2026-04-01,9,Cruzeiro,Vitória,3,0,46,,substitution,,False,,,Z. Vitor,Matheuzinho,,,,
brasileirao_serie_a_2026,2026-04-01,9,Cruzeiro,Vitória,3,0,45,,period,,,,,,,HT,,3,0
brasileirao_serie_a_2026,2026-04-01,9,Cruzeiro,Vitória,3,0,45,,injuryTime,,,,,,,,8,,
brasileirao_serie_a_2026,2026-04-01,9,Cruzeiro,Vitória,3,0,39,,goal,K. Jorge,True,,,,,,,3,0
brasileirao_serie_a_2026,2026-04-01,9,Cruzeiro,Vitória,3,0,36,,goal,K. Moraes,True,,,,,,,2,0
brasileirao_serie_a_2026,2026-04-01,9,Cruzeiro,Vitória,3,0,33,,goal,Christian,True,,,,,,,1,0
brasileirao_serie_a_2026,2026-04-01,9,Cruzeiro,Vitória,3,0,29,,card,E. Martinez,False,yellow,,,,,,,
brasileirao_serie_a_2026,2026-04-01,9,Cruzeiro,Vitória,3,0,10,,varDecision,K. Moraes,True,,,,,,,,
brasileirao_serie_a_2026,2026-04-01,9,Bahia,Athletico,3,0,90,,period,,,,,,,FT,,3,0
brasileirao_serie_a_2026,2026-04-01,9,Bahia,Athletico,3,0,90,3,goal,L. Juba,True,,,,,,,3,0
brasileirao_serie_a_2026,2026-04-01,9,Bahia,Athletico,3,0,90,,card,G. Benavídez,False,yellow,,,,,,,
brasileirao_serie_a_2026,2026-04-01,9,Bahia,Athletico,3,0,90,,injuryTime,,,,,,,,4,,
brasileirao_serie_a_2026,2026-04-01,9,Bahia,Athletico,3,0,85,,substitution,,True,,,I. Borduchi,C. Olivera,,,,
brasileirao_serie_a_2026,2026-04-01,9,Bahia,Athletico,3,0,85,,substitution,,True,,,W. José,Everaldo,,,,
brasileirao_serie_a_2026,2026-04-01,9,Bahia,Athletico,3,0,78,,substitution,,False,,,B. B. Ramos,Dudu,,,,
brasileirao_serie_a_2026,2026-04-01,9,Bahia,Athletico,3,0,68,,substitution,,True,,,Ademir,E. Pulga,,,,
brasileirao_serie_a_2026,2026-04-01,9,Bahia,Athletico,3,0,68,,substitution,,True,,,M. Araújo,E. Ribeiro,,,,
brasileirao_serie_a_2026,2026-04-01,9,Bahia,Athletico,3,0,66,,substitution,,False,,,J. Cruz,Jádson,,,,
brasileirao_serie_a_2026,2026-04-01,9,Bahia,Athletico,3,0,60,,substitution,,True,,,Erick,C. Alexandre,,,,
brasileirao_serie_a_2026,2026-04-01,9,Bahia,Athletico,3,0,46,,substitution,,False,,,J. Portilla,L. Gustavo,,,,
brasileirao_serie_a_2026,2026-04-01,9,Bahia,Athletico,3,0,46,,substitution,,False,,,Leonardo Derik,C. Terán,,,,
brasileirao_serie_a_2026,2026-04-01,9,Bahia,Athletico,3,0,46,,substitution,,False,,,Bruno Zapelli,Julimar,,,,
brasileirao_serie_a_2026,2026-04-01,9,Bahia,Athletico,3,0,45,,period,,,,,,,HT,,2,0
brasileirao_serie_a_2026,2026-04-01,9,Bahia,Athletico,3,0,45,2,card,Everaldo,True,yellow,,,,,,,
brasileirao_serie_a_2026,2026-04-01,9,Bahia,Athletico,3,0,45,,injuryTime,,,,,,,,6,,
brasileirao_serie_a_2026,2026-04-01,9,Bahia,Athletico,3,0,45,,varDecision,Everaldo,True,,,,,,,,
brasileirao_serie_a_2026,2026-04-01,9,Bahia,Athletico,3,0,42,,card,Jádson,False,yellow,,,,,,,
brasileirao_serie_a_2026,2026-04-01,9,Bahia,Athletico,3,0,35,,goal,Everaldo,True,,,,,,,2,0
brasileirao_serie_a_2026,2026-04-01,9,Bahia,Athletico,3,0,26,,card,D. Duarte,True,yellow,,,,,,,
brasileirao_serie_a_2026,2026-04-01,9,Bahia,Athletico,3,0,3,,goal,Everaldo,True,,,,,,,1,0
brasileirao_serie_a_2026,2026-04-01,9,Internacional,São Paulo,1,1,90,,period,,,,,,,FT,,1,1
brasileirao_serie_a_2026,2026-04-01,9,Internacional,São Paulo,1,1,90,7,substitution,,False,,,Tetê,Artur,,,,
brasileirao_serie_a_2026,2026-04-01,9,Internacional,São Paulo,1,1,90,7,substitution,,False,,,Luan,P. Maia,,,,
brasileirao_serie_a_2026,2026-04-01,9,Internacional,São Paulo,1,1,90,4,card,R. Tolói,False,yellow,Foul,,,,,,
brasileirao_serie_a_2026,2026-04-01,9,Internacional,São Paulo,1,1,90,,injuryTime,,,,,,,,8,,
brasileirao_serie_a_2026,2026-04-01,9,Internacional,São Paulo,1,1,87,,goal,J. Calleri,False,,,,,,,1,1
brasileirao_serie_a_2026,2026-04-01,9,Internacional,São Paulo,1,1,84,,substitution,,False,,,A. Silva,Luciano,,,,
brasileirao_serie_a_2026,2026-04-01,9,Internacional,São Paulo,1,1,81,,substitution,,True,,,Ronaldo,P. Paula,,,,
brasileirao_serie_a_2026,2026-04-01,9,Internacional,São Paulo,1,1,81,,substitution,,True,,,J. Carbonero,A. Patrick,,,,
brasileirao_serie_a_2026,2026-04-01,9,Internacional,São Paulo,1,1,80,,card,P. Paula,True,yellow,Foul,,,,,,
brasileirao_serie_a_2026,2026-04-01,9,Internacional,São Paulo,1,1,71,,substitution,,False,,,Ferreira,M. Antônio,,,,
brasileirao_serie_a_2026,2026-04-01,9,Internacional,São Paulo,1,1,71,,substitution,,False,,,C. Soares,L. Ramon,,,,
brasileirao_serie_a_2026,2026-04-01,9,Internacional,São Paulo,1,1,71,,substitution,,True,,,R. Borré,Alerrandro,,,,
brasileirao_serie_a_2026,2026-04-01,9,Internacional,São Paulo,1,1,71,,substitution,,True,,,Á. Rodríguez,B. Tabata,,,,
brasileirao_serie_a_2026,2026-04-01,9,Internacional,São Paulo,1,1,62,,substitution,,True,,,T. Maia,B. Henrique,,,,
brasileirao_serie_a_2026,2026-04-01,9,Internacional,São Paulo,1,1,62,,substitution,,True,,,B. Tabata,B. Aguirre,,,,
brasileirao_serie_a_2026,2026-04-01,9,Internacional,São Paulo,1,1,46,,substitution,,False,,,Cauly,Danielzinho,,,,
brasileirao_serie_a_2026,2026-04-01,9,Internacional,São Paulo,1,1,45,,period,,,,,,,HT,,1,0
brasileirao_serie_a_2026,2026-04-01,9,Internacional,São Paulo,1,1,45,,injuryTime,,,,,,,,2,,
brasileirao_serie_a_2026,2026-04-01,9,Internacional,São Paulo,1,1,23,,goal,Alerrandro,True,,,,,,,1,0
brasileirao_serie_a_2026,2026-04-01,9,Internacional,São Paulo,1,1,0,,card,P. Pezzolano,True,yellow,Argument,,,,,,
brasileirao_serie_a_2026,2026-04-01,9,Botafogo,Mirassol,3,2,90,,period,,,,,,,FT,,3,2
brasileirao_serie_a_2026,2026-04-01,9,Botafogo,Mirassol,3,2,90,2,goal,Igor Formiga,False,,,,,,,3,2
brasileirao_serie_a_2026,2026-04-01,9,Botafogo,Mirassol,3,2,90,1,card,Bastos,True,yellow,Foul,,,,,,
brasileirao_serie_a_2026,2026-04-01,9,Botafogo,Mirassol,3,2,90,,injuryTime,,,,,,,,6,,
brasileirao_serie_a_2026,2026-04-01,9,Botafogo,Mirassol,3,2,77,,substitution,,False,,,Denilson,Shaylon,,,,
brasileirao_serie_a_2026,2026-04-01,9,Botafogo,Mirassol,3,2,77,,substitution,,False,,,G. Pires,N. Moura,,,,
brasileirao_serie_a_2026,2026-04-01,9,Botafogo,Mirassol,3,2,77,,substitution,,True,,,N. Ferraresi,Edenilson,,,,
brasileirao_serie_a_2026,2026-04-01,9,Botafogo,Mirassol,3,2,73,,substitution,,False,,,A. Galeano,Negueba,,,,
brasileirao_serie_a_2026,2026-04-01,9,Botafogo,Mirassol,3,2,73,,substitution,,False,,,E. Carioca,T. Soares,,,,
brasileirao_serie_a_2026,2026-04-01,9,Botafogo,Mirassol,3,2,70,,substitution,,True,,,Á. Montoro,C. Medina,,,,
brasileirao_serie_a_2026,2026-04-01,9,Botafogo,Mirassol,3,2,70,,substitution,,True,,,M. Martins,A. Cabral,,,,
brasileirao_serie_a_2026,2026-04-01,9,Botafogo,Mirassol,3,2,66,,goal,J. Santos,True,,,,,,,3,1
brasileirao_serie_a_2026,2026-04-01,9,Botafogo,Mirassol,3,2,64,,substitution,,False,,,A. Luis,J. Aldo,,,,
brasileirao_serie_a_2026,2026-04-01,9,Botafogo,Mirassol,3,2,63,,substitution,,True,,,C. Roque,A. Telles,,,,
brasileirao_serie_a_2026,2026-04-01,9,Botafogo,Mirassol,3,2,62,,substitution,,True,,,J. Barrera,S. Rodríguez,,,,
brasileirao_serie_a_2026,2026-04-01,9,Botafogo,Mirassol,3,2,62,,card,T. Soares,False,yellow,Argument,,,,,,
brasileirao_serie_a_2026,2026-04-01,9,Botafogo,Mirassol,3,2,48,,card,Vitinho,True,yellow,Foul,,,,,,
brasileirao_serie_a_2026,2026-04-01,9,Botafogo,Mirassol,3,2,46,,card,C. Medina,True,yellow,Time wasting,,,,,,
brasileirao_serie_a_2026,2026-04-01,9,Botafogo,Mirassol,3,2,45,,period,,,,,,,HT,,2,1
brasileirao_serie_a_2026,2026-04-01,9,Botafogo,Mirassol,3,2,45,1,card,Negueba,False,yellow,Argument,,,,,,
brasileirao_serie_a_2026,2026-04-01,9,Botafogo,Mirassol,3,2,45,,injuryTime,,,,,,,,6,,
brasileirao_serie_a_2026,2026-04-01,9,Botafogo,Mirassol,3,2,43,,goal,A. Telles,True,,,,,,,2,1
brasileirao_serie_a_2026,2026-04-01,9,Botafogo,Mirassol,3,2,39,,varDecision,C. Medina,True,,,,,,,,
brasileirao_serie_a_2026,2026-04-01,9,Botafogo,Mirassol,3,2,21,,goal,Shaylon,False,,,,,,,1,1
brasileirao_serie_a_2026,2026-04-01,9,Botafogo,Mirassol,3,2,11,,goal,A. Cabral,True,,,,,,,1,0
brasileirao_serie_a_2026,2026-04-01,9,Botafogo,Mirassol,3,2,0,,card,A. Luis,False,yellow,Argument,,,,,,
brasileirao_serie_a_2026,2026-03-29,5,Athletico,Botafogo,4,1,90,,card,J. Santos,False,yellow,,,,,,,
brasileirao_serie_a_2026,2026-03-29,5,Athletico,Botafogo,4,1,90,,substitution,,True,,,Leonardo Derik,S. Mendoza,,,,
brasileirao_serie_a_2026,2026-03-29,5,Athletico,Botafogo,4,1,90,,substitution,,True,,,R. P. Nepomuceno,K. Viveros,,,,
brasileirao_serie_a_2026,2026-03-29,5,Athletico,Botafogo,4,1,88,,substitution,,True,,,C. Portilla,Dudu,,,,
brasileirao_serie_a_2026,2026-03-29,5,Athletico,Botafogo,4,1,81,,goal,L. Esquivel,True,,,,,,,4,1
brasileirao_serie_a_2026,2026-03-29,5,Athletico,Botafogo,4,1,75,,substitution,,False,,,J. Barrera,Edenilson,,,,
brasileirao_serie_a_2026,2026-03-29,5,Athletico,Botafogo,4,1,74,,substitution,,False,,,N. Fernandes,A. Cabral,,,,
brasileirao_serie_a_2026,2026-03-29,5,Athletico,Botafogo,4,1,61,,substitution,,True,,,Bruno Zapelli,Julimar,,,,
brasileirao_serie_a_2026,2026-03-29,5,Athletico,Botafogo,4,1,61,,substitution,,True,,,C. Terán,A. Dias,,,,
brasileirao_serie_a_2026,2026-03-29,5,Athletico,Botafogo,4,1,58,,substitution,,False,,,J. Santos,S. Rodríguez,,,,
brasileirao_serie_a_2026,2026-03-29,5,Athletico,Botafogo,4,1,58,,substitution,,False,,,L. Villalba,M. Martins,,,,
brasileirao_serie_a_2026,2026-03-29,5,Athletico,Botafogo,4,1,56,,card,A. Dias,True,yellow,,,,,,,
brasileirao_serie_a_2026,2026-03-29,5,Athletico,Botafogo,4,1,49,,goal,J. F. Aguirre,True,,,,,,,3,1
brasileirao_serie_a_2026,2026-03-29,5,Athletico,Botafogo,4,1,48,,card,A. Barboza,False,yellow,,,,,,,
brasileirao_serie_a_2026,2026-03-29,5,Athletico,Botafogo,4,1,45,,goal,K. Viveros,True,,,,,,,2,1
brasileirao_serie_a_2026,2026-03-29,5,Athletico,Botafogo,4,1,43,,goal,Edenilson,False,,,,,,,1,1
brasileirao_serie_a_2026,2026-03-29,5,Athletico,Botafogo,4,1,36,,card,C. Medina,False,yellow,,,,,,,
brasileirao_serie_a_2026,2026-03-29,5,Athletico,Botafogo,4,1,17,,card,L. Gustavo,True,yellow,,,,,,,
brasileirao_serie_a_2026,2026-03-29,5,Athletico,Botafogo,4,1,4,,goal,K. Viveros,True,,,,,,,1,0
brasileirao_serie_a_2026,2026-03-22,8,Corinthians,Flamengo,1,1,90,,card,R. Garro,True,yellow,,,,,,,
brasileirao_serie_a_2026,2026-03-22,8,Corinthians,Flamengo,1,1,90,,substitution,,False,,,L. Ortiz,Vitão,,,,
brasileirao_serie_a_2026,2026-03-22,8,Corinthians,Flamengo,1,1,89,,card,Vitão,False,yellow,,,,,,,
brasileirao_serie_a_2026,2026-03-22,8,Corinthians,Flamengo,1,1,87,,card,Raniele,True,yellow,,,,,,,
brasileirao_serie_a_2026,2026-03-22,8,Corinthians,Flamengo,1,1,80,,substitution,,False,,,Wallace,Pedro,,,,
brasileirao_serie_a_2026,2026-03-22,8,Corinthians,Flamengo,1,1,78,,substitution,,True,,,G. Negão,B. Bidon,,,,
brasileirao_serie_a_2026,2026-03-22,8,Corinthians,Flamengo,1,1,78,,substitution,,True,,,M. Pereira,A. Luiz,,,,
brasileirao_serie_a_2026,2026-03-22,8,Corinthians,Flamengo,1,1,64,,substitution,,True,,,Kayke,A. Carrillo,,,,
brasileirao_serie_a_2026,2026-03-22,8,Corinthians,Flamengo,1,1,62,,substitution,,False,,,J. Carrascal,S. Lino,,,,
brasileirao_serie_a_2026,2026-03-22,8,Corinthians,Flamengo,1,1,61,,substitution,,False,,,N. de la Cruz,Arrascaeta,,,,
brasileirao_serie_a_2026,2026-03-22,8,Corinthians,Flamengo,1,1,52,,card,E. Araujo,False,red,,,,,,,
brasileirao_serie_a_2026,2026-03-22,8,Corinthians,Flamengo,1,1,46,,substitution,,False,,,A. Lucas,A. Sandro,,,,
brasileirao_serie_a_2026,2026-03-22,8,Corinthians,Flamengo,1,1,42,,card,Jorginho,False,yellow,,,,,,,
brasileirao_serie_a_2026,2026-03-22,8,Corinthians,Flamengo,1,1,22,,substitution,,True,,,R. Garro,M. Depay,,,,
brasileirao_serie_a_2026,2026-03-22,8,Corinthians,Flamengo,1,1,19,,goal,Y. Alberto,True,,,,,,,1,1
brasileirao_serie_a_2026,2026-03-22,8,Corinthians,Flamengo,1,1,3,,goal,L. Paquetá,False,,,,,,,0,1
brasileirao_serie_a_2026,2026-03-22,8,Corinthians,Flamengo,1,1,2,,card,A. Sandro,False,yellow,,,,,,,
brasileirao_serie_a_2026,2026-03-22,8,Vitória,Mirassol,1,0,90,,card,G. Baralhas,True,yellow,,,,,,,
brasileirao_serie_a_2026,2026-03-22,8,Vitória,Mirassol,1,0,75,,substitution,,True,,,Ronald,Matheuzinho,,,,
brasileirao_serie_a_2026,2026-03-22,8,Vitória,Mirassol,1,0,73,,substitution,,False,,,Alesson,Igor Formiga,,,,
brasileirao_serie_a_2026,2026-03-22,8,Vitória,Mirassol,1,0,72,,card,E. Carioca,False,yellow,,,,,,,
brasileirao_serie_a_2026,2026-03-22,8,Vitória,Mirassol,1,0,70,,card,Reinaldo,False,yellow,,,,,,,
brasileirao_serie_a_2026,2026-03-22,8,Vitória,Mirassol,1,0,69,,substitution,,True,,,D. Tarzia,A. Cantalapiedra,,,,
brasileirao_serie_a_2026,2026-03-22,8,Vitória,Mirassol,1,0,69,,substitution,,True,,,A. Pato,Erick,,,,
brasileirao_serie_a_2026,2026-03-22,8,Vitória,Mirassol,1,0,68,,substitution,,False,,,Everton Galdino,Galeano,,,,
brasileirao_serie_a_2026,2026-03-22,8,Vitória,Mirassol,1,0,68,,card,Matheuzinho,True,yellow,,,,,,,
brasileirao_serie_a_2026,2026-03-22,8,Vitória,Mirassol,1,0,61,,substitution,,False,,,Denilson,N. Moura,,,,
brasileirao_serie_a_2026,2026-03-22,8,Vitória,Mirassol,1,0,61,,substitution,,False,,,Shaylon,Y. Lara,,,,
brasileirao_serie_a_2026,2026-03-22,8,Vitória,Mirassol,1,0,58,,substitution,,True,,,R. López,R. Kayzer,,,,
brasileirao_serie_a_2026,2026-03-22,8,Vitória,Mirassol,1,0,58,,substitution,,True,,,Jamerson,Ramon,,,,
brasileirao_serie_a_2026,2026-03-22,8,Vitória,Mirassol,1,0,46,,substitution,,False,,,E. Carioca,G. Pires,,,,
brasileirao_serie_a_2026,2026-03-22,8,Vitória,Mirassol,1,0,45,,card,E. Martinez,True,yellow,,,,,,,
brasileirao_serie_a_2026,2026-03-22,8,Vitória,Mirassol,1,0,28,,goal,G. Baralhas,True,,,,,,,1,0
brasileirao_serie_a_2026,2026-03-22,8,Vitória,Mirassol,1,0,23,,card,G. Pires,False,yellow,,,,,,,
brasileirao_serie_a_2026,2026-03-22,8,Internacional,Chapecoense,2,0,90,,card,Everton,False,yellowRed,,,,,,,
brasileirao_serie_a_2026,2026-03-22,8,Internacional,Chapecoense,2,0,88,,card,Vitinho,True,yellow,,,,,,,
brasileirao_serie_a_2026,2026-03-22,8,Internacional,Chapecoense,2,0,83,,substitution,,True,,,T. Maia,B. Henrique,,,,
brasileirao_serie_a_2026,2026-03-22,8,Internacional,Chapecoense,2,0,83,,substitution,,True,,,Alerrandro,R. Borré,,,,
brasileirao_serie_a_2026,2026-03-22,8,Internacional,Chapecoense,2,0,78,,substitution,,False,,,Marcinho,Italo,,,,
brasileirao_serie_a_2026,2026-03-22,8,Internacional,Chapecoense,2,0,70,,card,Everton,False,yellow,,,,,,,
brasileirao_serie_a_2026,2026-03-22,8,Internacional,Chapecoense,2,0,69,,substitution,,True,,,V. Gabriel,B. Gomes,,,,
brasileirao_serie_a_2026,2026-03-22,8,Internacional,Chapecoense,2,0,62,,substitution,,True,,,Paulinho,J. Carbonero,,,,
brasileirao_serie_a_2026,2026-03-22,8,Internacional,Chapecoense,2,0,62,,substitution,,True,,,A. Bernabei,M. Bahia,,,,
brasileirao_serie_a_2026,2026-03-22,8,Internacional,Chapecoense,2,0,60,,substitution,,False,,,J. Carlos,G. Augusto,,,,
brasileirao_serie_a_2026,2026-03-22,8,Internacional,Chapecoense,2,0,60,,substitution,,False,,,N. Pessoa,Y. Bolasie,,,,
brasileirao_serie_a_2026,2026-03-22,8,Internacional,Chapecoense,2,0,57,,card,M. Bahia,True,yellow,,,,,,,
brasileirao_serie_a_2026,2026-03-22,8,Internacional,Chapecoense,2,0,51,,goal,A. Patrick,True,,,,,,,2,0
brasileirao_serie_a_2026,2026-03-22,8,Internacional,Chapecoense,2,0,49,,card,B. Leonardo,False,yellow,,,,,,,
brasileirao_serie_a_2026,2026-03-22,8,Internacional,Chapecoense,2,0,46,,substitution,,False,,,B. Pacheco,W. Clar,,,,
brasileirao_serie_a_2026,2026-03-22,8,Internacional,Chapecoense,2,0,46,,substitution,,False,,,R. Tadeu,R. Carvalheira,,,,
brasileirao_serie_a_2026,2026-03-22,8,Internacional,Chapecoense,2,0,28,,goal,G. Mercado,True,,,,,,,1,0
brasileirao_serie_a_2026,2026-03-22,8,Vasco da Gama,Grêmio,2,1,90,,card,A. Gómez,True,yellow,,,,,,,
brasileirao_serie_a_2026,2026-03-22,8,Vasco da Gama,Grêmio,2,1,82,,substitution,,True,,,L. Piton,Cuiabano,,,,
brasileirao_serie_a_2026,2026-03-22,8,Vasco da Gama,Grêmio,2,1,75,,substitution,,False,,,M. Braithwaite,C. Vinícius,,,,
brasileirao_serie_a_2026,2026-03-22,8,Vasco da Gama,Grêmio,2,1,69,,card,P. Rodríguez,True,yellow,,,,,,,
brasileirao_serie_a_2026,2026-03-22,8,Vasco da Gama,Grêmio,2,1,68,,substitution,,True,,,J. Rojas,David,,,,
brasileirao_serie_a_2026,2026-03-22,8,Vasco da Gama,Grêmio,2,1,68,,substitution,,True,,,Matheus França,T. Mendes,,,,
brasileirao_serie_a_2026,2026-03-22,8,Vasco da Gama,Grêmio,2,1,64,,substitution,,False,,,G. Mec,F. Amuzu,,,,
brasileirao_serie_a_2026,2026-03-22,8,Vasco da Gama,Grêmio,2,1,58,,substitution,,True,,,P. Rodríguez,P. Henrique,,,,
brasileirao_serie_a_2026,2026-03-22,8,Vasco da Gama,Grêmio,2,1,58,,substitution,,True,,,M. Hinestroza,N. Moreira,,,,
brasileirao_serie_a_2026,2026-03-22,8,Vasco da Gama,Grêmio,2,1,56,,substitution,,False,,,Willian,J. Nardoni,,,,
brasileirao_serie_a_2026,2026-03-22,8,Vasco da Gama,Grêmio,2,1,48,,card,Viery,False,yellow,,,,,,,
brasileirao_serie_a_2026,2026-03-22,8,Vasco da Gama,Grêmio,2,1,46,,substitution,,False,,,G. Martins,F. Balbuena,,,,
brasileirao_serie_a_2026,2026-03-22,8,Vasco da Gama,Grêmio,2,1,46,,substitution,,False,,,J. Enamorado,Tetê,,,,
brasileirao_serie_a_2026,2026-03-22,8,Vasco da Gama,Grêmio,2,1,38,,goal,C. Vinícius,False,,,,,,,2,1
brasileirao_serie_a_2026,2026-03-22,8,Vasco da Gama,Grêmio,2,1,34,,goal,David,True,,,,,,,2,0
brasileirao_serie_a_2026,2026-03-22,8,Vasco da Gama,Grêmio,2,1,22,,card,Cuiabano,True,yellow,,,,,,,
brasileirao_serie_a_2026,2026-03-22,8,Vasco da Gama,Grêmio,2,1,7,,goal,T. Mendes,True,,,,,,,1,0
brasileirao_serie_a_2026,2026-03-22,8,Remo,Bahia,4,1,90,,card,R. Nestor,False,yellow,,,,,,,
brasileirao_serie_a_2026,2026-03-22,8,Remo,Bahia,4,1,90,,substitution,,True,,,L. Picco,Zé Ricardo,,,,
brasileirao_serie_a_2026,2026-03-22,8,Remo,Bahia,4,1,88,,card,M. Rangel,True,yellow,,,,,,,
brasileirao_serie_a_2026,2026-03-22,8,Remo,Bahia,4,1,85,,substitution,,True,,,Jaderson,Vitor Bueno,,,,
brasileirao_serie_a_2026,2026-03-22,8,Remo,Bahia,4,1,85,,substitution,,True,,,G. Poveda,A. Manga,,,,
brasileirao_serie_a_2026,2026-03-22,8,Remo,Bahia,4,1,83,,goal,Jajá,True,,,,,,,4,1
brasileirao_serie_a_2026,2026-03-22,8,Remo,Bahia,4,1,82,,substitution,,False,,,D. Martins,G. Xavier,,,,
brasileirao_serie_a_2026,2026-03-22,8,Remo,Bahia,4,1,72,,substitution,,True,,,Zé Welison,Patrick,,,,
brasileirao_serie_a_2026,2026-03-22,8,Remo,Bahia,4,1,71,,substitution,,True,,,Jajá,G. Taliari,,,,
brasileirao_serie_a_2026,2026-03-22,8,Remo,Bahia,4,1,68,,substitution,,False,,,M. Araújo,C. Alexandre,,,,
brasileirao_serie_a_2026,2026-03-22,8,Remo,Bahia,4,1,68,,substitution,,False,,,R. Nestor,J. Lucas,,,,
brasileirao_serie_a_2026,2026-03-22,8,Remo,Bahia,4,1,68,,substitution,,False,,,Ademir,C. Olivera,,,,
brasileirao_serie_a_2026,2026-03-22,8,Remo,Bahia,4,1,63,,card,Marllon,True,yellow,,,,,,,
brasileirao_serie_a_2026,2026-03-22,8,Remo,Bahia,4,1,58,,goal,G. Taliari,True,,,,,,,3,1
brasileirao_serie_a_2026,2026-03-22,8,Remo,Bahia,4,1,49,,goal,G. Taliari,True,,,,,,,2,1
brasileirao_serie_a_2026,2026-03-22,8,Remo,Bahia,4,1,45,,goal,Vitor Bueno,True,,,,,,,1,1
brasileirao_serie_a_2026,2026-03-22,8,Remo,Bahia,4,1,45,,substitution,,False,,,J. Paulo,Ronaldo,,,,
brasileirao_serie_a_2026,2026-03-22,8,Remo,Bahia,4,1,32,,goal,Everaldo,False,,,,,,,0,1
brasileirao_serie_a_2026,2026-03-22,8,Remo,Bahia,4,1,13,,card,Zé Ricardo,True,yellow,,,,,,,
brasileirao_serie_a_2026,2026-03-22,8,Cruzeiro,Santos,0,0,90,,period,,,,,,,FT,,0,0
brasileirao_serie_a_2026,2026-03-22,8,Cruzeiro,Santos,0,0,90,4,substitution,,True,,,L. Silva,M. Henrique,,,,
brasileirao_serie_a_2026,2026-03-22,8,Cruzeiro,Santos,0,0,90,,injuryTime,,,,,,,,7,,
brasileirao_serie_a_2026,2026-03-22,8,Cruzeiro,Santos,0,0,86,,substitution,,True,,,K. Kenji,Christian,,,,
brasileirao_serie_a_2026,2026-03-22,8,Cruzeiro,Santos,0,0,85,,substitution,,False,,,B. Rollheiser,G. Menino,,,,
brasileirao_serie_a_2026,2026-03-22,8,Cruzeiro,Santos,0,0,85,,substitution,,False,,,J. Schmidt,Gustavinho,,,,
brasileirao_serie_a_2026,2026-03-22,8,Cruzeiro,Santos,0,0,84,,card,T. Rincón,False,yellow,Foul,,,,,,
brasileirao_serie_a_2026,2026-03-22,8,Cruzeiro,Santos,0,0,83,,card,M. Pereira,True,yellow,Foul,,,,,,
brasileirao_serie_a_2026,2026-03-22,8,Cruzeiro,Santos,0,0,81,,substitution,,False,,,T. Rincón,C. Oliva,,,,
brasileirao_serie_a_2026,2026-03-22,8,Cruzeiro,Santos,0,0,70,,substitution,,True,,,Wanderson,K. Arroyo,,,,
brasileirao_serie_a_2026,2026-03-22,8,Cruzeiro,Santos,0,0,70,,substitution,,True,,,B. Rodrigues,N. Villarreal,,,,
brasileirao_serie_a_2026,2026-03-22,8,Cruzeiro,Santos,0,0,46,,substitution,,False,,,Thaciano,Moisés,,,,
brasileirao_serie_a_2026,2026-03-22,8,Cruzeiro,Santos,0,0,45,,period,,,,,,,HT,,0,0
brasileirao_serie_a_2026,2026-03-22,8,Cruzeiro,Santos,0,0,45,2,card,Gustavinho,False,yellow,Foul,,,,,,
brasileirao_serie_a_2026,2026-03-22,8,Cruzeiro,Santos,0,0,45,,injuryTime,,,,,,,,5,,
brasileirao_serie_a_2026,2026-03-22,8,Cruzeiro,Santos,0,0,12,,card,W. Furtado,True,yellow,Foul,,,,,,
brasileirao_serie_a_2026,2026-03-22,8,Cruzeiro,Santos,0,0,6,,card,Á. Barreal,False,yellow,Foul,,,,,,
brasileirao_serie_a_2026,2026-03-22,8,Cruzeiro,Santos,0,0,0,,card,G. Menino,False,yellow,Argument,,,,,,
brasileirao_serie_a_2026,2026-03-22,8,Athletico,Coritiba,2,0,90,,card,Maicon,False,red,,,,,,,
brasileirao_serie_a_2026,2026-03-22,8,Athletico,Coritiba,2,0,87,,substitution,,True,,,Bruno Zapelli,Dudu,,,,
brasileirao_serie_a_2026,2026-03-22,8,Athletico,Coritiba,2,0,86,,substitution,,False,,,F. Jonatan,Bruno Melo,,,,
brasileirao_serie_a_2026,2026-03-22,8,Athletico,Coritiba,2,0,75,,substitution,,True,,,G. Junior,L. Esquivel,,,,
brasileirao_serie_a_2026,2026-03-22,8,Athletico,Coritiba,2,0,74,,substitution,,True,,,F. Chiqueti,Julimar,,,,
brasileirao_serie_a_2026,2026-03-22,8,Athletico,Coritiba,2,0,68,,substitution,,False,,,V. Paulista,Wallisson Luiz,,,,
brasileirao_serie_a_2026,2026-03-22,8,Athletico,Coritiba,2,0,68,,substitution,,False,,,Keno,Pedro Rocha,,,,
brasileirao_serie_a_2026,2026-03-22,8,Athletico,Coritiba,2,0,61,,card,Wallisson Luiz,False,yellow,,,,,,,
brasileirao_serie_a_2026,2026-03-22,8,Athletico,Coritiba,2,0,58,,substitution,,False,,,Fabinho,L. Ronier,,,,
brasileirao_serie_a_2026,2026-03-22,8,Athletico,Coritiba,2,0,58,,substitution,,False,,,J. Lavega,B. Lopes,,,,
brasileirao_serie_a_2026,2026-03-22,8,Athletico,Coritiba,2,0,56,,goal,K. Viveros,True,,,,,,,2,0
brasileirao_serie_a_2026,2026-03-22,8,Athletico,Coritiba,2,0,45,,card,B. Lopes,False,yellow,,,,,,,
brasileirao_serie_a_2026,2026-03-22,8,Athletico,Coritiba,2,0,45,,substitution,,True,,,C. Portilla,L. Gustavo,,,,
brasileirao_serie_a_2026,2026-03-22,8,Athletico,Coritiba,2,0,22,,goal,Dudu,True,,,,,,,1,0
brasileirao_serie_a_2026,2026-03-22,8,São Paulo,Palmeiras,0,1,90,,period,,,,,,,FT,,0,1
brasileirao_serie_a_2026,2026-03-22,8,São Paulo,Palmeiras,0,1,90,6,card,A. Silva,True,yellow,Foul,,,,,,
brasileirao_serie_a_2026,2026-03-22,8,São Paulo,Palmeiras,0,1,90,4,card,J. Arias,False,yellow,Foul,,,,,,
brasileirao_serie_a_2026,2026-03-22,8,São Paulo,Palmeiras,0,1,90,,injuryTime,,,,,,,,10,,
brasileirao_serie_a_2026,2026-03-22,8,São Paulo,Palmeiras,0,1,84,,substitution,,True,,,Ferreira,Luciano,,,,
brasileirao_serie_a_2026,2026-03-22,8,São Paulo,Palmeiras,0,1,84,,card,Wendell,True,yellow,Foul,,,,,,
brasileirao_serie_a_2026,2026-03-22,8,São Paulo,Palmeiras,0,1,81,,card,E. Martínez,False,yellow,Foul,,,,,,
brasileirao_serie_a_2026,2026-03-22,8,São Paulo,Palmeiras,0,1,80,,substitution,,True,,,A. Silva,D. Bobadilla,,,,
brasileirao_serie_a_2026,2026-03-22,8,São Paulo,Palmeiras,0,1,76,,substitution,,False,,,V. Roque,J. López,,,,
brasileirao_serie_a_2026,2026-03-22,8,São Paulo,Palmeiras,0,1,76,,substitution,,False,,,R. Sosa,Allan,,,,
brasileirao_serie_a_2026,2026-03-22,8,São Paulo,Palmeiras,0,1,63,,substitution,,False,,,E. Martínez,M. Freitas,,,,
brasileirao_serie_a_2026,2026-03-22,8,São Paulo,Palmeiras,0,1,60,,substitution,,False,,,L. Evangelista,A. Pereira,,,,
brasileirao_serie_a_2026,2026-03-22,8,São Paulo,Palmeiras,0,1,60,,substitution,,False,,,F. Anderson,Mauricio,,,,
brasileirao_serie_a_2026,2026-03-22,8,São Paulo,Palmeiras,0,1,50,,card,M. Freitas,False,yellow,Foul,,,,,,
brasileirao_serie_a_2026,2026-03-22,8,São Paulo,Palmeiras,0,1,46,,substitution,,True,,,G. Tapia,Cauly,,,,
brasileirao_serie_a_2026,2026-03-22,8,São Paulo,Palmeiras,0,1,46,,substitution,,True,,,R. Arboleda,A. Franco,,,,
brasileirao_serie_a_2026,2026-03-22,8,São Paulo,Palmeiras,0,1,46,,substitution,,True,,,Wendell,E. Díaz,,,,
brasileirao_serie_a_2026,2026-03-22,8,São Paulo,Palmeiras,0,1,45,,period,,,,,,,HT,,0,1
brasileirao_serie_a_2026,2026-03-22,8,São Paulo,Palmeiras,0,1,45,4,card,C. Miguel,False,yellow,Time wasting,,,,,,
brasileirao_serie_a_2026,2026-03-22,8,São Paulo,Palmeiras,0,1,45,,injuryTime,,,,,,,,4,,
brasileirao_serie_a_2026,2026-03-22,8,São Paulo,Palmeiras,0,1,43,,card,A. Pereira,False,yellow,Foul,,,,,,
brasileirao_serie_a_2026,2026-03-22,8,São Paulo,Palmeiras,0,1,23,,card,E. Díaz,True,yellow,Foul,,,,,,
brasileirao_serie_a_2026,2026-03-22,8,São Paulo,Palmeiras,0,1,6,,goal,J. Arias,False,,,,,,,0,1
brasileirao_serie_a_2026,2026-03-22,8,São Paulo,Palmeiras,0,1,0,,card,A. Ferreira,False,yellowRed,Argument,,,,,,
brasileirao_serie_a_2026,2026-03-22,8,São Paulo,Palmeiras,0,1,0,,card,A. Ferreira,False,yellow,Argument,,,,,,
brasileirao_serie_a_2026,2026-03-21,8,Fluminense,Atlético Mineiro,1,0,89,,substitution,,False,,,Reinier,Á. Preciado,,,,
brasileirao_serie_a_2026,2026-03-21,8,Fluminense,Atlético Mineiro,1,0,87,,substitution,,True,,,Y. Soteldo,J. Savarino,,,,
brasileirao_serie_a_2026,2026-03-21,8,Fluminense,Atlético Mineiro,1,0,87,,substitution,,True,,,Alisson,Hércules,,,,
brasileirao_serie_a_2026,2026-03-21,8,Fluminense,Atlético Mineiro,1,0,87,,substitution,,True,,,K. Serna,A. Canobbio,,,,
brasileirao_serie_a_2026,2026-03-21,8,Fluminense,Atlético Mineiro,1,0,86,,substitution,,True,,,Ganso,L. F. Acosta,,,,
brasileirao_serie_a_2026,2026-03-21,8,Fluminense,Atlético Mineiro,1,0,86,,card,A. Franco,False,yellow,,,,,,,
brasileirao_serie_a_2026,2026-03-21,8,Fluminense,Atlético Mineiro,1,0,86,,card,Jemmes,True,yellow,,,,,,,
brasileirao_serie_a_2026,2026-03-21,8,Fluminense,Atlético Mineiro,1,0,81,,card,M. Martinelli,True,yellow,,,,,,,
brasileirao_serie_a_2026,2026-03-21,8,Fluminense,Atlético Mineiro,1,0,69,,card,A. Canobbio,True,yellow,,,,,,,
brasileirao_serie_a_2026,2026-03-21,8,Fluminense,Atlético Mineiro,1,0,68,,substitution,,False,,,A. Minda,V. Hugo,,,,
brasileirao_serie_a_2026,2026-03-21,8,Fluminense,Atlético Mineiro,1,0,68,,substitution,,False,,,G. Scarpa,Bernard,,,,
brasileirao_serie_a_2026,2026-03-21,8,Fluminense,Atlético Mineiro,1,0,67,,card,Ruan,False,yellow,,,,,,,
brasileirao_serie_a_2026,2026-03-21,8,Fluminense,Atlético Mineiro,1,0,59,,substitution,,False,,,M. Cassierra,I. Gomes,,,,
brasileirao_serie_a_2026,2026-03-21,8,Fluminense,Atlético Mineiro,1,0,59,,substitution,,False,,,T. Cuello,I. Román,,,,
brasileirao_serie_a_2026,2026-03-21,8,Fluminense,Atlético Mineiro,1,0,57,,card,J. Alonso,False,yellow,,,,,,,
brasileirao_serie_a_2026,2026-03-21,8,Fluminense,Atlético Mineiro,1,0,35,,card,Hulk,False,yellow,,,,,,,
brasileirao_serie_a_2026,2026-03-21,8,Fluminense,Atlético Mineiro,1,0,33,,card,G. Arana,True,yellow,,,,,,,
brasileirao_serie_a_2026,2026-03-21,8,Fluminense,Atlético Mineiro,1,0,29,,goal,R. Castillo,True,,,,,,,1,0
brasileirao_serie_a_2026,2026-03-21,8,Fluminense,Atlético Mineiro,1,0,25,,card,L. F. Acosta,True,yellow,,,,,,,
brasileirao_serie_a_2026,2026-03-21,8,Fluminense,Atlético Mineiro,1,0,25,,card,I. Román,False,yellow,,,,,,,
brasileirao_serie_a_2026,2026-03-21,8,Red Bull Bragantino,Botafogo,1,2,90,,card,Edenilson,False,yellow,,,,,,,
brasileirao_serie_a_2026,2026-03-21,8,Red Bull Bragantino,Botafogo,1,2,84,,substitution,,False,,,Edenilson,M. Martins,,,,
brasileirao_serie_a_2026,2026-03-21,8,Red Bull Bragantino,Botafogo,1,2,84,,card,M. Martins,False,yellow,,,,,,,
brasileirao_serie_a_2026,2026-03-21,8,Red Bull Bragantino,Botafogo,1,2,80,,substitution,,True,,,I. Pitta,E. Sasha,,,,
brasileirao_serie_a_2026,2026-03-21,8,Red Bull Bragantino,Botafogo,1,2,80,,substitution,,True,,,D. Gomes,Gabriel,,,,
brasileirao_serie_a_2026,2026-03-21,8,Red Bull Bragantino,Botafogo,1,2,74,,card,A. Vinicius,True,yellow,,,,,,,
brasileirao_serie_a_2026,2026-03-21,8,Red Bull Bragantino,Botafogo,1,2,71,,goal,A. Barboza,False,,,,,,,1,2
brasileirao_serie_a_2026,2026-03-21,8,Red Bull Bragantino,Botafogo,1,2,71,,substitution,,False,,,G. Justino,N. Ferraresi,,,,
brasileirao_serie_a_2026,2026-03-21,8,Red Bull Bragantino,Botafogo,1,2,68,,substitution,,True,,,I. Sosa,M. Fernandes,,,,
brasileirao_serie_a_2026,2026-03-21,8,Red Bull Bragantino,Botafogo,1,2,68,,substitution,,True,,,J. Herrera,H. Mosquera,,,,
brasileirao_serie_a_2026,2026-03-21,8,Red Bull Bragantino,Botafogo,1,2,60,,substitution,,False,,,Allan,S. Rodríguez,,,,
brasileirao_serie_a_2026,2026-03-21,8,Red Bull Bragantino,Botafogo,1,2,56,,substitution,,True,,,G. Neves,Rodriguinho,,,,
brasileirao_serie_a_2026,2026-03-21,8,Red Bull Bragantino,Botafogo,1,2,46,,substitution,,False,,,L. Villalba,J. Santos,,,,
brasileirao_serie_a_2026,2026-03-21,8,Red Bull Bragantino,Botafogo,1,2,46,,substitution,,False,,,Vitinho,A. Telles,,,,
brasileirao_serie_a_2026,2026-03-21,8,Red Bull Bragantino,Botafogo,1,2,38,,card,J. Capixaba,True,yellow,,,,,,,
brasileirao_serie_a_2026,2026-03-21,8,Red Bull Bragantino,Botafogo,1,2,36,,card,S. Rodríguez,False,yellow,,,,,,,
brasileirao_serie_a_2026,2026-03-21,8,Red Bull Bragantino,Botafogo,1,2,15,,goal,L. Barbosa,True,,,,,,,1,1
brasileirao_serie_a_2026,2026-03-21,8,Red Bull Bragantino,Botafogo,1,2,8,,goal,A. Telles,False,,,,,,,0,1
brasileirao_serie_a_2026,2026-03-20,7,Chapecoense,Corinthians,0,0,86,,card,J. Pedro,False,yellow,,,,,,,
brasileirao_serie_a_2026,2026-03-20,7,Chapecoense,Corinthians,0,0,78,,substitution,,True,,,Perotti,Y. Bolasie,,,,
brasileirao_serie_a_2026,2026-03-20,7,Chapecoense,Corinthians,0,0,77,,substitution,,False,,,Kayke,Vitinho,,,,
brasileirao_serie_a_2026,2026-03-20,7,Chapecoense,Corinthians,0,0,77,,substitution,,False,,,Matheuzinho,P. Milans,,,,
brasileirao_serie_a_2026,2026-03-20,7,Chapecoense,Corinthians,0,0,68,,substitution,,False,,,B. Bidon,M. Pereira,,,,
brasileirao_serie_a_2026,2026-03-20,7,Chapecoense,Corinthians,0,0,68,,substitution,,False,,,Raniele,A. Luiz,,,,
brasileirao_serie_a_2026,2026-03-20,7,Chapecoense,Corinthians,0,0,66,,card,R. Tadeu,True,yellow,,,,,,,
brasileirao_serie_a_2026,2026-03-20,7,Chapecoense,Corinthians,0,0,62,,substitution,,True,,,R. Tadeu,R. Carvalheira,,,,
brasileirao_serie_a_2026,2026-03-20,7,Chapecoense,Corinthians,0,0,62,,substitution,,True,,,H. Meritão,J. Vitor,,,,
brasileirao_serie_a_2026,2026-03-20,7,Chapecoense,Corinthians,0,0,46,,substitution,,True,,,J. Carlos,Marcinho,,,,
brasileirao_serie_a_2026,2026-03-20,7,Chapecoense,Corinthians,0,0,46,,substitution,,True,,,Italo,G. Augusto,,,,
brasileirao_serie_a_2026,2026-03-20,7,Chapecoense,Corinthians,0,0,45,,card,A. Ramalho,False,yellow,,,,,,,
brasileirao_serie_a_2026,2026-03-20,7,Chapecoense,Corinthians,0,0,43,,card,G. Augusto,True,yellow,,,,,,,
brasileirao_serie_a_2026,2026-03-20,7,Chapecoense,Corinthians,0,0,42,,card,F. Angileri,False,yellow,,,,,,,
brasileirao_serie_a_2026,2026-03-20,7,Chapecoense,Corinthians,0,0,39,,card,Camilo,True,yellow,,,,,,,
brasileirao_serie_a_2026,2026-03-20,7,Chapecoense,Corinthians,0,0,36,,card,Y. Alberto,False,yellow,,,,,,,
brasileirao_serie_a_2026,2026-03-19,7,Flamengo,Remo,3,0,90,,card,Zé Welison,False,yellow,,,,,,,
brasileirao_serie_a_2026,2026-03-19,7,Flamengo,Remo,3,0,83,,substitution,,False,,,Jaderson,Zé Ricardo,,,,
brasileirao_serie_a_2026,2026-03-19,7,Flamengo,Remo,3,0,77,,substitution,,True,,,Everton,Jorginho,,,,
brasileirao_serie_a_2026,2026-03-19,7,Flamengo,Remo,3,0,72,,substitution,,True,,,G. Varela,E. Royal,,,,
brasileirao_serie_a_2026,2026-03-19,7,Flamengo,Remo,3,0,69,,substitution,,False,,,Patrick,Jajá,,,,
brasileirao_serie_a_2026,2026-03-19,7,Flamengo,Remo,3,0,69,,substitution,,False,,,Y. Pikachu,Vitor Bueno,,,,
brasileirao_serie_a_2026,2026-03-19,7,Flamengo,Remo,3,0,66,,substitution,,True,,,L. Paquetá,Arrascaeta,,,,
brasileirao_serie_a_2026,2026-03-19,7,Flamengo,Remo,3,0,66,,substitution,,True,,,A. Lucas,A. Sandro,,,,
brasileirao_serie_a_2026,2026-03-19,7,Flamengo,Remo,3,0,66,,substitution,,True,,,J. Carrascal,S. Lino,,,,
brasileirao_serie_a_2026,2026-03-19,7,Flamengo,Remo,3,0,62,,card,L. Pereira,True,yellow,,,,,,,
brasileirao_serie_a_2026,2026-03-19,7,Flamengo,Remo,3,0,57,,substitution,,False,,,Zé Welison,L. Picco,,,,
brasileirao_serie_a_2026,2026-03-19,7,Flamengo,Remo,3,0,56,,substitution,,False,,,G. Taliari,P. de Paula,,,,
brasileirao_serie_a_2026,2026-03-19,7,Flamengo,Remo,3,0,54,,goal,L. Araújo,True,,,,,,,3,0
brasileirao_serie_a_2026,2026-03-19,7,Flamengo,Remo,3,0,48,,goal,S. Lino,True,,,,,,,2,0
brasileirao_serie_a_2026,2026-03-19,7,Flamengo,Remo,3,0,26,,card,E. Pulgar,True,yellow,,,,,,,
brasileirao_serie_a_2026,2026-03-19,7,Flamengo,Remo,3,0,22,,card,P. de Paula,False,yellow,,,,,,,
brasileirao_serie_a_2026,2026-03-19,7,Flamengo,Remo,3,0,19,,goal,L. Ortiz,True,,,,,,,1,0
brasileirao_serie_a_2026,2026-03-19,7,Grêmio,Vitória,2,0,90,,card,A. Cantalapiedra,False,yellow,,,,,,,
brasileirao_serie_a_2026,2026-03-19,7,Grêmio,Vitória,2,0,90,,substitution,,False,,,A. Pato,R. Kayzer,,,,
brasileirao_serie_a_2026,2026-03-19,7,Grêmio,Vitória,2,0,89,,card,G. Mec,True,yellow,,,,,,,
brasileirao_serie_a_2026,2026-03-19,7,Grêmio,Vitória,2,0,87,,substitution,,False,,,F. Santos,Erick,,,,
brasileirao_serie_a_2026,2026-03-19,7,Grêmio,Vitória,2,0,87,,substitution,,False,,,D. Tarzia,Matheuzinho,,,,
brasileirao_serie_a_2026,2026-03-19,7,Grêmio,Vitória,2,0,86,,substitution,,True,,,G. Mec,F. Amuzu,,,,
brasileirao_serie_a_2026,2026-03-19,7,Grêmio,Vitória,2,0,86,,substitution,,True,,,Tetê,J. Enamorado,,,,
brasileirao_serie_a_2026,2026-03-19,7,Grêmio,Vitória,2,0,76,,substitution,,True,,,C. Paulista,Marlon,,,,
brasileirao_serie_a_2026,2026-03-19,7,Grêmio,Vitória,2,0,75,,substitution,,False,,,A. Cantalapiedra,Camutanga,,,,
brasileirao_serie_a_2026,2026-03-19,7,Grêmio,Vitória,2,0,75,,substitution,,False,,,R. López,N. Mendes,,,,
brasileirao_serie_a_2026,2026-03-19,7,Grêmio,Vitória,2,0,63,,card,N. Mendes,False,yellow,,,,,,,
brasileirao_serie_a_2026,2026-03-19,7,Grêmio,Vitória,2,0,58,,card,R. Kayzer,False,yellow,,,,,,,
brasileirao_serie_a_2026,2026-03-19,7,Grêmio,Vitória,2,0,56,,substitution,,True,,,E. Noriega,J. Nardoni,,,,
brasileirao_serie_a_2026,2026-03-19,7,Grêmio,Vitória,2,0,56,,substitution,,True,,,M. Monsalve,Willian,,,,
brasileirao_serie_a_2026,2026-03-19,7,Grêmio,Vitória,2,0,54,,goal,F. Amuzu,True,,,,,,,2,0
brasileirao_serie_a_2026,2026-03-19,7,Grêmio,Vitória,2,0,27,,goal,Camutanga,True,,,,,,,1,0
brasileirao_serie_a_2026,2026-03-19,7,Vasco da Gama,Fluminense,3,2,90,,goal,T. Mendes,True,,,,,,,3,2
brasileirao_serie_a_2026,2026-03-19,7,Vasco da Gama,Fluminense,3,2,88,,goal,C. Spinelli,True,,,,,,,2,2
brasileirao_serie_a_2026,2026-03-19,7,Vasco da Gama,Fluminense,3,2,80,,substitution,,False,,,K. Serna,J. Savarino,,,,
brasileirao_serie_a_2026,2026-03-19,7,Vasco da Gama,Fluminense,3,2,80,,substitution,,False,,,Guga,S. Xavier,,,,
brasileirao_serie_a_2026,2026-03-19,7,Vasco da Gama,Fluminense,3,2,80,,substitution,,True,,,Brenner,N. Moreira,,,,
brasileirao_serie_a_2026,2026-03-19,7,Vasco da Gama,Fluminense,3,2,69,,substitution,,True,,,C. Spinelli,David,,,,
brasileirao_serie_a_2026,2026-03-19,7,Vasco da Gama,Fluminense,3,2,69,,substitution,,True,,,Adson,A. Gómez,,,,
brasileirao_serie_a_2026,2026-03-19,7,Vasco da Gama,Fluminense,3,2,69,,substitution,,False,,,Ganso,L. F. Acosta,,,,
brasileirao_serie_a_2026,2026-03-19,7,Vasco da Gama,Fluminense,3,2,69,,substitution,,False,,,R. Castillo,John Kennedy,,,,
brasileirao_serie_a_2026,2026-03-19,7,Vasco da Gama,Fluminense,3,2,59,,goal,N. Moreira,True,,,,,,,1,2
brasileirao_serie_a_2026,2026-03-19,7,Vasco da Gama,Fluminense,3,2,54,,goal,Hércules,False,,,,,,,0,2
brasileirao_serie_a_2026,2026-03-19,7,Vasco da Gama,Fluminense,3,2,50,,card,T. Mendes,True,yellow,,,,,,,
brasileirao_serie_a_2026,2026-03-19,7,Vasco da Gama,Fluminense,3,2,46,,substitution,,True,,,J. Rojas,H. Moura,,,,
brasileirao_serie_a_2026,2026-03-19,7,Vasco da Gama,Fluminense,3,2,46,,substitution,,True,,,P. Rodríguez,P. Henrique,,,,
brasileirao_serie_a_2026,2026-03-19,7,Vasco da Gama,Fluminense,3,2,46,,substitution,,False,,,Otávio,M. Martinelli,,,,
brasileirao_serie_a_2026,2026-03-19,7,Vasco da Gama,Fluminense,3,2,42,,card,A. Saldivia,True,yellow,,,,,,,
brasileirao_serie_a_2026,2026-03-19,7,Vasco da Gama,Fluminense,3,2,1,,goal,A. Canobbio,False,,,,,,,0,1
brasileirao_serie_a_2026,2026-03-19,7,Santos,Internacional,1,2,90,,card,J. Carbonero,False,yellow,,,,,,,
brasileirao_serie_a_2026,2026-03-19,7,Santos,Internacional,1,2,90,,goal,J. Carbonero,False,,,,,,,1,2
brasileirao_serie_a_2026,2026-03-19,7,Santos,Internacional,1,2,90,,card,I. Vinícius,True,yellow,,,,,,,
brasileirao_serie_a_2026,2026-03-19,7,Santos,Internacional,1,2,89,,substitution,,True,,,Thaciano,Neymar,,,,
brasileirao_serie_a_2026,2026-03-19,7,Santos,Internacional,1,2,87,,substitution,,False,,,J. Carbonero,R. Borré,,,,
brasileirao_serie_a_2026,2026-03-19,7,Santos,Internacional,1,2,78,,substitution,,False,,,Ronaldo,R. Villagra,,,,
brasileirao_serie_a_2026,2026-03-19,7,Santos,Internacional,1,2,78,,substitution,,False,,,B. Tabata,B. Henrique,,,,
brasileirao_serie_a_2026,2026-03-19,7,Santos,Internacional,1,2,72,,card,Z. Ivaldo,True,yellow,,,,,,,
brasileirao_serie_a_2026,2026-03-19,7,Santos,Internacional,1,2,69,,substitution,,False,,,T. Maia,Á. Rodríguez,,,,
brasileirao_serie_a_2026,2026-03-19,7,Santos,Internacional,1,2,69,,substitution,,False,,,B. Aguirre,Alerrandro,,,,
brasileirao_serie_a_2026,2026-03-19,7,Santos,Internacional,1,2,58,,substitution,,True,,,B. Rollheiser,G. Escobar,,,,
brasileirao_serie_a_2026,2026-03-19,7,Santos,Internacional,1,2,58,,substitution,,True,,,G. Menino,Willian Arão,,,,
brasileirao_serie_a_2026,2026-03-19,7,Santos,Internacional,1,2,57,,card,Neymar,True,yellow,,,,,,,
brasileirao_serie_a_2026,2026-03-19,7,Santos,Internacional,1,2,56,,goal,Neymar,True,,,,,,,1,1
brasileirao_serie_a_2026,2026-03-19,7,Santos,Internacional,1,2,55,,card,Vitinho,False,yellow,,,,,,,
brasileirao_serie_a_2026,2026-03-19,7,Santos,Internacional,1,2,49,,card,F. Torres,False,yellow,,,,,,,
brasileirao_serie_a_2026,2026-03-19,7,Santos,Internacional,1,2,46,,goal,Z. Ivaldo,False,,,,,,,0,1
brasileirao_serie_a_2026,2026-03-19,7,Santos,Internacional,1,2,46,,substitution,,True,,,Moisés,Rony,,,,
brasileirao_serie_a_2026,2026-03-19,7,Santos,Internacional,1,2,13,,card,G. Escobar,True,yellow,,,,,,,
brasileirao_serie_a_2026,2026-03-18,7,Mirassol,Coritiba,0,1,90,,card,Josué,False,yellow,,,,,,,
brasileirao_serie_a_2026,2026-03-18,7,Mirassol,Coritiba,0,1,82,,card,J. Aldo,True,yellow,,,,,,,
brasileirao_serie_a_2026,2026-03-18,7,Mirassol,Coritiba,0,1,79,,substitution,,True,,,Shaylon,G. Pires,,,,
brasileirao_serie_a_2026,2026-03-18,7,Mirassol,Coritiba,0,1,79,,substitution,,False,,,Josué,J. Lavega,,,,
brasileirao_serie_a_2026,2026-03-18,7,Mirassol,Coritiba,0,1,69,,card,J. Lavega,False,yellow,,,,,,,
brasileirao_serie_a_2026,2026-03-18,7,Mirassol,Coritiba,0,1,67,,substitution,,True,,,Galeano,Alesson,,,,
brasileirao_serie_a_2026,2026-03-18,7,Mirassol,Coritiba,0,1,67,,substitution,,True,,,Nathan Fogaça,N. Moura,,,,
brasileirao_serie_a_2026,2026-03-18,7,Mirassol,Coritiba,0,1,67,,substitution,,False,,,Wallisson Luiz,W. Oliveira,,,,
brasileirao_serie_a_2026,2026-03-18,7,Mirassol,Coritiba,0,1,67,,substitution,,True,,,A. Luis,Tiquinho,,,,
brasileirao_serie_a_2026,2026-03-18,7,Mirassol,Coritiba,0,1,64,,goal,J. Lavega,False,,,,,,,0,1
brasileirao_serie_a_2026,2026-03-18,7,Mirassol,Coritiba,0,1,58,,substitution,,False,,,Maicon,F. Jonatan,,,,
brasileirao_serie_a_2026,2026-03-18,7,Mirassol,Coritiba,0,1,46,,substitution,,False,,,V. Paulista,S. Gomez,,,,
brasileirao_serie_a_2026,2026-03-18,7,Mirassol,Coritiba,0,1,46,,substitution,,True,,,D. Borges,V. Luis,,,,
brasileirao_serie_a_2026,2026-03-18,7,Mirassol,Coritiba,0,1,46,,substitution,,False,,,B. Lopes,L. Ronier,,,,
brasileirao_serie_a_2026,2026-03-18,7,Mirassol,Coritiba,0,1,16,,card,V. Luis,True,yellow,,,,,,,
brasileirao_serie_a_2026,2026-03-18,7,Atlético Mineiro,São Paulo,1,0,90,,card,E. Díaz,False,yellow,,,,,,,
brasileirao_serie_a_2026,2026-03-18,7,Atlético Mineiro,São Paulo,1,0,87,,substitution,,True,,,Lyanco,T. Cuello,,,,
brasileirao_serie_a_2026,2026-03-18,7,Atlético Mineiro,São Paulo,1,0,83,,substitution,,False,,,Ferreira,Danielzinho,,,,
brasileirao_serie_a_2026,2026-03-18,7,Atlético Mineiro,São Paulo,1,0,83,,substitution,,False,,,C. Soares,Maik,,,,
brasileirao_serie_a_2026,2026-03-18,7,Atlético Mineiro,São Paulo,1,0,75,,substitution,,True,,,Dudu,M. Cassierra,,,,
brasileirao_serie_a_2026,2026-03-18,7,Atlético Mineiro,São Paulo,1,0,73,,substitution,,False,,,G. Tapia,L. Moura,,,,
brasileirao_serie_a_2026,2026-03-18,7,Atlético Mineiro,São Paulo,1,0,71,,card,I. Román,True,yellow,,,,,,,
brasileirao_serie_a_2026,2026-03-18,7,Atlético Mineiro,São Paulo,1,0,64,,goal,I. Román,True,,,,,,,1,0
brasileirao_serie_a_2026,2026-03-18,7,Atlético Mineiro,São Paulo,1,0,64,,substitution,,True,,,Bernard,T. Pérez,,,,
brasileirao_serie_a_2026,2026-03-18,7,Atlético Mineiro,São Paulo,1,0,61,,substitution,,False,,,Luciano,A. Silva,,,,
brasileirao_serie_a_2026,2026-03-18,7,Atlético Mineiro,São Paulo,1,0,61,,substitution,,False,,,L. Moura,Cauly,,,,
brasileirao_serie_a_2026,2026-03-18,7,Athletico,Cruzeiro,2,1,89,,substitution,,False,,,K. Moraes,William,,,,
brasileirao_serie_a_2026,2026-03-18,7,Athletico,Cruzeiro,2,1,88,,substitution,,False,,,M. Rhikman,L. Silva,,,,
brasileirao_serie_a_2026,2026-03-18,7,Athletico,Cruzeiro,2,1,85,,card,L. Silva,False,yellow,,,,,,,
brasileirao_serie_a_2026,2026-03-18,7,Athletico,Cruzeiro,2,1,78,,substitution,,False,,,Rhuan,Christian,,,,
brasileirao_serie_a_2026,2026-03-18,7,Athletico,Cruzeiro,2,1,78,,substitution,,True,,,B. B. Ramos,S. Mendoza,,,,
brasileirao_serie_a_2026,2026-03-18,7,Athletico,Cruzeiro,2,1,78,,substitution,,False,,,Chico da Costa,N. Villarreal,,,,
brasileirao_serie_a_2026,2026-03-18,7,Athletico,Cruzeiro,2,1,76,,substitution,,True,,,J. Cruz,Dudu,,,,
brasileirao_serie_a_2026,2026-03-18,7,Athletico,Cruzeiro,2,1,62,,substitution,,True,,,Jádson,C. Portilla,,,,
brasileirao_serie_a_2026,2026-03-18,7,Athletico,Cruzeiro,2,1,62,,substitution,,True,,,F. Chiqueti,Julimar,,,,
brasileirao_serie_a_2026,2026-03-18,7,Athletico,Cruzeiro,2,1,58,,goal,N. Villarreal,False,,,,,,,2,1
brasileirao_serie_a_2026,2026-03-18,7,Athletico,Cruzeiro,2,1,56,,card,A. Dias,True,yellow,,,,,,,
brasileirao_serie_a_2026,2026-03-18,7,Athletico,Cruzeiro,2,1,54,,substitution,,False,,,Wanderson,Japa,,,,
brasileirao_serie_a_2026,2026-03-18,7,Athletico,Cruzeiro,2,1,45,,card,Julimar,True,yellow,,,,,,,
brasileirao_serie_a_2026,2026-03-18,7,Athletico,Cruzeiro,2,1,44,,card,K. Arroyo,False,yellow,,,,,,,
brasileirao_serie_a_2026,2026-03-18,7,Athletico,Cruzeiro,2,1,19,,card,M. Henrique,False,yellow,,,,,,,
brasileirao_serie_a_2026,2026-03-18,7,Athletico,Cruzeiro,2,1,10,,goal,K. Viveros,True,,,,,,,2,0
brasileirao_serie_a_2026,2026-03-18,7,Athletico,Cruzeiro,2,1,1,,goal,S. Mendoza,True,,,,,,,1,0
brasileirao_serie_a_2026,2026-03-18,7,Palmeiras,Botafogo,2,1,90,,period,,,,,,,FT,,2,1
brasileirao_serie_a_2026,2026-03-18,7,Palmeiras,Botafogo,2,1,90,6,card,L. Villalba,False,yellow,Foul,,,,,,
brasileirao_serie_a_2026,2026-03-18,7,Palmeiras,Botafogo,2,1,90,,injuryTime,,,,,,,,8,,
brasileirao_serie_a_2026,2026-03-18,7,Palmeiras,Botafogo,2,1,89,,card,J. Correa,False,yellow,Foul,,,,,,
brasileirao_serie_a_2026,2026-03-18,7,Palmeiras,Botafogo,2,1,88,,card,R. Sosa,True,yellow,Argument,,,,,,
brasileirao_serie_a_2026,2026-03-18,7,Palmeiras,Botafogo,2,1,85,,substitution,,True,,,F. Anderson,Allan,,,,
brasileirao_serie_a_2026,2026-03-18,7,Palmeiras,Botafogo,2,1,85,,substitution,,True,,,Larson,J. Arias,,,,
brasileirao_serie_a_2026,2026-03-18,7,Palmeiras,Botafogo,2,1,80,,substitution,,False,,,J. Correa,M. Martins,,,,
brasileirao_serie_a_2026,2026-03-18,7,Palmeiras,Botafogo,2,1,72,,substitution,,True,,,L. Evangelista,A. Pereira,,,,
brasileirao_serie_a_2026,2026-03-18,7,Palmeiras,Botafogo,2,1,72,,substitution,,True,,,V. Roque,J. López,,,,
brasileirao_serie_a_2026,2026-03-18,7,Palmeiras,Botafogo,2,1,71,,substitution,,True,,,R. Sosa,Mauricio,,,,
brasileirao_serie_a_2026,2026-03-18,7,Palmeiras,Botafogo,2,1,71,,substitution,,False,,,Artur,Bastos,,,,
brasileirao_serie_a_2026,2026-03-18,7,Palmeiras,Botafogo,2,1,70,,substitution,,False,,,G. Justino,N. Ferraresi,,,,
brasileirao_serie_a_2026,2026-03-18,7,Palmeiras,Botafogo,2,1,59,,goal,D. Santos,False,,,,,,,2,1
brasileirao_serie_a_2026,2026-03-18,7,Palmeiras,Botafogo,2,1,57,,substitution,,False,,,L. Villalba,J. Barrera,,,,
brasileirao_serie_a_2026,2026-03-18,7,Palmeiras,Botafogo,2,1,53,,goal,J. Arias,True,,,,,,,2,0
brasileirao_serie_a_2026,2026-03-18,7,Palmeiras,Botafogo,2,1,46,,substitution,,False,,,S. Rodríguez,J. Santos,,,,
brasileirao_serie_a_2026,2026-03-18,7,Palmeiras,Botafogo,2,1,45,,period,,,,,,,HT,,1,0
brasileirao_serie_a_2026,2026-03-18,7,Palmeiras,Botafogo,2,1,45,,card,C. Medina,False,red,Professional foul last man,,,,,,
brasileirao_serie_a_2026,2026-03-18,7,Palmeiras,Botafogo,2,1,45,,injuryTime,,,,,,,,5,,
brasileirao_serie_a_2026,2026-03-18,7,Palmeiras,Botafogo,2,1,9,,goal,Allan,True,,,,,,,1,0
brasileirao_serie_a_2026,2026-03-18,7,Palmeiras,Botafogo,2,1,0,,card,Marçal,False,yellow,Argument,,,,,,
brasileirao_serie_a_2026,2026-03-18,7,Bahia,Red Bull Bragantino,2,0,90,,card,Erick,True,yellow,,,,,,,
brasileirao_serie_a_2026,2026-03-18,7,Bahia,Red Bull Bragantino,2,0,86,,substitution,,True,,,M. Sanabria,C. Olivera,,,,
brasileirao_serie_a_2026,2026-03-18,7,Bahia,Red Bull Bragantino,2,0,86,,substitution,,False,,,E. Sasha,I. Sosa,,,,
brasileirao_serie_a_2026,2026-03-18,7,Bahia,Red Bull Bragantino,2,0,80,,substitution,,True,,,M. Araújo,J. Lucas,,,,
brasileirao_serie_a_2026,2026-03-18,7,Bahia,Red Bull Bragantino,2,0,78,,card,R. Nestor,True,yellow,,,,,,,
brasileirao_serie_a_2026,2026-03-18,7,Bahia,Red Bull Bragantino,2,0,77,,substitution,,False,,,D. Gomes,Vinicinho,,,,
brasileirao_serie_a_2026,2026-03-18,7,Bahia,Red Bull Bragantino,2,0,65,,card,N. Acevedo,True,yellow,,,,,,,
brasileirao_serie_a_2026,2026-03-18,7,Bahia,Red Bull Bragantino,2,0,64,,substitution,,False,,,E. Ramires,Rodriguinho,,,,
brasileirao_serie_a_2026,2026-03-18,7,Bahia,Red Bull Bragantino,2,0,63,,card,Rodriguinho,False,yellow,,,,,,,
brasileirao_serie_a_2026,2026-03-18,7,Bahia,Red Bull Bragantino,2,0,60,,substitution,,True,,,Ademir,E. Pulga,,,,
brasileirao_serie_a_2026,2026-03-18,7,Bahia,Red Bull Bragantino,2,0,60,,substitution,,True,,,R. Nestor,C. Alexandre,,,,
brasileirao_serie_a_2026,2026-03-18,7,Bahia,Red Bull Bragantino,2,0,46,,substitution,,True,,,Everaldo,W. José,,,,
brasileirao_serie_a_2026,2026-03-18,7,Bahia,Red Bull Bragantino,2,0,46,,substitution,,False,,,A. Vinicius,Fabinho,,,,
brasileirao_serie_a_2026,2026-03-18,7,Bahia,Red Bull Bragantino,2,0,46,,substitution,,False,,,H. Mosquera,J. Herrera,,,,
brasileirao_serie_a_2026,2026-03-18,7,Bahia,Red Bull Bragantino,2,0,40,,goal,Erick,True,,,,,,,2,0
brasileirao_serie_a_2026,2026-03-18,7,Bahia,Red Bull Bragantino,2,0,17,,goal,L. Juba,True,,,,,,,1,0
brasileirao_serie_a_2026,2026-03-16,6,Chapecoense,Grêmio,1,1,90,,substitution,,True,,,V. Balieiro,H. Meritão,,,,
brasileirao_serie_a_2026,2026-03-16,6,Chapecoense,Grêmio,1,1,90,,card,E. Noriega,False,yellow,,,,,,,
brasileirao_serie_a_2026,2026-03-16,6,Chapecoense,Grêmio,1,1,87,,card,E. Doma,True,yellow,,,,,,,
brasileirao_serie_a_2026,2026-03-16,6,Chapecoense,Grêmio,1,1,84,,substitution,,True,,,Perotti,Y. Bolasie,,,,
brasileirao_serie_a_2026,2026-03-16,6,Chapecoense,Grêmio,1,1,84,,substitution,,True,,,D. Antunes,J. Vitor,,,,
brasileirao_serie_a_2026,2026-03-16,6,Chapecoense,Grêmio,1,1,74,,substitution,,False,,,G. Mec,Tetê,,,,
brasileirao_serie_a_2026,2026-03-16,6,Chapecoense,Grêmio,1,1,61,,substitution,,False,,,Willian,M. Monsalve,,,,
brasileirao_serie_a_2026,2026-03-16,6,Chapecoense,Grêmio,1,1,61,,substitution,,False,,,J. Enamorado,F. Amuzu,,,,
brasileirao_serie_a_2026,2026-03-16,6,Chapecoense,Grêmio,1,1,59,,substitution,,True,,,J. Carlos,G. Augusto,,,,
brasileirao_serie_a_2026,2026-03-16,6,Chapecoense,Grêmio,1,1,58,,substitution,,True,,,Marcinho,Italo,,,,
brasileirao_serie_a_2026,2026-03-16,6,Chapecoense,Grêmio,1,1,56,,card,M. Monsalve,False,yellow,,,,,,,
brasileirao_serie_a_2026,2026-03-16,6,Chapecoense,Grêmio,1,1,45,,goal,J. Nardoni,False,,,,,,,1,1
brasileirao_serie_a_2026,2026-03-16,6,Chapecoense,Grêmio,1,1,44,,card,Y. Bolasie,True,yellow,,,,,,,
brasileirao_serie_a_2026,2026-03-16,6,Chapecoense,Grêmio,1,1,38,,card,Everton,True,yellow,,,,,,,
brasileirao_serie_a_2026,2026-03-16,6,Chapecoense,Grêmio,1,1,28,,goal,W. Clar,True,,,,,,,1,0
brasileirao_serie_a_2026,2026-03-16,6,Chapecoense,Grêmio,1,1,26,,card,Viery,False,yellow,,,,,,,
brasileirao_serie_a_2026,2026-03-15,6,Red Bull Bragantino,São Paulo,1,2,90,,substitution,,False,,,R. Arboleda,D. Bobadilla,,,,
brasileirao_serie_a_2026,2026-03-15,6,Red Bull Bragantino,São Paulo,1,2,89,,card,E. Díaz,False,yellow,,,,,,,
brasileirao_serie_a_2026,2026-03-15,6,Red Bull Bragantino,São Paulo,1,2,84,,substitution,,False,,,Ferreira,Luciano,,,,
brasileirao_serie_a_2026,2026-03-15,6,Red Bull Bragantino,São Paulo,1,2,83,,substitution,,False,,,A. Silva,J. Calleri,,,,
brasileirao_serie_a_2026,2026-03-15,6,Red Bull Bragantino,São Paulo,1,2,83,,substitution,,True,,,Vinicinho,E. Sasha,,,,
brasileirao_serie_a_2026,2026-03-15,6,Red Bull Bragantino,São Paulo,1,2,83,,substitution,,True,,,R. Augusto,J. A. Hurtado,,,,
brasileirao_serie_a_2026,2026-03-15,6,Red Bull Bragantino,São Paulo,1,2,82,,card,J. Capixaba,True,yellow,,,,,,,
brasileirao_serie_a_2026,2026-03-15,6,Red Bull Bragantino,São Paulo,1,2,73,,substitution,,True,,,I. Pitta,J. Herrera,,,,
brasileirao_serie_a_2026,2026-03-15,6,Red Bull Bragantino,São Paulo,1,2,68,,goal,J. Calleri,False,,,,,,,1,2
brasileirao_serie_a_2026,2026-03-15,6,Red Bull Bragantino,São Paulo,1,2,68,,substitution,,False,,,Cauly,L. Moura,,,,
brasileirao_serie_a_2026,2026-03-15,6,Red Bull Bragantino,São Paulo,1,2,68,,substitution,,False,,,P. Maia,Danielzinho,,,,
brasileirao_serie_a_2026,2026-03-15,6,Red Bull Bragantino,São Paulo,1,2,66,,card,Luciano,False,yellow,,,,,,,
brasileirao_serie_a_2026,2026-03-15,6,Red Bull Bragantino,São Paulo,1,2,63,,card,D. Bobadilla,False,yellow,,,,,,,
brasileirao_serie_a_2026,2026-03-15,6,Red Bull Bragantino,São Paulo,1,2,59,,substitution,,True,,,Rodriguinho,G. Neves,,,,
brasileirao_serie_a_2026,2026-03-15,6,Red Bull Bragantino,São Paulo,1,2,59,,substitution,,True,,,M. Fernandes,Gabriel,,,,
brasileirao_serie_a_2026,2026-03-15,6,Red Bull Bragantino,São Paulo,1,2,53,,goal,Sabino,False,,,,,,,1,1
brasileirao_serie_a_2026,2026-03-15,6,Red Bull Bragantino,São Paulo,1,2,52,,card,L. Barbosa,True,yellow,,,,,,,
brasileirao_serie_a_2026,2026-03-15,6,Red Bull Bragantino,São Paulo,1,2,40,,card,J. Herrera,True,yellow,,,,,,,
brasileirao_serie_a_2026,2026-03-15,6,Red Bull Bragantino,São Paulo,1,2,36,,goal,J. Herrera,True,,,,,,,1,0
brasileirao_serie_a_2026,2026-03-15,6,Red Bull Bragantino,São Paulo,1,2,31,,card,J. Calleri,False,yellow,,,,,,,
brasileirao_serie_a_2026,2026-03-15,6,Red Bull Bragantino,São Paulo,1,2,31,,card,Gabriel,True,yellow,,,,,,,
brasileirao_serie_a_2026,2026-03-15,6,Cruzeiro,Vasco da Gama,3,3,90,,period,,,,,,,FT,,3,3
brasileirao_serie_a_2026,2026-03-15,6,Cruzeiro,Vasco da Gama,3,3,90,12,card,Gerson,True,yellow,Argument,,,,,,
brasileirao_serie_a_2026,2026-03-15,6,Cruzeiro,Vasco da Gama,3,3,90,4,goal,Japa,True,,,,,,,3,3
brasileirao_serie_a_2026,2026-03-15,6,Cruzeiro,Vasco da Gama,3,3,90,1,substitution,,True,,,Japa,M. Henrique,,,,
brasileirao_serie_a_2026,2026-03-15,6,Cruzeiro,Vasco da Gama,3,3,90,1,substitution,,True,,,K. Moraes,W. Furtado,,,,
brasileirao_serie_a_2026,2026-03-15,6,Cruzeiro,Vasco da Gama,3,3,90,,card,Brenner,False,yellow,Time wasting,,,,,,
brasileirao_serie_a_2026,2026-03-15,6,Cruzeiro,Vasco da Gama,3,3,90,,injuryTime,,,,,,,,10,,
brasileirao_serie_a_2026,2026-03-15,6,Cruzeiro,Vasco da Gama,3,3,88,,substitution,,False,,,L. Freitas,Tchê Tchê,,,,
brasileirao_serie_a_2026,2026-03-15,6,Cruzeiro,Vasco da Gama,3,3,88,,substitution,,True,,,Wanderson,L. Villalba,,,,
brasileirao_serie_a_2026,2026-03-15,6,Cruzeiro,Vasco da Gama,3,3,86,,goal,Brenner,False,,,,,,,2,3
brasileirao_serie_a_2026,2026-03-15,6,Cruzeiro,Vasco da Gama,3,3,83,,substitution,,False,,,JP,H. Moura,,,,
brasileirao_serie_a_2026,2026-03-15,6,Cruzeiro,Vasco da Gama,3,3,70,,goal,N. Villarreal,True,,,,,,,2,2
brasileirao_serie_a_2026,2026-03-15,6,Cruzeiro,Vasco da Gama,3,3,62,,substitution,,False,,,P. Rodríguez,A. Gómez,,,,
brasileirao_serie_a_2026,2026-03-15,6,Cruzeiro,Vasco da Gama,3,3,62,,substitution,,False,,,Brenner,N. Moreira,,,,
brasileirao_serie_a_2026,2026-03-15,6,Cruzeiro,Vasco da Gama,3,3,61,,substitution,,False,,,L. Piton,David,,,,
brasileirao_serie_a_2026,2026-03-15,6,Cruzeiro,Vasco da Gama,3,3,61,,substitution,,True,,,N. Villarreal,L. Silva,,,,
brasileirao_serie_a_2026,2026-03-15,6,Cruzeiro,Vasco da Gama,3,3,60,,substitution,,True,,,K. Arroyo,Christian,,,,
brasileirao_serie_a_2026,2026-03-15,6,Cruzeiro,Vasco da Gama,3,3,59,,card,C. Barros,False,red,Foul,,,,,,
brasileirao_serie_a_2026,2026-03-15,6,Cruzeiro,Vasco da Gama,3,3,58,,varDecision,C. Barros,False,,,,,,,,
brasileirao_serie_a_2026,2026-03-15,6,Cruzeiro,Vasco da Gama,3,3,54,,card,M. Pereira,True,yellow,Argument,,,,,,
brasileirao_serie_a_2026,2026-03-15,6,Cruzeiro,Vasco da Gama,3,3,54,,goal,C. Barros,False,,,,,,,1,2
brasileirao_serie_a_2026,2026-03-15,6,Cruzeiro,Vasco da Gama,3,3,52,,goal,C. Barros,False,,,,,,,1,1
brasileirao_serie_a_2026,2026-03-15,6,Cruzeiro,Vasco da Gama,3,3,45,,period,,,,,,,HT,,1,0
brasileirao_serie_a_2026,2026-03-15,6,Cruzeiro,Vasco da Gama,3,3,45,4,card,A. Gómez,False,yellow,Argument,,,,,,
brasileirao_serie_a_2026,2026-03-15,6,Cruzeiro,Vasco da Gama,3,3,45,,injuryTime,,,,,,,,5,,
brasileirao_serie_a_2026,2026-03-15,6,Cruzeiro,Vasco da Gama,3,3,8,,goal,Christian,True,,,,,,,1,0
brasileirao_serie_a_2026,2026-03-15,6,Cruzeiro,Vasco da Gama,3,3,0,,card,J. Rojas,False,yellow,Time wasting,,,,,,
brasileirao_serie_a_2026,2026-03-15,6,Palmeiras,Mirassol,1,0,90,,card,Negueba,False,yellow,,,,,,,
brasileirao_serie_a_2026,2026-03-15,6,Palmeiras,Mirassol,1,0,81,,substitution,,True,,,Larson,M. Freitas,,,,
brasileirao_serie_a_2026,2026-03-15,6,Palmeiras,Mirassol,1,0,80,,substitution,,True,,,E. Martínez,Mauricio,,,,
brasileirao_serie_a_2026,2026-03-15,6,Palmeiras,Mirassol,1,0,78,,substitution,,False,,,Alesson,Shaylon,,,,
brasileirao_serie_a_2026,2026-03-15,6,Palmeiras,Mirassol,1,0,73,,substitution,,False,,,Nathan Fogaça,A. Luis,,,,
brasileirao_serie_a_2026,2026-03-15,6,Palmeiras,Mirassol,1,0,70,,substitution,,True,,,F. Anderson,J. Arias,,,,
brasileirao_serie_a_2026,2026-03-15,6,Palmeiras,Mirassol,1,0,70,,substitution,,True,,,J. Piquerez,A. Gabriel,,,,
brasileirao_serie_a_2026,2026-03-15,6,Palmeiras,Mirassol,1,0,67,,card,C. Miguel,True,yellow,,,,,,,
brasileirao_serie_a_2026,2026-03-15,6,Palmeiras,Mirassol,1,0,58,,substitution,,True,,,L. Evangelista,A. Pereira,,,,
brasileirao_serie_a_2026,2026-03-15,6,Palmeiras,Mirassol,1,0,46,,substitution,,False,,,G. Pires,N. Moura,,,,
brasileirao_serie_a_2026,2026-03-15,6,Palmeiras,Mirassol,1,0,46,,substitution,,False,,,V. Luis,Reinaldo,,,,
brasileirao_serie_a_2026,2026-03-15,6,Palmeiras,Mirassol,1,0,46,,substitution,,False,,,Tiquinho,Carlos Eduardo,,,,
brasileirao_serie_a_2026,2026-03-15,6,Palmeiras,Mirassol,1,0,29,,card,Reinaldo,False,yellow,,,,,,,
brasileirao_serie_a_2026,2026-03-15,6,Palmeiras,Mirassol,1,0,26,,goal,J. López,True,,,,,,,1,0
brasileirao_serie_a_2026,2026-03-15,6,Palmeiras,Mirassol,1,0,21,,card,N. Moura,False,yellow,,,,,,,
brasileirao_serie_a_2026,2026-03-15,6,Coritiba,Remo,1,0,90,,card,L. Ronier,True,yellow,,,,,,,
brasileirao_serie_a_2026,2026-03-15,6,Coritiba,Remo,1,0,90,,substitution,,True,,,T. Santos,S. Gomez,,,,
brasileirao_serie_a_2026,2026-03-15,6,Coritiba,Remo,1,0,90,,substitution,,True,,,Fabinho,Pedro Rocha,,,,
brasileirao_serie_a_2026,2026-03-15,6,Coritiba,Remo,1,0,86,,substitution,,False,,,Zé Welison,D. Tchamba,,,,
brasileirao_serie_a_2026,2026-03-15,6,Coritiba,Remo,1,0,86,,substitution,,False,,,Jaderson,L. Picco,,,,
brasileirao_serie_a_2026,2026-03-15,6,Coritiba,Remo,1,0,83,,substitution,,True,,,V. Paulista,Josué,,,,
brasileirao_serie_a_2026,2026-03-15,6,Coritiba,Remo,1,0,80,,card,Jajá,False,yellow,,,,,,,
brasileirao_serie_a_2026,2026-03-15,6,Coritiba,Remo,1,0,72,,substitution,,False,,,Y. Pikachu,Patrick,,,,
brasileirao_serie_a_2026,2026-03-15,6,Coritiba,Remo,1,0,69,,card,Marllon,False,yellow,,,,,,,
brasileirao_serie_a_2026,2026-03-15,6,Coritiba,Remo,1,0,68,,substitution,,True,,,J. Lavega,B. Lopes,,,,
brasileirao_serie_a_2026,2026-03-15,6,Coritiba,Remo,1,0,68,,substitution,,True,,,W. Oliveira,Wallisson Luiz,,,,
brasileirao_serie_a_2026,2026-03-15,6,Coritiba,Remo,1,0,46,,substitution,,False,,,K. Almeida,Sávio,,,,
brasileirao_serie_a_2026,2026-03-15,6,Coritiba,Remo,1,0,45,,card,S. Gomez,True,yellow,,,,,,,
brasileirao_serie_a_2026,2026-03-15,6,Coritiba,Remo,1,0,33,,substitution,,False,,,Marcelinho,J. Lucas,,,,
brasileirao_serie_a_2026,2026-03-15,6,Coritiba,Remo,1,0,32,,card,J. Lucas,False,yellow,,,,,,,
brasileirao_serie_a_2026,2026-03-15,6,Coritiba,Remo,1,0,24,,goal,Pedro Rocha,True,,,,,,,1,0
brasileirao_serie_a_2026,2026-03-15,6,Santos,Corinthians,1,1,90,,card,G. Henrique,False,yellow,,,,,,,
brasileirao_serie_a_2026,2026-03-15,6,Santos,Corinthians,1,1,90,,substitution,,True,,,,V. Lira,,,,
brasileirao_serie_a_2026,2026-03-15,6,Santos,Corinthians,1,1,90,,substitution,,False,,,P. Raul,Raniele,,,,
brasileirao_serie_a_2026,2026-03-15,6,Santos,Corinthians,1,1,87,,card,L. Peres,True,yellowRed,,,,,,,
brasileirao_serie_a_2026,2026-03-15,6,Santos,Corinthians,1,1,85,,card,L. Peres,True,yellow,,,,,,,
brasileirao_serie_a_2026,2026-03-15,6,Santos,Corinthians,1,1,85,,card,B. Rollheiser,True,yellow,,,,,,,
brasileirao_serie_a_2026,2026-03-15,6,Santos,Corinthians,1,1,79,,substitution,,False,,,Allan,A. Carrillo,,,,
brasileirao_serie_a_2026,2026-03-15,6,Santos,Corinthians,1,1,78,,substitution,,True,,,B. Rollheiser,G. H. Pereira,,,,
brasileirao_serie_a_2026,2026-03-15,6,Santos,Corinthians,1,1,78,,substitution,,True,,,G. Menino,C. Oliva,,,,
brasileirao_serie_a_2026,2026-03-15,6,Santos,Corinthians,1,1,72,,substitution,,True,,,Thaciano,G. Barbosa,,,,
brasileirao_serie_a_2026,2026-03-15,6,Santos,Corinthians,1,1,71,,substitution,,True,,,V. Lira,Á. Barreal,,,,
brasileirao_serie_a_2026,2026-03-15,6,Santos,Corinthians,1,1,65,,substitution,,True,,,Willian Arão,G. Bontempo,,,,
brasileirao_serie_a_2026,2026-03-15,6,Santos,Corinthians,1,1,63,,substitution,,False,,,R. Garro,Kaio César,,,,
brasileirao_serie_a_2026,2026-03-15,6,Santos,Corinthians,1,1,62,,substitution,,False,,,Kayke,A. Luiz,,,,
brasileirao_serie_a_2026,2026-03-15,6,Santos,Corinthians,1,1,62,,card,M. Depay,False,yellow,,,,,,,
brasileirao_serie_a_2026,2026-03-15,6,Santos,Corinthians,1,1,61,,card,Rony,True,yellow,,,,,,,
brasileirao_serie_a_2026,2026-03-15,6,Santos,Corinthians,1,1,23,,card,Á. Barreal,True,yellow,,,,,,,
brasileirao_serie_a_2026,2026-03-15,6,Santos,Corinthians,1,1,21,,goal,G. Barbosa,True,,,,,,,1,1
brasileirao_serie_a_2026,2026-03-15,6,Santos,Corinthians,1,1,18,,goal,M. Depay,False,,,,,,,0,1
brasileirao_serie_a_2026,2026-03-15,6,Santos,Corinthians,1,1,10,,card,Kaio César,False,yellow,,,,,,,
brasileirao_serie_a_2026,2026-03-15,6,Internacional,Bahia,0,1,85,,substitution,,False,,,C. Alexandre,J. Lucas,,,,
brasileirao_serie_a_2026,2026-03-15,6,Internacional,Bahia,0,1,82,,substitution,,True,,,Á. Rodríguez,Ronaldo,,,,
brasileirao_serie_a_2026,2026-03-15,6,Internacional,Bahia,0,1,73,,substitution,,True,,,Alerrandro,A. Patrick,,,,
brasileirao_serie_a_2026,2026-03-15,6,Internacional,Bahia,0,1,70,,substitution,,False,,,M. Sanabria,E. Pulga,,,,
brasileirao_serie_a_2026,2026-03-15,6,Internacional,Bahia,0,1,70,,substitution,,False,,,Ademir,C. Olivera,,,,
brasileirao_serie_a_2026,2026-03-15,6,Internacional,Bahia,0,1,62,,card,V. Gabriel,True,yellow,,,,,,,
brasileirao_serie_a_2026,2026-03-15,6,Internacional,Bahia,0,1,59,,substitution,,False,,,Dell,W. José,,,,
brasileirao_serie_a_2026,2026-03-15,6,Internacional,Bahia,0,1,58,,substitution,,False,,,M. Araújo,R. Nestor,,,,
brasileirao_serie_a_2026,2026-03-15,6,Internacional,Bahia,0,1,56,,substitution,,True,,,B. Henrique,Paulinho,,,,
brasileirao_serie_a_2026,2026-03-15,6,Internacional,Bahia,0,1,56,,substitution,,True,,,Vitinho,M. Bahia,,,,
brasileirao_serie_a_2026,2026-03-15,6,Internacional,Bahia,0,1,46,,substitution,,True,,,B. Gomes,B. Aguirre,,,,
brasileirao_serie_a_2026,2026-03-15,6,Internacional,Bahia,0,1,45,,card,L. Juba,False,yellow,,,,,,,
brasileirao_serie_a_2026,2026-03-15,6,Internacional,Bahia,0,1,45,,card,B. Aguirre,True,yellow,,,,,,,
brasileirao_serie_a_2026,2026-03-15,6,Internacional,Bahia,0,1,43,,card,Ronaldo,False,yellow,,,,,,,
brasileirao_serie_a_2026,2026-03-15,6,Internacional,Bahia,0,1,41,,card,Paulinho,True,yellow,,,,,,,
brasileirao_serie_a_2026,2026-03-15,6,Internacional,Bahia,0,1,23,,goal,W. José,False,,,,,,,0,1
brasileirao_serie_a_2026,2026-03-15,6,Fluminense,Athletico,3,2,90,,substitution,,False,,,R. P. Nepomuceno,L. Esquivel,,,,
brasileirao_serie_a_2026,2026-03-15,6,Fluminense,Athletico,3,2,90,,substitution,,True,,,Jemmes,S. Xavier,,,,
brasileirao_serie_a_2026,2026-03-15,6,Fluminense,Athletico,3,2,90,,goal,G. Arana,True,,,,,,,3,2
brasileirao_serie_a_2026,2026-03-15,6,Fluminense,Athletico,3,2,90,,card,Jádson,False,yellow,,,,,,,
brasileirao_serie_a_2026,2026-03-15,6,Fluminense,Athletico,3,2,90,,substitution,,False,,,Felipinho,L. Gustavo,,,,
brasileirao_serie_a_2026,2026-03-15,6,Fluminense,Athletico,3,2,90,,card,L. Gustavo,False,yellow,,,,,,,
brasileirao_serie_a_2026,2026-03-15,6,Fluminense,Athletico,3,2,84,,substitution,,True,,,Ganso,Hércules,,,,
brasileirao_serie_a_2026,2026-03-15,6,Fluminense,Athletico,3,2,75,,goal,L. Gustavo,False,,,,,,,2,2
brasileirao_serie_a_2026,2026-03-15,6,Fluminense,Athletico,3,2,74,,card,G. Arana,True,yellow,,,,,,,
brasileirao_serie_a_2026,2026-03-15,6,Fluminense,Athletico,3,2,74,,substitution,,True,,,K. Serna,A. Canobbio,,,,
brasileirao_serie_a_2026,2026-03-15,6,Fluminense,Athletico,3,2,74,,substitution,,True,,,Y. Soteldo,J. Savarino,,,,
brasileirao_serie_a_2026,2026-03-15,6,Fluminense,Athletico,3,2,73,,substitution,,True,,,R. Castillo,John Kennedy,,,,
brasileirao_serie_a_2026,2026-03-15,6,Fluminense,Athletico,3,2,59,,card,K. Viveros,False,yellow,,,,,,,
brasileirao_serie_a_2026,2026-03-15,6,Fluminense,Athletico,3,2,46,,substitution,,False,,,Leonardo Derik,C. Portilla,,,,
brasileirao_serie_a_2026,2026-03-15,6,Fluminense,Athletico,3,2,46,,substitution,,False,,,Jádson,Julimar,,,,
brasileirao_serie_a_2026,2026-03-15,6,Fluminense,Athletico,3,2,45,,substitution,,False,,,J. F. Aguirre,C. Terán,,,,
brasileirao_serie_a_2026,2026-03-15,6,Fluminense,Athletico,3,2,37,,goal,A. Canobbio,True,,,,,,,2,1
brasileirao_serie_a_2026,2026-03-15,6,Fluminense,Athletico,3,2,28,,card,Bruno Zapelli,False,red,,,,,,,
brasileirao_serie_a_2026,2026-03-15,6,Fluminense,Athletico,3,2,15,,card,J. Savarino,True,yellow,,,,,,,
brasileirao_serie_a_2026,2026-03-15,6,Fluminense,Athletico,3,2,9,,goal,Hércules,True,,,,,,,1,1
brasileirao_serie_a_2026,2026-03-15,6,Fluminense,Athletico,3,2,5,,goal,S. Mendoza,False,,,,,,,0,1
brasileirao_serie_a_2026,2026-03-14,6,Botafogo,Flamengo,0,3,90,,period,,,,,,,FT,,0,3
brasileirao_serie_a_2026,2026-03-14,6,Botafogo,Flamengo,0,3,90,,injuryTime,,,,,,,,6,,
brasileirao_serie_a_2026,2026-03-14,6,Botafogo,Flamengo,0,3,86,,substitution,,False,,,G. Plata,J. Carrascal,,,,
brasileirao_serie_a_2026,2026-03-14,6,Botafogo,Flamengo,0,3,86,,substitution,,False,,,L. Araújo,Jorginho,,,,
brasileirao_serie_a_2026,2026-03-14,6,Botafogo,Flamengo,0,3,81,,substitution,,True,,,Edenilson,D. Santos,,,,
brasileirao_serie_a_2026,2026-03-14,6,Botafogo,Flamengo,0,3,71,,substitution,,True,,,J. Santos,A. Cabral,,,,
brasileirao_serie_a_2026,2026-03-14,6,Botafogo,Flamengo,0,3,70,,substitution,,False,,,E. Araujo,E. Pulgar,,,,
brasileirao_serie_a_2026,2026-03-14,6,Botafogo,Flamengo,0,3,67,,card,Jorginho,False,yellow,Foul,,,,,,
brasileirao_serie_a_2026,2026-03-14,6,Botafogo,Flamengo,0,3,65,,substitution,,False,,,Vitão,L. Pereira,,,,
brasileirao_serie_a_2026,2026-03-14,6,Botafogo,Flamengo,0,3,65,,substitution,,False,,,A. Lucas,A. Sandro,,,,
brasileirao_serie_a_2026,2026-03-14,6,Botafogo,Flamengo,0,3,59,,card,E. Pulgar,False,yellow,Foul,,,,,,
brasileirao_serie_a_2026,2026-03-14,6,Botafogo,Flamengo,0,3,55,,substitution,,True,,,M. Ponte,J. Barrera,,,,
brasileirao_serie_a_2026,2026-03-14,6,Botafogo,Flamengo,0,3,49,,goal,Pedro,False,,,,,,,0,3
brasileirao_serie_a_2026,2026-03-14,6,Botafogo,Flamengo,0,3,46,,substitution,,True,,,N. Ferraresi,M. Martins,,,,
brasileirao_serie_a_2026,2026-03-14,6,Botafogo,Flamengo,0,3,46,,substitution,,True,,,Newton,Allan,,,,
brasileirao_serie_a_2026,2026-03-14,6,Botafogo,Flamengo,0,3,45,,period,,,,,,,HT,,0,2
brasileirao_serie_a_2026,2026-03-14,6,Botafogo,Flamengo,0,3,45,9,card,A. Barboza,True,red,Professional foul last man,,,,,,
brasileirao_serie_a_2026,2026-03-14,6,Botafogo,Flamengo,0,3,45,8,varDecision,A. Barboza,True,,,,,,,,
brasileirao_serie_a_2026,2026-03-14,6,Botafogo,Flamengo,0,3,45,4,card,Allan,True,yellow,Argument,,,,,,
brasileirao_serie_a_2026,2026-03-14,6,Botafogo,Flamengo,0,3,45,2,goal,L. Pereira,False,,,,,,,0,2
brasileirao_serie_a_2026,2026-03-14,6,Botafogo,Flamengo,0,3,45,1,card,A. Telles,True,yellow,Argument,,,,,,
brasileirao_serie_a_2026,2026-03-14,6,Botafogo,Flamengo,0,3,45,,injuryTime,,,,,,,,6,,
brasileirao_serie_a_2026,2026-03-14,6,Botafogo,Flamengo,0,3,44,,card,A. Barboza,True,yellow,Argument,,,,,,
brasileirao_serie_a_2026,2026-03-14,6,Botafogo,Flamengo,0,3,13,,goal,S. Lino,False,,,,,,,0,1
brasileirao_serie_a_2026,2026-03-14,6,Botafogo,Flamengo,0,3,0,,card,M. Anselmi,True,yellow,Argument,,,,,,
brasileirao_serie_a_2026,2026-03-14,6,Vitória,Atlético Mineiro,2,0,90,,card,Ruan,False,yellow,,,,,,,
brasileirao_serie_a_2026,2026-03-14,6,Vitória,Atlético Mineiro,2,0,84,,substitution,,True,,,F. Santos,Erick,,,,
brasileirao_serie_a_2026,2026-03-14,6,Vitória,Atlético Mineiro,2,0,84,,substitution,,False,,,A. Minda,Reinier,,,,
brasileirao_serie_a_2026,2026-03-14,6,Vitória,Atlético Mineiro,2,0,74,,card,Erick,True,yellow,,,,,,,
brasileirao_serie_a_2026,2026-03-14,6,Vitória,Atlético Mineiro,2,0,74,,substitution,,False,,,M. Cassierra,G. Scarpa,,,,
brasileirao_serie_a_2026,2026-03-14,6,Vitória,Atlético Mineiro,2,0,68,,goal,Erick,True,,,,,,,2,0
brasileirao_serie_a_2026,2026-03-14,6,Vitória,Atlético Mineiro,2,0,67,,substitution,,True,,,R. López,R. Kayzer,,,,
brasileirao_serie_a_2026,2026-03-14,6,Vitória,Atlético Mineiro,2,0,67,,substitution,,True,,,A. Pato,Matheuzinho,,,,
brasileirao_serie_a_2026,2026-03-14,6,Vitória,Atlético Mineiro,2,0,66,,card,Á. Preciado,False,yellow,,,,,,,
brasileirao_serie_a_2026,2026-03-14,6,Vitória,Atlético Mineiro,2,0,58,,substitution,,False,,,Hulk,T. Pérez,,,,
brasileirao_serie_a_2026,2026-03-14,6,Vitória,Atlético Mineiro,2,0,58,,substitution,,False,,,Dudu,T. Cuello,,,,
brasileirao_serie_a_2026,2026-03-14,6,Vitória,Atlético Mineiro,2,0,46,,substitution,,False,,,Á. Preciado,I. Román,,,,
brasileirao_serie_a_2026,2026-03-14,6,Vitória,Atlético Mineiro,2,0,46,,substitution,,True,,,Edenílson,Caique,,,,
brasileirao_serie_a_2026,2026-03-14,6,Vitória,Atlético Mineiro,2,0,45,,card,T. Pérez,False,yellow,,,,,,,
brasileirao_serie_a_2026,2026-03-14,6,Vitória,Atlético Mineiro,2,0,45,,card,Caique,True,yellow,,,,,,,
brasileirao_serie_a_2026,2026-03-14,6,Vitória,Atlético Mineiro,2,0,20,,goal,R. Kayzer,True,,,,,,,1,0
brasileirao_serie_a_2026,2026-03-14,6,Vitória,Atlético Mineiro,2,0,16,,substitution,,True,,,Erick,Marinho,,,,
brasileirao_serie_a_2026,2026-03-13,5,Grêmio,Red Bull Bragantino,1,1,90,,card,J. Capixaba,False,yellow,,,,,,,
brasileirao_serie_a_2026,2026-03-13,5,Grêmio,Red Bull Bragantino,1,1,90,,substitution,,True,,,L. Pérez,J. Nardoni,,,,
brasileirao_serie_a_2026,2026-03-13,5,Grêmio,Red Bull Bragantino,1,1,82,,substitution,,False,,,I. Sosa,E. Sasha,,,,
brasileirao_serie_a_2026,2026-03-13,5,Grêmio,Red Bull Bragantino,1,1,79,,substitution,,False,,,Eduardo,J. A. Hurtado,,,,
brasileirao_serie_a_2026,2026-03-13,5,Grêmio,Red Bull Bragantino,1,1,70,,card,Marlon,True,yellow,,,,,,,
brasileirao_serie_a_2026,2026-03-13,5,Grêmio,Red Bull Bragantino,1,1,69,,substitution,,True,,,Roger,J. Enamorado,,,,
brasileirao_serie_a_2026,2026-03-13,5,Grêmio,Red Bull Bragantino,1,1,67,,card,Rodriguinho,False,yellow,,,,,,,
brasileirao_serie_a_2026,2026-03-13,5,Grêmio,Red Bull Bragantino,1,1,66,,goal,Rodriguinho,False,,,,,,,1,1
brasileirao_serie_a_2026,2026-03-13,5,Grêmio,Red Bull Bragantino,1,1,63,,substitution,,False,,,Rodriguinho,G. Neves,,,,
brasileirao_serie_a_2026,2026-03-13,5,Grêmio,Red Bull Bragantino,1,1,63,,substitution,,False,,,I. Pitta,J. Herrera,,,,
brasileirao_serie_a_2026,2026-03-13,5,Grêmio,Red Bull Bragantino,1,1,60,,substitution,,True,,,Dodi,M. Monsalve,,,,
brasileirao_serie_a_2026,2026-03-13,5,Grêmio,Red Bull Bragantino,1,1,60,,substitution,,True,,,C. Paulista,G. Mec,,,,
brasileirao_serie_a_2026,2026-03-13,5,Grêmio,Red Bull Bragantino,1,1,54,,card,J. Enamorado,True,yellow,,,,,,,
brasileirao_serie_a_2026,2026-03-13,5,Grêmio,Red Bull Bragantino,1,1,46,,substitution,,False,,,M. Fernandes,Gabriel,,,,
brasileirao_serie_a_2026,2026-03-13,5,Grêmio,Red Bull Bragantino,1,1,37,,card,L. Barbosa,False,yellow,,,,,,,
brasileirao_serie_a_2026,2026-03-13,5,Grêmio,Red Bull Bragantino,1,1,22,,card,H. Mosquera,False,yellow,,,,,,,
brasileirao_serie_a_2026,2026-03-13,5,Grêmio,Red Bull Bragantino,1,1,7,,goal,C. Vinícius,True,,,,,,,1,0
brasileirao_serie_a_2026,2026-03-12,5,São Paulo,Chapecoense,2,0,90,,substitution,,True,,,R. Arboleda,A. Franco,,,,
brasileirao_serie_a_2026,2026-03-12,5,São Paulo,Chapecoense,2,0,90,,substitution,,True,,,Nicolas,Wendell,,,,
brasileirao_serie_a_2026,2026-03-12,5,São Paulo,Chapecoense,2,0,82,,substitution,,False,,,G. Augusto,J. Carlos,,,,
brasileirao_serie_a_2026,2026-03-12,5,São Paulo,Chapecoense,2,0,82,,substitution,,True,,,A. Silva,Luciano,,,,
brasileirao_serie_a_2026,2026-03-12,5,São Paulo,Chapecoense,2,0,82,,substitution,,True,,,Cauly,L. Moura,,,,
brasileirao_serie_a_2026,2026-03-12,5,São Paulo,Chapecoense,2,0,81,,substitution,,True,,,P. Maia,D. Bobadilla,,,,
brasileirao_serie_a_2026,2026-03-12,5,São Paulo,Chapecoense,2,0,68,,substitution,,False,,,N. Pessoa,Y. Bolasie,,,,
brasileirao_serie_a_2026,2026-03-12,5,São Paulo,Chapecoense,2,0,68,,substitution,,False,,,R. Tadeu,Everton,,,,
brasileirao_serie_a_2026,2026-03-12,5,São Paulo,Chapecoense,2,0,68,,substitution,,False,,,J. Vitor,R. Carvalheira,,,,
brasileirao_serie_a_2026,2026-03-12,5,São Paulo,Chapecoense,2,0,60,,goal,J. Calleri,True,,,,,,,2,0
brasileirao_serie_a_2026,2026-03-12,5,São Paulo,Chapecoense,2,0,47,,goal,Luciano,True,,,,,,,1,0
brasileirao_serie_a_2026,2026-03-12,5,São Paulo,Chapecoense,2,0,46,,substitution,,False,,,Italo,Marcinho,,,,
brasileirao_serie_a_2026,2026-03-12,5,São Paulo,Chapecoense,2,0,26,,card,R. Carvalheira,False,yellow,,,,,,,
brasileirao_serie_a_2026,2026-03-12,5,Vasco da Gama,Palmeiras,2,1,90,,card,Allan,False,yellow,,,,,,,
brasileirao_serie_a_2026,2026-03-12,5,Vasco da Gama,Palmeiras,2,1,85,,card,T. Mendes,True,yellow,,,,,,,
brasileirao_serie_a_2026,2026-03-12,5,Vasco da Gama,Palmeiras,2,1,82,,substitution,,False,,,A. Gabriel,Jefté,,,,
brasileirao_serie_a_2026,2026-03-12,5,Vasco da Gama,Palmeiras,2,1,78,,substitution,,True,,,C. Barros,H. Moura,,,,
brasileirao_serie_a_2026,2026-03-12,5,Vasco da Gama,Palmeiras,2,1,74,,goal,Cuiabano,True,,,,,,,2,1
brasileirao_serie_a_2026,2026-03-12,5,Vasco da Gama,Palmeiras,2,1,72,,substitution,,False,,,A. Giay,Khellven,,,,
brasileirao_serie_a_2026,2026-03-12,5,Vasco da Gama,Palmeiras,2,1,72,,substitution,,False,,,L. Evangelista,R. Sosa,,,,
brasileirao_serie_a_2026,2026-03-12,5,Vasco da Gama,Palmeiras,2,1,72,,card,Luighi,False,yellow,,,,,,,
brasileirao_serie_a_2026,2026-03-12,5,Vasco da Gama,Palmeiras,2,1,69,,substitution,,False,,,Allan,F. Anderson,,,,
brasileirao_serie_a_2026,2026-03-12,5,Vasco da Gama,Palmeiras,2,1,69,,substitution,,True,,,C. Spinelli,David,,,,
brasileirao_serie_a_2026,2026-03-12,5,Vasco da Gama,Palmeiras,2,1,69,,substitution,,False,,,Luighi,J. López,,,,
brasileirao_serie_a_2026,2026-03-12,5,Vasco da Gama,Palmeiras,2,1,63,,goal,T. Mendes,True,,,,,,,1,1
brasileirao_serie_a_2026,2026-03-12,5,Vasco da Gama,Palmeiras,2,1,57,,substitution,,True,,,Adson,N. Moreira,,,,
brasileirao_serie_a_2026,2026-03-12,5,Vasco da Gama,Palmeiras,2,1,57,,substitution,,True,,,J. Rojas,Tchê Tchê,,,,
brasileirao_serie_a_2026,2026-03-12,5,Vasco da Gama,Palmeiras,2,1,52,,card,Tchê Tchê,True,yellow,,,,,,,
brasileirao_serie_a_2026,2026-03-12,5,Vasco da Gama,Palmeiras,2,1,46,,substitution,,True,,,Cuiabano,L. Piton,,,,
brasileirao_serie_a_2026,2026-03-12,5,Vasco da Gama,Palmeiras,2,1,40,,goal,J. López,False,,,,,,,0,1
brasileirao_serie_a_2026,2026-03-12,5,Remo,Fluminense,0,2,87,,substitution,,False,,,Alisson,M. Martinelli,,,,
brasileirao_serie_a_2026,2026-03-12,5,Remo,Fluminense,0,2,79,,substitution,,False,,,Y. Soteldo,A. Canobbio,,,,
brasileirao_serie_a_2026,2026-03-12,5,Remo,Fluminense,0,2,79,,substitution,,False,,,K. Serna,L. F. Acosta,,,,
brasileirao_serie_a_2026,2026-03-12,5,Remo,Fluminense,0,2,79,,substitution,,True,,,Zé Ricardo,P. de Paula,,,,
brasileirao_serie_a_2026,2026-03-12,5,Remo,Fluminense,0,2,76,,card,P. de Paula,True,yellow,,,,,,,
brasileirao_serie_a_2026,2026-03-12,5,Remo,Fluminense,0,2,70,,substitution,,True,,,R. Monti,A. Manga,,,,
brasileirao_serie_a_2026,2026-03-12,5,Remo,Fluminense,0,2,70,,substitution,,True,,,N. Ferreira,Y. Pikachu,,,,
brasileirao_serie_a_2026,2026-03-12,5,Remo,Fluminense,0,2,70,,substitution,,False,,,R. Castillo,John Kennedy,,,,
brasileirao_serie_a_2026,2026-03-12,5,Remo,Fluminense,0,2,70,,substitution,,False,,,Otávio,Hércules,,,,
brasileirao_serie_a_2026,2026-03-12,5,Remo,Fluminense,0,2,63,,goal,A. Canobbio,False,,,,,,,0,2
brasileirao_serie_a_2026,2026-03-12,5,Remo,Fluminense,0,2,53,,card,Hércules,False,yellow,,,,,,,
brasileirao_serie_a_2026,2026-03-12,5,Remo,Fluminense,0,2,46,,substitution,,True,,,Patrick,L. Picco,,,,
brasileirao_serie_a_2026,2026-03-12,5,Remo,Fluminense,0,2,46,,substitution,,True,,,Jajá,J. P. Silva,,,,
brasileirao_serie_a_2026,2026-03-12,5,Remo,Fluminense,0,2,37,,card,J. P. Silva,True,yellow,,,,,,,
brasileirao_serie_a_2026,2026-03-12,5,Remo,Fluminense,0,2,16,,goal,John Kennedy,False,,,,,,,0,1
brasileirao_serie_a_2026,2026-03-12,5,Flamengo,Cruzeiro,2,0,90,,goal,J. Carrascal,True,,,,,,,2,0
brasileirao_serie_a_2026,2026-03-12,5,Flamengo,Cruzeiro,2,0,90,,card,F. Bruno,False,yellow,,,,,,,
brasileirao_serie_a_2026,2026-03-12,5,Flamengo,Cruzeiro,2,0,89,,substitution,,True,,,Wallace,Pedro,,,,
brasileirao_serie_a_2026,2026-03-12,5,Flamengo,Cruzeiro,2,0,89,,substitution,,True,,,L. Araújo,Arrascaeta,,,,
brasileirao_serie_a_2026,2026-03-12,5,Flamengo,Cruzeiro,2,0,88,,card,E. Pulgar,True,yellow,,,,,,,
brasileirao_serie_a_2026,2026-03-12,5,Flamengo,Cruzeiro,2,0,86,,substitution,,False,,,Japa,L. Silva,,,,
brasileirao_serie_a_2026,2026-03-12,5,Flamengo,Cruzeiro,2,0,86,,substitution,,False,,,K. Arroyo,Fagner,,,,
brasileirao_serie_a_2026,2026-03-12,5,Flamengo,Cruzeiro,2,0,76,,substitution,,False,,,Wanderson,Gerson,,,,
brasileirao_serie_a_2026,2026-03-12,5,Flamengo,Cruzeiro,2,0,74,,substitution,,True,,,J. Carrascal,L. Paquetá,,,,
brasileirao_serie_a_2026,2026-03-12,5,Flamengo,Cruzeiro,2,0,74,,substitution,,True,,,G. Varela,E. Royal,,,,
brasileirao_serie_a_2026,2026-03-12,5,Flamengo,Cruzeiro,2,0,65,,substitution,,True,,,S. Lino,Everton,,,,
brasileirao_serie_a_2026,2026-03-12,5,Flamengo,Cruzeiro,2,0,62,,substitution,,False,,,M. Cunha,Cassio,,,,
brasileirao_serie_a_2026,2026-03-12,5,Flamengo,Cruzeiro,2,0,60,,substitution,,False,,,Chico da Costa,N. Villarreal,,,,
brasileirao_serie_a_2026,2026-03-12,5,Flamengo,Cruzeiro,2,0,56,,card,Fagner,False,yellow,,,,,,,
brasileirao_serie_a_2026,2026-03-12,5,Flamengo,Cruzeiro,2,0,45,,card,L. Pereira,True,yellow,,,,,,,
brasileirao_serie_a_2026,2026-03-12,5,Flamengo,Cruzeiro,2,0,5,,goal,Pedro,True,,,,,,,1,0
brasileirao_serie_a_2026,2026-03-12,5,Corinthians,Coritiba,0,2,90,,card,Fabinho,False,yellow,,,,,,,
brasileirao_serie_a_2026,2026-03-12,5,Corinthians,Coritiba,0,2,90,,substitution,,False,,,V. Paulista,Josué,,,,
brasileirao_serie_a_2026,2026-03-12,5,Corinthians,Coritiba,0,2,90,,substitution,,False,,,T. Santos,J.P. Chermont,,,,
brasileirao_serie_a_2026,2026-03-12,5,Corinthians,Coritiba,0,2,89,,card,A. Carrillo,True,yellow,,,,,,,
brasileirao_serie_a_2026,2026-03-12,5,Corinthians,Coritiba,0,2,87,,substitution,,False,,,Fabinho,Pedro Rocha,,,,
brasileirao_serie_a_2026,2026-03-12,5,Corinthians,Coritiba,0,2,84,,card,H. Souza,True,yellow,,,,,,,
brasileirao_serie_a_2026,2026-03-12,5,Corinthians,Coritiba,0,2,81,,substitution,,True,,,Z. Labyad,M. Depay,,,,
brasileirao_serie_a_2026,2026-03-12,5,Corinthians,Coritiba,0,2,79,,substitution,,True,,,F. Angileri,M. Bidu,,,,
brasileirao_serie_a_2026,2026-03-12,5,Corinthians,Coritiba,0,2,78,,card,L. Ronier,False,yellow,,,,,,,
brasileirao_serie_a_2026,2026-03-12,5,Corinthians,Coritiba,0,2,77,,substitution,,False,,,J. Lavega,B. Lopes,,,,
brasileirao_serie_a_2026,2026-03-12,5,Corinthians,Coritiba,0,2,69,,substitution,,False,,,T. Cóser,J. Maranhão,,,,
brasileirao_serie_a_2026,2026-03-12,5,Corinthians,Coritiba,0,2,58,,substitution,,True,,,Dieguinho,B. Bidon,,,,
brasileirao_serie_a_2026,2026-03-12,5,Corinthians,Coritiba,0,2,58,,substitution,,True,,,A. Carrillo,Allan,,,,
brasileirao_serie_a_2026,2026-03-12,5,Corinthians,Coritiba,0,2,58,,substitution,,True,,,Vitinho,R. Garro,,,,
brasileirao_serie_a_2026,2026-03-12,5,Corinthians,Coritiba,0,2,57,,substitution,,True,,,P. Raul,G. Negão,,,,
brasileirao_serie_a_2026,2026-03-12,5,Corinthians,Coritiba,0,2,53,,goal,L. Ronier,False,,,,,,,0,2
brasileirao_serie_a_2026,2026-03-12,5,Corinthians,Coritiba,0,2,37,,goal,J. Maranhão,False,,,,,,,0,1
brasileirao_serie_a_2026,2026-03-11,5,Bahia,Vitória,1,1,90,,substitution,,False,,,Jamerson,Ramon,,,,
brasileirao_serie_a_2026,2026-03-11,5,Bahia,Vitória,1,1,89,,substitution,,True,,,D. Martins,R. Nestor,,,,
brasileirao_serie_a_2026,2026-03-11,5,Bahia,Vitória,1,1,74,,substitution,,True,,,Ademir,C. Olivera,,,,
brasileirao_serie_a_2026,2026-03-11,5,Bahia,Vitória,1,1,74,,substitution,,True,,,M. Araújo,Erick,,,,
brasileirao_serie_a_2026,2026-03-11,5,Bahia,Vitória,1,1,71,,substitution,,False,,,A. Cantalapiedra,Matheuzinho,,,,
brasileirao_serie_a_2026,2026-03-11,5,Bahia,Vitória,1,1,71,,substitution,,False,,,Camutanga,Edu,,,,
brasileirao_serie_a_2026,2026-03-11,5,Bahia,Vitória,1,1,62,,substitution,,True,,,Everaldo,W. José,,,,
brasileirao_serie_a_2026,2026-03-11,5,Bahia,Vitória,1,1,61,,substitution,,False,,,Erick,Marinho,,,,
brasileirao_serie_a_2026,2026-03-11,5,Bahia,Vitória,1,1,61,,substitution,,True,,,M. Sanabria,E. Pulga,,,,
brasileirao_serie_a_2026,2026-03-11,5,Bahia,Vitória,1,1,46,,substitution,,False,,,F. Santos,R. Kayzer,,,,
brasileirao_serie_a_2026,2026-03-11,5,Bahia,Vitória,1,1,45,,goal,J. Lucas,True,,,,,,,1,1
brasileirao_serie_a_2026,2026-03-11,5,Bahia,Vitória,1,1,45,,goal,Ramon,False,,,,,,,0,1
brasileirao_serie_a_2026,2026-03-11,5,Bahia,Vitória,1,1,35,,card,S. R. Mingo,True,yellow,,,,,,,
brasileirao_serie_a_2026,2026-03-11,5,Bahia,Vitória,1,1,4,,card,L. Arcanjo,False,yellow,,,,,,,
brasileirao_serie_a_2026,2026-03-11,5,Atlético Mineiro,Internacional,1,0,90,,period,,,,,,,FT,,1,0
brasileirao_serie_a_2026,2026-03-11,5,Atlético Mineiro,Internacional,1,0,90,7,card,V. Gabriel,False,yellow,Foul,,,,,,
brasileirao_serie_a_2026,2026-03-11,5,Atlético Mineiro,Internacional,1,0,90,6,card,A. Bernabei,False,yellow,Persistent fouling,,,,,,
brasileirao_serie_a_2026,2026-03-11,5,Atlético Mineiro,Internacional,1,0,90,3,card,V. Hugo,True,yellow,Foul,,,,,,
brasileirao_serie_a_2026,2026-03-11,5,Atlético Mineiro,Internacional,1,0,90,,injuryTime,,,,,,,,7,,
brasileirao_serie_a_2026,2026-03-11,5,Atlético Mineiro,Internacional,1,0,84,,substitution,,False,,,Vitinho,A. Patrick,,,,
brasileirao_serie_a_2026,2026-03-11,5,Atlético Mineiro,Internacional,1,0,84,,substitution,,False,,,B. Henrique,P. Paula,,,,
brasileirao_serie_a_2026,2026-03-11,5,Atlético Mineiro,Internacional,1,0,75,,substitution,,True,,,T. Pérez,V. Hugo,,,,
brasileirao_serie_a_2026,2026-03-11,5,Atlético Mineiro,Internacional,1,0,75,,substitution,,True,,,Dudu,T. Cuello,,,,
brasileirao_serie_a_2026,2026-03-11,5,Atlético Mineiro,Internacional,1,0,70,,substitution,,True,,,Á. Preciado,Ruan,,,,
brasileirao_serie_a_2026,2026-03-11,5,Atlético Mineiro,Internacional,1,0,70,,substitution,,True,,,Reinier,M. Cassierra,,,,
brasileirao_serie_a_2026,2026-03-11,5,Atlético Mineiro,Internacional,1,0,68,,substitution,,False,,,Kayky,J. Carbonero,,,,
brasileirao_serie_a_2026,2026-03-11,5,Atlético Mineiro,Internacional,1,0,67,,substitution,,False,,,R. Borré,Alerrandro,,,,
brasileirao_serie_a_2026,2026-03-11,5,Atlético Mineiro,Internacional,1,0,58,,substitution,,True,,,A. Minda,G. Scarpa,,,,
brasileirao_serie_a_2026,2026-03-11,5,Atlético Mineiro,Internacional,1,0,46,,substitution,,False,,,B. Tabata,B. Gomes,,,,
brasileirao_serie_a_2026,2026-03-11,5,Atlético Mineiro,Internacional,1,0,45,,period,,,,,,,HT,,1,0
brasileirao_serie_a_2026,2026-03-11,5,Atlético Mineiro,Internacional,1,0,45,,injuryTime,,,,,,,,4,,
brasileirao_serie_a_2026,2026-03-11,5,Atlético Mineiro,Internacional,1,0,2,,goal,T. Cuello,True,,,,,,,1,0
brasileirao_serie_a_2026,2026-03-11,5,Atlético Mineiro,Internacional,1,0,0,,card,Ruan,True,yellow,Argument,,,,,,
brasileirao_serie_a_2026,2026-03-11,5,Atlético Mineiro,Internacional,1,0,0,,card,P. Pezzolano,False,yellow,Argument,,,,,,
brasileirao_serie_a_2026,2026-03-11,5,Mirassol,Santos,2,2,90,,period,,,,,,,FT,,2,2
brasileirao_serie_a_2026,2026-03-11,5,Mirassol,Santos,2,2,90,2,substitution,,True,,,Everton Galdino,N. Moura,,,,
brasileirao_serie_a_2026,2026-03-11,5,Mirassol,Santos,2,2,90,1,card,G. Barbosa,False,yellow,Foul,,,,,,
brasileirao_serie_a_2026,2026-03-11,5,Mirassol,Santos,2,2,90,,injuryTime,,,,,,,,9,,
brasileirao_serie_a_2026,2026-03-11,5,Mirassol,Santos,2,2,88,,goal,G. Barbosa,False,,,,,,,2,2
brasileirao_serie_a_2026,2026-03-11,5,Mirassol,Santos,2,2,85,,varDecision,G. Barbosa,False,,,,,,,,
brasileirao_serie_a_2026,2026-03-11,5,Mirassol,Santos,2,2,80,,goal,G. Barbosa,False,,,,,,,2,1
brasileirao_serie_a_2026,2026-03-11,5,Mirassol,Santos,2,2,79,,substitution,,True,,,G. Pires,Shaylon,,,,
brasileirao_serie_a_2026,2026-03-11,5,Mirassol,Santos,2,2,79,,substitution,,True,,,A. Galeano,Negueba,,,,
brasileirao_serie_a_2026,2026-03-11,5,Mirassol,Santos,2,2,74,,substitution,,False,,,B. Rollheiser,G. Bontempo,,,,
brasileirao_serie_a_2026,2026-03-11,5,Mirassol,Santos,2,2,74,,substitution,,False,,,Z. Ivaldo,L. Peres,,,,
brasileirao_serie_a_2026,2026-03-11,5,Mirassol,Santos,2,2,71,,goal,Negueba,True,,,,,,,2,0
brasileirao_serie_a_2026,2026-03-11,5,Mirassol,Santos,2,2,69,,substitution,,True,,,E. Carioca,Alesson,,,,
brasileirao_serie_a_2026,2026-03-11,5,Mirassol,Santos,2,2,69,,substitution,,True,,,A. Luis,Nathan Fogaça,,,,
brasileirao_serie_a_2026,2026-03-11,5,Mirassol,Santos,2,2,66,,substitution,,False,,,C. Oliva,Willian Arão,,,,
brasileirao_serie_a_2026,2026-03-11,5,Mirassol,Santos,2,2,65,,substitution,,False,,,G. Menino,J. Schmidt,,,,
brasileirao_serie_a_2026,2026-03-11,5,Mirassol,Santos,2,2,65,,substitution,,False,,,Á. Barreal,V. Lira,,,,
brasileirao_serie_a_2026,2026-03-11,5,Mirassol,Santos,2,2,65,,card,W. Machado,True,yellow,Foul,,,,,,
brasileirao_serie_a_2026,2026-03-11,5,Mirassol,Santos,2,2,55,,card,J. Schmidt,False,yellow,Foul,,,,,,
brasileirao_serie_a_2026,2026-03-11,5,Mirassol,Santos,2,2,45,,period,,,,,,,HT,,1,0
brasileirao_serie_a_2026,2026-03-11,5,Mirassol,Santos,2,2,45,,injuryTime,,,,,,,,4,,
brasileirao_serie_a_2026,2026-03-11,5,Mirassol,Santos,2,2,21,,goal,Igor Formiga,True,,,,,,,1,0
brasileirao_serie_a_2026,2026-03-11,5,Mirassol,Santos,2,2,0,,card,R. Guanaes,True,red,Violent conduct,,,,,,
brasileirao_serie_a_2026,2026-03-11,5,Mirassol,Santos,2,2,0,,card,J. P. Vojvoda,False,red,Violent conduct,,,,,,
brasileirao_serie_a_2026,2026-03-11,5,Mirassol,Santos,2,2,0,,card,Alesson,True,yellow,Argument,,,,,,
brasileirao_serie_a_2026,2026-02-26,4,Santos,Vasco da Gama,2,1,84,,substitution,,False,,,Tchê Tchê,T. Mendes,,,,
brasileirao_serie_a_2026,2026-02-26,4,Santos,Vasco da Gama,2,1,84,,substitution,,True,,,G. Menino,Thaciano,,,,
brasileirao_serie_a_2026,2026-02-26,4,Santos,Vasco da Gama,2,1,78,,substitution,,True,,,J. Schmidt,Willian Arão,,,,
brasileirao_serie_a_2026,2026-02-26,4,Santos,Vasco da Gama,2,1,78,,substitution,,True,,,Z. Rafael,G. Bontempo,,,,
brasileirao_serie_a_2026,2026-02-26,4,Santos,Vasco da Gama,2,1,75,,substitution,,False,,,David,C. Spinelli,,,,
brasileirao_serie_a_2026,2026-02-26,4,Santos,Vasco da Gama,2,1,70,,substitution,,False,,,Cuiabano,L. Piton,,,,
brasileirao_serie_a_2026,2026-02-26,4,Santos,Vasco da Gama,2,1,70,,substitution,,False,,,Brenner,N. Moreira,,,,
brasileirao_serie_a_2026,2026-02-26,4,Santos,Vasco da Gama,2,1,70,,substitution,,False,,,M. Hinestroza,J. Rojas,,,,
brasileirao_serie_a_2026,2026-02-26,4,Santos,Vasco da Gama,2,1,61,,goal,Neymar,True,,,,,,,2,1
brasileirao_serie_a_2026,2026-02-26,4,Santos,Vasco da Gama,2,1,60,,substitution,,True,,,Rony,Moisés,,,,
brasileirao_serie_a_2026,2026-02-26,4,Santos,Vasco da Gama,2,1,46,,substitution,,True,,,Á. Barreal,Miguelito,,,,
brasileirao_serie_a_2026,2026-02-26,4,Santos,Vasco da Gama,2,1,43,,goal,C. Barros,False,,,,,,,1,1
brasileirao_serie_a_2026,2026-02-26,4,Santos,Vasco da Gama,2,1,29,,card,T. Mendes,False,yellow,,,,,,,
brasileirao_serie_a_2026,2026-02-26,4,Santos,Vasco da Gama,2,1,29,,card,Neymar,True,yellow,,,,,,,
brasileirao_serie_a_2026,2026-02-26,4,Santos,Vasco da Gama,2,1,25,,goal,Neymar,True,,,,,,,1,0
brasileirao_serie_a_2026,2026-02-26,4,Palmeiras,Fluminense,2,1,90,,period,,,,,,,FT,,2,1
brasileirao_serie_a_2026,2026-02-26,4,Palmeiras,Fluminense,2,1,90,,injuryTime,,,,,,,,7,,
brasileirao_serie_a_2026,2026-02-26,4,Palmeiras,Fluminense,2,1,88,,card,M. Freitas,True,yellow,Foul,,,,,,
brasileirao_serie_a_2026,2026-02-26,4,Palmeiras,Fluminense,2,1,87,,substitution,,True,,,F. Anderson,Allan,,,,
brasileirao_serie_a_2026,2026-02-26,4,Palmeiras,Fluminense,2,1,87,,substitution,,False,,,S. Moreno,Ganso,,,,
brasileirao_serie_a_2026,2026-02-26,4,Palmeiras,Fluminense,2,1,70,,substitution,,True,,,R. Sosa,V. Roque,,,,
brasileirao_serie_a_2026,2026-02-26,4,Palmeiras,Fluminense,2,1,70,,substitution,,True,,,L. Evangelista,A. Pereira,,,,
brasileirao_serie_a_2026,2026-02-26,4,Palmeiras,Fluminense,2,1,69,,card,Ignácio,False,yellow,Foul,,,,,,
brasileirao_serie_a_2026,2026-02-26,4,Palmeiras,Fluminense,2,1,62,,card,J. Arias,True,yellow,Foul,,,,,,
brasileirao_serie_a_2026,2026-02-26,4,Palmeiras,Fluminense,2,1,62,,substitution,,False,,,Hércules,Martinelli,,,,
brasileirao_serie_a_2026,2026-02-26,4,Palmeiras,Fluminense,2,1,61,,substitution,,False,,,John Kennedy,K. Serna,,,,
brasileirao_serie_a_2026,2026-02-26,4,Palmeiras,Fluminense,2,1,59,,substitution,,True,,,J. Arias,J. López,,,,
brasileirao_serie_a_2026,2026-02-26,4,Palmeiras,Fluminense,2,1,59,,substitution,,True,,,A. Giay,Khellven,,,,
brasileirao_serie_a_2026,2026-02-26,4,Palmeiras,Fluminense,2,1,46,,substitution,,False,,,Y. Soteldo,L. Acosta,,,,
brasileirao_serie_a_2026,2026-02-26,4,Palmeiras,Fluminense,2,1,45,,period,,,,,,,HT,,2,1
brasileirao_serie_a_2026,2026-02-26,4,Palmeiras,Fluminense,2,1,45,,injuryTime,,,,,,,,10,,
brasileirao_serie_a_2026,2026-02-26,4,Palmeiras,Fluminense,2,1,40,,goal,L. Acosta,False,,,,,,,2,1
brasileirao_serie_a_2026,2026-02-26,4,Palmeiras,Fluminense,2,1,35,,card,Khellven,True,yellow,Foul,,,,,,
brasileirao_serie_a_2026,2026-02-26,4,Palmeiras,Fluminense,2,1,34,,card,Martinelli,False,yellow,Foul,,,,,,
brasileirao_serie_a_2026,2026-02-26,4,Palmeiras,Fluminense,2,1,30,,card,J. Freytes,False,yellow,Foul,,,,,,
brasileirao_serie_a_2026,2026-02-26,4,Palmeiras,Fluminense,2,1,25,,substitution,,False,,,Otávio,F. Bernal,,,,
brasileirao_serie_a_2026,2026-02-26,4,Palmeiras,Fluminense,2,1,13,,goal,Allan,True,,,,,,,2,0
brasileirao_serie_a_2026,2026-02-26,4,Palmeiras,Fluminense,2,1,9,,goal,V. Roque,True,,,,,,,1,0
brasileirao_serie_a_2026,2026-02-26,4,Palmeiras,Fluminense,2,1,8,,card,Fábio,False,yellow,Foul,,,,,,
brasileirao_serie_a_2026,2026-02-26,4,Palmeiras,Fluminense,2,1,0,,card,A. Ferreira,True,red,Argument,,,,,,
brasileirao_serie_a_2026,2026-02-26,4,Grêmio,Atlético Mineiro,2,1,89,,substitution,,False,,,M. Cassierra,V. Hugo,,,,
brasileirao_serie_a_2026,2026-02-26,4,Grêmio,Atlético Mineiro,2,1,86,,substitution,,True,,,J. Forneck,J. Nardoni,,,,
brasileirao_serie_a_2026,2026-02-26,4,Grêmio,Atlético Mineiro,2,1,84,,card,C. Vinícius,True,yellow,,,,,,,
brasileirao_serie_a_2026,2026-02-26,4,Grêmio,Atlético Mineiro,2,1,80,,substitution,,False,,,A. Minda,V. Hugo,,,,
brasileirao_serie_a_2026,2026-02-26,4,Grêmio,Atlético Mineiro,2,1,80,,substitution,,True,,,J. Pedro,C. Pavón,,,,
brasileirao_serie_a_2026,2026-02-26,4,Grêmio,Atlético Mineiro,2,1,80,,substitution,,True,,,Roger,J. Enamorado,,,,
brasileirao_serie_a_2026,2026-02-26,4,Grêmio,Atlético Mineiro,2,1,69,,substitution,,True,,,Dodi,G. Mec,,,,
brasileirao_serie_a_2026,2026-02-26,4,Grêmio,Atlético Mineiro,2,1,69,,substitution,,False,,,Dudu,T. Cuello,,,,
brasileirao_serie_a_2026,2026-02-26,4,Grêmio,Atlético Mineiro,2,1,68,,substitution,,False,,,Reinier,Hulk,,,,
brasileirao_serie_a_2026,2026-02-26,4,Grêmio,Atlético Mineiro,2,1,66,,goal,Marlon,True,,,,,,,2,1
brasileirao_serie_a_2026,2026-02-26,4,Grêmio,Atlético Mineiro,2,1,56,,goal,V. Hugo,False,,,,,,,1,1
brasileirao_serie_a_2026,2026-02-26,4,Grêmio,Atlético Mineiro,2,1,55,,card,G. Mec,True,yellow,,,,,,,
brasileirao_serie_a_2026,2026-02-26,4,Grêmio,Atlético Mineiro,2,1,51,,goal,E. Noriega,True,,,,,,,1,0
brasileirao_serie_a_2026,2026-02-26,4,Grêmio,Atlético Mineiro,2,1,46,,substitution,,False,,,M. Cissé,G. Scarpa,,,,
brasileirao_serie_a_2026,2026-02-26,4,Grêmio,Atlético Mineiro,2,1,40,,card,C. Pavón,True,yellow,,,,,,,
brasileirao_serie_a_2026,2026-02-26,4,Grêmio,Atlético Mineiro,2,1,17,,card,Natanael,False,red,,,,,,,
brasileirao_serie_a_2026,2026-02-26,4,Grêmio,Atlético Mineiro,2,1,7,,card,J. Nardoni,True,yellow,,,,,,,
brasileirao_serie_a_2026,2026-02-25,4,Cruzeiro,Corinthians,1,1,90,,period,,,,,,,FT,,1,1
brasileirao_serie_a_2026,2026-02-25,4,Cruzeiro,Corinthians,1,1,90,5,card,A. Carrillo,False,yellow,Foul,,,,,,
brasileirao_serie_a_2026,2026-02-25,4,Cruzeiro,Corinthians,1,1,90,,injuryTime,,,,,,,,6,,
brasileirao_serie_a_2026,2026-02-25,4,Cruzeiro,Corinthians,1,1,86,,card,F. Angileri,False,yellow,Argument,,,,,,
brasileirao_serie_a_2026,2026-02-25,4,Cruzeiro,Corinthians,1,1,82,,substitution,,True,,,Fagner,Gerson,,,,
brasileirao_serie_a_2026,2026-02-25,4,Cruzeiro,Corinthians,1,1,81,,goal,J. Pedro,False,,,,,,,1,1
brasileirao_serie_a_2026,2026-02-25,4,Cruzeiro,Corinthians,1,1,80,,card,W. Furtado,True,yellowRed,Foul,,,,,,
brasileirao_serie_a_2026,2026-02-25,4,Cruzeiro,Corinthians,1,1,79,,substitution,,True,,,M. Henrique,L. Romero,,,,
brasileirao_serie_a_2026,2026-02-25,4,Cruzeiro,Corinthians,1,1,79,,substitution,,True,,,B. Rodrigues,K. Jorge,,,,
brasileirao_serie_a_2026,2026-02-25,4,Cruzeiro,Corinthians,1,1,78,,substitution,,False,,,M. Depay,P. Raul,,,,
brasileirao_serie_a_2026,2026-02-25,4,Cruzeiro,Corinthians,1,1,75,,card,A. Ramalho,False,yellow,Foul,,,,,,
brasileirao_serie_a_2026,2026-02-25,4,Cruzeiro,Corinthians,1,1,72,,card,L. Romero,True,yellow,Time wasting,,,,,,
brasileirao_serie_a_2026,2026-02-25,4,Cruzeiro,Corinthians,1,1,67,,substitution,,False,,,Allan,Vitinho,,,,
brasileirao_serie_a_2026,2026-02-25,4,Cruzeiro,Corinthians,1,1,67,,substitution,,False,,,R. Garro,Charles,,,,
brasileirao_serie_a_2026,2026-02-25,4,Cruzeiro,Corinthians,1,1,60,,substitution,,True,,,K. Arroyo,Christian,,,,
brasileirao_serie_a_2026,2026-02-25,4,Cruzeiro,Corinthians,1,1,46,,substitution,,False,,,A. Luiz,Raniele,,,,
brasileirao_serie_a_2026,2026-02-25,4,Cruzeiro,Corinthians,1,1,46,,substitution,,False,,,Dieguinho,B. Bidon,,,,
brasileirao_serie_a_2026,2026-02-25,4,Cruzeiro,Corinthians,1,1,45,,period,,,,,,,HT,,1,0
brasileirao_serie_a_2026,2026-02-25,4,Cruzeiro,Corinthians,1,1,45,,injuryTime,,,,,,,,4,,
brasileirao_serie_a_2026,2026-02-25,4,Cruzeiro,Corinthians,1,1,42,,varDecision,K. Jorge,True,,,,,,,,
brasileirao_serie_a_2026,2026-02-25,4,Cruzeiro,Corinthians,1,1,9,,goal,M. Pereira,True,,,,,,,1,0
brasileirao_serie_a_2026,2026-02-25,4,Cruzeiro,Corinthians,1,1,6,,card,W. Furtado,True,yellow,Simulation,,,,,,
brasileirao_serie_a_2026,2026-02-25,4,Cruzeiro,Corinthians,1,1,0,,card,D. Júnior,False,yellowRed,Argument,,,,,,
brasileirao_serie_a_2026,2026-02-25,4,Cruzeiro,Corinthians,1,1,0,,card,D. Júnior,False,yellow,Argument,,,,,,
brasileirao_serie_a_2026,2026-02-25,4,Coritiba,São Paulo,0,1,90,,card,J. Lavega,True,yellow,,,,,,,
brasileirao_serie_a_2026,2026-02-25,4,Coritiba,São Paulo,0,1,90,,card,B. Lopes,True,yellow,,,,,,,
brasileirao_serie_a_2026,2026-02-25,4,Coritiba,São Paulo,0,1,90,,card,R. Tolói,False,yellow,,,,,,,
brasileirao_serie_a_2026,2026-02-25,4,Coritiba,São Paulo,0,1,83,,substitution,,False,,,D. Bobadilla,Cauly,,,,
brasileirao_serie_a_2026,2026-02-25,4,Coritiba,São Paulo,0,1,75,,substitution,,False,,,Luan,P. Maia,,,,
brasileirao_serie_a_2026,2026-02-25,4,Coritiba,São Paulo,0,1,69,,substitution,,True,,,W. Oliveira,Wallisson Luiz,,,,
brasileirao_serie_a_2026,2026-02-25,4,Coritiba,São Paulo,0,1,69,,substitution,,True,,,Fabinho,Josué,,,,
brasileirao_serie_a_2026,2026-02-25,4,Coritiba,São Paulo,0,1,69,,substitution,,True,,,J. Lavega,V. Paulista,,,,
brasileirao_serie_a_2026,2026-02-25,4,Coritiba,São Paulo,0,1,65,,substitution,,False,,,L. Moura,G. Tapia,,,,
brasileirao_serie_a_2026,2026-02-25,4,Coritiba,São Paulo,0,1,64,,substitution,,False,,,J. Calleri,Ferreira,,,,
brasileirao_serie_a_2026,2026-02-25,4,Coritiba,São Paulo,0,1,64,,card,A. Franco,False,yellow,,,,,,,
brasileirao_serie_a_2026,2026-02-25,4,Coritiba,São Paulo,0,1,57,,goal,Cauly,False,,,,,,,0,1
brasileirao_serie_a_2026,2026-02-25,4,Coritiba,São Paulo,0,1,56,,substitution,,True,,,Pedro Rangel,Pedro Morisco,,,,
brasileirao_serie_a_2026,2026-02-25,4,Coritiba,São Paulo,0,1,55,,card,Pedro Morisco,True,yellow,,,,,,,
brasileirao_serie_a_2026,2026-02-25,4,Coritiba,São Paulo,0,1,46,,substitution,,False,,,M. Antônio,D. Ferreira,,,,
brasileirao_serie_a_2026,2026-02-25,4,Coritiba,São Paulo,0,1,41,,card,D. Ferreira,False,yellow,,,,,,,
brasileirao_serie_a_2026,2026-02-25,4,Coritiba,São Paulo,0,1,36,,card,Wallisson Luiz,True,yellow,,,,,,,
brasileirao_serie_a_2026,2026-02-25,4,Coritiba,São Paulo,0,1,33,,substitution,,True,,,J.P. Chermont,Tinga,,,,
brasileirao_serie_a_2026,2026-02-25,4,Remo,Internacional,1,1,90,,period,,,,,,,FT,,1,1
brasileirao_serie_a_2026,2026-02-25,4,Remo,Internacional,1,1,90,5,card,J. Lucas,True,yellow,Foul,,,,,,
brasileirao_serie_a_2026,2026-02-25,4,Remo,Internacional,1,1,90,,injuryTime,,,,,,,,7,,
brasileirao_serie_a_2026,2026-02-25,4,Remo,Internacional,1,1,89,,substitution,,False,,,Alerrandro,R. Borré,,,,
brasileirao_serie_a_2026,2026-02-25,4,Remo,Internacional,1,1,89,,substitution,,False,,,Á. Rodríguez,A. Patrick,,,,
brasileirao_serie_a_2026,2026-02-25,4,Remo,Internacional,1,1,80,,card,G. Mercado,False,yellow,Foul,,,,,,
brasileirao_serie_a_2026,2026-02-25,4,Remo,Internacional,1,1,78,,substitution,,False,,,Ronaldo,B. Gomes,,,,
brasileirao_serie_a_2026,2026-02-25,4,Remo,Internacional,1,1,70,,card,Zé Welison,True,yellow,Foul,,,,,,
brasileirao_serie_a_2026,2026-02-25,4,Remo,Internacional,1,1,69,,substitution,,True,,,Zé Welison,L. Picco,,,,
brasileirao_serie_a_2026,2026-02-25,4,Remo,Internacional,1,1,69,,substitution,,True,,,Jajá,V. Bueno,,,,
brasileirao_serie_a_2026,2026-02-25,4,Remo,Internacional,1,1,68,,substitution,,True,,,Y. Pikachu,J. P. Silva,,,,
brasileirao_serie_a_2026,2026-02-25,4,Remo,Internacional,1,1,68,,substitution,,False,,,Allex,J. Carbonero,,,,
brasileirao_serie_a_2026,2026-02-25,4,Remo,Internacional,1,1,68,,substitution,,False,,,Kayky,Vitinho,,,,
brasileirao_serie_a_2026,2026-02-25,4,Remo,Internacional,1,1,62,,card,P. de Paula,True,yellow,Foul,,,,,,
brasileirao_serie_a_2026,2026-02-25,4,Remo,Internacional,1,1,59,,substitution,,True,,,B. Cufré,K. Almeida,,,,
brasileirao_serie_a_2026,2026-02-25,4,Remo,Internacional,1,1,46,,substitution,,True,,,Zé Ricardo,Marcelinho,,,,
brasileirao_serie_a_2026,2026-02-25,4,Remo,Internacional,1,1,45,,period,,,,,,,HT,,1,1
brasileirao_serie_a_2026,2026-02-25,4,Remo,Internacional,1,1,45,,injuryTime,,,,,,,,5,,
brasileirao_serie_a_2026,2026-02-25,4,Remo,Internacional,1,1,30,,card,L. Picco,True,yellow,Argument,,,,,,
brasileirao_serie_a_2026,2026-02-25,4,Remo,Internacional,1,1,14,,goal,L. Picco,True,,,,,,,1,1
brasileirao_serie_a_2026,2026-02-25,4,Remo,Internacional,1,1,4,,goal,A. Patrick,False,,,,,,,0,1
brasileirao_serie_a_2026,2026-02-25,4,Remo,Internacional,1,1,0,,card,Carlinhos,True,yellow,Argument,,,,,,
brasileirao_serie_a_2026,2026-02-25,4,Remo,Internacional,1,1,0,,card,P. Pezzolano,False,yellow,Argument,,,,,,
brasileirao_serie_a_2026,2026-02-25,4,Red Bull Bragantino,Athletico,1,1,90,,substitution,,False,,,Leozinho,L. Gustavo,,,,
brasileirao_serie_a_2026,2026-02-25,4,Red Bull Bragantino,Athletico,1,1,87,,card,A. Vinicius,True,yellowRed,,,,,,,
brasileirao_serie_a_2026,2026-02-25,4,Red Bull Bragantino,Athletico,1,1,81,,substitution,,True,,,J. Herrera,H. Mosquera,,,,
brasileirao_serie_a_2026,2026-02-25,4,Red Bull Bragantino,Athletico,1,1,81,,substitution,,True,,,Eduardo,J. A. Hurtado,,,,
brasileirao_serie_a_2026,2026-02-25,4,Red Bull Bragantino,Athletico,1,1,81,,substitution,,True,,,Fernando,E. Sasha,,,,
brasileirao_serie_a_2026,2026-02-25,4,Red Bull Bragantino,Athletico,1,1,79,,goal,Julimar,False,,,,,,,1,1
brasileirao_serie_a_2026,2026-02-25,4,Red Bull Bragantino,Athletico,1,1,67,,substitution,,True,,,E. Ramires,G. Neves,,,,
brasileirao_serie_a_2026,2026-02-25,4,Red Bull Bragantino,Athletico,1,1,65,,substitution,,False,,,J. Cruz,Bruno Zapelli,,,,
brasileirao_serie_a_2026,2026-02-25,4,Red Bull Bragantino,Athletico,1,1,65,,substitution,,False,,,Dudu,C. Portilla,,,,
brasileirao_serie_a_2026,2026-02-25,4,Red Bull Bragantino,Athletico,1,1,54,,substitution,,True,,,M. Fernandes,I. Pitta,,,,
brasileirao_serie_a_2026,2026-02-25,4,Red Bull Bragantino,Athletico,1,1,51,,card,Fabinho,True,yellowRed,,,,,,,
brasileirao_serie_a_2026,2026-02-25,4,Red Bull Bragantino,Athletico,1,1,49,,card,P. Henrique,True,yellow,,,,,,,
brasileirao_serie_a_2026,2026-02-25,4,Red Bull Bragantino,Athletico,1,1,46,,substitution,,False,,,F. Chiqueti,J. F. Aguirre,,,,
brasileirao_serie_a_2026,2026-02-25,4,Red Bull Bragantino,Athletico,1,1,46,,substitution,,False,,,Julimar,S. Mendoza,,,,
brasileirao_serie_a_2026,2026-02-25,4,Red Bull Bragantino,Athletico,1,1,45,,card,A. Vinicius,True,yellow,,,,,,,
brasileirao_serie_a_2026,2026-02-25,4,Red Bull Bragantino,Athletico,1,1,43,,goal,J. Capixaba,True,,,,,,,1,0
brasileirao_serie_a_2026,2026-02-25,4,Red Bull Bragantino,Athletico,1,1,42,,card,A. Dias,False,yellow,,,,,,,
brasileirao_serie_a_2026,2026-02-25,4,Red Bull Bragantino,Athletico,1,1,29,,card,Bruno Zapelli,False,yellow,,,,,,,
brasileirao_serie_a_2026,2026-02-25,4,Red Bull Bragantino,Athletico,1,1,20,,card,Fabinho,True,yellow,,,,,,,
brasileirao_serie_a_2026,2026-02-19,2,Athletico,Corinthians,0,1,90,,card,H. Souza,False,yellow,,,,,,,
brasileirao_serie_a_2026,2026-02-19,2,Athletico,Corinthians,0,1,83,,card,J. Cruz,True,yellow,,,,,,,
brasileirao_serie_a_2026,2026-02-19,2,Athletico,Corinthians,0,1,82,,substitution,,True,,,J. Cruz,S. Mendoza,,,,
brasileirao_serie_a_2026,2026-02-19,2,Athletico,Corinthians,0,1,82,,substitution,,False,,,A. Carrillo,M. Depay,,,,
brasileirao_serie_a_2026,2026-02-19,2,Athletico,Corinthians,0,1,82,,substitution,,True,,,Dudu,Bruno Zapelli,,,,
brasileirao_serie_a_2026,2026-02-19,2,Athletico,Corinthians,0,1,75,,substitution,,False,,,A. Ramalho,M. Pereira,,,,
brasileirao_serie_a_2026,2026-02-19,2,Athletico,Corinthians,0,1,70,,substitution,,True,,,Leonardo Derik,L. Esquivel,,,,
brasileirao_serie_a_2026,2026-02-19,2,Athletico,Corinthians,0,1,68,,card,G. Paulista,False,yellow,,,,,,,
brasileirao_serie_a_2026,2026-02-19,2,Athletico,Corinthians,0,1,67,,substitution,,True,,,B. B. Ramos,Julimar,,,,
brasileirao_serie_a_2026,2026-02-19,2,Athletico,Corinthians,0,1,61,,substitution,,False,,,Allan,Charles,,,,
brasileirao_serie_a_2026,2026-02-19,2,Athletico,Corinthians,0,1,61,,substitution,,False,,,A. Luiz,Vitinho,,,,
brasileirao_serie_a_2026,2026-02-19,2,Athletico,Corinthians,0,1,61,,substitution,,False,,,G. Negão,R. Garro,,,,
brasileirao_serie_a_2026,2026-02-19,2,Athletico,Corinthians,0,1,46,,substitution,,True,,,F. Chiqueti,C. Portilla,,,,
brasileirao_serie_a_2026,2026-02-19,2,Athletico,Corinthians,0,1,45,,card,Santos,True,yellow,,,,,,,
brasileirao_serie_a_2026,2026-02-19,2,Athletico,Corinthians,0,1,45,,card,K. Viveros,True,yellow,,,,,,,
brasileirao_serie_a_2026,2026-02-19,2,Athletico,Corinthians,0,1,20,,goal,R. Garro,False,,,,,,,0,1
brasileirao_serie_a_2026,2026-02-19,2,Athletico,Corinthians,0,1,16,,card,Matheuzinho,False,yellow,,,,,,,
brasileirao_serie_a_2026,2026-02-19,2,Athletico,Corinthians,0,1,14,,card,M. Bidu,False,yellow,,,,,,,
brasileirao_serie_a_2026,2026-02-13,3,Internacional,Palmeiras,1,3,90,,period,,,,,,,FT,,1,3
brasileirao_serie_a_2026,2026-02-13,3,Internacional,Palmeiras,1,3,90,,injuryTime,,,,,,,,9,,
brasileirao_serie_a_2026,2026-02-13,3,Internacional,Palmeiras,1,3,89,,substitution,,False,,,Jefté,J. Piquerez,,,,
brasileirao_serie_a_2026,2026-02-13,3,Internacional,Palmeiras,1,3,85,,substitution,,True,,,Kayky,J. Carbonero,,,,
brasileirao_serie_a_2026,2026-02-13,3,Internacional,Palmeiras,1,3,85,,substitution,,True,,,Alerrandro,Ronaldo,,,,
brasileirao_serie_a_2026,2026-02-13,3,Internacional,Palmeiras,1,3,82,,goal,A. Pereira,False,,,,,,,1,3
brasileirao_serie_a_2026,2026-02-13,3,Internacional,Palmeiras,1,3,81,,substitution,,False,,,A. Giay,J. López,,,,
brasileirao_serie_a_2026,2026-02-13,3,Internacional,Palmeiras,1,3,81,,substitution,,False,,,L. Evangelista,Allan,,,,
brasileirao_serie_a_2026,2026-02-13,3,Internacional,Palmeiras,1,3,67,,substitution,,False,,,R. Sosa,V. Roque,,,,
brasileirao_serie_a_2026,2026-02-13,3,Internacional,Palmeiras,1,3,67,,substitution,,False,,,Luighi,Mauricio,,,,
brasileirao_serie_a_2026,2026-02-13,3,Internacional,Palmeiras,1,3,61,,substitution,,True,,,Á. Rodríguez,A. Patrick,,,,
brasileirao_serie_a_2026,2026-02-13,3,Internacional,Palmeiras,1,3,61,,substitution,,True,,,B. Aguirre,P. Paula,,,,
brasileirao_serie_a_2026,2026-02-13,3,Internacional,Palmeiras,1,3,58,,card,A. Pereira,False,yellow,Foul,,,,,,
brasileirao_serie_a_2026,2026-02-13,3,Internacional,Palmeiras,1,3,55,,card,P. Paula,True,yellow,Foul,,,,,,
brasileirao_serie_a_2026,2026-02-13,3,Internacional,Palmeiras,1,3,52,,goal,V. Roque,False,,,,,,,1,2
brasileirao_serie_a_2026,2026-02-13,3,Internacional,Palmeiras,1,3,51,,substitution,,True,,,F. Torres,V. Gabriel,,,,
brasileirao_serie_a_2026,2026-02-13,3,Internacional,Palmeiras,1,3,45,,period,,,,,,,HT,,1,1
brasileirao_serie_a_2026,2026-02-13,3,Internacional,Palmeiras,1,3,45,,injuryTime,,,,,,,,5,,
brasileirao_serie_a_2026,2026-02-13,3,Internacional,Palmeiras,1,3,36,,goal,Ronaldo,True,,,,,,,1,1
brasileirao_serie_a_2026,2026-02-13,3,Internacional,Palmeiras,1,3,23,,goal,G. Gómez,False,,,,,,,0,1
brasileirao_serie_a_2026,2026-02-13,3,Internacional,Palmeiras,1,3,0,,card,P. Pezzolano,True,yellow,Argument,,,,,,
brasileirao_serie_a_2026,2026-02-13,3,Internacional,Palmeiras,1,3,0,,card,A. Ferreira,False,yellow,Argument,,,,,,
brasileirao_serie_a_2026,2026-02-12,3,Corinthians,Red Bull Bragantino,2,0,90,,substitution,,True,,,G. Negão,Y. Alberto,,,,
brasileirao_serie_a_2026,2026-02-12,3,Corinthians,Red Bull Bragantino,2,0,87,,card,Allan,True,yellow,,,,,,,
brasileirao_serie_a_2026,2026-02-12,3,Corinthians,Red Bull Bragantino,2,0,87,,card,Raniele,True,yellow,,,,,,,
brasileirao_serie_a_2026,2026-02-12,3,Corinthians,Red Bull Bragantino,2,0,86,,substitution,,True,,,Vitinho,R. Garro,,,,
brasileirao_serie_a_2026,2026-02-12,3,Corinthians,Red Bull Bragantino,2,0,86,,substitution,,True,,,Kayke,M. Depay,,,,
brasileirao_serie_a_2026,2026-02-12,3,Corinthians,Red Bull Bragantino,2,0,86,,card,J. Capixaba,False,yellow,,,,,,,
brasileirao_serie_a_2026,2026-02-12,3,Corinthians,Red Bull Bragantino,2,0,83,,substitution,,False,,,Fernando,I. Pitta,,,,
brasileirao_serie_a_2026,2026-02-12,3,Corinthians,Red Bull Bragantino,2,0,83,,substitution,,False,,,Vinicinho,H. Mosquera,,,,
brasileirao_serie_a_2026,2026-02-12,3,Corinthians,Red Bull Bragantino,2,0,83,,substitution,,False,,,I. Sosa,Fabinho,,,,
brasileirao_serie_a_2026,2026-02-12,3,Corinthians,Red Bull Bragantino,2,0,74,,goal,M. Bidu,True,,,,,,,2,0
brasileirao_serie_a_2026,2026-02-12,3,Corinthians,Red Bull Bragantino,2,0,69,,substitution,,True,,,Allan,M. Pereira,,,,
brasileirao_serie_a_2026,2026-02-12,3,Corinthians,Red Bull Bragantino,2,0,69,,substitution,,True,,,Charles,A. Carrillo,,,,
brasileirao_serie_a_2026,2026-02-12,3,Corinthians,Red Bull Bragantino,2,0,68,,substitution,,False,,,J. Herrera,G. Neves,,,,
brasileirao_serie_a_2026,2026-02-12,3,Corinthians,Red Bull Bragantino,2,0,60,,substitution,,False,,,E. Ramires,Gabriel,,,,
brasileirao_serie_a_2026,2026-02-12,3,Corinthians,Red Bull Bragantino,2,0,47,,goal,G. Paulista,True,,,,,,,1,0
brasileirao_serie_a_2026,2026-02-12,3,Corinthians,Red Bull Bragantino,2,0,45,,card,Cleiton,False,yellow,,,,,,,
brasileirao_serie_a_2026,2026-02-12,3,Corinthians,Red Bull Bragantino,2,0,45,,card,Gabriel,False,yellow,,,,,,,
brasileirao_serie_a_2026,2026-02-12,3,Corinthians,Red Bull Bragantino,2,0,41,,card,G. Henrique,True,yellow,,,,,,,
brasileirao_serie_a_2026,2026-02-12,3,Corinthians,Red Bull Bragantino,2,0,28,,card,L. Barbosa,False,yellow,,,,,,,
brasileirao_serie_a_2026,2026-02-12,3,Corinthians,Red Bull Bragantino,2,0,23,,card,M. Bidu,True,yellow,,,,,,,
brasileirao_serie_a_2026,2026-02-12,3,Fluminense,Botafogo,1,0,90,,period,,,,,,,FT,,1,0
brasileirao_serie_a_2026,2026-02-12,3,Fluminense,Botafogo,1,0,90,6,substitution,,True,,,Ganso,K. Serna,,,,
brasileirao_serie_a_2026,2026-02-12,3,Fluminense,Botafogo,1,0,90,2,substitution,,False,,,,D. Santos,,,,
brasileirao_serie_a_2026,2026-02-12,3,Fluminense,Botafogo,1,0,90,,injuryTime,,,,,,,,8,,
brasileirao_serie_a_2026,2026-02-12,3,Fluminense,Botafogo,1,0,89,,card,J. Freytes,True,yellow,Foul,,,,,,
brasileirao_serie_a_2026,2026-02-12,3,Fluminense,Botafogo,1,0,87,,substitution,,True,,,Hércules,John Kennedy,,,,
brasileirao_serie_a_2026,2026-02-12,3,Fluminense,Botafogo,1,0,86,,card,Newton,False,yellow,Foul,,,,,,
brasileirao_serie_a_2026,2026-02-12,3,Fluminense,Botafogo,1,0,82,,substitution,,False,,,K. Barría,Artur,,,,
brasileirao_serie_a_2026,2026-02-12,3,Fluminense,Botafogo,1,0,82,,substitution,,False,,,L. Villalba,Vitinho,,,,
brasileirao_serie_a_2026,2026-02-12,3,Fluminense,Botafogo,1,0,75,,card,Guga,True,yellow,Foul,,,,,,
brasileirao_serie_a_2026,2026-02-12,3,Fluminense,Botafogo,1,0,74,,substitution,,True,,,Guga,S. Xavier,,,,
brasileirao_serie_a_2026,2026-02-12,3,Fluminense,Botafogo,1,0,74,,substitution,,True,,,G. Arana,L. Acosta,,,,
brasileirao_serie_a_2026,2026-02-12,3,Fluminense,Botafogo,1,0,69,,card,L. Acosta,True,yellow,Foul,,,,,,
brasileirao_serie_a_2026,2026-02-12,3,Fluminense,Botafogo,1,0,69,,substitution,,False,,,M. Martins,A. Telles,,,,
brasileirao_serie_a_2026,2026-02-12,3,Fluminense,Botafogo,1,0,60,,card,A. Canobbio,True,red,Violent conduct,,,,,,
brasileirao_serie_a_2026,2026-02-12,3,Fluminense,Botafogo,1,0,60,,varDecision,A. Canobbio,True,,,,,,,,
brasileirao_serie_a_2026,2026-02-12,3,Fluminense,Botafogo,1,0,55,,goal,L. Acosta,True,,,,,,,1,0
brasileirao_serie_a_2026,2026-02-12,3,Fluminense,Botafogo,1,0,46,,substitution,,False,,,N. Fernandes,Ythallo,,,,
brasileirao_serie_a_2026,2026-02-12,3,Fluminense,Botafogo,1,0,45,,period,,,,,,,HT,,0,0
brasileirao_serie_a_2026,2026-02-12,3,Fluminense,Botafogo,1,0,45,1,card,Á. Montoro,False,yellow,Foul,,,,,,
brasileirao_serie_a_2026,2026-02-12,3,Fluminense,Botafogo,1,0,45,,injuryTime,,,,,,,,5,,
brasileirao_serie_a_2026,2026-02-12,3,Fluminense,Botafogo,1,0,26,,card,A. Canobbio,True,yellow,Foul,,,,,,
brasileirao_serie_a_2026,2026-02-12,3,Fluminense,Botafogo,1,0,24,,substitution,,False,,,J. Barrera,Allan,,,,
brasileirao_serie_a_2026,2026-02-12,3,Fluminense,Botafogo,1,0,17,,card,Ythallo,False,yellow,Foul,,,,,,
brasileirao_serie_a_2026,2026-02-12,3,Fluminense,Botafogo,1,0,7,,card,S. Xavier,True,yellow,Simulation,,,,,,
brasileirao_serie_a_2026,2026-02-12,3,Fluminense,Botafogo,1,0,0,,card,L. Zubeldia,True,yellow,Argument,,,,,,
brasileirao_serie_a_2026,2026-02-12,3,Athletico,Santos,2,1,90,,period,,,,,,,FT,,2,1
brasileirao_serie_a_2026,2026-02-12,3,Athletico,Santos,2,1,90,4,substitution,,False,,,B. Rollheiser,V. Lira,,,,
brasileirao_serie_a_2026,2026-02-12,3,Athletico,Santos,2,1,90,3,card,V. Lira,False,yellow,Foul,,,,,,
brasileirao_serie_a_2026,2026-02-12,3,Athletico,Santos,2,1,90,1,goal,K. Viveros,True,,,,,,,2,1
brasileirao_serie_a_2026,2026-02-12,3,Athletico,Santos,2,1,90,,injuryTime,,,,,,,,6,,
brasileirao_serie_a_2026,2026-02-12,3,Athletico,Santos,2,1,89,,substitution,,True,,,Jádson,Bruno Zapelli,,,,
brasileirao_serie_a_2026,2026-02-12,3,Athletico,Santos,2,1,89,,substitution,,True,,,Bruninho,S. Mendoza,,,,
brasileirao_serie_a_2026,2026-02-12,3,Athletico,Santos,2,1,88,,substitution,,False,,,J. Basso,Rony,,,,
brasileirao_serie_a_2026,2026-02-12,3,Athletico,Santos,2,1,88,,substitution,,False,,,L. Díaz,Thaciano,,,,
brasileirao_serie_a_2026,2026-02-12,3,Athletico,Santos,2,1,87,,card,F. Chiqueti,True,yellow,Foul,,,,,,
brasileirao_serie_a_2026,2026-02-12,3,Athletico,Santos,2,1,74,,card,I. Vinícius,False,yellow,Foul,,,,,,
brasileirao_serie_a_2026,2026-02-12,3,Athletico,Santos,2,1,68,,substitution,,False,,,Moisés,Miguelito,,,,
brasileirao_serie_a_2026,2026-02-12,3,Athletico,Santos,2,1,68,,substitution,,False,,,Á. Barreal,G. Bontempo,,,,
brasileirao_serie_a_2026,2026-02-12,3,Athletico,Santos,2,1,67,,substitution,,True,,,Dudu,Leonardo Derik,,,,
brasileirao_serie_a_2026,2026-02-12,3,Athletico,Santos,2,1,67,,substitution,,True,,,F. Chiqueti,Julimar,,,,
brasileirao_serie_a_2026,2026-02-12,3,Athletico,Santos,2,1,45,,period,,,,,,,HT,,1,1
brasileirao_serie_a_2026,2026-02-12,3,Athletico,Santos,2,1,45,,injuryTime,,,,,,,,8,,
brasileirao_serie_a_2026,2026-02-12,3,Athletico,Santos,2,1,42,,substitution,,True,,,L. Gustavo,J. Portilla,,,,
brasileirao_serie_a_2026,2026-02-12,3,Athletico,Santos,2,1,27,,card,G. Bontempo,False,yellow,Foul,,,,,,
brasileirao_serie_a_2026,2026-02-12,3,Athletico,Santos,2,1,17,,goal,Thaciano,False,,,,,,,1,1
brasileirao_serie_a_2026,2026-02-12,3,Athletico,Santos,2,1,6,,goal,Julimar,True,,,,,,,1,0
brasileirao_serie_a_2026,2026-02-12,3,Athletico,Santos,2,1,3,,varDecision,K. Viveros,True,,,,,,,,
brasileirao_serie_a_2026,2026-02-12,3,Athletico,Santos,2,1,0,,card,O. Hellmann,True,yellow,Argument,,,,,,
brasileirao_serie_a_2026,2026-02-12,3,Vasco da Gama,Bahia,0,1,90,,card,P. Henrique,True,yellow,,,,,,,
brasileirao_serie_a_2026,2026-02-12,3,Vasco da Gama,Bahia,0,1,90,,card,Ronaldo,False,yellow,,,,,,,
brasileirao_serie_a_2026,2026-02-12,3,Vasco da Gama,Bahia,0,1,90,,card,C. Alexandre,False,yellow,,,,,,,
brasileirao_serie_a_2026,2026-02-12,3,Vasco da Gama,Bahia,0,1,90,,card,C. Barros,True,yellow,,,,,,,
brasileirao_serie_a_2026,2026-02-12,3,Vasco da Gama,Bahia,0,1,87,,card,P. Rodríguez,True,yellow,,,,,,,
brasileirao_serie_a_2026,2026-02-12,3,Vasco da Gama,Bahia,0,1,83,,substitution,,False,,,C. Alexandre,N. Acevedo,,,,
brasileirao_serie_a_2026,2026-02-12,3,Vasco da Gama,Bahia,0,1,83,,substitution,,True,,,J. Rojas,P. Coutinho,,,,
brasileirao_serie_a_2026,2026-02-12,3,Vasco da Gama,Bahia,0,1,77,,substitution,,True,,,G. Souza,T. Mendes,,,,
brasileirao_serie_a_2026,2026-02-12,3,Vasco da Gama,Bahia,0,1,74,,card,T. Mendes,True,yellow,,,,,,,
brasileirao_serie_a_2026,2026-02-12,3,Vasco da Gama,Bahia,0,1,72,,substitution,,False,,,Erick,J. Lucas,,,,
brasileirao_serie_a_2026,2026-02-12,3,Vasco da Gama,Bahia,0,1,64,,substitution,,True,,,C. Spinelli,Brenner,,,,
brasileirao_serie_a_2026,2026-02-12,3,Vasco da Gama,Bahia,0,1,64,,substitution,,True,,,M. Hinestroza,N. Moreira,,,,
brasileirao_serie_a_2026,2026-02-12,3,Vasco da Gama,Bahia,0,1,63,,substitution,,True,,,P. Henrique,L. Piton,,,,
brasileirao_serie_a_2026,2026-02-12,3,Vasco da Gama,Bahia,0,1,58,,substitution,,False,,,Everaldo,W. José,,,,
brasileirao_serie_a_2026,2026-02-12,3,Vasco da Gama,Bahia,0,1,58,,substitution,,False,,,E. Pulga,Ademir,,,,
brasileirao_serie_a_2026,2026-02-12,3,Vasco da Gama,Bahia,0,1,58,,substitution,,False,,,G. Xavier,Kanu,,,,
brasileirao_serie_a_2026,2026-02-12,3,Vasco da Gama,Bahia,0,1,52,,card,N. Acevedo,False,yellow,,,,,,,
brasileirao_serie_a_2026,2026-02-12,3,Vasco da Gama,Bahia,0,1,45,,card,A. Gómez,True,yellow,,,,,,,
brasileirao_serie_a_2026,2026-02-12,3,Vasco da Gama,Bahia,0,1,34,,card,C. Olivera,False,yellow,,,,,,,
brasileirao_serie_a_2026,2026-02-12,3,Vasco da Gama,Bahia,0,1,22,,goal,L. Juba,False,,,,,,,0,1
brasileirao_serie_a_2026,2026-02-12,3,Vasco da Gama,Bahia,0,1,19,,card,Kanu,False,yellow,,,,,,,
brasileirao_serie_a_2026,2026-02-12,3,São Paulo,Grêmio,2,0,90,,card,A. Henrique,False,yellow,,,,,,,
brasileirao_serie_a_2026,2026-02-12,3,São Paulo,Grêmio,2,0,90,,card,Ferreira,True,yellow,,,,,,,
brasileirao_serie_a_2026,2026-02-12,3,São Paulo,Grêmio,2,0,85,,substitution,,True,,,Ferreira,Luciano,,,,
brasileirao_serie_a_2026,2026-02-12,3,São Paulo,Grêmio,2,0,85,,substitution,,True,,,P. Ferreira,M. Antônio,,,,
brasileirao_serie_a_2026,2026-02-12,3,São Paulo,Grêmio,2,0,71,,substitution,,True,,,N. Ferraresi,L. Moura,,,,
brasileirao_serie_a_2026,2026-02-12,3,São Paulo,Grêmio,2,0,70,,substitution,,True,,,G. Tapia,A. Franco,,,,
brasileirao_serie_a_2026,2026-02-12,3,São Paulo,Grêmio,2,0,68,,substitution,,False,,,A. Henrique,C. Vinícius,,,,
brasileirao_serie_a_2026,2026-02-12,3,São Paulo,Grêmio,2,0,68,,substitution,,False,,,J. Enamorado,J. Pedro,,,,
brasileirao_serie_a_2026,2026-02-12,3,São Paulo,Grêmio,2,0,68,,substitution,,False,,,C. Pavón,Tetê,,,,
brasileirao_serie_a_2026,2026-02-12,3,São Paulo,Grêmio,2,0,59,,goal,J. Calleri,True,,,,,,,2,0
brasileirao_serie_a_2026,2026-02-12,3,São Paulo,Grêmio,2,0,52,,substitution,,False,,,G. Martins,F. Amuzu,,,,
brasileirao_serie_a_2026,2026-02-12,3,São Paulo,Grêmio,2,0,47,,card,W. Leonardo,False,yellowRed,,,,,,,
brasileirao_serie_a_2026,2026-02-12,3,São Paulo,Grêmio,2,0,45,,card,W. Leonardo,False,yellow,,,,,,,
brasileirao_serie_a_2026,2026-02-12,3,São Paulo,Grêmio,2,0,45,,card,P. Maia,True,yellow,,,,,,,
brasileirao_serie_a_2026,2026-02-12,3,São Paulo,Grêmio,2,0,43,,card,Luciano,True,yellow,,,,,,,
brasileirao_serie_a_2026,2026-02-12,3,São Paulo,Grêmio,2,0,40,,substitution,,False,,,Willian,Edenilson,,,,
brasileirao_serie_a_2026,2026-02-12,3,São Paulo,Grêmio,2,0,32,,substitution,,True,,,P. Maia,D. Bobadilla,,,,
brasileirao_serie_a_2026,2026-02-12,3,São Paulo,Grêmio,2,0,24,,goal,L. Moura,True,,,,,,,1,0
brasileirao_serie_a_2026,2026-02-12,3,São Paulo,Grêmio,2,0,22,,card,Weverton,False,yellow,,,,,,,
brasileirao_serie_a_2026,2026-02-11,3,Atlético Mineiro,Remo,3,3,90,,goal,Dudu,True,,,,,,,3,3
brasileirao_serie_a_2026,2026-02-11,3,Atlético Mineiro,Remo,3,3,90,,goal,A. Manga,False,,,,,,,2,3
brasileirao_serie_a_2026,2026-02-11,3,Atlético Mineiro,Remo,3,3,87,,goal,Y. Pikachu,False,,,,,,,2,2
brasileirao_serie_a_2026,2026-02-11,3,Atlético Mineiro,Remo,3,3,72,,substitution,,False,,,Y. Pikachu,Vitor Bueno,,,,
brasileirao_serie_a_2026,2026-02-11,3,Atlético Mineiro,Remo,3,3,72,,substitution,,False,,,Zé Welison,L. Picco,,,,
brasileirao_serie_a_2026,2026-02-11,3,Atlético Mineiro,Remo,3,3,71,,substitution,,True,,,I. Gomes,Hulk,,,,
brasileirao_serie_a_2026,2026-02-11,3,Atlético Mineiro,Remo,3,3,71,,substitution,,True,,,G. Scarpa,T. Cuello,,,,
brasileirao_serie_a_2026,2026-02-11,3,Atlético Mineiro,Remo,3,3,70,,goal,Ruan,True,,,,,,,2,1
brasileirao_serie_a_2026,2026-02-11,3,Atlético Mineiro,Remo,3,3,69,,card,K. Almeida,False,yellow,,,,,,,
brasileirao_serie_a_2026,2026-02-11,3,Atlético Mineiro,Remo,3,3,66,,substitution,,False,,,Léo,Sávio,,,,
brasileirao_serie_a_2026,2026-02-11,3,Atlético Mineiro,Remo,3,3,64,,substitution,,True,,,Bernard,Reinier,,,,
brasileirao_serie_a_2026,2026-02-11,3,Atlético Mineiro,Remo,3,3,61,,substitution,,False,,,Diego Hernández,J. P. Silva,,,,
brasileirao_serie_a_2026,2026-02-11,3,Atlético Mineiro,Remo,3,3,57,,card,J. P. Silva,False,yellow,,,,,,,
brasileirao_serie_a_2026,2026-02-11,3,Atlético Mineiro,Remo,3,3,55,,substitution,,True,,,Dudu,Á. Preciado,,,,
brasileirao_serie_a_2026,2026-02-11,3,Atlético Mineiro,Remo,3,3,42,,goal,Vitor Bueno,False,,,,,,,1,1
brasileirao_serie_a_2026,2026-02-11,3,Atlético Mineiro,Remo,3,3,22,,goal,Hulk,True,,,,,,,1,0
brasileirao_serie_a_2026,2026-02-11,3,Mirassol,Cruzeiro,2,2,90,,substitution,,False,,,,K. Kenji,,,,
brasileirao_serie_a_2026,2026-02-11,3,Mirassol,Cruzeiro,2,2,90,,card,Y. Lara,True,red,,,,,,,
brasileirao_serie_a_2026,2026-02-11,3,Mirassol,Cruzeiro,2,2,89,,substitution,,False,,,K. Kenji,Christian,,,,
brasileirao_serie_a_2026,2026-02-11,3,Mirassol,Cruzeiro,2,2,85,,goal,K. Jorge,False,,,,,,,2,2
brasileirao_serie_a_2026,2026-02-11,3,Mirassol,Cruzeiro,2,2,79,,substitution,,False,,,William,Fagner,,,,
brasileirao_serie_a_2026,2026-02-11,3,Mirassol,Cruzeiro,2,2,71,,substitution,,True,,,Everton Galdino,Nathan Fogaça,,,,
brasileirao_serie_a_2026,2026-02-11,3,Mirassol,Cruzeiro,2,2,71,,substitution,,True,,,Galeano,Eduardo,,,,
brasileirao_serie_a_2026,2026-02-11,3,Mirassol,Cruzeiro,2,2,65,,substitution,,True,,,Carlos Eduardo,Alesson,,,,
brasileirao_serie_a_2026,2026-02-11,3,Mirassol,Cruzeiro,2,2,65,,substitution,,True,,,Y. Lara,N. Moura,,,,
brasileirao_serie_a_2026,2026-02-11,3,Mirassol,Cruzeiro,2,2,64,,substitution,,False,,,L. Silva,L. Romero,,,,
brasileirao_serie_a_2026,2026-02-11,3,Mirassol,Cruzeiro,2,2,55,,substitution,,True,,,I. Cariús,Igor Formiga,,,,
brasileirao_serie_a_2026,2026-02-11,3,Mirassol,Cruzeiro,2,2,53,,goal,Negueba,True,,,,,,,2,1
brasileirao_serie_a_2026,2026-02-11,3,Mirassol,Cruzeiro,2,2,46,,substitution,,False,,,L. Sinisterra,Wanderson,,,,
brasileirao_serie_a_2026,2026-02-11,3,Mirassol,Cruzeiro,2,2,46,,substitution,,False,,,M. Henrique,Gerson,,,,
brasileirao_serie_a_2026,2026-02-11,3,Mirassol,Cruzeiro,2,2,45,,card,Gerson,False,yellow,,,,,,,
brasileirao_serie_a_2026,2026-02-11,3,Mirassol,Cruzeiro,2,2,38,,goal,Nathan Fogaça,True,,,,,,,1,1
brasileirao_serie_a_2026,2026-02-11,3,Mirassol,Cruzeiro,2,2,30,,card,J. Aldo,True,yellow,,,,,,,
brasileirao_serie_a_2026,2026-02-11,3,Mirassol,Cruzeiro,2,2,26,,card,Reinaldo,True,yellow,,,,,,,
brasileirao_serie_a_2026,2026-02-11,3,Mirassol,Cruzeiro,2,2,25,,card,N. Moura,True,yellow,,,,,,,
brasileirao_serie_a_2026,2026-02-11,3,Mirassol,Cruzeiro,2,2,23,,goal,Wanderson,False,,,,,,,0,1
brasileirao_serie_a_2026,2026-02-11,3,Mirassol,Cruzeiro,2,2,8,,card,M. Pereira,False,yellow,,,,,,,
brasileirao_serie_a_2026,2026-02-11,3,Chapecoense,Coritiba,3,3,90,,goal,R. Tadeu,True,,,,,,,3,3
brasileirao_serie_a_2026,2026-02-11,3,Chapecoense,Coritiba,3,3,87,,substitution,,True,,,Y. Bolasie,J. Carlos,,,,
brasileirao_serie_a_2026,2026-02-11,3,Chapecoense,Coritiba,3,3,84,,card,H. Meritão,True,yellow,,,,,,,
brasileirao_serie_a_2026,2026-02-11,3,Chapecoense,Coritiba,3,3,83,,substitution,,False,,,Keno,B. Lopes,,,,
brasileirao_serie_a_2026,2026-02-11,3,Chapecoense,Coritiba,3,3,80,,card,T. Cóser,False,yellow,,,,,,,
brasileirao_serie_a_2026,2026-02-11,3,Chapecoense,Coritiba,3,3,73,,substitution,,False,,,F. Sobral,W. Oliveira,,,,
brasileirao_serie_a_2026,2026-02-11,3,Chapecoense,Coritiba,3,3,73,,substitution,,False,,,Enzo,Pedro Rocha,,,,
brasileirao_serie_a_2026,2026-02-11,3,Chapecoense,Coritiba,3,3,71,,goal,E. Doma,True,,,,,,,2,3
brasileirao_serie_a_2026,2026-02-11,3,Chapecoense,Coritiba,3,3,69,,substitution,,True,,,J. Vitor,R. Carvalheira,,,,
brasileirao_serie_a_2026,2026-02-11,3,Chapecoense,Coritiba,3,3,69,,substitution,,True,,,R. Tadeu,Everton,,,,
brasileirao_serie_a_2026,2026-02-11,3,Chapecoense,Coritiba,3,3,69,,substitution,,True,,,Italo,Marcinho,,,,
brasileirao_serie_a_2026,2026-02-11,3,Chapecoense,Coritiba,3,3,61,,card,Everton,True,yellow,,,,,,,
brasileirao_serie_a_2026,2026-02-11,3,Chapecoense,Coritiba,3,3,59,,goal,Pedro Rocha,False,,,,,,,1,3
brasileirao_serie_a_2026,2026-02-11,3,Chapecoense,Coritiba,3,3,57,,goal,B. Lopes,False,,,,,,,1,2
brasileirao_serie_a_2026,2026-02-11,3,Chapecoense,Coritiba,3,3,55,,substitution,,False,,,J. Maranhão,Maicon,,,,
brasileirao_serie_a_2026,2026-02-11,3,Chapecoense,Coritiba,3,3,55,,substitution,,False,,,V. Paulista,J. Lavega,,,,
brasileirao_serie_a_2026,2026-02-11,3,Chapecoense,Coritiba,3,3,46,,substitution,,True,,,H. Meritão,Camilo,,,,
brasileirao_serie_a_2026,2026-02-11,3,Chapecoense,Coritiba,3,3,45,,goal,W. Clar,True,,,,,,,1,1
brasileirao_serie_a_2026,2026-02-11,3,Chapecoense,Coritiba,3,3,41,,goal,B. Lopes,False,,,,,,,0,1
brasileirao_serie_a_2026,2026-02-11,3,Vitória,Flamengo,1,2,90,,card,A. Sandro,False,yellow,,,,,,,
brasileirao_serie_a_2026,2026-02-11,3,Vitória,Flamengo,1,2,89,,substitution,,True,,,L. Silva,Ramon,,,,
brasileirao_serie_a_2026,2026-02-11,3,Vitória,Flamengo,1,2,87,,substitution,,False,,,B. Henrique,Arrascaeta,,,,
brasileirao_serie_a_2026,2026-02-11,3,Vitória,Flamengo,1,2,82,,card,E. Martinez,True,yellow,,,,,,,
brasileirao_serie_a_2026,2026-02-11,3,Vitória,Flamengo,1,2,79,,substitution,,True,,,E. Martinez,D. Rodrigues,,,,
brasileirao_serie_a_2026,2026-02-11,3,Vitória,Flamengo,1,2,78,,substitution,,True,,,F. Santos,R. Kayzer,,,,
brasileirao_serie_a_2026,2026-02-11,3,Vitória,Flamengo,1,2,67,,substitution,,True,,,A. Cantalapiedra,Matheuzinho,,,,
brasileirao_serie_a_2026,2026-02-11,3,Vitória,Flamengo,1,2,67,,substitution,,True,,,Marinho,Erick,,,,
brasileirao_serie_a_2026,2026-02-11,3,Vitória,Flamengo,1,2,65,,substitution,,False,,,N. de la Cruz,E. Araujo,,,,
brasileirao_serie_a_2026,2026-02-11,3,Vitória,Flamengo,1,2,65,,substitution,,False,,,S. Lino,Everton,,,,
brasileirao_serie_a_2026,2026-02-11,3,Vitória,Flamengo,1,2,56,,substitution,,False,,,G. Plata,Pedro,,,,
brasileirao_serie_a_2026,2026-02-11,3,Vitória,Flamengo,1,2,56,,substitution,,False,,,J. Carrascal,L. Paquetá,,,,
brasileirao_serie_a_2026,2026-02-11,3,Vitória,Flamengo,1,2,53,,card,E. Araujo,False,yellow,,,,,,,
brasileirao_serie_a_2026,2026-02-11,3,Vitória,Flamengo,1,2,51,,goal,Matheuzinho,True,,,,,,,1,2
brasileirao_serie_a_2026,2026-02-11,3,Vitória,Flamengo,1,2,50,,card,R. Kayzer,True,yellow,,,,,,,
brasileirao_serie_a_2026,2026-02-11,3,Vitória,Flamengo,1,2,45,,goal,Everton,False,,,,,,,0,2
brasileirao_serie_a_2026,2026-02-11,3,Vitória,Flamengo,1,2,36,,card,L. Pereira,False,yellow,,,,,,,
brasileirao_serie_a_2026,2026-02-11,3,Vitória,Flamengo,1,2,30,,card,Matheuzinho,True,yellow,,,,,,,
brasileirao_serie_a_2026,2026-02-11,3,Vitória,Flamengo,1,2,27,,card,Everton,False,yellow,,,,,,,
brasileirao_serie_a_2026,2026-02-11,3,Vitória,Flamengo,1,2,15,,goal,E. Pulgar,False,,,,,,,0,1
brasileirao_serie_a_2026,2026-02-06,2,Cruzeiro,Coritiba,1,2,90,,card,M. Pereira,True,yellow,,,,,,,
brasileirao_serie_a_2026,2026-02-06,2,Cruzeiro,Coritiba,1,2,88,,card,J. Maranhão,False,yellow,,,,,,,
brasileirao_serie_a_2026,2026-02-06,2,Cruzeiro,Coritiba,1,2,87,,substitution,,False,,,T. Santos,Maicon,,,,
brasileirao_serie_a_2026,2026-02-06,2,Cruzeiro,Coritiba,1,2,83,,substitution,,True,,,K. Prates,Kaiki,,,,
brasileirao_serie_a_2026,2026-02-06,2,Cruzeiro,Coritiba,1,2,78,,substitution,,True,,,L. Silva,Gerson,,,,
brasileirao_serie_a_2026,2026-02-06,2,Cruzeiro,Coritiba,1,2,73,,substitution,,False,,,F. Sobral,J. Lavega,,,,
brasileirao_serie_a_2026,2026-02-06,2,Cruzeiro,Coritiba,1,2,73,,substitution,,False,,,J. Maranhão,T. Cóser,,,,
brasileirao_serie_a_2026,2026-02-06,2,Cruzeiro,Coritiba,1,2,67,,substitution,,False,,,Keno,B. Lopes,,,,
brasileirao_serie_a_2026,2026-02-06,2,Cruzeiro,Coritiba,1,2,66,,card,F. Bruno,True,yellow,,,,,,,
brasileirao_serie_a_2026,2026-02-06,2,Cruzeiro,Coritiba,1,2,59,,substitution,,True,,,M. Henrique,L. Romero,,,,
brasileirao_serie_a_2026,2026-02-06,2,Cruzeiro,Coritiba,1,2,59,,substitution,,True,,,Fagner,William,,,,
brasileirao_serie_a_2026,2026-02-06,2,Cruzeiro,Coritiba,1,2,55,,card,Kaiki,True,yellow,,,,,,,
brasileirao_serie_a_2026,2026-02-06,2,Cruzeiro,Coritiba,1,2,53,,goal,B. Lopes,False,,,,,,,1,2
brasileirao_serie_a_2026,2026-02-06,2,Cruzeiro,Coritiba,1,2,46,,substitution,,True,,,Wanderson,K. Arroyo,,,,
brasileirao_serie_a_2026,2026-02-06,2,Cruzeiro,Coritiba,1,2,46,,substitution,,False,,,V. Paulista,S. Gomez,,,,
brasileirao_serie_a_2026,2026-02-06,2,Cruzeiro,Coritiba,1,2,45,,goal,J. Lavega,False,,,,,,,1,1
brasileirao_serie_a_2026,2026-02-06,2,Cruzeiro,Coritiba,1,2,36,,card,Pedro Rocha,False,yellow,,,,,,,
brasileirao_serie_a_2026,2026-02-06,2,Cruzeiro,Coritiba,1,2,19,,goal,M. Pereira,True,,,,,,,1,0
brasileirao_serie_a_2026,2026-02-05,2,Vasco da Gama,Chapecoense,1,1,90,,goal,J. Carlos,False,,,,,,,1,1
brasileirao_serie_a_2026,2026-02-05,2,Vasco da Gama,Chapecoense,1,1,86,,substitution,,True,,,J. Rojas,P. Coutinho,,,,
brasileirao_serie_a_2026,2026-02-05,2,Vasco da Gama,Chapecoense,1,1,80,,substitution,,True,,,M. Hinestroza,N. Moreira,,,,
brasileirao_serie_a_2026,2026-02-05,2,Vasco da Gama,Chapecoense,1,1,80,,substitution,,True,,,H. Moura,T. Mendes,,,,
brasileirao_serie_a_2026,2026-02-05,2,Vasco da Gama,Chapecoense,1,1,79,,substitution,,True,,,J. Silva,L. Piton,,,,
brasileirao_serie_a_2026,2026-02-05,2,Vasco da Gama,Chapecoense,1,1,79,,substitution,,False,,,D. Antunes,R. Carvalheira,,,,
brasileirao_serie_a_2026,2026-02-05,2,Vasco da Gama,Chapecoense,1,1,70,,substitution,,False,,,R. Tadeu,B. Leonardo,,,,
brasileirao_serie_a_2026,2026-02-05,2,Vasco da Gama,Chapecoense,1,1,69,,substitution,,True,,,David,Brenner,,,,
brasileirao_serie_a_2026,2026-02-05,2,Vasco da Gama,Chapecoense,1,1,69,,substitution,,False,,,J. Carlos,Camilo,,,,
brasileirao_serie_a_2026,2026-02-05,2,Vasco da Gama,Chapecoense,1,1,69,,substitution,,False,,,Marcinho,Italo,,,,
brasileirao_serie_a_2026,2026-02-05,2,Vasco da Gama,Chapecoense,1,1,55,,goal,P. Rodríguez,True,,,,,,,1,0
brasileirao_serie_a_2026,2026-02-05,2,Vasco da Gama,Chapecoense,1,1,54,,substitution,,False,,,H. Meritão,G. Augusto,,,,
brasileirao_serie_a_2026,2026-02-05,2,Bahia,Fluminense,1,1,90,,card,Lima,False,yellow,,,,,,,
brasileirao_serie_a_2026,2026-02-05,2,Bahia,Fluminense,1,1,89,,substitution,,False,,,Lima,M. Martinelli,,,,
brasileirao_serie_a_2026,2026-02-05,2,Bahia,Fluminense,1,1,89,,substitution,,False,,,G. Arana,Renê,,,,
brasileirao_serie_a_2026,2026-02-05,2,Bahia,Fluminense,1,1,88,,card,Dell,True,red,,,,,,,
brasileirao_serie_a_2026,2026-02-05,2,Bahia,Fluminense,1,1,79,,substitution,,False,,,S. Moreno,K. Serna,,,,
brasileirao_serie_a_2026,2026-02-05,2,Bahia,Fluminense,1,1,79,,substitution,,False,,,Ganso,L. F. Acosta,,,,
brasileirao_serie_a_2026,2026-02-05,2,Bahia,Fluminense,1,1,79,,substitution,,True,,,Dell,W. José,,,,
brasileirao_serie_a_2026,2026-02-05,2,Bahia,Fluminense,1,1,78,,goal,C. Olivera,True,,,,,,,1,1
brasileirao_serie_a_2026,2026-02-05,2,Bahia,Fluminense,1,1,69,,substitution,,True,,,M. Sanabria,Ademir,,,,
brasileirao_serie_a_2026,2026-02-05,2,Bahia,Fluminense,1,1,66,,card,Jemmes,False,yellow,,,,,,,
brasileirao_serie_a_2026,2026-02-05,2,Bahia,Fluminense,1,1,62,,substitution,,True,,,C. Olivera,E. Pulga,,,,
brasileirao_serie_a_2026,2026-02-05,2,Bahia,Fluminense,1,1,62,,substitution,,True,,,C. Alexandre,N. Acevedo,,,,
brasileirao_serie_a_2026,2026-02-05,2,Bahia,Fluminense,1,1,62,,substitution,,True,,,Erick,J. Lucas,,,,
brasileirao_serie_a_2026,2026-02-05,2,Bahia,Fluminense,1,1,60,,substitution,,False,,,F. Bernal,Nonato,,,,
brasileirao_serie_a_2026,2026-02-05,2,Bahia,Fluminense,1,1,53,,card,Nonato,False,yellow,,,,,,,
brasileirao_serie_a_2026,2026-02-05,2,Bahia,Fluminense,1,1,20,,goal,John Kennedy,False,,,,,,,0,1
brasileirao_serie_a_2026,2026-02-05,2,Palmeiras,Vitória,5,1,90,,period,,,,,,,FT,,5,1
brasileirao_serie_a_2026,2026-02-05,2,Palmeiras,Vitória,5,1,90,,card,Lawan,False,yellow,Foul,,,,,,
brasileirao_serie_a_2026,2026-02-05,2,Palmeiras,Vitória,5,1,90,,injuryTime,,,,,,,,2,,
brasileirao_serie_a_2026,2026-02-05,2,Palmeiras,Vitória,5,1,85,,substitution,,True,,,L. F. Pacheco,A. Pereira,,,,
brasileirao_serie_a_2026,2026-02-05,2,Palmeiras,Vitória,5,1,85,,substitution,,True,,,B. Rodrigues,J. López,,,,
brasileirao_serie_a_2026,2026-02-05,2,Palmeiras,Vitória,5,1,85,,substitution,,True,,,Luighi,V. Roque,,,,
brasileirao_serie_a_2026,2026-02-05,2,Palmeiras,Vitória,5,1,85,,substitution,,True,,,Larson,Mauricio,,,,
brasileirao_serie_a_2026,2026-02-05,2,Palmeiras,Vitória,5,1,80,,goal,R. Sosa,True,,,,,,,5,1
brasileirao_serie_a_2026,2026-02-05,2,Palmeiras,Vitória,5,1,78,,substitution,,False,,,Lawan,F. Santos,,,,
brasileirao_serie_a_2026,2026-02-05,2,Palmeiras,Vitória,5,1,72,,substitution,,True,,,R. Sosa,Allan,,,,
brasileirao_serie_a_2026,2026-02-05,2,Palmeiras,Vitória,5,1,69,,substitution,,False,,,L. Cândido,Z. Marcos,,,,
brasileirao_serie_a_2026,2026-02-05,2,Palmeiras,Vitória,5,1,64,,substitution,,False,,,Matheuzinho,Erick,,,,
brasileirao_serie_a_2026,2026-02-05,2,Palmeiras,Vitória,5,1,63,,goal,Allan,True,,,,,,,4,1
brasileirao_serie_a_2026,2026-02-05,2,Palmeiras,Vitória,5,1,56,,goal,D. Rodrigues,False,,,,,,,3,1
brasileirao_serie_a_2026,2026-02-05,2,Palmeiras,Vitória,5,1,52,,card,Z. Marcos,False,yellow,Foul,,,,,,
brasileirao_serie_a_2026,2026-02-05,2,Palmeiras,Vitória,5,1,49,,card,Ramon,False,yellow,Argument,,,,,,
brasileirao_serie_a_2026,2026-02-05,2,Palmeiras,Vitória,5,1,46,,substitution,,False,,,D. Rodrigues,Riccieli,,,,
brasileirao_serie_a_2026,2026-02-05,2,Palmeiras,Vitória,5,1,46,,substitution,,False,,,Mateusinho,N. Mendes,,,,
brasileirao_serie_a_2026,2026-02-05,2,Palmeiras,Vitória,5,1,45,,period,,,,,,,HT,,3,0
brasileirao_serie_a_2026,2026-02-05,2,Palmeiras,Vitória,5,1,45,5,goal,Mauricio,True,,,,,,,3,0
brasileirao_serie_a_2026,2026-02-05,2,Palmeiras,Vitória,5,1,45,2,card,Allan,True,yellow,Foul,,,,,,
brasileirao_serie_a_2026,2026-02-05,2,Palmeiras,Vitória,5,1,45,,injuryTime,,,,,,,,4,,
brasileirao_serie_a_2026,2026-02-05,2,Palmeiras,Vitória,5,1,28,,goal,G. Gómez,True,,,,,,,2,0
brasileirao_serie_a_2026,2026-02-05,2,Palmeiras,Vitória,5,1,25,,card,N. Mendes,False,yellow,Foul,,,,,,
brasileirao_serie_a_2026,2026-02-05,2,Palmeiras,Vitória,5,1,24,,goal,Murilo,True,,,,,,,1,0
brasileirao_serie_a_2026,2026-02-05,2,Palmeiras,Vitória,5,1,0,,card,J. Ventura,False,yellow,Argument,,,,,,
brasileirao_serie_a_2026,2026-02-05,2,Grêmio,Botafogo,5,3,90,,period,,,,,,,FT,,5,3
brasileirao_serie_a_2026,2026-02-05,2,Grêmio,Botafogo,5,3,90,2,substitution,,True,,,Dodi,Arthur,,,,
brasileirao_serie_a_2026,2026-02-05,2,Grêmio,Botafogo,5,3,90,,injuryTime,,,,,,,,8,,
brasileirao_serie_a_2026,2026-02-05,2,Grêmio,Botafogo,5,3,86,,goal,D. Santos,False,,,,,,,5,3
brasileirao_serie_a_2026,2026-02-05,2,Grêmio,Botafogo,5,3,82,,substitution,,False,,,Marquinhos,Allan,,,,
brasileirao_serie_a_2026,2026-02-05,2,Grêmio,Botafogo,5,3,82,,substitution,,False,,,N. Fernandes,Artur,,,,
brasileirao_serie_a_2026,2026-02-05,2,Grêmio,Botafogo,5,3,79,,goal,Edenilson,True,,,,,,,5,2
brasileirao_serie_a_2026,2026-02-05,2,Grêmio,Botafogo,5,3,70,,card,Allan,False,yellow,Foul,,,,,,
brasileirao_serie_a_2026,2026-02-05,2,Grêmio,Botafogo,5,3,68,,substitution,,True,,,Edenilson,Tetê,,,,
brasileirao_serie_a_2026,2026-02-05,2,Grêmio,Botafogo,5,3,68,,substitution,,True,,,A. Henrique,C. Vinícius,,,,
brasileirao_serie_a_2026,2026-02-05,2,Grêmio,Botafogo,5,3,62,,substitution,,False,,,M. Martins,M. Ponte,,,,
brasileirao_serie_a_2026,2026-02-05,2,Grêmio,Botafogo,5,3,61,,substitution,,False,,,J. Barrera,Á. Montoro,,,,
brasileirao_serie_a_2026,2026-02-05,2,Grêmio,Botafogo,5,3,60,,goal,Tetê,True,,,,,,,4,2
brasileirao_serie_a_2026,2026-02-05,2,Grêmio,Botafogo,5,3,57,,goal,C. Vinícius,True,,,,,,,3,2
brasileirao_serie_a_2026,2026-02-05,2,Grêmio,Botafogo,5,3,53,,card,M. Ponte,False,yellow,Foul,,,,,,
brasileirao_serie_a_2026,2026-02-05,2,Grêmio,Botafogo,5,3,50,,goal,C. Vinícius,True,,,,,,,2,2
brasileirao_serie_a_2026,2026-02-05,2,Grêmio,Botafogo,5,3,46,,substitution,,True,,,F. Amuzu,C. Pavón,,,,
brasileirao_serie_a_2026,2026-02-05,2,Grêmio,Botafogo,5,3,45,,period,,,,,,,HT,,1,2
brasileirao_serie_a_2026,2026-02-05,2,Grêmio,Botafogo,5,3,45,3,substitution,,True,,,Willian,M. Monsalve,,,,
brasileirao_serie_a_2026,2026-02-05,2,Grêmio,Botafogo,5,3,45,,injuryTime,,,,,,,,8,,
brasileirao_serie_a_2026,2026-02-05,2,Grêmio,Botafogo,5,3,36,,goal,D. Santos,False,,,,,,,1,2
brasileirao_serie_a_2026,2026-02-05,2,Grêmio,Botafogo,5,3,26,,goal,C. Vinícius,True,,,,,,,1,1
brasileirao_serie_a_2026,2026-02-05,2,Grêmio,Botafogo,5,3,19,,substitution,,False,,,Artur,S. Rodríguez,,,,
brasileirao_serie_a_2026,2026-02-05,2,Grêmio,Botafogo,5,3,17,,goal,A. Cabral,False,,,,,,,0,1
brasileirao_serie_a_2026,2026-02-05,2,Grêmio,Botafogo,5,3,7,,card,A. Barboza,False,yellow,Foul,,,,,,
brasileirao_serie_a_2026,2026-02-05,2,Grêmio,Botafogo,5,3,0,,card,M. Anselmi,False,yellow,Argument,,,,,,
brasileirao_serie_a_2026,2026-02-04,2,Santos,São Paulo,1,1,90,,substitution,,False,,,N. Ferraresi,Maik,,,,
brasileirao_serie_a_2026,2026-02-04,2,Santos,São Paulo,1,1,88,,substitution,,True,,,L. Díaz,Rony,,,,
brasileirao_serie_a_2026,2026-02-04,2,Santos,São Paulo,1,1,88,,substitution,,True,,,G. Bontempo,G. Menino,,,,
brasileirao_serie_a_2026,2026-02-04,2,Santos,São Paulo,1,1,84,,substitution,,False,,,Luan,D. Bobadilla,,,,
brasileirao_serie_a_2026,2026-02-04,2,Santos,São Paulo,1,1,80,,substitution,,True,,,B. Rollheiser,Á. Barreal,,,,
brasileirao_serie_a_2026,2026-02-04,2,Santos,São Paulo,1,1,74,,card,G. Escobar,True,yellow,,,,,,,
brasileirao_serie_a_2026,2026-02-04,2,Santos,São Paulo,1,1,71,,card,J. Schmidt,True,yellow,,,,,,,
brasileirao_serie_a_2026,2026-02-04,2,Santos,São Paulo,1,1,70,,substitution,,True,,,Miguelito,Z. Rafael,,,,
brasileirao_serie_a_2026,2026-02-04,2,Santos,São Paulo,1,1,66,,goal,J. Calleri,False,,,,,,,1,1
brasileirao_serie_a_2026,2026-02-04,2,Santos,São Paulo,1,1,62,,substitution,,False,,,M. Antônio,P. Maia,,,,
brasileirao_serie_a_2026,2026-02-04,2,Santos,São Paulo,1,1,61,,substitution,,False,,,Luciano,G. Tapia,,,,
brasileirao_serie_a_2026,2026-02-04,2,Santos,São Paulo,1,1,61,,substitution,,False,,,L. Moura,A. Franco,,,,
brasileirao_serie_a_2026,2026-02-04,2,Santos,São Paulo,1,1,54,,card,Z. Rafael,True,yellow,,,,,,,
brasileirao_serie_a_2026,2026-02-04,2,Santos,São Paulo,1,1,46,,substitution,,True,,,J. Basso,A. Frías,,,,
brasileirao_serie_a_2026,2026-02-04,2,Santos,São Paulo,1,1,45,,goal,Z. Rafael,True,,,,,,,1,0
brasileirao_serie_a_2026,2026-02-04,2,Santos,São Paulo,1,1,37,,card,A. Franco,False,yellow,,,,,,,
brasileirao_serie_a_2026,2026-02-04,2,Santos,São Paulo,1,1,30,,card,Rony,True,yellow,,,,,,,
brasileirao_serie_a_2026,2026-02-04,2,Santos,São Paulo,1,1,18,,card,A. Frías,True,yellow,,,,,,,
brasileirao_serie_a_2026,2026-02-04,2,Remo,Mirassol,2,2,89,,goal,Nathan Fogaça,False,,,,,,,2,2
brasileirao_serie_a_2026,2026-02-04,2,Remo,Mirassol,2,2,81,,goal,Igor Formiga,False,,,,,,,2,1
brasileirao_serie_a_2026,2026-02-04,2,Remo,Mirassol,2,2,72,,card,J. Aldo,False,yellow,,,,,,,
brasileirao_serie_a_2026,2026-02-04,2,Remo,Mirassol,2,2,72,,card,J. Lucas,True,yellow,,,,,,,
brasileirao_serie_a_2026,2026-02-04,2,Remo,Mirassol,2,2,68,,substitution,,True,,,F. Catarozzi,A. Manga,,,,
brasileirao_serie_a_2026,2026-02-04,2,Remo,Mirassol,2,2,68,,substitution,,True,,,K. Almeida,L. Picco,,,,
brasileirao_serie_a_2026,2026-02-04,2,Remo,Mirassol,2,2,68,,substitution,,False,,,Galeano,Alesson,,,,
brasileirao_serie_a_2026,2026-02-04,2,Remo,Mirassol,2,2,68,,substitution,,False,,,J. Aldo,Y. Lara,,,,
brasileirao_serie_a_2026,2026-02-04,2,Remo,Mirassol,2,2,67,,substitution,,False,,,Nathan Fogaça,Carlos Eduardo,,,,
brasileirao_serie_a_2026,2026-02-04,2,Remo,Mirassol,2,2,63,,substitution,,True,,,Y. Pikachu,J. P. Silva,,,,
brasileirao_serie_a_2026,2026-02-04,2,Remo,Mirassol,2,2,63,,substitution,,True,,,Zé Welison,Vitor Bueno,,,,
brasileirao_serie_a_2026,2026-02-04,2,Remo,Mirassol,2,2,62,,substitution,,True,,,Patrick,Diego Hernández,,,,
brasileirao_serie_a_2026,2026-02-04,2,Remo,Mirassol,2,2,46,,substitution,,False,,,Everton Galdino,Denilson,,,,
brasileirao_serie_a_2026,2026-02-04,2,Remo,Mirassol,2,2,46,,substitution,,False,,,Igor Formiga,Rodrigues,,,,
brasileirao_serie_a_2026,2026-02-04,2,Remo,Mirassol,2,2,45,,card,Negueba,False,yellow,,,,,,,
brasileirao_serie_a_2026,2026-02-04,2,Remo,Mirassol,2,2,39,,goal,A. Manga,True,,,,,,,2,0
brasileirao_serie_a_2026,2026-02-04,2,Remo,Mirassol,2,2,35,,card,Diego Hernández,True,yellow,,,,,,,
brasileirao_serie_a_2026,2026-02-04,2,Remo,Mirassol,2,2,8,,goal,J. P. Silva,True,,,,,,,1,0
brasileirao_serie_a_2026,2026-02-04,2,Red Bull Bragantino,Atlético Mineiro,1,0,90,,card,R. Lodi,False,yellow,,,,,,,
brasileirao_serie_a_2026,2026-02-04,2,Red Bull Bragantino,Atlético Mineiro,1,0,88,,substitution,,False,,,M. Cissé,Maycon,,,,
brasileirao_serie_a_2026,2026-02-04,2,Red Bull Bragantino,Atlético Mineiro,1,0,88,,card,J. A. Hurtado,True,yellow,,,,,,,
brasileirao_serie_a_2026,2026-02-04,2,Red Bull Bragantino,Atlético Mineiro,1,0,82,,substitution,,True,,,E. Ramires,G. Neves,,,,
brasileirao_serie_a_2026,2026-02-04,2,Red Bull Bragantino,Atlético Mineiro,1,0,76,,card,I. Sosa,True,yellow,,,,,,,
brasileirao_serie_a_2026,2026-02-04,2,Red Bull Bragantino,Atlético Mineiro,1,0,76,,card,I. Gomes,False,yellow,,,,,,,
brasileirao_serie_a_2026,2026-02-04,2,Red Bull Bragantino,Atlético Mineiro,1,0,71,,substitution,,False,,,G. Scarpa,Á. Preciado,,,,
brasileirao_serie_a_2026,2026-02-04,2,Red Bull Bragantino,Atlético Mineiro,1,0,71,,substitution,,True,,,P. Henrique,A. Vinicius,,,,
brasileirao_serie_a_2026,2026-02-04,2,Red Bull Bragantino,Atlético Mineiro,1,0,66,,substitution,,True,,,Fabinho,Gabriel,,,,
brasileirao_serie_a_2026,2026-02-04,2,Red Bull Bragantino,Atlético Mineiro,1,0,66,,substitution,,True,,,I. Sosa,M. Fernandes,,,,
brasileirao_serie_a_2026,2026-02-04,2,Red Bull Bragantino,Atlético Mineiro,1,0,66,,substitution,,True,,,I. Pitta,E. Sasha,,,,
brasileirao_serie_a_2026,2026-02-04,2,Red Bull Bragantino,Atlético Mineiro,1,0,63,,substitution,,False,,,Reinier,Hulk,,,,
brasileirao_serie_a_2026,2026-02-04,2,Red Bull Bragantino,Atlético Mineiro,1,0,46,,substitution,,False,,,I. Gomes,Bernard,,,,
brasileirao_serie_a_2026,2026-02-04,2,Red Bull Bragantino,Atlético Mineiro,1,0,46,,substitution,,False,,,T. Cuello,Dudu,,,,
brasileirao_serie_a_2026,2026-02-04,2,Red Bull Bragantino,Atlético Mineiro,1,0,38,,goal,G. Neves,True,,,,,,,1,0
brasileirao_serie_a_2026,2026-02-04,2,Red Bull Bragantino,Atlético Mineiro,1,0,30,,card,Gabriel,True,yellow,,,,,,,
brasileirao_serie_a_2026,2026-02-04,2,Flamengo,Internacional,1,1,90,,period,,,,,,,FT,,1,1
brasileirao_serie_a_2026,2026-02-04,2,Flamengo,Internacional,1,1,90,4,card,S. Lino,True,yellow,Foul,,,,,,
brasileirao_serie_a_2026,2026-02-04,2,Flamengo,Internacional,1,1,90,,injuryTime,,,,,,,,9,,
brasileirao_serie_a_2026,2026-02-04,2,Flamengo,Internacional,1,1,89,,card,G. Varela,True,yellow,Foul,,,,,,
brasileirao_serie_a_2026,2026-02-04,2,Flamengo,Internacional,1,1,86,,substitution,,False,,,T. Maia,J. Carbonero,,,,
brasileirao_serie_a_2026,2026-02-04,2,Flamengo,Internacional,1,1,86,,substitution,,False,,,Alerrandro,R. Borré,,,,
brasileirao_serie_a_2026,2026-02-04,2,Flamengo,Internacional,1,1,81,,substitution,,False,,,F. Torres,G. Mercado,,,,
brasileirao_serie_a_2026,2026-02-04,2,Flamengo,Internacional,1,1,73,,substitution,,True,,,E. Araujo,N. De la Cruz,,,,
brasileirao_serie_a_2026,2026-02-04,2,Flamengo,Internacional,1,1,68,,goal,G. de Arrascaeta,True,,,,,,,1,1
brasileirao_serie_a_2026,2026-02-04,2,Flamengo,Internacional,1,1,64,,substitution,,True,,,S. Lino,Everton,,,,
brasileirao_serie_a_2026,2026-02-04,2,Flamengo,Internacional,1,1,64,,substitution,,True,,,J. Carrascal,L. Paquetá,,,,
brasileirao_serie_a_2026,2026-02-04,2,Flamengo,Internacional,1,1,63,,card,N. De la Cruz,True,yellow,Foul,,,,,,
brasileirao_serie_a_2026,2026-02-04,2,Flamengo,Internacional,1,1,57,,substitution,,False,,,B. Henrique,Ronaldo,,,,
brasileirao_serie_a_2026,2026-02-04,2,Flamengo,Internacional,1,1,57,,substitution,,False,,,B. Aguirre,Vitinho,,,,
brasileirao_serie_a_2026,2026-02-04,2,Flamengo,Internacional,1,1,46,,substitution,,True,,,G. Varela,E. Royal,,,,
brasileirao_serie_a_2026,2026-02-04,2,Flamengo,Internacional,1,1,46,,substitution,,True,,,Pedro,B. Henrique,,,,
brasileirao_serie_a_2026,2026-02-04,2,Flamengo,Internacional,1,1,45,,period,,,,,,,HT,,0,1
brasileirao_serie_a_2026,2026-02-04,2,Flamengo,Internacional,1,1,45,2,goal,R. Borré,False,,,,,,,0,1
brasileirao_serie_a_2026,2026-02-04,2,Flamengo,Internacional,1,1,45,,injuryTime,,,,,,,,5,,
brasileirao_serie_a_2026,2026-02-04,2,Flamengo,Internacional,1,1,22,,card,Vitinho,False,yellow,Foul,,,,,,
brasileirao_serie_a_2026,2026-02-04,2,Flamengo,Internacional,1,1,5,,card,Ronaldo,False,yellow,Foul,,,,,,
brasileirao_serie_a_2026,2026-02-04,2,Flamengo,Internacional,1,1,4,,card,L. Paquetá,True,yellow,Foul,,,,,,
brasileirao_serie_a_2026,2026-02-04,2,Flamengo,Internacional,1,1,0,,card,G. Mercado,False,yellow,Argument,,,,,,
brasileirao_serie_a_2026,2026-01-30,1,Botafogo,Cruzeiro,4,0,90,,period,,,,,,,FT,,4,0
brasileirao_serie_a_2026,2026-01-30,1,Botafogo,Cruzeiro,4,0,90,1,goal,Artur,True,,,,,,,4,0
brasileirao_serie_a_2026,2026-01-30,1,Botafogo,Cruzeiro,4,0,90,,injuryTime,,,,,,,,5,,
brasileirao_serie_a_2026,2026-01-30,1,Botafogo,Cruzeiro,4,0,88,,substitution,,True,,,J. Barrera,S. Rodríguez,,,,
brasileirao_serie_a_2026,2026-01-30,1,Botafogo,Cruzeiro,4,0,85,,goal,D. Santos,True,,,,,,,3,0
brasileirao_serie_a_2026,2026-01-30,1,Botafogo,Cruzeiro,4,0,83,,card,K. Kenji,False,yellow,Foul,,,,,,
brasileirao_serie_a_2026,2026-01-30,1,Botafogo,Cruzeiro,4,0,81,,substitution,,True,,,Marçal,A. Telles,,,,
brasileirao_serie_a_2026,2026-01-30,1,Botafogo,Cruzeiro,4,0,81,,substitution,,True,,,N. Fernandes,Á. Montoro,,,,
brasileirao_serie_a_2026,2026-01-30,1,Botafogo,Cruzeiro,4,0,78,,substitution,,False,,,J. Marcelo,J. Jesus,,,,
brasileirao_serie_a_2026,2026-01-30,1,Botafogo,Cruzeiro,4,0,78,,substitution,,False,,,K. Kenji,Gerson,,,,
brasileirao_serie_a_2026,2026-01-30,1,Botafogo,Cruzeiro,4,0,77,,substitution,,False,,,M. Henrique,L. Romero,,,,
brasileirao_serie_a_2026,2026-01-30,1,Botafogo,Cruzeiro,4,0,76,,goal,M. Martins,True,,,,,,,2,0
brasileirao_serie_a_2026,2026-01-30,1,Botafogo,Cruzeiro,4,0,65,,substitution,,False,,,Christian,L. Silva,,,,
brasileirao_serie_a_2026,2026-01-30,1,Botafogo,Cruzeiro,4,0,63,,substitution,,True,,,Artur,Allan,,,,
brasileirao_serie_a_2026,2026-01-30,1,Botafogo,Cruzeiro,4,0,63,,substitution,,True,,,M. Martins,A. Cabral,,,,
brasileirao_serie_a_2026,2026-01-30,1,Botafogo,Cruzeiro,4,0,56,,substitution,,False,,,K. Arroyo,Wanderson,,,,
brasileirao_serie_a_2026,2026-01-30,1,Botafogo,Cruzeiro,4,0,48,,goal,D. Santos,True,,,,,,,1,0
brasileirao_serie_a_2026,2026-01-30,1,Botafogo,Cruzeiro,4,0,45,,period,,,,,,,HT,,0,0
brasileirao_serie_a_2026,2026-01-30,1,Botafogo,Cruzeiro,4,0,45,4,card,Allan,True,yellow,Foul,,,,,,
brasileirao_serie_a_2026,2026-01-30,1,Botafogo,Cruzeiro,4,0,45,,injuryTime,,,,,,,,4,,
brasileirao_serie_a_2026,2026-01-30,1,Botafogo,Cruzeiro,4,0,17,,card,L. Silva,False,yellow,Foul,,,,,,
brasileirao_serie_a_2026,2026-01-30,1,Botafogo,Cruzeiro,4,0,0,,card,M. Anselmi,True,yellow,Argument,,,,,,
brasileirao_serie_a_2026,2026-01-29,1,Mirassol,Vasco da Gama,2,1,85,,substitution,,True,,,L. Otávio,Reinaldo,,,,
brasileirao_serie_a_2026,2026-01-29,1,Mirassol,Vasco da Gama,2,1,82,,card,Nathan Fogaça,True,yellow,,,,,,,
brasileirao_serie_a_2026,2026-01-29,1,Mirassol,Vasco da Gama,2,1,80,,substitution,,False,,,G. Souza,C. Barros,,,,
brasileirao_serie_a_2026,2026-01-29,1,Mirassol,Vasco da Gama,2,1,74,,substitution,,False,,,J. Silva,L. Piton,,,,
brasileirao_serie_a_2026,2026-01-29,1,Mirassol,Vasco da Gama,2,1,74,,card,W. Machado,True,yellow,,,,,,,
brasileirao_serie_a_2026,2026-01-29,1,Mirassol,Vasco da Gama,2,1,70,,substitution,,True,,,Galeano,Alesson,,,,
brasileirao_serie_a_2026,2026-01-29,1,Mirassol,Vasco da Gama,2,1,69,,substitution,,True,,,J. Aldo,N. Moura,,,,
brasileirao_serie_a_2026,2026-01-29,1,Mirassol,Vasco da Gama,2,1,68,,substitution,,False,,,A. Fernandes,J. Rojas,,,,
brasileirao_serie_a_2026,2026-01-29,1,Mirassol,Vasco da Gama,2,1,68,,substitution,,False,,,Matheus França,N. Moreira,,,,
brasileirao_serie_a_2026,2026-01-29,1,Mirassol,Vasco da Gama,2,1,63,,substitution,,True,,,Everton Galdino,Eduardo,,,,
brasileirao_serie_a_2026,2026-01-29,1,Mirassol,Vasco da Gama,2,1,62,,substitution,,True,,,Nathan Fogaça,Renato Marques,,,,
brasileirao_serie_a_2026,2026-01-29,1,Mirassol,Vasco da Gama,2,1,54,,goal,Eduardo,True,,,,,,,2,1
brasileirao_serie_a_2026,2026-01-29,1,Mirassol,Vasco da Gama,2,1,47,,card,N. Moreira,False,yellow,,,,,,,
brasileirao_serie_a_2026,2026-01-29,1,Mirassol,Vasco da Gama,2,1,32,,goal,C. Cuesta,True,,,,,,,1,1
brasileirao_serie_a_2026,2026-01-29,1,Mirassol,Vasco da Gama,2,1,21,,goal,P. Coutinho,False,,,,,,,0,1
brasileirao_serie_a_2026,2026-01-29,1,São Paulo,Flamengo,2,1,90,,card,Jorginho,False,red,,,,,,,
brasileirao_serie_a_2026,2026-01-29,1,São Paulo,Flamengo,2,1,90,,substitution,,True,,,G. Tapia,J. Calleri,,,,
brasileirao_serie_a_2026,2026-01-29,1,São Paulo,Flamengo,2,1,86,,substitution,,True,,,P. Maia,Danielzinho,,,,
brasileirao_serie_a_2026,2026-01-29,1,São Paulo,Flamengo,2,1,86,,substitution,,True,,,L. Moura,Luciano,,,,
brasileirao_serie_a_2026,2026-01-29,1,São Paulo,Flamengo,2,1,80,,substitution,,True,,,C. Soares,Maik,,,,
brasileirao_serie_a_2026,2026-01-29,1,São Paulo,Flamengo,2,1,71,,goal,Danielzinho,True,,,,,,,2,1
brasileirao_serie_a_2026,2026-01-29,1,São Paulo,Flamengo,2,1,62,,substitution,,False,,,B. Henrique,J. Carrascal,,,,
brasileirao_serie_a_2026,2026-01-29,1,São Paulo,Flamengo,2,1,62,,substitution,,False,,,S. Lino,Everton,,,,
brasileirao_serie_a_2026,2026-01-29,1,São Paulo,Flamengo,2,1,61,,goal,Luciano,True,,,,,,,1,1
brasileirao_serie_a_2026,2026-01-29,1,São Paulo,Flamengo,2,1,56,,substitution,,False,,,Arrascaeta,Pedro,,,,
brasileirao_serie_a_2026,2026-01-29,1,São Paulo,Flamengo,2,1,56,,substitution,,False,,,Jorginho,E. Araujo,,,,
brasileirao_serie_a_2026,2026-01-29,1,São Paulo,Flamengo,2,1,54,,goal,G. Plata,False,,,,,,,0,1
brasileirao_serie_a_2026,2026-01-28,1,Corinthians,Bahia,1,2,90,,period,,,,,,,FT,,1,2
brasileirao_serie_a_2026,2026-01-28,1,Corinthians,Bahia,1,2,90,4,card,Matheuzinho,True,yellow,Foul,,,,,,
brasileirao_serie_a_2026,2026-01-28,1,Corinthians,Bahia,1,2,90,,injuryTime,,,,,,,,8,,
brasileirao_serie_a_2026,2026-01-28,1,Corinthians,Bahia,1,2,87,,card,M. Araújo,False,yellowRed,Foul,,,,,,
brasileirao_serie_a_2026,2026-01-28,1,Corinthians,Bahia,1,2,82,,card,M. Araújo,False,yellow,Foul,,,,,,
brasileirao_serie_a_2026,2026-01-28,1,Corinthians,Bahia,1,2,78,,substitution,,True,,,P. Raul,Y. Alberto,,,,
brasileirao_serie_a_2026,2026-01-28,1,Corinthians,Bahia,1,2,78,,substitution,,False,,,M. Araújo,Ademir,,,,
brasileirao_serie_a_2026,2026-01-28,1,Corinthians,Bahia,1,2,78,,substitution,,True,,,G. Negão,B. Bidon,,,,
brasileirao_serie_a_2026,2026-01-28,1,Corinthians,Bahia,1,2,77,,substitution,,False,,,R. Nestor,N. Acevedo,,,,
brasileirao_serie_a_2026,2026-01-28,1,Corinthians,Bahia,1,2,68,,substitution,,False,,,Erick,J. Lucas,,,,
brasileirao_serie_a_2026,2026-01-28,1,Corinthians,Bahia,1,2,66,,card,N. Acevedo,False,yellow,Foul,,,,,,
brasileirao_serie_a_2026,2026-01-28,1,Corinthians,Bahia,1,2,64,,substitution,,False,,,C. Olivera,E. Pulga,,,,
brasileirao_serie_a_2026,2026-01-28,1,Corinthians,Bahia,1,2,64,,substitution,,False,,,Dell,W. José,,,,
brasileirao_serie_a_2026,2026-01-28,1,Corinthians,Bahia,1,2,63,,substitution,,True,,,A. Luiz,R. Garro,,,,
brasileirao_serie_a_2026,2026-01-28,1,Corinthians,Bahia,1,2,63,,substitution,,True,,,Vitinho,M. Depay,,,,
brasileirao_serie_a_2026,2026-01-28,1,Corinthians,Bahia,1,2,63,,substitution,,True,,,M. Pereira,A. Carrillo,,,,
brasileirao_serie_a_2026,2026-01-28,1,Corinthians,Bahia,1,2,62,,card,B. Bidon,True,yellow,Foul,,,,,,
brasileirao_serie_a_2026,2026-01-28,1,Corinthians,Bahia,1,2,54,,card,Raniele,True,yellow,Foul,,,,,,
brasileirao_serie_a_2026,2026-01-28,1,Corinthians,Bahia,1,2,49,,card,E. Pulga,False,yellow,Foul,,,,,,
brasileirao_serie_a_2026,2026-01-28,1,Corinthians,Bahia,1,2,45,,period,,,,,,,HT,,1,2
brasileirao_serie_a_2026,2026-01-28,1,Corinthians,Bahia,1,2,45,1,goal,W. José,False,,,,,,,1,2
brasileirao_serie_a_2026,2026-01-28,1,Corinthians,Bahia,1,2,45,,injuryTime,,,,,,,,4,,
brasileirao_serie_a_2026,2026-01-28,1,Corinthians,Bahia,1,2,43,,card,J. Lucas,False,yellow,Foul,,,,,,
brasileirao_serie_a_2026,2026-01-28,1,Corinthians,Bahia,1,2,32,,goal,J. Lucas,False,,,,,,,1,1
brasileirao_serie_a_2026,2026-01-28,1,Corinthians,Bahia,1,2,12,,goal,B. Bidon,True,,,,,,,1,0
brasileirao_serie_a_2026,2026-01-28,1,Corinthians,Bahia,1,2,0,,card,R. Ceni,False,yellow,Argument,,,,,,
brasileirao_serie_a_2026,2026-01-28,1,Chapecoense,Santos,4,2,90,,goal,R. Carvalheira,True,,,,,,,4,2
brasileirao_serie_a_2026,2026-01-28,1,Chapecoense,Santos,4,2,89,,substitution,,False,,,G. Bontempo,G. Menino,,,,
brasileirao_serie_a_2026,2026-01-28,1,Chapecoense,Santos,4,2,85,,card,L. Vieira,True,yellow,,,,,,,
brasileirao_serie_a_2026,2026-01-28,1,Chapecoense,Santos,4,2,84,,substitution,,False,,,B. Rollheiser,Miguelito,,,,
brasileirao_serie_a_2026,2026-01-28,1,Chapecoense,Santos,4,2,81,,card,G. Menino,False,yellow,,,,,,,
brasileirao_serie_a_2026,2026-01-28,1,Chapecoense,Santos,4,2,80,,goal,J. Carlos,True,,,,,,,3,2
brasileirao_serie_a_2026,2026-01-28,1,Chapecoense,Santos,4,2,78,,substitution,,False,,,Robinho Jr,Z. Rafael,,,,
brasileirao_serie_a_2026,2026-01-28,1,Chapecoense,Santos,4,2,77,,substitution,,False,,,F. Pradella,L. Díaz,,,,
brasileirao_serie_a_2026,2026-01-28,1,Chapecoense,Santos,4,2,75,,substitution,,True,,,R. Santos,J. Paulo,,,,
brasileirao_serie_a_2026,2026-01-28,1,Chapecoense,Santos,4,2,73,,goal,H. Meritão,True,,,,,,,2,2
brasileirao_serie_a_2026,2026-01-28,1,Chapecoense,Santos,4,2,68,,substitution,,True,,,H. Meritão,Camilo,,,,
brasileirao_serie_a_2026,2026-01-28,1,Chapecoense,Santos,4,2,67,,goal,Á. Barreal,False,,,,,,,1,2
brasileirao_serie_a_2026,2026-01-28,1,Chapecoense,Santos,4,2,63,,card,Camilo,True,yellow,,,,,,,
brasileirao_serie_a_2026,2026-01-28,1,Chapecoense,Santos,4,2,58,,substitution,,True,,,J. Carlos,G. Augusto,,,,
brasileirao_serie_a_2026,2026-01-28,1,Chapecoense,Santos,4,2,58,,substitution,,True,,,Y. Bolasie,Marcinho,,,,
brasileirao_serie_a_2026,2026-01-28,1,Chapecoense,Santos,4,2,46,,substitution,,False,,,Á. Barreal,G. Caballero,,,,
brasileirao_serie_a_2026,2026-01-28,1,Chapecoense,Santos,4,2,46,,substitution,,True,,,Everton,M. Vinícius,,,,
brasileirao_serie_a_2026,2026-01-28,1,Chapecoense,Santos,4,2,45,,goal,G. Menino,False,,,,,,,1,1
brasileirao_serie_a_2026,2026-01-28,1,Chapecoense,Santos,4,2,40,,card,M. Vinícius,True,yellow,,,,,,,
brasileirao_serie_a_2026,2026-01-28,1,Chapecoense,Santos,4,2,16,,goal,W. Clar,True,,,,,,,1,0
brasileirao_serie_a_2026,2026-01-28,1,Chapecoense,Santos,4,2,15,,card,G. Brazão,False,yellow,,,,,,,
brasileirao_serie_a_2026,2026-01-28,1,Chapecoense,Santos,4,2,7,,card,A. Duarte,False,yellow,,,,,,,
brasileirao_serie_a_2026,2026-01-28,1,Fluminense,Grêmio,2,1,90,,card,A. Henrique,False,yellow,,,,,,,
brasileirao_serie_a_2026,2026-01-28,1,Fluminense,Grêmio,2,1,90,,substitution,,True,,,Everaldo,John Kennedy,,,,
brasileirao_serie_a_2026,2026-01-28,1,Fluminense,Grêmio,2,1,86,,substitution,,True,,,S. Moreno,A. Canobbio,,,,
brasileirao_serie_a_2026,2026-01-28,1,Fluminense,Grêmio,2,1,86,,substitution,,False,,,A. Henrique,C. Vinícius,,,,
brasileirao_serie_a_2026,2026-01-28,1,Fluminense,Grêmio,2,1,79,,substitution,,True,,,J. Savarino,K. Serna,,,,
brasileirao_serie_a_2026,2026-01-28,1,Fluminense,Grêmio,2,1,78,,substitution,,True,,,Ganso,L. F. Acosta,,,,
brasileirao_serie_a_2026,2026-01-28,1,Fluminense,Grêmio,2,1,78,,substitution,,True,,,F. Bernal,Nonato,,,,
brasileirao_serie_a_2026,2026-01-28,1,Fluminense,Grêmio,2,1,75,,goal,C. Vinícius,False,,,,,,,2,1
brasileirao_serie_a_2026,2026-01-28,1,Fluminense,Grêmio,2,1,74,,substitution,,False,,,J. Enamorado,Tetê,,,,
brasileirao_serie_a_2026,2026-01-28,1,Fluminense,Grêmio,2,1,61,,substitution,,False,,,Willian,Dodi,,,,
brasileirao_serie_a_2026,2026-01-28,1,Fluminense,Grêmio,2,1,60,,substitution,,False,,,C. Pavón,F. Amuzu,,,,
brasileirao_serie_a_2026,2026-01-28,1,Fluminense,Grêmio,2,1,59,,goal,L. F. Acosta,True,,,,,,,2,0
brasileirao_serie_a_2026,2026-01-28,1,Fluminense,Grêmio,2,1,46,,goal,Nonato,True,,,,,,,1,0
brasileirao_serie_a_2026,2026-01-28,1,Fluminense,Grêmio,2,1,46,,substitution,,False,,,M. Rocha,J. Pedro,,,,
brasileirao_serie_a_2026,2026-01-28,1,Fluminense,Grêmio,2,1,45,,card,Dodi,False,yellow,,,,,,,
brasileirao_serie_a_2026,2026-01-28,1,Fluminense,Grêmio,2,1,40,,card,Nonato,True,yellow,,,,,,,
brasileirao_serie_a_2026,2026-01-28,1,Vitória,Remo,2,0,90,,card,Léo,False,yellow,,,,,,,
brasileirao_serie_a_2026,2026-01-28,1,Vitória,Remo,2,0,81,,substitution,,True,,,Osvaldo,Matheuzinho,,,,
brasileirao_serie_a_2026,2026-01-28,1,Vitória,Remo,2,0,77,,goal,G. Baralhas,True,,,,,,,2,0
brasileirao_serie_a_2026,2026-01-28,1,Vitória,Remo,2,0,77,,card,Dodô,False,yellow,,,,,,,
brasileirao_serie_a_2026,2026-01-28,1,Vitória,Remo,2,0,72,,substitution,,True,,,F. Santos,R. Kayzer,,,,
brasileirao_serie_a_2026,2026-01-28,1,Vitória,Remo,2,0,67,,substitution,,False,,,Marcelinho,A. Manga,,,,
brasileirao_serie_a_2026,2026-01-28,1,Vitória,Remo,2,0,67,,substitution,,False,,,Dodô,P. de Paula,,,,
brasileirao_serie_a_2026,2026-01-28,1,Vitória,Remo,2,0,62,,substitution,,True,,,Jamerson,Ramon,,,,
brasileirao_serie_a_2026,2026-01-28,1,Vitória,Remo,2,0,58,,goal,R. Kayzer,True,,,,,,,1,0
brasileirao_serie_a_2026,2026-01-28,1,Vitória,Remo,2,0,56,,substitution,,False,,,E. Melo,J. P. Silva,,,,
brasileirao_serie_a_2026,2026-01-28,1,Vitória,Remo,2,0,46,,substitution,,True,,,Erick,A. Cantalapiedra,,,,
brasileirao_serie_a_2026,2026-01-28,1,Vitória,Remo,2,0,46,,substitution,,True,,,D. Rodrigues,Riccieli,,,,
brasileirao_serie_a_2026,2026-01-28,1,Vitória,Remo,2,0,46,,substitution,,False,,,G. Pavani,Zé Ricardo,,,,
brasileirao_serie_a_2026,2026-01-28,1,Vitória,Remo,2,0,43,,card,P. de Paula,False,yellow,,,,,,,
brasileirao_serie_a_2026,2026-01-28,1,Vitória,Remo,2,0,38,,card,Ramon,True,yellow,,,,,,,
brasileirao_serie_a_2026,2026-01-28,1,Vitória,Remo,2,0,34,,substitution,,False,,,Patrick,Jaderson,,,,
brasileirao_serie_a_2026,2026-01-28,1,Vitória,Remo,2,0,28,,card,G. Baralhas,True,yellow,,,,,,,
brasileirao_serie_a_2026,2026-01-28,1,Vitória,Remo,2,0,15,,card,Zé Ricardo,False,yellow,,,,,,,
brasileirao_serie_a_2026,2026-01-28,1,Internacional,Athletico,0,1,90,,substitution,,True,,,Raykkonen,A. Patrick,,,,
brasileirao_serie_a_2026,2026-01-28,1,Internacional,Athletico,0,1,85,,substitution,,False,,,D. Riquelme,Bruno Zapelli,,,,
brasileirao_serie_a_2026,2026-01-28,1,Internacional,Athletico,0,1,82,,card,Paulinho,True,yellow,,,,,,,
brasileirao_serie_a_2026,2026-01-28,1,Internacional,Athletico,0,1,81,,substitution,,False,,,Luiz Fernando,Julimar,,,,
brasileirao_serie_a_2026,2026-01-28,1,Internacional,Athletico,0,1,80,,substitution,,False,,,Léo,C. Terán,,,,
brasileirao_serie_a_2026,2026-01-28,1,Internacional,Athletico,0,1,75,,substitution,,True,,,R. Villagra,Ronaldo,,,,
brasileirao_serie_a_2026,2026-01-28,1,Internacional,Athletico,0,1,73,,card,A. Bernabei,True,yellow,,,,,,,
brasileirao_serie_a_2026,2026-01-28,1,Internacional,Athletico,0,1,65,,substitution,,True,,,Paulinho,B. Henrique,,,,
brasileirao_serie_a_2026,2026-01-28,1,Internacional,Athletico,0,1,65,,substitution,,True,,,B. Aguirre,B. Gomes,,,,
brasileirao_serie_a_2026,2026-01-28,1,Internacional,Athletico,0,1,65,,substitution,,False,,,Jádson,C. Portilla,,,,
brasileirao_serie_a_2026,2026-01-28,1,Internacional,Athletico,0,1,65,,substitution,,False,,,Dudu,S. Mendoza,,,,
brasileirao_serie_a_2026,2026-01-28,1,Internacional,Athletico,0,1,55,,card,C. Portilla,False,yellow,,,,,,,
brasileirao_serie_a_2026,2026-01-28,1,Internacional,Athletico,0,1,46,,substitution,,True,,,J. Carbonero,B. Tabata,,,,
brasileirao_serie_a_2026,2026-01-28,1,Internacional,Athletico,0,1,9,,goal,S. Mendoza,False,,,,,,,0,1
brasileirao_serie_a_2026,2026-01-28,1,Coritiba,Red Bull Bragantino,0,1,90,,goal,J. Capixaba,False,,,,,,,0,1
brasileirao_serie_a_2026,2026-01-28,1,Coritiba,Red Bull Bragantino,0,1,86,,substitution,,False,,,Vinicinho,H. Mosquera,,,,
brasileirao_serie_a_2026,2026-01-28,1,Coritiba,Red Bull Bragantino,0,1,82,,substitution,,True,,,Wallisson Luiz,W. Oliveira,,,,
brasileirao_serie_a_2026,2026-01-28,1,Coritiba,Red Bull Bragantino,0,1,82,,substitution,,True,,,T. Santos,Bruno Melo,,,,
brasileirao_serie_a_2026,2026-01-28,1,Coritiba,Red Bull Bragantino,0,1,77,,card,I. Sosa,False,yellow,,,,,,,
brasileirao_serie_a_2026,2026-01-28,1,Coritiba,Red Bull Bragantino,0,1,76,,substitution,,True,,,V. Paulista,L. Ronier,,,,
brasileirao_serie_a_2026,2026-01-28,1,Coritiba,Red Bull Bragantino,0,1,70,,substitution,,False,,,A. Sant'Anna,J. A. Hurtado,,,,
brasileirao_serie_a_2026,2026-01-28,1,Coritiba,Red Bull Bragantino,0,1,69,,substitution,,False,,,I. Sosa,M. Fernandes,,,,
brasileirao_serie_a_2026,2026-01-28,1,Coritiba,Red Bull Bragantino,0,1,64,,substitution,,True,,,J. Maranhão,J. Lavega,,,,
brasileirao_serie_a_2026,2026-01-28,1,Coritiba,Red Bull Bragantino,0,1,64,,substitution,,True,,,B. Lopes,Pedro Rocha,,,,
brasileirao_serie_a_2026,2026-01-28,1,Coritiba,Red Bull Bragantino,0,1,57,,card,M. Fernandes,False,yellow,,,,,,,
brasileirao_serie_a_2026,2026-01-28,1,Coritiba,Red Bull Bragantino,0,1,56,,card,P. Henrique,False,yellow,,,,,,,
brasileirao_serie_a_2026,2026-01-28,1,Coritiba,Red Bull Bragantino,0,1,51,,card,J. A. Hurtado,False,yellow,,,,,,,
brasileirao_serie_a_2026,2026-01-28,1,Coritiba,Red Bull Bragantino,0,1,46,,substitution,,False,,,P. Henrique,A. Vinicius,,,,
brasileirao_serie_a_2026,2026-01-28,1,Coritiba,Red Bull Bragantino,0,1,46,,substitution,,False,,,M. Braz,Gabriel,,,,
brasileirao_serie_a_2026,2026-01-28,1,Coritiba,Red Bull Bragantino,0,1,45,,card,Gabriel,False,yellow,,,,,,,
brasileirao_serie_a_2026,2026-01-28,1,Coritiba,Red Bull Bragantino,0,1,41,,card,Bruno Melo,True,yellow,,,,,,,
brasileirao_serie_a_2026,2026-01-28,1,Coritiba,Red Bull Bragantino,0,1,30,,card,Josué,True,red,,,,,,,
brasileirao_serie_a_2026,2026-01-28,1,Coritiba,Red Bull Bragantino,0,1,25,,card,A. Vinicius,False,yellow,,,,,,,
brasileirao_serie_a_2026,2026-01-28,1,Atlético Mineiro,Palmeiras,2,2,90,,period,,,,,,,FT,,2,2
brasileirao_serie_a_2026,2026-01-28,1,Atlético Mineiro,Palmeiras,2,2,90,8,card,Ruan,True,yellow,Argument,,,,,,
brasileirao_serie_a_2026,2026-01-28,1,Atlético Mineiro,Palmeiras,2,2,90,7,card,R. Lodi,True,yellow,Foul,,,,,,
brasileirao_serie_a_2026,2026-01-28,1,Atlético Mineiro,Palmeiras,2,2,90,,injuryTime,,,,,,,,6,,
brasileirao_serie_a_2026,2026-01-28,1,Atlético Mineiro,Palmeiras,2,2,87,,card,Alexsander,True,yellow,Argument,,,,,,
brasileirao_serie_a_2026,2026-01-28,1,Atlético Mineiro,Palmeiras,2,2,87,,card,V. Roque,False,yellow,Argument,,,,,,
brasileirao_serie_a_2026,2026-01-28,1,Atlético Mineiro,Palmeiras,2,2,85,,substitution,,True,,,Reinier,I. Gomes,,,,
brasileirao_serie_a_2026,2026-01-28,1,Atlético Mineiro,Palmeiras,2,2,85,,substitution,,False,,,Luighi,Mauricio,,,,
brasileirao_serie_a_2026,2026-01-28,1,Atlético Mineiro,Palmeiras,2,2,84,,goal,V. Roque,False,,,,,,,2,2
brasileirao_serie_a_2026,2026-01-28,1,Atlético Mineiro,Palmeiras,2,2,83,,substitution,,False,,,A. Giay,Khellven,,,,
brasileirao_serie_a_2026,2026-01-28,1,Atlético Mineiro,Palmeiras,2,2,83,,substitution,,False,,,Riquelme,Allan,,,,
brasileirao_serie_a_2026,2026-01-28,1,Atlético Mineiro,Palmeiras,2,2,83,,substitution,,False,,,A. Gabriel,J. Piquerez,,,,
brasileirao_serie_a_2026,2026-01-28,1,Atlético Mineiro,Palmeiras,2,2,81,,card,Mauricio,False,yellow,Foul,,,,,,
brasileirao_serie_a_2026,2026-01-28,1,Atlético Mineiro,Palmeiras,2,2,76,,substitution,,True,,,Alexsander,V. Hugo,,,,
brasileirao_serie_a_2026,2026-01-28,1,Atlético Mineiro,Palmeiras,2,2,76,,substitution,,False,,,V. Roque,R. Sosa,,,,
brasileirao_serie_a_2026,2026-01-28,1,Atlético Mineiro,Palmeiras,2,2,74,,goal,Khellven,True,,,,,,,2,1
brasileirao_serie_a_2026,2026-01-28,1,Atlético Mineiro,Palmeiras,2,2,64,,varDecision,T. Cuello,True,,,,,,,,
brasileirao_serie_a_2026,2026-01-28,1,Atlético Mineiro,Palmeiras,2,2,61,,substitution,,True,,,T. Cuello,Dudu,,,,
brasileirao_serie_a_2026,2026-01-28,1,Atlético Mineiro,Palmeiras,2,2,61,,substitution,,True,,,G. Scarpa,Bernard,,,,
brasileirao_serie_a_2026,2026-01-28,1,Atlético Mineiro,Palmeiras,2,2,46,,card,A. Franco,True,yellow,Foul,,,,,,
brasileirao_serie_a_2026,2026-01-28,1,Atlético Mineiro,Palmeiras,2,2,45,,period,,,,,,,HT,,1,1
brasileirao_serie_a_2026,2026-01-28,1,Atlético Mineiro,Palmeiras,2,2,45,,injuryTime,,,,,,,,1,,
brasileirao_serie_a_2026,2026-01-28,1,Atlético Mineiro,Palmeiras,2,2,44,,goal,V. Hugo,True,,,,,,,1,1
brasileirao_serie_a_2026,2026-01-28,1,Atlético Mineiro,Palmeiras,2,2,27,,goal,J. López,False,,,,,,,0,1
brasileirao_serie_a_2026,2026-01-28,1,Atlético Mineiro,Palmeiras,2,2,0,,card,J. Sampaoli,True,yellowRed,Argument,,,,,,
brasileirao_serie_a_2026,2026-01-28,1,Atlético Mineiro,Palmeiras,2,2,0,,card,J. Sampaoli,True,yellow,Argument,,,,,,
