league,match_date,round_number,home_team,away_team,match_home_score,match_away_score,minute,added_time,type,player,is_home,card_type,reason,player_in,player_out,period_text,injury_length,incident_home_score,incident_away_score
k_league_1_2026,2026-08-26,25,Gangwon FC,Gwangju FC,2,2,90,,period,,,,,,,FT,,2,2
k_league_1_2026,2026-08-26,25,Gangwon FC,Gwangju FC,2,2,89,,goal,K. Dong-hyeon,True,,,,,,,2,2
k_league_1_2026,2026-08-26,25,Gangwon FC,Gwangju FC,2,2,88,,goal,M. Tuci,True,,,,,,,1,2
k_league_1_2026,2026-08-26,25,Gangwon FC,Gwangju FC,2,2,86,,substitution,,False,,,M. Lee,W. J. Park,,,,
k_league_1_2026,2026-08-26,25,Gangwon FC,Gwangju FC,2,2,81,,card,J. H. Mo,True,yellow,Foul,,,,,,
k_league_1_2026,2026-08-26,25,Gangwon FC,Gwangju FC,2,2,73,,substitution,,True,,,J. H. Mo,C. Won-Woo,,,,
k_league_1_2026,2026-08-26,25,Gangwon FC,Gwangju FC,2,2,73,,substitution,,True,,,H. Y. Park,S. W. Lee,,,,
k_league_1_2026,2026-08-26,25,Gangwon FC,Gwangju FC,2,2,68,,substitution,,False,,,H. A. Friðjónsson,K. Woo-Jin,,,,
k_league_1_2026,2026-08-26,25,Gangwon FC,Gwangju FC,2,2,68,,card,H. Chul,True,red,Violent conduct,,,,,,
k_league_1_2026,2026-08-26,25,Gangwon FC,Gwangju FC,2,2,68,,substitution,,False,,,J. Iredale,J. Jeong,,,,
k_league_1_2026,2026-08-26,25,Gangwon FC,Gwangju FC,2,2,66,,card,K. Woo-Jin,False,yellow,Foul,,,,,,
k_league_1_2026,2026-08-26,25,Gangwon FC,Gwangju FC,2,2,57,,substitution,,True,,,J. Sekidika,K. Yun-Gu,,,,
k_league_1_2026,2026-08-26,25,Gangwon FC,Gwangju FC,2,2,57,,substitution,,True,,,K. Gun-hee,P. Sang-Hyeok,,,,
k_league_1_2026,2026-08-26,25,Gangwon FC,Gwangju FC,2,2,53,,substitution,,False,,,S. Im,S. Min,,,,
k_league_1_2026,2026-08-26,25,Gangwon FC,Gwangju FC,2,2,46,,substitution,,False,,,S. J. Ju,Y. Kim,,,,
k_league_1_2026,2026-08-26,25,Gangwon FC,Gwangju FC,2,2,45,,period,,,,,,,HT,,0,2
k_league_1_2026,2026-08-26,25,Gangwon FC,Gwangju FC,2,2,45,,goal,M. Moon,False,,,,,,,0,2
k_league_1_2026,2026-08-26,25,Gangwon FC,Gwangju FC,2,2,22,,substitution,,True,,,S. W. Lee,Y. Goh,,,,
k_league_1_2026,2026-08-26,25,Gangwon FC,Gwangju FC,2,2,5,,goal,M. Moon,False,,,,,,,0,1
k_league_1_2026,2026-08-26,25,FC Anyang,Incheon United,2,1,90,,period,,,,,,,FT,,2,1
k_league_1_2026,2026-08-26,25,FC Anyang,Incheon United,2,1,90,1,card,C. Lee,True,yellow,Foul,,,,,,
k_league_1_2026,2026-08-26,25,FC Anyang,Incheon United,2,1,90,,card,C. Y. Lee,False,yellow,Foul,,,,,,
k_league_1_2026,2026-08-26,25,FC Anyang,Incheon United,2,1,89,,card,S. Jae-Min,False,yellow,Foul,,,,,,
k_league_1_2026,2026-08-26,25,FC Anyang,Incheon United,2,1,87,,card,M. J. Lee,False,yellow,Foul,,,,,,
k_league_1_2026,2026-08-26,25,FC Anyang,Incheon United,2,1,86,,card,H. Chae,True,yellow,Foul,,,,,,
k_league_1_2026,2026-08-26,25,FC Anyang,Incheon United,2,1,84,,goal,M. Oliveira,True,,,,,,,2,1
k_league_1_2026,2026-08-26,25,FC Anyang,Incheon United,2,1,83,,card,J. Fernández,False,yellowRed,Foul,,,,,,
k_league_1_2026,2026-08-26,25,FC Anyang,Incheon United,2,1,81,,substitution,,True,,,B. Tsague,U. Kim,,,,
k_league_1_2026,2026-08-26,25,FC Anyang,Incheon United,2,1,81,,substitution,,True,,,D. J. Kim,K. Jae-Hyun,,,,
k_league_1_2026,2026-08-26,25,FC Anyang,Incheon United,2,1,79,,substitution,,False,,,S. Kim,D. Lee,,,,
k_league_1_2026,2026-08-26,25,FC Anyang,Incheon United,2,1,75,,substitution,,True,,,Airton,G. Choi,,,,
k_league_1_2026,2026-08-26,25,FC Anyang,Incheon United,2,1,75,,substitution,,True,,,D. Bakker,J. Lee,,,,
k_league_1_2026,2026-08-26,25,FC Anyang,Incheon United,2,1,72,,substitution,,False,,,M. J. Lee,L. Min-Hyeok,,,,
k_league_1_2026,2026-08-26,25,FC Anyang,Incheon United,2,1,64,,substitution,,True,,,J. H. Kim,K. Han,,,,
k_league_1_2026,2026-08-26,25,FC Anyang,Incheon United,2,1,57,,card,J. Fernández,False,yellow,Foul,,,,,,
k_league_1_2026,2026-08-26,25,FC Anyang,Incheon United,2,1,53,,substitution,,False,,,S. Mugoša,M. Ferrier,,,,
k_league_1_2026,2026-08-26,25,FC Anyang,Incheon United,2,1,53,,substitution,,False,,,L. Ribeiro,G. Fernandes,,,,
k_league_1_2026,2026-08-26,25,FC Anyang,Incheon United,2,1,46,,substitution,,False,,,C. Y. Lee,Y. Kim,,,,
k_league_1_2026,2026-08-26,25,FC Anyang,Incheon United,2,1,45,,period,,,,,,,HT,,1,1
k_league_1_2026,2026-08-26,25,FC Anyang,Incheon United,2,1,45,1,goal,M. Oliveira,True,,,,,,,1,1
k_league_1_2026,2026-08-26,25,FC Anyang,Incheon United,2,1,40,,goal,D. Lee,False,,,,,,,0,1
k_league_1_2026,2026-08-26,25,FC Anyang,Incheon United,2,1,30,,card,K. Han,True,yellow,Foul,,,,,,
k_league_1_2026,2026-08-26,25,FC Anyang,Incheon United,2,1,18,,card,L. Min-Hyeok,False,yellow,Foul,,,,,,
k_league_1_2026,2026-08-26,25,Daejeon Hana Citizen,Ulsan HD,2,1,90,,period,,,,,,,FT,,2,1
k_league_1_2026,2026-08-26,25,Daejeon Hana Citizen,Ulsan HD,2,1,90,7,goal,G. Ludwigson,True,,,,,,,2,1
k_league_1_2026,2026-08-26,25,Daejeon Hana Citizen,Ulsan HD,2,1,90,4,goal,J. Jeong,True,,,,,,,1,1
k_league_1_2026,2026-08-26,25,Daejeon Hana Citizen,Ulsan HD,2,1,90,,substitution,,False,,,D. Bojanić,K. S. Lee,,,,
k_league_1_2026,2026-08-26,25,Daejeon Hana Citizen,Ulsan HD,2,1,84,,substitution,,True,,,V. Bobsin,C. Ha,,,,
k_league_1_2026,2026-08-26,25,Daejeon Hana Citizen,Ulsan HD,2,1,84,,card,K. Bong-Soo,True,yellow,Foul,,,,,,
k_league_1_2026,2026-08-26,25,Daejeon Hana Citizen,Ulsan HD,2,1,80,,substitution,,True,,,J. B. Kim,J. S. Seo,,,,
k_league_1_2026,2026-08-26,25,Daejeon Hana Citizen,Ulsan HD,2,1,72,,substitution,,False,,,K. Sang-woo,L. Jin-hyun,,,,
k_league_1_2026,2026-08-26,25,Daejeon Hana Citizen,Ulsan HD,2,1,72,,substitution,,False,,,K. Young-gwon,M. Trojak,,,,
k_league_1_2026,2026-08-26,25,Daejeon Hana Citizen,Ulsan HD,2,1,65,,card,J. Hyeonwoo,False,yellow,Foul,,,,,,
k_league_1_2026,2026-08-26,25,Daejeon Hana Citizen,Ulsan HD,2,1,64,,substitution,,True,,,G. Ludwigson,M. Ishida,,,,
k_league_1_2026,2026-08-26,25,Daejeon Hana Citizen,Ulsan HD,2,1,59,,substitution,,False,,,H. Lee,E. Farias,,,,
k_league_1_2026,2026-08-26,25,Daejeon Hana Citizen,Ulsan HD,2,1,59,,substitution,,False,,,S. Shim,J. Si-Young,,,,
k_league_1_2026,2026-08-26,25,Daejeon Hana Citizen,Ulsan HD,2,1,51,,card,M. K. Ju,True,yellow,Foul,,,,,,
k_league_1_2026,2026-08-26,25,Daejeon Hana Citizen,Ulsan HD,2,1,49,,goal,L. Jin-hyun,False,,,,,,,0,1
k_league_1_2026,2026-08-26,25,Daejeon Hana Citizen,Ulsan HD,2,1,48,,card,T. O. Kotte,False,yellow,Foul,,,,,,
k_league_1_2026,2026-08-26,25,Daejeon Hana Citizen,Ulsan HD,2,1,46,,substitution,,True,,,Y. Kang,M. Kim,,,,
k_league_1_2026,2026-08-26,25,Daejeon Hana Citizen,Ulsan HD,2,1,46,,substitution,,True,,,M. K. Ju,Diogo Oliveira,,,,
k_league_1_2026,2026-08-26,25,Daejeon Hana Citizen,Ulsan HD,2,1,45,,period,,,,,,,HT,,0,0
k_league_1_2026,2026-08-25,25,Jeju SK,Pohang Steelers,1,2,90,,period,,,,,,,FT,,1,2
k_league_1_2026,2026-08-25,25,Jeju SK,Pohang Steelers,1,2,90,1,goal,J. Celestine,True,,,,,,,1,2
k_league_1_2026,2026-08-25,25,Jeju SK,Pohang Steelers,1,2,87,,substitution,,False,,,M. Kang,K. Nishiya,,,,
k_league_1_2026,2026-08-25,25,Jeju SK,Pohang Steelers,1,2,80,,card,J. Rocha,False,yellow,Foul,,,,,,
k_league_1_2026,2026-08-25,25,Jeju SK,Pohang Steelers,1,2,78,,substitution,,True,,,Y. Seung-Jae,K. Shin-jin,,,,
k_league_1_2026,2026-08-25,25,Jeju SK,Pohang Steelers,1,2,77,,substitution,,False,,,J. Si-Woo,H. Seo-woong,,,,
k_league_1_2026,2026-08-25,25,Jeju SK,Pohang Steelers,1,2,72,,substitution,,False,,,J. Rocha,S. Y. Ki,,,,
k_league_1_2026,2026-08-25,25,Jeju SK,Pohang Steelers,1,2,72,,substitution,,False,,,S. Kim,K. J. Won,,,,
k_league_1_2026,2026-08-25,25,Jeju SK,Pohang Steelers,1,2,64,,substitution,,True,,,S. Park,C. M. Lee,,,,
k_league_1_2026,2026-08-25,25,Jeju SK,Pohang Steelers,1,2,58,,substitution,,True,,,S. Sang-Eun,J. In-Jung,,,,
k_league_1_2026,2026-08-25,25,Jeju SK,Pohang Steelers,1,2,49,,goal,K. Nishiya,False,,,,,,,0,2
k_league_1_2026,2026-08-25,25,Jeju SK,Pohang Steelers,1,2,46,,substitution,,True,,,C. M. Lee,T. Figueiredo,,,,
k_league_1_2026,2026-08-25,25,Jeju SK,Pohang Steelers,1,2,46,,substitution,,True,,,M. Aiás,C. J. Park,,,,
k_league_1_2026,2026-08-25,25,Jeju SK,Pohang Steelers,1,2,46,,substitution,,False,,,J. Teixeira,C. Sang-Hyeok,,,,
k_league_1_2026,2026-08-25,25,Jeju SK,Pohang Steelers,1,2,45,,period,,,,,,,HT,,0,1
k_league_1_2026,2026-08-25,25,Jeju SK,Pohang Steelers,1,2,44,,card,C. Sang-Hyeok,False,yellow,Foul,,,,,,
k_league_1_2026,2026-08-25,25,Jeju SK,Pohang Steelers,1,2,15,,goal,K. J. Won,False,,,,,,,0,1
k_league_1_2026,2026-08-25,25,Gimcheon Sangmu FC,Jeonbuk Hyundai Motors,0,0,90,,period,,,,,,,FT,,0,0
k_league_1_2026,2026-08-25,25,Gimcheon Sangmu FC,Jeonbuk Hyundai Motors,0,0,90,3,card,K. Sang-Yun,False,yellow,Foul,,,,,,
k_league_1_2026,2026-08-25,25,Gimcheon Sangmu FC,Jeonbuk Hyundai Motors,0,0,90,1,card,T. Kim,False,yellow,Foul,,,,,,
k_league_1_2026,2026-08-25,25,Gimcheon Sangmu FC,Jeonbuk Hyundai Motors,0,0,85,,substitution,,False,,,Y. J. Lee,S. U. Maeng,,,,
k_league_1_2026,2026-08-25,25,Gimcheon Sangmu FC,Jeonbuk Hyundai Motors,0,0,84,,substitution,,True,,,K. Lee-Seok,T. Park,,,,
k_league_1_2026,2026-08-25,25,Gimcheon Sangmu FC,Jeonbuk Hyundai Motors,0,0,84,,substitution,,True,,,J. Kim,J. Go,,,,
k_league_1_2026,2026-08-25,25,Gimcheon Sangmu FC,Jeonbuk Hyundai Motors,0,0,75,,card,Tae-hwan Kim,True,yellow,Foul,,,,,,
k_league_1_2026,2026-08-25,25,Gimcheon Sangmu FC,Jeonbuk Hyundai Motors,0,0,71,,substitution,,False,,,S. S. Kim,D. J. Lee,,,,
k_league_1_2026,2026-08-25,25,Gimcheon Sangmu FC,Jeonbuk Hyundai Motors,0,0,71,,substitution,,False,,,T. H. Kim,C. Woo-Jin,,,,
k_league_1_2026,2026-08-25,25,Gimcheon Sangmu FC,Jeonbuk Hyundai Motors,0,0,69,,substitution,,True,,,I. Kim,Y. Hong,,,,
k_league_1_2026,2026-08-25,25,Gimcheon Sangmu FC,Jeonbuk Hyundai Motors,0,0,69,,substitution,,True,,,Tae-hwan Kim,M. S. Park,,,,
k_league_1_2026,2026-08-25,25,Gimcheon Sangmu FC,Jeonbuk Hyundai Motors,0,0,66,,substitution,,True,,,R. Kyung-ho,S. Park,,,,
k_league_1_2026,2026-08-25,25,Gimcheon Sangmu FC,Jeonbuk Hyundai Motors,0,0,59,,substitution,,False,,,T. Orobó,B. Mota,,,,
k_league_1_2026,2026-08-25,25,Gimcheon Sangmu FC,Jeonbuk Hyundai Motors,0,0,46,,substitution,,False,,,S. Lee,Italo,,,,
k_league_1_2026,2026-08-25,25,Gimcheon Sangmu FC,Jeonbuk Hyundai Motors,0,0,45,,period,,,,,,,HT,,0,0
k_league_1_2026,2026-08-25,25,FC Seoul,Bucheon FC 1995,1,0,90,,period,,,,,,,FT,,1,0
k_league_1_2026,2026-08-25,25,FC Seoul,Bucheon FC 1995,1,0,90,,substitution,,True,,,J. Son,P. Klimala,,,,
k_league_1_2026,2026-08-25,25,FC Seoul,Bucheon FC 1995,1,0,84,,card,Rodrigo,False,yellow,Foul,,,,,,
k_league_1_2026,2026-08-25,25,FC Seoul,Bucheon FC 1995,1,0,83,,substitution,,False,,,L. Eui-Hyeong,Gustavo Nescau,,,,
k_league_1_2026,2026-08-25,25,FC Seoul,Bucheon FC 1995,1,0,78,,substitution,,True,,,D. Hwang,M. Seon-min,,,,
k_league_1_2026,2026-08-25,25,FC Seoul,Bucheon FC 1995,1,0,72,,substitution,,False,,,B. G. Yoon,S. Ye-Geon,,,,
k_league_1_2026,2026-08-25,25,FC Seoul,Bucheon FC 1995,1,0,72,,substitution,,False,,,S. Kim,K. Takahashi,,,,
k_league_1_2026,2026-08-25,25,FC Seoul,Bucheon FC 1995,1,0,65,,card,K. Takahashi,False,yellow,Foul,,,,,,
k_league_1_2026,2026-08-25,25,FC Seoul,Bucheon FC 1995,1,0,62,,card,J. Ros,True,yellow,Foul,,,,,,
k_league_1_2026,2026-08-25,25,FC Seoul,Bucheon FC 1995,1,0,55,,substitution,,False,,,Galego,Yeo,,,,
k_league_1_2026,2026-08-25,25,FC Seoul,Bucheon FC 1995,1,0,55,,substitution,,False,,,Rodrigo,M. J. Kim,,,,
k_league_1_2026,2026-08-25,25,FC Seoul,Bucheon FC 1995,1,0,49,,goal,P. Klimala,True,,,,,,,1,0
k_league_1_2026,2026-08-25,25,FC Seoul,Bucheon FC 1995,1,0,46,,substitution,,True,,,M. Song,L. Seung-mo,,,,
k_league_1_2026,2026-08-25,25,FC Seoul,Bucheon FC 1995,1,0,45,,period,,,,,,,HT,,0,0
k_league_1_2026,2026-08-25,25,FC Seoul,Bucheon FC 1995,1,0,35,,card,S. Ye-Geon,False,yellow,Foul,,,,,,
k_league_1_2026,2026-08-25,25,FC Seoul,Bucheon FC 1995,1,0,9,,card,Y. Al-Arab,True,yellow,Foul,,,,,,
k_league_1_2026,2026-08-23,24,Gwangju FC,Incheon United,0,1,90,,period,,,,,,,FT,,0,1
k_league_1_2026,2026-08-23,24,Gwangju FC,Incheon United,0,1,90,5,goal,S. Mugoša,False,,,,,,,0,1
k_league_1_2026,2026-08-23,24,Gwangju FC,Incheon United,0,1,84,,substitution,,False,,,D. Lee,G. Fernandes,,,,
k_league_1_2026,2026-08-23,24,Gwangju FC,Incheon United,0,1,84,,substitution,,False,,,L. Min-Hyeok,C. Y. Lee,,,,
k_league_1_2026,2026-08-23,24,Gwangju FC,Incheon United,0,1,80,,substitution,,True,,,A. D. B. Loua,M. Moon,,,,
k_league_1_2026,2026-08-23,24,Gwangju FC,Incheon United,0,1,80,,substitution,,True,,,M. Lee,João Pedro,,,,
k_league_1_2026,2026-08-23,24,Gwangju FC,Incheon United,0,1,78,,card,S. Y. Kwon,True,yellow,Foul,,,,,,
k_league_1_2026,2026-08-23,24,Gwangju FC,Incheon United,0,1,76,,substitution,,False,,,L. Ribeiro,M. Ferrier,,,,
k_league_1_2026,2026-08-23,24,Gwangju FC,Incheon United,0,1,65,,substitution,,True,,,J. Jeong,H. A. Friðjónsson,,,,
k_league_1_2026,2026-08-23,24,Gwangju FC,Incheon United,0,1,65,,substitution,,True,,,K. Woo-Jin,J. Iredale,,,,
k_league_1_2026,2026-08-23,24,Gwangju FC,Incheon United,0,1,58,,substitution,,False,,,S. Mugoša,S. Kim,,,,
k_league_1_2026,2026-08-23,24,Gwangju FC,Incheon United,0,1,58,,substitution,,False,,,C. Seung-Gu,K. Myung-Sun,,,,
k_league_1_2026,2026-08-23,24,Gwangju FC,Incheon United,0,1,55,,card,S. Kim,False,yellow,Foul,,,,,,
k_league_1_2026,2026-08-23,24,Gwangju FC,Incheon United,0,1,53,,substitution,,True,,,S. Min,T. v. Grunsven,,,,
k_league_1_2026,2026-08-23,24,Gwangju FC,Incheon United,0,1,45,,period,,,,,,,HT,,0,0
k_league_1_2026,2026-08-23,24,Gwangju FC,Incheon United,0,1,22,,card,João Pedro,True,yellow,Foul,,,,,,
k_league_1_2026,2026-08-23,24,Daejeon Hana Citizen,Gangwon FC,3,0,90,,period,,,,,,,FT,,3,0
k_league_1_2026,2026-08-23,24,Daejeon Hana Citizen,Gangwon FC,3,0,84,,substitution,,True,,,J. S. Seo,G. Ludwigson,,,,
k_league_1_2026,2026-08-23,24,Daejeon Hana Citizen,Gangwon FC,3,0,77,,substitution,,False,,,K. Yun-Gu,Y. Lee,,,,
k_league_1_2026,2026-08-23,24,Daejeon Hana Citizen,Gangwon FC,3,0,74,,substitution,,True,,,C. Ha,A. Kryvotsiuk,,,,
k_league_1_2026,2026-08-23,24,Daejeon Hana Citizen,Gangwon FC,3,0,74,,substitution,,True,,,V. Bobsin,S. Lee,,,,
k_league_1_2026,2026-08-23,24,Daejeon Hana Citizen,Gangwon FC,3,0,66,,goal,J. Jeong,True,,,,,,,3,0
k_league_1_2026,2026-08-23,24,Daejeon Hana Citizen,Gangwon FC,3,0,57,,substitution,,False,,,K. Dong-hyeon,H. Chul,,,,
k_league_1_2026,2026-08-23,24,Daejeon Hana Citizen,Gangwon FC,3,0,56,,goal,M. K. Ju,True,,,,,,,2,0
k_league_1_2026,2026-08-23,24,Daejeon Hana Citizen,Gangwon FC,3,0,47,,goal,G. Ludwigson,True,,,,,,,1,0
k_league_1_2026,2026-08-23,24,Daejeon Hana Citizen,Gangwon FC,3,0,46,,substitution,,True,,,M. Ishida,J. B. Kim,,,,
k_league_1_2026,2026-08-23,24,Daejeon Hana Citizen,Gangwon FC,3,0,46,,substitution,,False,,,K. Do-Hyun,K. Joon-hyuk,,,,
k_league_1_2026,2026-08-23,24,Daejeon Hana Citizen,Gangwon FC,3,0,46,,substitution,,False,,,G. Lee,Y. Goh,,,,
k_league_1_2026,2026-08-23,24,Daejeon Hana Citizen,Gangwon FC,3,0,45,,period,,,,,,,HT,,0,0
k_league_1_2026,2026-08-23,24,Daejeon Hana Citizen,Gangwon FC,3,0,44,,card,S. Lee,True,yellow,Foul,,,,,,
k_league_1_2026,2026-08-23,24,Daejeon Hana Citizen,Gangwon FC,3,0,42,,card,M. Seo,False,red,Violent conduct,,,,,,
k_league_1_2026,2026-08-23,24,Daejeon Hana Citizen,Gangwon FC,3,0,37,,substitution,,True,,,J. Jeong,W.S. Um,,,,
k_league_1_2026,2026-08-23,24,Daejeon Hana Citizen,Gangwon FC,3,0,21,,substitution,,False,,,K. Gun-hee,B. Choi,,,,
k_league_1_2026,2026-08-22,24,Bucheon FC 1995,Pohang Steelers,3,0,90,,period,,,,,,,FT,,3,0
k_league_1_2026,2026-08-22,24,Bucheon FC 1995,Pohang Steelers,3,0,89,,goal,S. Kim,True,,,,,,,3,0
k_league_1_2026,2026-08-22,24,Bucheon FC 1995,Pohang Steelers,3,0,85,,card,S. Ye-Geon,True,yellow,Foul,,,,,,
k_league_1_2026,2026-08-22,24,Bucheon FC 1995,Pohang Steelers,3,0,84,,substitution,,True,,,M. J. Kim,Galego,,,,
k_league_1_2026,2026-08-22,24,Bucheon FC 1995,Pohang Steelers,3,0,84,,substitution,,True,,,H. Jeong,T. Santos,,,,
k_league_1_2026,2026-08-22,24,Bucheon FC 1995,Pohang Steelers,3,0,82,,card,J. Teixeira,False,yellow,Foul,,,,,,
k_league_1_2026,2026-08-22,24,Bucheon FC 1995,Pohang Steelers,3,0,78,,substitution,,False,,,J. Rocha,J. Eo,,,,
k_league_1_2026,2026-08-22,24,Bucheon FC 1995,Pohang Steelers,3,0,75,,substitution,,True,,,S. Kim,Rodrigo,,,,
k_league_1_2026,2026-08-22,24,Bucheon FC 1995,Pohang Steelers,3,0,75,,substitution,,True,,,L. Eui-Hyeong,Gabriel,,,,
k_league_1_2026,2026-08-22,24,Bucheon FC 1995,Pohang Steelers,3,0,65,,substitution,,True,,,S. Kim,J. Kim,,,,
k_league_1_2026,2026-08-22,24,Bucheon FC 1995,Pohang Steelers,3,0,65,,card,M. Jeon,False,yellow,Foul,,,,,,
k_league_1_2026,2026-08-22,24,Bucheon FC 1995,Pohang Steelers,3,0,59,,substitution,,False,,,S. Y. Ki,D. Kim,,,,
k_league_1_2026,2026-08-22,24,Bucheon FC 1995,Pohang Steelers,3,0,59,,substitution,,False,,,J. Teixeira,H. Seo-woong,,,,
k_league_1_2026,2026-08-22,24,Bucheon FC 1995,Pohang Steelers,3,0,46,,substitution,,False,,,K. J. Won,H. M. Jung,,,,
k_league_1_2026,2026-08-22,24,Bucheon FC 1995,Pohang Steelers,3,0,46,,substitution,,False,,,Wanderson,J. Tranziska,,,,
k_league_1_2026,2026-08-22,24,Bucheon FC 1995,Pohang Steelers,3,0,45,,period,,,,,,,HT,,2,0
k_league_1_2026,2026-08-22,24,Bucheon FC 1995,Pohang Steelers,3,0,32,,goal,D. Kim,True,,,,,,,2,0
k_league_1_2026,2026-08-22,24,Bucheon FC 1995,Pohang Steelers,3,0,16,,goal,Galego,True,,,,,,,1,0
k_league_1_2026,2026-08-22,24,Jeonbuk Hyundai Motors,Ulsan HD,1,0,90,,period,,,,,,,FT,,1,0
k_league_1_2026,2026-08-22,24,Jeonbuk Hyundai Motors,Ulsan HD,1,0,90,11,card,Y. Kim,True,yellow,Foul,,,,,,
k_league_1_2026,2026-08-22,24,Jeonbuk Hyundai Motors,Ulsan HD,1,0,90,6,card,S. Myeong-Kwan,False,yellow,Foul,,,,,,
k_league_1_2026,2026-08-22,24,Jeonbuk Hyundai Motors,Ulsan HD,1,0,90,,injuryTime,,,,,,,,12,,
k_league_1_2026,2026-08-22,24,Jeonbuk Hyundai Motors,Ulsan HD,1,0,82,,substitution,,False,,,J. Si-Young,S. Shim,,,,
k_league_1_2026,2026-08-22,24,Jeonbuk Hyundai Motors,Ulsan HD,1,0,82,,substitution,,False,,,B. Michel,K. S. Lee,,,,
k_league_1_2026,2026-08-22,24,Jeonbuk Hyundai Motors,Ulsan HD,1,0,82,,substitution,,True,,,S. S. Kim,D. J. Lee,,,,
k_league_1_2026,2026-08-22,24,Jeonbuk Hyundai Motors,Ulsan HD,1,0,76,,substitution,,True,,,Italo,S. Lee,,,,
k_league_1_2026,2026-08-22,24,Jeonbuk Hyundai Motors,Ulsan HD,1,0,76,,substitution,,True,,,J. Gamboa,S. U. Maeng,,,,
k_league_1_2026,2026-08-22,24,Jeonbuk Hyundai Motors,Ulsan HD,1,0,74,,card,S. Lee,True,yellow,Argument,,,,,,
k_league_1_2026,2026-08-22,24,Jeonbuk Hyundai Motors,Ulsan HD,1,0,65,,substitution,,True,,,T. Orobó,B. Mota,,,,
k_league_1_2026,2026-08-22,24,Jeonbuk Hyundai Motors,Ulsan HD,1,0,64,,substitution,,False,,,D. Bojanić,L. Jin-hyun,,,,
k_league_1_2026,2026-08-22,24,Jeonbuk Hyundai Motors,Ulsan HD,1,0,60,,substitution,,False,,,Marcão,H. Lee,,,,
k_league_1_2026,2026-08-22,24,Jeonbuk Hyundai Motors,Ulsan HD,1,0,59,,card,J. Seung-hyeon,False,yellow,Persistent fouling,,,,,,
k_league_1_2026,2026-08-22,24,Jeonbuk Hyundai Motors,Ulsan HD,1,0,57,,card,B. Mota,True,yellow,,,,,,,
k_league_1_2026,2026-08-22,24,Jeonbuk Hyundai Motors,Ulsan HD,1,0,55,,goal,B. Mota,True,,,,,,,1,0
k_league_1_2026,2026-08-22,24,Jeonbuk Hyundai Motors,Ulsan HD,1,0,51,,card,S. Shim,False,yellow,Foul,,,,,,
k_league_1_2026,2026-08-22,24,Jeonbuk Hyundai Motors,Ulsan HD,1,0,46,,substitution,,False,,,J. Lee,K. Young-gwon,,,,
k_league_1_2026,2026-08-22,24,Jeonbuk Hyundai Motors,Ulsan HD,1,0,46,,substitution,,True,,,T. Kim,C. Woo-Jin,,,,
k_league_1_2026,2026-08-22,24,Jeonbuk Hyundai Motors,Ulsan HD,1,0,45,,period,,,,,,,HT,,0,0
k_league_1_2026,2026-08-22,24,Jeonbuk Hyundai Motors,Ulsan HD,1,0,45,,injuryTime,,,,,,,,1,,
k_league_1_2026,2026-08-22,24,Jeonbuk Hyundai Motors,Ulsan HD,1,0,28,,card,C. Woo-Jin,True,yellow,Foul,,,,,,
k_league_1_2026,2026-08-22,24,Jeonbuk Hyundai Motors,Ulsan HD,1,0,76,,card,K. Hyun-Seok,False,yellow,Argument,,,,,,
k_league_1_2026,2026-08-22,24,Jeju SK,Gimcheon Sangmu FC,0,0,90,,period,,,,,,,FT,,0,0
k_league_1_2026,2026-08-22,24,Jeju SK,Gimcheon Sangmu FC,0,0,90,8,card,J. B. Baek,False,yellow,Foul,,,,,,
k_league_1_2026,2026-08-22,24,Jeju SK,Gimcheon Sangmu FC,0,0,90,7,card,K. Lee-Seok,False,yellow,Foul,,,,,,
k_league_1_2026,2026-08-22,24,Jeju SK,Gimcheon Sangmu FC,0,0,90,7,card,C. Byung-Wook,True,yellow,Foul,,,,,,
k_league_1_2026,2026-08-22,24,Jeju SK,Gimcheon Sangmu FC,0,0,89,,substitution,,False,,,I. Kim,K. H. Lee,,,,
k_league_1_2026,2026-08-22,24,Jeju SK,Gimcheon Sangmu FC,0,0,85,,card,T. Park,False,yellow,Foul,,,,,,
k_league_1_2026,2026-08-22,24,Jeju SK,Gimcheon Sangmu FC,0,0,81,,substitution,,False,,,S. H. Hong,Tae-hwan Kim,,,,
k_league_1_2026,2026-08-22,24,Jeju SK,Gimcheon Sangmu FC,0,0,81,,substitution,,False,,,C. Lee,L. Jung-Taek,,,,
k_league_1_2026,2026-08-22,24,Jeju SK,Gimcheon Sangmu FC,0,0,78,,substitution,,True,,,K. Shin-jin,M. Aiás,,,,
k_league_1_2026,2026-08-22,24,Jeju SK,Gimcheon Sangmu FC,0,0,71,,card,M. Aiás,True,yellow,Foul,,,,,,
k_league_1_2026,2026-08-22,24,Jeju SK,Gimcheon Sangmu FC,0,0,68,,substitution,,True,,,K. Ki-Min,M. Jang,,,,
k_league_1_2026,2026-08-22,24,Jeju SK,Gimcheon Sangmu FC,0,0,68,,substitution,,False,,,J. Kim,Y. Hong,,,,
k_league_1_2026,2026-08-22,24,Jeju SK,Gimcheon Sangmu FC,0,0,68,,substitution,,True,,,C. Byung-Wook,Emerson Ramon,,,,
k_league_1_2026,2026-08-22,24,Jeju SK,Gimcheon Sangmu FC,0,0,68,,substitution,,False,,,K. Lee-Seok,S. Park,,,,
k_league_1_2026,2026-08-22,24,Jeju SK,Gimcheon Sangmu FC,0,0,68,,substitution,,True,,,S. Park,C. M. Lee,,,,
k_league_1_2026,2026-08-22,24,Jeju SK,Gimcheon Sangmu FC,0,0,54,,substitution,,True,,,C. J. Park,S. Sang-Eun,,,,
k_league_1_2026,2026-08-22,24,Jeju SK,Gimcheon Sangmu FC,0,0,45,,period,,,,,,,HT,,0,0
k_league_1_2026,2026-08-22,24,Jeju SK,Gimcheon Sangmu FC,0,0,45,2,card,Emerson Ramon,True,yellow,Foul,,,,,,
k_league_1_2026,2026-08-22,24,Jeju SK,Gimcheon Sangmu FC,0,0,44,,card,P. Cheol-Woo,False,yellow,Foul,,,,,,
k_league_1_2026,2026-08-22,24,FC Anyang,FC Seoul,0,7,90,,period,,,,,,,FT,,0,7
k_league_1_2026,2026-08-22,24,FC Anyang,FC Seoul,0,7,90,2,card,K. Jin-su,False,yellow,Time wasting,,,,,,
k_league_1_2026,2026-08-22,24,FC Anyang,FC Seoul,0,7,90,1,card,J. Lee,True,yellow,Argument,,,,,,
k_league_1_2026,2026-08-22,24,FC Anyang,FC Seoul,0,7,90,1,card,M. Song,False,yellow,Argument,,,,,,
k_league_1_2026,2026-08-22,24,FC Anyang,FC Seoul,0,7,90,,injuryTime,,,,,,,,4,,
k_league_1_2026,2026-08-22,24,FC Anyang,FC Seoul,0,7,80,,substitution,,False,,,D. Hwang,H. Babec,,,,
k_league_1_2026,2026-08-22,24,FC Anyang,FC Seoul,0,7,72,,card,G. Choi,True,yellow,Foul,,,,,,
k_league_1_2026,2026-08-22,24,FC Anyang,FC Seoul,0,7,71,,substitution,,False,,,C. Seong-hoon,P. Klimala,,,,
k_league_1_2026,2026-08-22,24,FC Anyang,FC Seoul,0,7,69,,substitution,,True,,,Y. C. Kim,M. Oliveira,,,,
k_league_1_2026,2026-08-22,24,FC Anyang,FC Seoul,0,7,62,,substitution,,False,,,J. Son,L. Seung-mo,,,,
k_league_1_2026,2026-08-22,24,FC Anyang,FC Seoul,0,7,62,,substitution,,False,,,M. Song,M. Seon-min,,,,
k_league_1_2026,2026-08-22,24,FC Anyang,FC Seoul,0,7,62,,substitution,,False,,,C. Jun,S. Park,,,,
k_league_1_2026,2026-08-22,24,FC Anyang,FC Seoul,0,7,59,,substitution,,True,,,K. Kang,H. Chae,,,,
k_league_1_2026,2026-08-22,24,FC Anyang,FC Seoul,0,7,59,,substitution,,True,,,G. Choi,Airton,,,,
k_league_1_2026,2026-08-22,24,FC Anyang,FC Seoul,0,7,58,,goal,L. Seung-mo,False,,,,,,,0,7
k_league_1_2026,2026-08-22,24,FC Anyang,FC Seoul,0,7,53,,goal,S. Jeong,False,,,,,,,0,6
k_league_1_2026,2026-08-22,24,FC Anyang,FC Seoul,0,7,46,,substitution,,True,,,J. Lee,B. Knežević,,,,
k_league_1_2026,2026-08-22,24,FC Anyang,FC Seoul,0,7,46,,substitution,,True,,,K. Han,J. H. Kim,,,,
k_league_1_2026,2026-08-22,24,FC Anyang,FC Seoul,0,7,45,,period,,,,,,,HT,,0,5
k_league_1_2026,2026-08-22,24,FC Anyang,FC Seoul,0,7,45,,injuryTime,,,,,,,,5,,
k_league_1_2026,2026-08-22,24,FC Anyang,FC Seoul,0,7,44,,goal,Anderson Oliveira,False,,,,,,,0,5
k_league_1_2026,2026-08-22,24,FC Anyang,FC Seoul,0,7,35,,goal,P. Klimala,False,,,,,,,0,4
k_league_1_2026,2026-08-22,24,FC Anyang,FC Seoul,0,7,31,,goal,M. Seon-min,False,,,,,,,0,3
k_league_1_2026,2026-08-22,24,FC Anyang,FC Seoul,0,7,13,,goal,H. Babec,False,,,,,,,0,2
k_league_1_2026,2026-08-22,24,FC Anyang,FC Seoul,0,7,8,,card,S. Jeong,False,yellow,,,,,,,
k_league_1_2026,2026-08-22,24,FC Anyang,FC Seoul,0,7,7,,goal,M. Seon-min,False,,,,,,,0,1
k_league_1_2026,2026-08-16,23,Ulsan HD,Gangwon FC,2,3,90,,period,,,,,,,FT,,2,3
k_league_1_2026,2026-08-16,23,Ulsan HD,Gangwon FC,2,3,90,7,card,M. Tuci,False,yellow,Argument,,,,,,
k_league_1_2026,2026-08-16,23,Ulsan HD,Gangwon FC,2,3,90,5,varDecision,Yago,True,,,,,,,,
k_league_1_2026,2026-08-16,23,Ulsan HD,Gangwon FC,2,3,90,,injuryTime,,,,,,,,7,,
k_league_1_2026,2026-08-16,23,Ulsan HD,Gangwon FC,2,3,89,,card,H. Lee,True,yellow,Foul,,,,,,
k_league_1_2026,2026-08-16,23,Ulsan HD,Gangwon FC,2,3,85,,substitution,,False,,,S. Min-Ha,J. Sekidika,,,,
k_league_1_2026,2026-08-16,23,Ulsan HD,Gangwon FC,2,3,85,,substitution,,True,,,D. Bojanić,K. S. Lee,,,,
k_league_1_2026,2026-08-16,23,Ulsan HD,Gangwon FC,2,3,84,,card,Yago,True,yellow,Foul,,,,,,
k_league_1_2026,2026-08-16,23,Ulsan HD,Gangwon FC,2,3,82,,goal,K. Dong-hyeon,False,,,,,,,2,3
k_league_1_2026,2026-08-16,23,Ulsan HD,Gangwon FC,2,3,81,,substitution,,True,,,H. Lee,D. G. Lee,,,,
k_league_1_2026,2026-08-16,23,Ulsan HD,Gangwon FC,2,3,81,,substitution,,False,,,K. Dong-hyeon,M. Seo,,,,
k_league_1_2026,2026-08-16,23,Ulsan HD,Gangwon FC,2,3,80,,substitution,,False,,,K. Gun-hee,Y. Goh,,,,
k_league_1_2026,2026-08-16,23,Ulsan HD,Gangwon FC,2,3,66,,substitution,,False,,,P. Sang-Hyeok,B. Choi,,,,
k_league_1_2026,2026-08-16,23,Ulsan HD,Gangwon FC,2,3,66,,substitution,,False,,,K. Do-Hyun,K. Joon-hyuk,,,,
k_league_1_2026,2026-08-16,23,Ulsan HD,Gangwon FC,2,3,55,,goal,J. Seung-hyeon,True,,,,,,,2,2
k_league_1_2026,2026-08-16,23,Ulsan HD,Gangwon FC,2,3,46,,substitution,,True,,,S. Shim,J. Si-Young,,,,
k_league_1_2026,2026-08-16,23,Ulsan HD,Gangwon FC,2,3,46,,substitution,,True,,,Yago,L. Jin-hyun,,,,
k_league_1_2026,2026-08-16,23,Ulsan HD,Gangwon FC,2,3,46,,substitution,,True,,,E. Farias,K. Sang-woo,,,,
k_league_1_2026,2026-08-16,23,Ulsan HD,Gangwon FC,2,3,45,,period,,,,,,,HT,,1,2
k_league_1_2026,2026-08-16,23,Ulsan HD,Gangwon FC,2,3,45,,injuryTime,,,,,,,,3,,
k_league_1_2026,2026-08-16,23,Ulsan HD,Gangwon FC,2,3,43,,goal,K. Young-gwon,False,,,,,,,1,2
k_league_1_2026,2026-08-16,23,Ulsan HD,Gangwon FC,2,3,35,,goal,J. Sekidika,False,,,,,,,1,1
k_league_1_2026,2026-08-16,23,Ulsan HD,Gangwon FC,2,3,15,,goal,K. Young-gwon,True,,,,,,,1,0
k_league_1_2026,2026-08-16,23,Ulsan HD,Gangwon FC,2,3,65,,card,K. Chung,False,yellow,Argument,,,,,,
k_league_1_2026,2026-08-16,23,Incheon United,Gimcheon Sangmu FC,1,1,90,,period,,,,,,,FT,,1,1
k_league_1_2026,2026-08-16,23,Incheon United,Gimcheon Sangmu FC,1,1,90,6,card,L. Jung-Taek,False,yellow,Foul,,,,,,
k_league_1_2026,2026-08-16,23,Incheon United,Gimcheon Sangmu FC,1,1,90,,substitution,,True,,,C. I. Jeong,C. Y. Lee,,,,
k_league_1_2026,2026-08-16,23,Incheon United,Gimcheon Sangmu FC,1,1,90,,substitution,,True,,,S. Kim,G. Fernandes,,,,
k_league_1_2026,2026-08-16,23,Incheon United,Gimcheon Sangmu FC,1,1,87,,goal,S. Park,False,,,,,,,1,1
k_league_1_2026,2026-08-16,23,Incheon United,Gimcheon Sangmu FC,1,1,86,,substitution,,True,,,Y. Kim,M. J. Lee,,,,
k_league_1_2026,2026-08-16,23,Incheon United,Gimcheon Sangmu FC,1,1,84,,substitution,,False,,,S. B. Lee,T. Park,,,,
k_league_1_2026,2026-08-16,23,Incheon United,Gimcheon Sangmu FC,1,1,79,,substitution,,False,,,I. Kim,J. Go,,,,
k_league_1_2026,2026-08-16,23,Incheon United,Gimcheon Sangmu FC,1,1,79,,card,S. Mugoša,True,yellow,Foul,,,,,,
k_league_1_2026,2026-08-16,23,Incheon United,Gimcheon Sangmu FC,1,1,66,,goal,S. Mugoša,True,,,,,,,1,0
k_league_1_2026,2026-08-16,23,Incheon United,Gimcheon Sangmu FC,1,1,63,,substitution,,False,,,S. Park,K. Lee-Seok,,,,
k_league_1_2026,2026-08-16,23,Incheon United,Gimcheon Sangmu FC,1,1,55,,substitution,,True,,,C. Seung-Gu,K. Myung-Sun,,,,
k_league_1_2026,2026-08-16,23,Incheon United,Gimcheon Sangmu FC,1,1,55,,substitution,,True,,,S. Mugoša,D. Lee,,,,
k_league_1_2026,2026-08-16,23,Incheon United,Gimcheon Sangmu FC,1,1,46,,substitution,,False,,,Y. Hong,J. Jae-Min,,,,
k_league_1_2026,2026-08-16,23,Incheon United,Gimcheon Sangmu FC,1,1,46,,substitution,,False,,,K. H. Lee,J. Kim,,,,
k_league_1_2026,2026-08-16,23,Incheon United,Gimcheon Sangmu FC,1,1,45,,period,,,,,,,HT,,0,0
k_league_1_2026,2026-08-16,23,Incheon United,Gimcheon Sangmu FC,1,1,40,,card,L. Kang-Hyeon,False,yellow,Foul,,,,,,
k_league_1_2026,2026-08-16,23,Incheon United,Gimcheon Sangmu FC,1,1,39,,card,J. Y. Lee,True,yellow,Foul,,,,,,
k_league_1_2026,2026-08-16,23,Incheon United,Gimcheon Sangmu FC,1,1,16,,card,T. Park,False,yellow,Foul,,,,,,
k_league_1_2026,2026-08-16,23,Bucheon FC 1995,Jeonbuk Hyundai Motors,3,2,90,,period,,,,,,,FT,,3,2
k_league_1_2026,2026-08-16,23,Bucheon FC 1995,Jeonbuk Hyundai Motors,3,2,90,9,card,S. Hong,True,yellow,Foul,,,,,,
k_league_1_2026,2026-08-16,23,Bucheon FC 1995,Jeonbuk Hyundai Motors,3,2,90,6,substitution,,False,,,S. S. Kim,T. H. Kim,,,,
k_league_1_2026,2026-08-16,23,Bucheon FC 1995,Jeonbuk Hyundai Motors,3,2,90,4,card,Y. J. Lee,False,yellow,Foul,,,,,,
k_league_1_2026,2026-08-16,23,Bucheon FC 1995,Jeonbuk Hyundai Motors,3,2,88,,substitution,,True,,,H. Jeong,T. Santos,,,,
k_league_1_2026,2026-08-16,23,Bucheon FC 1995,Jeonbuk Hyundai Motors,3,2,88,,substitution,,True,,,K. Jong-Min,Galego,,,,
k_league_1_2026,2026-08-16,23,Bucheon FC 1995,Jeonbuk Hyundai Motors,3,2,82,,card,P. William,True,yellow,Foul,,,,,,
k_league_1_2026,2026-08-16,23,Bucheon FC 1995,Jeonbuk Hyundai Motors,3,2,79,,goal,P. Ji-soo,False,,,,,,,3,2
k_league_1_2026,2026-08-16,23,Bucheon FC 1995,Jeonbuk Hyundai Motors,3,2,77,,substitution,,False,,,Y. J. Lee,J. Kim,,,,
k_league_1_2026,2026-08-16,23,Bucheon FC 1995,Jeonbuk Hyundai Motors,3,2,76,,substitution,,True,,,S. Kim,J. Kim,,,,
k_league_1_2026,2026-08-16,23,Bucheon FC 1995,Jeonbuk Hyundai Motors,3,2,76,,substitution,,True,,,M. J. Kim,Rodrigo,,,,
k_league_1_2026,2026-08-16,23,Bucheon FC 1995,Jeonbuk Hyundai Motors,3,2,69,,substitution,,True,,,J. I. Park,Gustavo Nescau,,,,
k_league_1_2026,2026-08-16,23,Bucheon FC 1995,Jeonbuk Hyundai Motors,3,2,60,,substitution,,False,,,Italo,Y. Kim,,,,
k_league_1_2026,2026-08-16,23,Bucheon FC 1995,Jeonbuk Hyundai Motors,3,2,60,,substitution,,False,,,A. Compagno,D. J. Lee,,,,
k_league_1_2026,2026-08-16,23,Bucheon FC 1995,Jeonbuk Hyundai Motors,3,2,59,,goal,C. Woo-Jin,False,,,,,,,3,1
k_league_1_2026,2026-08-16,23,Bucheon FC 1995,Jeonbuk Hyundai Motors,3,2,58,,card,Galego,True,yellow,Foul,,,,,,
k_league_1_2026,2026-08-16,23,Bucheon FC 1995,Jeonbuk Hyundai Motors,3,2,55,,goal,Galego,True,,,,,,,3,0
k_league_1_2026,2026-08-16,23,Bucheon FC 1995,Jeonbuk Hyundai Motors,3,2,46,,substitution,,False,,,P. Ji-soo,W. Cho,,,,
k_league_1_2026,2026-08-16,23,Bucheon FC 1995,Jeonbuk Hyundai Motors,3,2,45,,period,,,,,,,HT,,2,0
k_league_1_2026,2026-08-16,23,Bucheon FC 1995,Jeonbuk Hyundai Motors,3,2,44,,card,K. Hyeon-Yeob,True,yellow,Foul,,,,,,
k_league_1_2026,2026-08-16,23,Bucheon FC 1995,Jeonbuk Hyundai Motors,3,2,14,,goal,J. Kim,True,,,,,,,2,0
k_league_1_2026,2026-08-16,23,Bucheon FC 1995,Jeonbuk Hyundai Motors,3,2,9,,goal,S. Ye-Geon,True,,,,,,,1,0
k_league_1_2026,2026-08-16,23,Bucheon FC 1995,Jeonbuk Hyundai Motors,3,2,1,,card,Y. Kim,False,yellow,Foul,,,,,,
k_league_1_2026,2026-08-15,23,Jeju SK,FC Anyang,2,0,90,,period,,,,,,,FT,,2,0
k_league_1_2026,2026-08-15,23,Jeju SK,FC Anyang,2,0,90,4,card,C. J. Park,True,yellow,Foul,,,,,,
k_league_1_2026,2026-08-15,23,Jeju SK,FC Anyang,2,0,87,,card,C. Lee,False,yellow,Foul,,,,,,
k_league_1_2026,2026-08-15,23,Jeju SK,FC Anyang,2,0,75,,substitution,,False,,,J. Lee,B. Knežević,,,,
k_league_1_2026,2026-08-15,23,Jeju SK,FC Anyang,2,0,75,,substitution,,False,,,B. K. Kim,J. H. Kim,,,,
k_league_1_2026,2026-08-15,23,Jeju SK,FC Anyang,2,0,71,,substitution,,True,,,P. Min-Jae,J. Celestine,,,,
k_league_1_2026,2026-08-15,23,Jeju SK,FC Anyang,2,0,71,,substitution,,True,,,J. Kim,Emerson Ramon,,,,
k_league_1_2026,2026-08-15,23,Jeju SK,FC Anyang,2,0,71,,card,Emerson Ramon,True,yellow,Foul,,,,,,
k_league_1_2026,2026-08-15,23,Jeju SK,FC Anyang,2,0,69,,card,J. Celestine,True,yellow,Foul,,,,,,
k_league_1_2026,2026-08-15,23,Jeju SK,FC Anyang,2,0,67,,substitution,,True,,,C. Byung-Wook,C. M. Lee,,,,
k_league_1_2026,2026-08-15,23,Jeju SK,FC Anyang,2,0,60,,substitution,,True,,,C. J. Park,S. Sang-Eun,,,,
k_league_1_2026,2026-08-15,23,Jeju SK,FC Anyang,2,0,60,,substitution,,True,,,K. Shin-jin,M. Aiás,,,,
k_league_1_2026,2026-08-15,23,Jeju SK,FC Anyang,2,0,51,,goal,I. Yu,True,,,,,,,2,0
k_league_1_2026,2026-08-15,23,Jeju SK,FC Anyang,2,0,46,,substitution,,False,,,Airton,H. Chae,,,,
k_league_1_2026,2026-08-15,23,Jeju SK,FC Anyang,2,0,45,,period,,,,,,,HT,,1,0
k_league_1_2026,2026-08-15,23,Jeju SK,FC Anyang,2,0,45,1,goal,S. Sang-Eun,True,,,,,,,1,0
k_league_1_2026,2026-08-15,23,Jeju SK,FC Anyang,2,0,36,,card,W. Jeong,True,yellow,Foul,,,,,,
k_league_1_2026,2026-08-15,23,Jeju SK,FC Anyang,2,0,35,,substitution,,False,,,G. Choi,I. Jukić,,,,
k_league_1_2026,2026-08-15,23,Jeju SK,FC Anyang,2,0,17,,substitution,,False,,,U. Kim,B. Herculano,,,,
k_league_1_2026,2026-08-15,23,Gwangju FC,Pohang Steelers,1,2,90,,period,,,,,,,FT,,1,2
k_league_1_2026,2026-08-15,23,Gwangju FC,Pohang Steelers,1,2,90,7,goal,Wanderson,False,,,,,,,1,2
k_league_1_2026,2026-08-15,23,Gwangju FC,Pohang Steelers,1,2,90,,injuryTime,,,,,,,,5,,
k_league_1_2026,2026-08-15,23,Gwangju FC,Pohang Steelers,1,2,86,,substitution,,False,,,J. Si-Woo,M. Jeon,,,,
k_league_1_2026,2026-08-15,23,Gwangju FC,Pohang Steelers,1,2,86,,substitution,,False,,,J. Teixeira,J. Tranziska,,,,
k_league_1_2026,2026-08-15,23,Gwangju FC,Pohang Steelers,1,2,84,,goal,J. Iredale,True,,,,,,,1,1
k_league_1_2026,2026-08-15,23,Gwangju FC,Pohang Steelers,1,2,82,,substitution,,True,,,A. D. B. Loua,C. M. Shin,,,,
k_league_1_2026,2026-08-15,23,Gwangju FC,Pohang Steelers,1,2,82,,substitution,,True,,,K. Jong-Seok,K. Choi,,,,
k_league_1_2026,2026-08-15,23,Gwangju FC,Pohang Steelers,1,2,81,,card,C. M. Shin,True,yellow,Foul,,,,,,
k_league_1_2026,2026-08-15,23,Gwangju FC,Pohang Steelers,1,2,74,,substitution,,True,,,Seung-un Ha,S. Y. Kwon,,,,
k_league_1_2026,2026-08-15,23,Gwangju FC,Pohang Steelers,1,2,69,,substitution,,False,,,K. J. Won,H. M. Jung,,,,
k_league_1_2026,2026-08-15,23,Gwangju FC,Pohang Steelers,1,2,68,,substitution,,True,,,Y. Je-ho,Y. J. Ri,,,,
k_league_1_2026,2026-08-15,23,Gwangju FC,Pohang Steelers,1,2,68,,substitution,,True,,,K. Woo-Jin,M. Moon,,,,
k_league_1_2026,2026-08-15,23,Gwangju FC,Pohang Steelers,1,2,60,,substitution,,False,,,C. Lee,S. Y. Ki,,,,
k_league_1_2026,2026-08-15,23,Gwangju FC,Pohang Steelers,1,2,53,,card,Y. J. Ri,True,yellow,Foul,,,,,,
k_league_1_2026,2026-08-15,23,Gwangju FC,Pohang Steelers,1,2,46,,substitution,,False,,,M. Kang,H. Seo-woong,,,,
k_league_1_2026,2026-08-15,23,Gwangju FC,Pohang Steelers,1,2,45,,period,,,,,,,HT,,0,1
k_league_1_2026,2026-08-15,23,Gwangju FC,Pohang Steelers,1,2,45,,injuryTime,,,,,,,,1,,
k_league_1_2026,2026-08-15,23,Gwangju FC,Pohang Steelers,1,2,38,,goal,J. Tranziska,False,,,,,,,0,1
k_league_1_2026,2026-08-15,23,Gwangju FC,Pohang Steelers,1,2,61,,card,J. Lee,True,yellow,Argument,,,,,,
k_league_1_2026,2026-08-15,23,FC Seoul,Daejeon Hana Citizen,4,2,90,,period,,,,,,,FT,,4,2
k_league_1_2026,2026-08-15,23,FC Seoul,Daejeon Hana Citizen,4,2,90,4,card,P. Klimala,True,yellow,Foul,,,,,,
k_league_1_2026,2026-08-15,23,FC Seoul,Daejeon Hana Citizen,4,2,90,3,goal,S. Jeong,True,,,,,,,4,2
k_league_1_2026,2026-08-15,23,FC Seoul,Daejeon Hana Citizen,4,2,90,2,substitution,,True,,,D. Hwang,Anderson Oliveira,,,,
k_league_1_2026,2026-08-15,23,FC Seoul,Daejeon Hana Citizen,4,2,89,,card,M. Seon-min,True,yellow,Foul,,,,,,
k_league_1_2026,2026-08-15,23,FC Seoul,Daejeon Hana Citizen,4,2,88,,substitution,,False,,,V. Bobsin,M. Kim,,,,
k_league_1_2026,2026-08-15,23,FC Seoul,Daejeon Hana Citizen,4,2,83,,goal,M. Song,True,,,,,,,3,2
k_league_1_2026,2026-08-15,23,FC Seoul,Daejeon Hana Citizen,4,2,81,,goal,M. Song,True,,,,,,,2,2
k_league_1_2026,2026-08-15,23,FC Seoul,Daejeon Hana Citizen,4,2,69,,substitution,,True,,,M. Song,J. Son,,,,
k_league_1_2026,2026-08-15,23,FC Seoul,Daejeon Hana Citizen,4,2,68,,substitution,,False,,,C. Ha,W.S. Um,,,,
k_league_1_2026,2026-08-15,23,FC Seoul,Daejeon Hana Citizen,4,2,66,,card,J. S. Seo,False,yellow,Foul,,,,,,
k_league_1_2026,2026-08-15,23,FC Seoul,Daejeon Hana Citizen,4,2,63,,substitution,,True,,,C. Jun,S. Park,,,,
k_league_1_2026,2026-08-15,23,FC Seoul,Daejeon Hana Citizen,4,2,62,,goal,K. Jin-su,False,,,,,,,1,2
k_league_1_2026,2026-08-15,23,FC Seoul,Daejeon Hana Citizen,4,2,61,,substitution,,False,,,K. H. Yu,M. K. Ju,,,,
k_league_1_2026,2026-08-15,23,FC Seoul,Daejeon Hana Citizen,4,2,61,,substitution,,False,,,J. Jeong,G. Ludwigson,,,,
k_league_1_2026,2026-08-15,23,FC Seoul,Daejeon Hana Citizen,4,2,61,,substitution,,False,,,J. S. Seo,M. Ishida,,,,
k_league_1_2026,2026-08-15,23,FC Seoul,Daejeon Hana Citizen,4,2,48,,goal,P. Klimala,True,,,,,,,1,1
k_league_1_2026,2026-08-15,23,FC Seoul,Daejeon Hana Citizen,4,2,46,,substitution,,True,,,M. Seon-min,L. Seung-mo,,,,
k_league_1_2026,2026-08-15,23,FC Seoul,Daejeon Hana Citizen,4,2,45,,period,,,,,,,HT,,0,1
k_league_1_2026,2026-08-15,23,FC Seoul,Daejeon Hana Citizen,4,2,45,6,card,Y. Al-Arab,True,yellow,Foul,,,,,,
k_league_1_2026,2026-08-15,23,FC Seoul,Daejeon Hana Citizen,4,2,42,,card,S. Jeong,True,yellow,Foul,,,,,,
k_league_1_2026,2026-08-15,23,FC Seoul,Daejeon Hana Citizen,4,2,41,,card,Y. Kang,False,yellow,Foul,,,,,,
k_league_1_2026,2026-08-15,23,FC Seoul,Daejeon Hana Citizen,4,2,38,,goal,M. K. Ju,False,,,,,,,0,1
k_league_1_2026,2026-08-15,23,FC Seoul,Daejeon Hana Citizen,4,2,27,,card,A. Kryvotsiuk,False,yellow,Foul,,,,,,
k_league_1_2026,2026-08-08,22,Pohang Steelers,Ulsan HD,0,2,90,,period,,,,,,,FT,,0,2
k_league_1_2026,2026-08-08,22,Pohang Steelers,Ulsan HD,0,2,90,3,card,J. Hyeonwoo,False,yellow,Foul,,,,,,
k_league_1_2026,2026-08-08,22,Pohang Steelers,Ulsan HD,0,2,84,,substitution,,True,,,C. Lee,S. Kim,,,,
k_league_1_2026,2026-08-08,22,Pohang Steelers,Ulsan HD,0,2,84,,substitution,,True,,,J. Eo,D. Kim,,,,
k_league_1_2026,2026-08-08,22,Pohang Steelers,Ulsan HD,0,2,73,,substitution,,False,,,J. Lee,J. Seung-hyeon,,,,
k_league_1_2026,2026-08-08,22,Pohang Steelers,Ulsan HD,0,2,71,,substitution,,True,,,C. Sang-Hyeok,H. Kim,,,,
k_league_1_2026,2026-08-08,22,Pohang Steelers,Ulsan HD,0,2,71,,substitution,,True,,,K. Gwang-won,J. Tranziska,,,,
k_league_1_2026,2026-08-08,22,Pohang Steelers,Ulsan HD,0,2,67,,goal,Yago,False,,,,,,,0,2
k_league_1_2026,2026-08-08,22,Pohang Steelers,Ulsan HD,0,2,65,,goal,S. Myeong-Kwan,False,,,,,,,0,1
k_league_1_2026,2026-08-08,22,Pohang Steelers,Ulsan HD,0,2,64,,substitution,,False,,,S. Shim,J. Si-Young,,,,
k_league_1_2026,2026-08-08,22,Pohang Steelers,Ulsan HD,0,2,63,,substitution,,False,,,K. Sang-woo,E. Farias,,,,
k_league_1_2026,2026-08-08,22,Pohang Steelers,Ulsan HD,0,2,63,,substitution,,True,,,S. Y. Ki,H. Seo-woong,,,,
k_league_1_2026,2026-08-08,22,Pohang Steelers,Ulsan HD,0,2,54,,substitution,,False,,,Yago,D. Bojanić,,,,
k_league_1_2026,2026-08-08,22,Pohang Steelers,Ulsan HD,0,2,54,,substitution,,False,,,K. S. Lee,L. Jin-hyun,,,,
k_league_1_2026,2026-08-08,22,Pohang Steelers,Ulsan HD,0,2,45,,period,,,,,,,HT,,0,0
k_league_1_2026,2026-08-08,22,Pohang Steelers,Ulsan HD,0,2,36,,card,J. Si-Woo,True,yellow,Foul,,,,,,
k_league_1_2026,2026-08-08,22,Jeonbuk Hyundai Motors,Jeju SK,1,3,90,,period,,,,,,,FT,,1,3
k_league_1_2026,2026-08-08,22,Jeonbuk Hyundai Motors,Jeju SK,1,3,90,8,goal,Emerson Ramon,False,,,,,,,1,3
k_league_1_2026,2026-08-08,22,Jeonbuk Hyundai Motors,Jeju SK,1,3,89,,substitution,,False,,,P. Min-Jae,I. Yu,,,,
k_league_1_2026,2026-08-08,22,Jeonbuk Hyundai Motors,Jeju SK,1,3,87,,substitution,,True,,,Y. Kim,K. Sang-Yun,,,,
k_league_1_2026,2026-08-08,22,Jeonbuk Hyundai Motors,Jeju SK,1,3,87,,substitution,,True,,,T. Kim,T. H. Kim,,,,
k_league_1_2026,2026-08-08,22,Jeonbuk Hyundai Motors,Jeju SK,1,3,83,,card,A. Compagno,True,yellow,Foul,,,,,,
k_league_1_2026,2026-08-08,22,Jeonbuk Hyundai Motors,Jeju SK,1,3,82,,card,I. Yu,False,yellow,Foul,,,,,,
k_league_1_2026,2026-08-08,22,Jeonbuk Hyundai Motors,Jeju SK,1,3,77,,substitution,,True,,,Italo,D. J. Lee,,,,
k_league_1_2026,2026-08-08,22,Jeonbuk Hyundai Motors,Jeju SK,1,3,77,,substitution,,True,,,Y. J. Lee,S. U. Maeng,,,,
k_league_1_2026,2026-08-08,22,Jeonbuk Hyundai Motors,Jeju SK,1,3,70,,goal,Emerson Ramon,False,,,,,,,1,2
k_league_1_2026,2026-08-08,22,Jeonbuk Hyundai Motors,Jeju SK,1,3,69,,substitution,,False,,,W. Jeong,J. In-Jung,,,,
k_league_1_2026,2026-08-08,22,Jeonbuk Hyundai Motors,Jeju SK,1,3,68,,substitution,,False,,,K. Ki-Min,C. M. Lee,,,,
k_league_1_2026,2026-08-08,22,Jeonbuk Hyundai Motors,Jeju SK,1,3,67,,substitution,,True,,,A. Compagno,G. Paulauskas,,,,
k_league_1_2026,2026-08-08,22,Jeonbuk Hyundai Motors,Jeju SK,1,3,66,,card,S. U. Maeng,True,yellow,Foul,,,,,,
k_league_1_2026,2026-08-08,22,Jeonbuk Hyundai Motors,Jeju SK,1,3,62,,substitution,,False,,,C. J. Park,C. Byung-Wook,,,,
k_league_1_2026,2026-08-08,22,Jeonbuk Hyundai Motors,Jeju SK,1,3,58,,goal,S. Lee,True,,,,,,,1,1
k_league_1_2026,2026-08-08,22,Jeonbuk Hyundai Motors,Jeju SK,1,3,45,,period,,,,,,,HT,,0,1
k_league_1_2026,2026-08-08,22,Jeonbuk Hyundai Motors,Jeju SK,1,3,23,,goal,Emerson Ramon,False,,,,,,,0,1
k_league_1_2026,2026-08-08,22,Jeonbuk Hyundai Motors,Jeju SK,1,3,17,,substitution,,False,,,M. Aiás,K. Shin-jin,,,,
k_league_1_2026,2026-08-08,22,Gimcheon Sangmu FC,FC Seoul,0,0,90,,period,,,,,,,FT,,0,0
k_league_1_2026,2026-08-08,22,Gimcheon Sangmu FC,FC Seoul,0,0,90,3,substitution,,True,,,J. Jae-Min,K. H. Lee,,,,
k_league_1_2026,2026-08-08,22,Gimcheon Sangmu FC,FC Seoul,0,0,82,,card,K. Jin-su,False,yellow,Foul,,,,,,
k_league_1_2026,2026-08-08,22,Gimcheon Sangmu FC,FC Seoul,0,0,81,,substitution,,True,,,S. B. Lee,T. Park,,,,
k_league_1_2026,2026-08-08,22,Gimcheon Sangmu FC,FC Seoul,0,0,81,,substitution,,True,,,J. Byung-Kwan,J. Go,,,,
k_league_1_2026,2026-08-08,22,Gimcheon Sangmu FC,FC Seoul,0,0,76,,card,P. Cheol-Woo,True,yellow,Foul,,,,,,
k_league_1_2026,2026-08-08,22,Gimcheon Sangmu FC,FC Seoul,0,0,69,,substitution,,True,,,I. Kim,Y. Hong,,,,
k_league_1_2026,2026-08-08,22,Gimcheon Sangmu FC,FC Seoul,0,0,66,,substitution,,False,,,M. Seon-min,C. Young-wook,,,,
k_league_1_2026,2026-08-08,22,Gimcheon Sangmu FC,FC Seoul,0,0,58,,substitution,,False,,,P. Klimala,M. Song,,,,
k_league_1_2026,2026-08-08,22,Gimcheon Sangmu FC,FC Seoul,0,0,58,,substitution,,False,,,L. Seung-mo,J. Son,,,,
k_league_1_2026,2026-08-08,22,Gimcheon Sangmu FC,FC Seoul,0,0,46,,substitution,,True,,,K. Lee-Seok,S. Park,,,,
k_league_1_2026,2026-08-08,22,Gimcheon Sangmu FC,FC Seoul,0,0,45,,period,,,,,,,HT,,0,0
k_league_1_2026,2026-08-08,22,FC Anyang,Daejeon Hana Citizen,1,2,90,,period,,,,,,,FT,,1,2
k_league_1_2026,2026-08-08,22,FC Anyang,Daejeon Hana Citizen,1,2,85,,substitution,,True,,,K. Han,I. Jukić,,,,
k_league_1_2026,2026-08-08,22,FC Anyang,Daejeon Hana Citizen,1,2,83,,substitution,,False,,,J. Jeong,W.S. Um,,,,
k_league_1_2026,2026-08-08,22,FC Anyang,Daejeon Hana Citizen,1,2,83,,substitution,,False,,,S. Lee,K. Bong-Soo,,,,
k_league_1_2026,2026-08-08,22,FC Anyang,Daejeon Hana Citizen,1,2,74,,substitution,,False,,,C. Ha,G. Ludwigson,,,,
k_league_1_2026,2026-08-08,22,FC Anyang,Daejeon Hana Citizen,1,2,69,,substitution,,False,,,H. U. Kim,M. Ishida,,,,
k_league_1_2026,2026-08-08,22,FC Anyang,Daejeon Hana Citizen,1,2,68,,substitution,,True,,,H. Chae,G. Choi,,,,
k_league_1_2026,2026-08-08,22,FC Anyang,Daejeon Hana Citizen,1,2,68,,substitution,,False,,,Diogo Oliveira,M. K. Ju,,,,
k_league_1_2026,2026-08-08,22,FC Anyang,Daejeon Hana Citizen,1,2,61,,goal,C. Lee,True,,,,,,,1,2
k_league_1_2026,2026-08-08,22,FC Anyang,Daejeon Hana Citizen,1,2,60,,card,Y. Kang,False,yellow,Foul,,,,,,
k_league_1_2026,2026-08-08,22,FC Anyang,Daejeon Hana Citizen,1,2,58,,substitution,,True,,,U. Kim,B. Tsague,,,,
k_league_1_2026,2026-08-08,22,FC Anyang,Daejeon Hana Citizen,1,2,57,,card,M. Oliveira,True,yellow,Foul,,,,,,
k_league_1_2026,2026-08-08,22,FC Anyang,Daejeon Hana Citizen,1,2,53,,card,K. Bong-Soo,False,yellow,Foul,,,,,,
k_league_1_2026,2026-08-08,22,FC Anyang,Daejeon Hana Citizen,1,2,46,,substitution,,True,,,M. Oliveira,B. K. Kim,,,,
k_league_1_2026,2026-08-08,22,FC Anyang,Daejeon Hana Citizen,1,2,46,,substitution,,True,,,K. W. Kwon,J. Lee,,,,
k_league_1_2026,2026-08-08,22,FC Anyang,Daejeon Hana Citizen,1,2,45,,period,,,,,,,HT,,0,2
k_league_1_2026,2026-08-08,22,FC Anyang,Daejeon Hana Citizen,1,2,40,,goal,A. Kryvotsiuk,False,,,,,,,0,2
k_league_1_2026,2026-08-08,22,FC Anyang,Daejeon Hana Citizen,1,2,31,,card,M. Ishida,False,yellow,Foul,,,,,,
k_league_1_2026,2026-08-08,22,FC Anyang,Daejeon Hana Citizen,1,2,17,,goal,M. K. Ju,False,,,,,,,0,1
k_league_1_2026,2026-08-08,22,Bucheon FC 1995,Gwangju FC,0,0,90,,period,,,,,,,FT,,0,0
k_league_1_2026,2026-08-08,22,Bucheon FC 1995,Gwangju FC,0,0,90,5,substitution,,True,,,M. J. Kim,Rodrigo,,,,
k_league_1_2026,2026-08-08,22,Bucheon FC 1995,Gwangju FC,0,0,88,,substitution,,False,,,S. Jang,Y. Ahn,,,,
k_league_1_2026,2026-08-08,22,Bucheon FC 1995,Gwangju FC,0,0,88,,substitution,,False,,,Seung-un Ha,H. A. Friðjónsson,,,,
k_league_1_2026,2026-08-08,22,Bucheon FC 1995,Gwangju FC,0,0,81,,substitution,,True,,,J. I. Park,Gabriel,,,,
k_league_1_2026,2026-08-08,22,Bucheon FC 1995,Gwangju FC,0,0,68,,substitution,,False,,,K. Jong-Seok,Y. Je-ho,,,,
k_league_1_2026,2026-08-08,22,Bucheon FC 1995,Gwangju FC,0,0,66,,substitution,,True,,,T. Santos,Yeo,,,,
k_league_1_2026,2026-08-08,22,Bucheon FC 1995,Gwangju FC,0,0,66,,substitution,,True,,,J. Kim,S. Kim,,,,
k_league_1_2026,2026-08-08,22,Bucheon FC 1995,Gwangju FC,0,0,66,,substitution,,True,,,S. Kim,Galego,,,,
k_league_1_2026,2026-08-08,22,Bucheon FC 1995,Gwangju FC,0,0,59,,substitution,,False,,,M. Moon,K. Woo-Jin,,,,
k_league_1_2026,2026-08-08,22,Bucheon FC 1995,Gwangju FC,0,0,59,,substitution,,False,,,A. D. B. Loua,C. M. Shin,,,,
k_league_1_2026,2026-08-08,22,Bucheon FC 1995,Gwangju FC,0,0,45,,period,,,,,,,HT,,0,0
k_league_1_2026,2026-08-08,22,Bucheon FC 1995,Gwangju FC,0,0,26,,card,Gabriel,True,yellow,Foul,,,,,,
k_league_1_2026,2026-08-08,22,Bucheon FC 1995,Gwangju FC,0,0,24,,card,S. Y. Kwon,False,yellow,Foul,,,,,,
k_league_1_2026,2026-08-02,21,Ulsan HD,FC Anyang,3,1,90,,period,,,,,,,FT,,3,1
k_league_1_2026,2026-08-02,21,Ulsan HD,FC Anyang,3,1,89,,substitution,,True,,,H. Lee,D. G. Lee,,,,
k_league_1_2026,2026-08-02,21,Ulsan HD,FC Anyang,3,1,88,,substitution,,False,,,B. K. Kim,I. Jukić,,,,
k_league_1_2026,2026-08-02,21,Ulsan HD,FC Anyang,3,1,88,,substitution,,False,,,K. Jae-Hyun,D. J. Kim,,,,
k_league_1_2026,2026-08-02,21,Ulsan HD,FC Anyang,3,1,84,,substitution,,True,,,J. Lee,K. Young-gwon,,,,
k_league_1_2026,2026-08-02,21,Ulsan HD,FC Anyang,3,1,84,,substitution,,True,,,K. Sang-woo,E. Farias,,,,
k_league_1_2026,2026-08-02,21,Ulsan HD,FC Anyang,3,1,79,,substitution,,False,,,H. Chae,J. H. Kim,,,,
k_league_1_2026,2026-08-02,21,Ulsan HD,FC Anyang,3,1,79,,substitution,,False,,,J. Lee,G. Choi,,,,
k_league_1_2026,2026-08-02,21,Ulsan HD,FC Anyang,3,1,77,,goal,D. G. Lee,True,,,,,,,3,1
k_league_1_2026,2026-08-02,21,Ulsan HD,FC Anyang,3,1,73,,goal,D. G. Lee,True,,,,,,,2,1
k_league_1_2026,2026-08-02,21,Ulsan HD,FC Anyang,3,1,67,,card,J. H. Kim,False,yellow,Foul,,,,,,
k_league_1_2026,2026-08-02,21,Ulsan HD,FC Anyang,3,1,64,,substitution,,False,,,B. Tsague,B. Herculano,,,,
k_league_1_2026,2026-08-02,21,Ulsan HD,FC Anyang,3,1,63,,goal,Yago,True,,,,,,,1,1
k_league_1_2026,2026-08-02,21,Ulsan HD,FC Anyang,3,1,58,,substitution,,True,,,Yago,L. Jin-hyun,,,,
k_league_1_2026,2026-08-02,21,Ulsan HD,FC Anyang,3,1,58,,substitution,,True,,,S. Shim,J. Si-Young,,,,
k_league_1_2026,2026-08-02,21,Ulsan HD,FC Anyang,3,1,56,,goal,M. Oliveira,False,,,,,,,0,1
k_league_1_2026,2026-08-02,21,Ulsan HD,FC Anyang,3,1,45,,period,,,,,,,HT,,0,0
k_league_1_2026,2026-08-02,21,Jeju SK,Incheon United,3,3,90,,period,,,,,,,FT,,3,3
k_league_1_2026,2026-08-02,21,Jeju SK,Incheon United,3,3,90,3,card,J. Celestine,True,yellow,Foul,,,,,,
k_league_1_2026,2026-08-02,21,Jeju SK,Incheon United,3,3,87,,substitution,,True,,,K. Ki-Min,I. Yu,,,,
k_league_1_2026,2026-08-02,21,Jeju SK,Incheon United,3,3,84,,substitution,,False,,,C. Seung-Gu,K. Myung-Sun,,,,
k_league_1_2026,2026-08-02,21,Jeju SK,Incheon United,3,3,84,,substitution,,False,,,J. H. Mun,M. J. Lee,,,,
k_league_1_2026,2026-08-02,21,Jeju SK,Incheon United,3,3,78,,substitution,,True,,,P. Min-Jae,J. Oh,,,,
k_league_1_2026,2026-08-02,21,Jeju SK,Incheon United,3,3,74,,substitution,,True,,,C. Byung-Wook,K. Jun-Ha,,,,
k_league_1_2026,2026-08-02,21,Jeju SK,Incheon United,3,3,74,,substitution,,True,,,M. Jang,K. Shin-jin,,,,
k_league_1_2026,2026-08-02,21,Jeju SK,Incheon United,3,3,71,,card,T. Figueiredo,True,yellow,Foul,,,,,,
k_league_1_2026,2026-08-02,21,Jeju SK,Incheon United,3,3,69,,card,J. Oh,True,yellow,Foul,,,,,,
k_league_1_2026,2026-08-02,21,Jeju SK,Incheon United,3,3,62,,goal,J. Y. Lee,False,,,,,,,3,3
k_league_1_2026,2026-08-02,21,Jeju SK,Incheon United,3,3,60,,substitution,,False,,,Y. Kim,S. Jae-Min,,,,
k_league_1_2026,2026-08-02,21,Jeju SK,Incheon United,3,3,56,,goal,M. Aiás,True,,,,,,,3,2
k_league_1_2026,2026-08-02,21,Jeju SK,Incheon United,3,3,50,,card,K. Myung-Sun,False,yellow,Foul,,,,,,
k_league_1_2026,2026-08-02,21,Jeju SK,Incheon United,3,3,46,,substitution,,False,,,M. Ferrier,S. Mugoša,,,,
k_league_1_2026,2026-08-02,21,Jeju SK,Incheon United,3,3,46,,substitution,,False,,,D. Lee,S. Kim,,,,
k_league_1_2026,2026-08-02,21,Jeju SK,Incheon United,3,3,46,,substitution,,True,,,M. Aiás,C. J. Park,,,,
k_league_1_2026,2026-08-02,21,Jeju SK,Incheon United,3,3,45,,period,,,,,,,HT,,2,2
k_league_1_2026,2026-08-02,21,Jeju SK,Incheon United,3,3,45,1,goal,T. Figueiredo,True,,,,,,,2,2
k_league_1_2026,2026-08-02,21,Jeju SK,Incheon United,3,3,38,,card,C. Y. Lee,False,yellow,Foul,,,,,,
k_league_1_2026,2026-08-02,21,Jeju SK,Incheon United,3,3,37,,goal,K. Gun-Hee,False,,,,,,,1,2
k_league_1_2026,2026-08-02,21,Jeju SK,Incheon United,3,3,34,,goal,K. Gun-Hee,False,,,,,,,1,1
k_league_1_2026,2026-08-02,21,Jeju SK,Incheon United,3,3,12,,goal,K. Shin-jin,True,,,,,,,1,0
k_league_1_2026,2026-08-02,21,Daejeon Hana Citizen,Gwangju FC,2,0,90,,period,,,,,,,FT,,2,0
k_league_1_2026,2026-08-02,21,Daejeon Hana Citizen,Gwangju FC,2,0,90,3,goal,W.S. Um,True,,,,,,,2,0
k_league_1_2026,2026-08-02,21,Daejeon Hana Citizen,Gwangju FC,2,0,90,1,card,Diogo Oliveira,True,yellow,Foul,,,,,,
k_league_1_2026,2026-08-02,21,Daejeon Hana Citizen,Gwangju FC,2,0,89,,substitution,,True,,,S. Lee,Y. Kang,,,,
k_league_1_2026,2026-08-02,21,Daejeon Hana Citizen,Gwangju FC,2,0,75,,goal,G. Ludwigson,True,,,,,,,1,0
k_league_1_2026,2026-08-02,21,Daejeon Hana Citizen,Gwangju FC,2,0,75,,substitution,,False,,,H. A. Friðjónsson,J. Iredale,,,,
k_league_1_2026,2026-08-02,21,Daejeon Hana Citizen,Gwangju FC,2,0,68,,substitution,,True,,,G. Ludwigson,M. Ishida,,,,
k_league_1_2026,2026-08-02,21,Daejeon Hana Citizen,Gwangju FC,2,0,68,,substitution,,True,,,Diogo Oliveira,M. K. Ju,,,,
k_league_1_2026,2026-08-02,21,Daejeon Hana Citizen,Gwangju FC,2,0,62,,substitution,,False,,,S. Jang,W. J. Park,,,,
k_league_1_2026,2026-08-02,21,Daejeon Hana Citizen,Gwangju FC,2,0,62,,substitution,,False,,,Seung-un Ha,A. D. B. Loua,,,,
k_league_1_2026,2026-08-02,21,Daejeon Hana Citizen,Gwangju FC,2,0,59,,card,João Pedro,False,yellow,Foul,,,,,,
k_league_1_2026,2026-08-02,21,Daejeon Hana Citizen,Gwangju FC,2,0,58,,substitution,,True,,,M. J. Lee,J. Y. Kim,,,,
k_league_1_2026,2026-08-02,21,Daejeon Hana Citizen,Gwangju FC,2,0,51,,substitution,,False,,,Y. J. Ri,Y. Je-ho,,,,
k_league_1_2026,2026-08-02,21,Daejeon Hana Citizen,Gwangju FC,2,0,46,,substitution,,False,,,H. An,S. Y. Kwon,,,,
k_league_1_2026,2026-08-02,21,Daejeon Hana Citizen,Gwangju FC,2,0,46,,substitution,,True,,,H. U. Kim,J. S. Seo,,,,
k_league_1_2026,2026-08-02,21,Daejeon Hana Citizen,Gwangju FC,2,0,45,,period,,,,,,,HT,,0,0
k_league_1_2026,2026-08-01,21,Pohang Steelers,Gimcheon Sangmu FC,0,1,90,,period,,,,,,,FT,,0,1
k_league_1_2026,2026-08-01,21,Pohang Steelers,Gimcheon Sangmu FC,0,1,84,,substitution,,False,,,S. B. Lee,L. Kang-Hyeon,,,,
k_league_1_2026,2026-08-01,21,Pohang Steelers,Gimcheon Sangmu FC,0,1,80,,substitution,,True,,,K. Gwang-won,K. Shin,,,,
k_league_1_2026,2026-08-01,21,Pohang Steelers,Gimcheon Sangmu FC,0,1,78,,substitution,,False,,,S. H. Hong,Tae-hwan Kim,,,,
k_league_1_2026,2026-08-01,21,Pohang Steelers,Gimcheon Sangmu FC,0,1,78,,substitution,,False,,,J. Byung-Kwan,J. Go,,,,
k_league_1_2026,2026-08-01,21,Pohang Steelers,Gimcheon Sangmu FC,0,1,72,,substitution,,True,,,S. Kim,S. Y. Ki,,,,
k_league_1_2026,2026-08-01,21,Pohang Steelers,Gimcheon Sangmu FC,0,1,66,,goal,L. Jung-Taek,False,,,,,,,0,1
k_league_1_2026,2026-08-01,21,Pohang Steelers,Gimcheon Sangmu FC,0,1,65,,substitution,,False,,,J. Kim,Y. Hong,,,,
k_league_1_2026,2026-08-01,21,Pohang Steelers,Gimcheon Sangmu FC,0,1,65,,substitution,,False,,,K. Lee-Seok,S. Park,,,,
k_league_1_2026,2026-08-01,21,Pohang Steelers,Gimcheon Sangmu FC,0,1,62,,card,K. Nishiya,True,red,Violent conduct,,,,,,
k_league_1_2026,2026-08-01,21,Pohang Steelers,Gimcheon Sangmu FC,0,1,56,,substitution,,True,,,K. J. Won,C. Sang-Hyeok,,,,
k_league_1_2026,2026-08-01,21,Pohang Steelers,Gimcheon Sangmu FC,0,1,46,,substitution,,True,,,K. Nishiya,A. Jae-joon,,,,
k_league_1_2026,2026-08-01,21,Pohang Steelers,Gimcheon Sangmu FC,0,1,46,,substitution,,True,,,H. Seo-woong,H. Kim,,,,
k_league_1_2026,2026-08-01,21,Pohang Steelers,Gimcheon Sangmu FC,0,1,45,,period,,,,,,,HT,,0,0
k_league_1_2026,2026-08-01,21,Jeonbuk Hyundai Motors,FC Seoul,0,0,90,,period,,,,,,,FT,,0,0
k_league_1_2026,2026-08-01,21,Jeonbuk Hyundai Motors,FC Seoul,0,0,90,,injuryTime,,,,,,,,7,,
k_league_1_2026,2026-08-01,21,Jeonbuk Hyundai Motors,FC Seoul,0,0,88,,substitution,,True,,,J. Yeon,W. Cho,,,,
k_league_1_2026,2026-08-01,21,Jeonbuk Hyundai Motors,FC Seoul,0,0,84,,card,J. Son,False,yellow,Persistent fouling,,,,,,
k_league_1_2026,2026-08-01,21,Jeonbuk Hyundai Motors,FC Seoul,0,0,76,,substitution,,False,,,L. Seung-mo,H. Babec,,,,
k_league_1_2026,2026-08-01,21,Jeonbuk Hyundai Motors,FC Seoul,0,0,76,,substitution,,False,,,C. Young-wook,Anderson Oliveira,,,,
k_league_1_2026,2026-08-01,21,Jeonbuk Hyundai Motors,FC Seoul,0,0,76,,substitution,,True,,,J. Gamboa,J. Kim,,,,
k_league_1_2026,2026-08-01,21,Jeonbuk Hyundai Motors,FC Seoul,0,0,76,,substitution,,False,,,S. Park,C. Jun,,,,
k_league_1_2026,2026-08-01,21,Jeonbuk Hyundai Motors,FC Seoul,0,0,76,,substitution,,True,,,P. Ji-soo,C. Woo-Jin,,,,
k_league_1_2026,2026-08-01,21,Jeonbuk Hyundai Motors,FC Seoul,0,0,61,,substitution,,True,,,Italo,S. Lee,,,,
k_league_1_2026,2026-08-01,21,Jeonbuk Hyundai Motors,FC Seoul,0,0,61,,substitution,,True,,,Y. Kim,S. S. Kim,,,,
k_league_1_2026,2026-08-01,21,Jeonbuk Hyundai Motors,FC Seoul,0,0,61,,substitution,,False,,,M. Seon-min,M. Song,,,,
k_league_1_2026,2026-08-01,21,Jeonbuk Hyundai Motors,FC Seoul,0,0,45,,period,,,,,,,HT,,0,0
k_league_1_2026,2026-08-01,21,Jeonbuk Hyundai Motors,FC Seoul,0,0,45,,injuryTime,,,,,,,,5,,
k_league_1_2026,2026-08-01,21,Jeonbuk Hyundai Motors,FC Seoul,0,0,32,,card,O. Alionço,True,yellow,Foul,,,,,,
k_league_1_2026,2026-08-01,21,Jeonbuk Hyundai Motors,FC Seoul,0,0,26,,card,M. Song,False,yellow,Argument,,,,,,
k_league_1_2026,2026-08-01,21,Jeonbuk Hyundai Motors,FC Seoul,0,0,24,,card,W. Cho,True,yellow,Foul,,,,,,
k_league_1_2026,2026-08-01,21,Gangwon FC,Bucheon FC 1995,0,3,90,,period,,,,,,,FT,,0,3
k_league_1_2026,2026-08-01,21,Gangwon FC,Bucheon FC 1995,0,3,90,4,card,D. Kim,True,yellow,Foul,,,,,,
k_league_1_2026,2026-08-01,21,Gangwon FC,Bucheon FC 1995,0,3,90,,card,M. Tuci,True,yellow,Foul,,,,,,
k_league_1_2026,2026-08-01,21,Gangwon FC,Bucheon FC 1995,0,3,90,,card,J. I. Park,False,yellow,Foul,,,,,,
k_league_1_2026,2026-08-01,21,Gangwon FC,Bucheon FC 1995,0,3,85,,substitution,,False,,,L. Eui-Hyeong,Yeo,,,,
k_league_1_2026,2026-08-01,21,Gangwon FC,Bucheon FC 1995,0,3,85,,substitution,,False,,,H. Jeong,Galego,,,,
k_league_1_2026,2026-08-01,21,Gangwon FC,Bucheon FC 1995,0,3,78,,card,G. Lee,True,yellow,Foul,,,,,,
k_league_1_2026,2026-08-01,21,Gangwon FC,Bucheon FC 1995,0,3,77,,card,M. Seo,True,yellow,Foul,,,,,,
k_league_1_2026,2026-08-01,21,Gangwon FC,Bucheon FC 1995,0,3,70,,substitution,,False,,,J. I. Park,Rodrigo,,,,
k_league_1_2026,2026-08-01,21,Gangwon FC,Bucheon FC 1995,0,3,70,,substitution,,False,,,M. J. Kim,Gabriel,,,,
k_league_1_2026,2026-08-01,21,Gangwon FC,Bucheon FC 1995,0,3,69,,goal,Gabriel,False,,,,,,,0,3
k_league_1_2026,2026-08-01,21,Gangwon FC,Bucheon FC 1995,0,3,68,,substitution,,True,,,H. Chul,K. Joon-hyuk,,,,
k_league_1_2026,2026-08-01,21,Gangwon FC,Bucheon FC 1995,0,3,68,,substitution,,True,,,J. Sekidika,B. Choi,,,,
k_league_1_2026,2026-08-01,21,Gangwon FC,Bucheon FC 1995,0,3,60,,goal,S. Ye-Geon,False,,,,,,,0,2
k_league_1_2026,2026-08-01,21,Gangwon FC,Bucheon FC 1995,0,3,55,,substitution,,False,,,S. Kim,T. Santos,,,,
k_league_1_2026,2026-08-01,21,Gangwon FC,Bucheon FC 1995,0,3,54,,card,T. Santos,False,yellow,Foul,,,,,,
k_league_1_2026,2026-08-01,21,Gangwon FC,Bucheon FC 1995,0,3,46,,substitution,,True,,,A. Halaihal,Y. Goh,,,,
k_league_1_2026,2026-08-01,21,Gangwon FC,Bucheon FC 1995,0,3,46,,substitution,,True,,,M. Seo,K. Dong-hyeon,,,,
k_league_1_2026,2026-08-01,21,Gangwon FC,Bucheon FC 1995,0,3,46,,substitution,,True,,,P. Sang-Hyeok,K. Yun-Gu,,,,
k_league_1_2026,2026-08-01,21,Gangwon FC,Bucheon FC 1995,0,3,45,,period,,,,,,,HT,,0,1
k_league_1_2026,2026-08-01,21,Gangwon FC,Bucheon FC 1995,0,3,19,,goal,Galego,False,,,,,,,0,1
k_league_1_2026,2026-07-26,20,Incheon United,Bucheon FC 1995,1,1,90,,period,,,,,,,FT,,1,1
k_league_1_2026,2026-07-26,20,Incheon United,Bucheon FC 1995,1,1,90,4,card,J. H. Han,False,yellowRed,Foul,,,,,,
k_league_1_2026,2026-07-26,20,Incheon United,Bucheon FC 1995,1,1,90,2,card,J. H. Han,False,yellow,Foul,,,,,,
k_league_1_2026,2026-07-26,20,Incheon United,Bucheon FC 1995,1,1,90,,substitution,,False,,,Yeo,T. Santos,,,,
k_league_1_2026,2026-07-26,20,Incheon United,Bucheon FC 1995,1,1,90,,injuryTime,,,,,,,,7,,
k_league_1_2026,2026-07-26,20,Incheon United,Bucheon FC 1995,1,1,85,,substitution,,False,,,J. H. Han,Rodrigo,,,,
k_league_1_2026,2026-07-26,20,Incheon United,Bucheon FC 1995,1,1,84,,goal,M. Ferrier,True,,,,,,,1,1
k_league_1_2026,2026-07-26,20,Incheon United,Bucheon FC 1995,1,1,82,,substitution,,True,,,K. Park,J. Y. Lee,,,,
k_league_1_2026,2026-07-26,20,Incheon United,Bucheon FC 1995,1,1,82,,substitution,,True,,,C. I. Jeong,M. J. Lee,,,,
k_league_1_2026,2026-07-26,20,Incheon United,Bucheon FC 1995,1,1,77,,card,S. Mugoša,True,yellow,Foul,,,,,,
k_league_1_2026,2026-07-26,20,Incheon United,Bucheon FC 1995,1,1,67,,substitution,,True,,,C. Seung-Gu,K. Myung-Sun,,,,
k_league_1_2026,2026-07-26,20,Incheon United,Bucheon FC 1995,1,1,66,,card,T. H. Ahn,False,yellow,Time wasting,,,,,,
k_league_1_2026,2026-07-26,20,Incheon United,Bucheon FC 1995,1,1,65,,substitution,,False,,,S. Ye-Geon,J. Kim,,,,
k_league_1_2026,2026-07-26,20,Incheon United,Bucheon FC 1995,1,1,46,,substitution,,False,,,Galego,S. Kim,,,,
k_league_1_2026,2026-07-26,20,Incheon United,Bucheon FC 1995,1,1,46,,substitution,,False,,,Gabriel,J. I. Park,,,,
k_league_1_2026,2026-07-26,20,Incheon United,Bucheon FC 1995,1,1,46,,substitution,,True,,,D. Lee,G. Fernandes,,,,
k_league_1_2026,2026-07-26,20,Incheon United,Bucheon FC 1995,1,1,46,,substitution,,True,,,S. Mugoša,S. Kim,,,,
k_league_1_2026,2026-07-26,20,Incheon United,Bucheon FC 1995,1,1,45,,period,,,,,,,HT,,0,1
k_league_1_2026,2026-07-26,20,Incheon United,Bucheon FC 1995,1,1,45,5,varDecision,J. Fernández,False,,,,,,,,
k_league_1_2026,2026-07-26,20,Incheon United,Bucheon FC 1995,1,1,45,3,goal,J. Fernández,False,,,,,,,0,1
k_league_1_2026,2026-07-26,20,Incheon United,Bucheon FC 1995,1,1,45,,injuryTime,,,,,,,,3,,
k_league_1_2026,2026-07-26,20,Incheon United,Bucheon FC 1995,1,1,30,,card,D. K. Baek,False,yellow,Foul,,,,,,
k_league_1_2026,2026-07-26,20,Incheon United,Bucheon FC 1995,1,1,18,,card,J. Y. Lee,True,yellow,Foul,,,,,,
k_league_1_2026,2026-07-26,20,Gwangju FC,Jeju SK,1,2,90,,period,,,,,,,FT,,1,2
k_league_1_2026,2026-07-26,20,Gwangju FC,Jeju SK,1,2,90,5,substitution,,False,,,M. Jang,K. Ki-Min,,,,
k_league_1_2026,2026-07-26,20,Gwangju FC,Jeju SK,1,2,90,2,goal,K. Ki-Min,False,,,,,,,1,2
k_league_1_2026,2026-07-26,20,Gwangju FC,Jeju SK,1,2,82,,substitution,,False,,,J. Kim,G.U. Kim,,,,
k_league_1_2026,2026-07-26,20,Gwangju FC,Jeju SK,1,2,82,,substitution,,False,,,C. M. Lee,K. Shin-jin,,,,
k_league_1_2026,2026-07-26,20,Gwangju FC,Jeju SK,1,2,76,,substitution,,True,,,Y. Je-ho,S. J. Ju,,,,
k_league_1_2026,2026-07-26,20,Gwangju FC,Jeju SK,1,2,76,,substitution,,True,,,Y. J. Ri,M. Moon,,,,
k_league_1_2026,2026-07-26,20,Gwangju FC,Jeju SK,1,2,68,,substitution,,False,,,S. Sang-Eun,K. Jun-Ha,,,,
k_league_1_2026,2026-07-26,20,Gwangju FC,Jeju SK,1,2,68,,substitution,,False,,,C. Byung-Wook,C. J. Park,,,,
k_league_1_2026,2026-07-26,20,Gwangju FC,Jeju SK,1,2,59,,substitution,,True,,,Seung-un Ha,A. D. B. Loua,,,,
k_league_1_2026,2026-07-26,20,Gwangju FC,Jeju SK,1,2,59,,substitution,,True,,,S. Jang,W. J. Park,,,,
k_league_1_2026,2026-07-26,20,Gwangju FC,Jeju SK,1,2,56,,card,K. Choi,True,red,Violent conduct,,,,,,
k_league_1_2026,2026-07-26,20,Gwangju FC,Jeju SK,1,2,45,,period,,,,,,,HT,,1,1
k_league_1_2026,2026-07-26,20,Gwangju FC,Jeju SK,1,2,45,5,substitution,,True,,,C. M. Shin,J. Jeong,,,,
k_league_1_2026,2026-07-26,20,Gwangju FC,Jeju SK,1,2,45,1,card,T. v. Grunsven,True,yellow,Foul,,,,,,
k_league_1_2026,2026-07-26,20,Gwangju FC,Jeju SK,1,2,40,,goal,J. Oh,False,,,,,,,1,1
k_league_1_2026,2026-07-26,20,Gwangju FC,Jeju SK,1,2,10,,goal,J. Jeong,True,,,,,,,1,0
k_league_1_2026,2026-07-26,20,FC Seoul,Ulsan HD,1,3,90,,period,,,,,,,FT,,1,3
k_league_1_2026,2026-07-26,20,FC Seoul,Ulsan HD,1,3,90,9,card,Yago,False,yellow,Foul,,,,,,
k_league_1_2026,2026-07-26,20,FC Seoul,Ulsan HD,1,3,90,8,goal,Yago,False,,,,,,,1,3
k_league_1_2026,2026-07-26,20,FC Seoul,Ulsan HD,1,3,84,,substitution,,False,,,D. Bojanić,K. S. Lee,,,,
k_league_1_2026,2026-07-26,20,FC Seoul,Ulsan HD,1,3,82,,card,P. Klimala,True,yellow,Foul,,,,,,
k_league_1_2026,2026-07-26,20,FC Seoul,Ulsan HD,1,3,73,,substitution,,True,,,J. Son,H. Babec,,,,
k_league_1_2026,2026-07-26,20,FC Seoul,Ulsan HD,1,3,68,,substitution,,False,,,Yago,D. G. Lee,,,,
k_league_1_2026,2026-07-26,20,FC Seoul,Ulsan HD,1,3,68,,substitution,,False,,,S. Shim,J. Si-Young,,,,
k_league_1_2026,2026-07-26,20,FC Seoul,Ulsan HD,1,3,61,,goal,S. Jeong,True,,,,,,,1,2
k_league_1_2026,2026-07-26,20,FC Seoul,Ulsan HD,1,3,58,,substitution,,False,,,J. Lee,K. Young-gwon,,,,
k_league_1_2026,2026-07-26,20,FC Seoul,Ulsan HD,1,3,58,,substitution,,False,,,K. Sang-woo,E. Farias,,,,
k_league_1_2026,2026-07-26,20,FC Seoul,Ulsan HD,1,3,57,,substitution,,True,,,C. Young-wook,Anderson Oliveira,,,,
k_league_1_2026,2026-07-26,20,FC Seoul,Ulsan HD,1,3,57,,card,T. O. Kotte,False,yellow,Foul,,,,,,
k_league_1_2026,2026-07-26,20,FC Seoul,Ulsan HD,1,3,46,,substitution,,True,,,S. Park,Y. Al-Arab,,,,
k_league_1_2026,2026-07-26,20,FC Seoul,Ulsan HD,1,3,45,,period,,,,,,,HT,,0,2
k_league_1_2026,2026-07-26,20,FC Seoul,Ulsan HD,1,3,33,,substitution,,True,,,M. Seon-min,L. Seung-mo,,,,
k_league_1_2026,2026-07-26,20,FC Seoul,Ulsan HD,1,3,13,,goal,D. G. Lee,False,,,,,,,0,2
k_league_1_2026,2026-07-26,20,FC Seoul,Ulsan HD,1,3,5,,goal,E. Farias,False,,,,,,,0,1
k_league_1_2026,2026-07-26,20,FC Anyang,Gangwon FC,2,1,90,,period,,,,,,,FT,,2,1
k_league_1_2026,2026-07-26,20,FC Anyang,Gangwon FC,2,1,90,6,goal,A. Halaihal,False,,,,,,,2,1
k_league_1_2026,2026-07-26,20,FC Anyang,Gangwon FC,2,1,90,1,substitution,,True,,,Y. C. Kim,D. J. Kim,,,,
k_league_1_2026,2026-07-26,20,FC Anyang,Gangwon FC,2,1,79,,substitution,,False,,,P. Sang-Hyeok,Y. Goh,,,,
k_league_1_2026,2026-07-26,20,FC Anyang,Gangwon FC,2,1,77,,substitution,,True,,,K. Jae-Hyun,I. Jukić,,,,
k_league_1_2026,2026-07-26,20,FC Anyang,Gangwon FC,2,1,77,,substitution,,True,,,G. Choe,J. H. Kim,,,,
k_league_1_2026,2026-07-26,20,FC Anyang,Gangwon FC,2,1,77,,substitution,,True,,,M. Seong-Woo,B. Herculano,,,,
k_league_1_2026,2026-07-26,20,FC Anyang,Gangwon FC,2,1,70,,substitution,,False,,,J. Sekidika,B. Choi,,,,
k_league_1_2026,2026-07-26,20,FC Anyang,Gangwon FC,2,1,70,,substitution,,False,,,H. Chul,S. Jun-Seok,,,,
k_league_1_2026,2026-07-26,20,FC Anyang,Gangwon FC,2,1,69,,substitution,,False,,,S. W. Lee,M. Seo,,,,
k_league_1_2026,2026-07-26,20,FC Anyang,Gangwon FC,2,1,62,,substitution,,True,,,B. Tsague,G. Choi,,,,
k_league_1_2026,2026-07-26,20,FC Anyang,Gangwon FC,2,1,53,,substitution,,False,,,A. Halaihal,K. Gun-hee,,,,
k_league_1_2026,2026-07-26,20,FC Anyang,Gangwon FC,2,1,51,,card,C. Lee,True,yellow,Foul,,,,,,
k_league_1_2026,2026-07-26,20,FC Anyang,Gangwon FC,2,1,45,,period,,,,,,,HT,,2,0
k_league_1_2026,2026-07-26,20,FC Anyang,Gangwon FC,2,1,45,12,card,K. W. Kwon,True,yellow,Foul,,,,,,
k_league_1_2026,2026-07-26,20,FC Anyang,Gangwon FC,2,1,36,,goal,B. Herculano,True,,,,,,,2,0
k_league_1_2026,2026-07-26,20,FC Anyang,Gangwon FC,2,1,3,,goal,G. Choi,True,,,,,,,1,0
k_league_1_2026,2026-07-25,20,Pohang Steelers,Jeonbuk Hyundai Motors,0,2,90,,period,,,,,,,FT,,0,2
k_league_1_2026,2026-07-25,20,Pohang Steelers,Jeonbuk Hyundai Motors,0,2,90,11,substitution,,True,,,L. Heon-Jae,C. Sang-Hyeok,,,,
k_league_1_2026,2026-07-25,20,Pohang Steelers,Jeonbuk Hyundai Motors,0,2,90,7,substitution,,False,,,J. Yeon,Y. Kim,,,,
k_league_1_2026,2026-07-25,20,Pohang Steelers,Jeonbuk Hyundai Motors,0,2,90,3,goal,Y. Kim,False,,,,,,,0,2
k_league_1_2026,2026-07-25,20,Pohang Steelers,Jeonbuk Hyundai Motors,0,2,90,,substitution,,True,,,C. Lee,K. Shin,,,,
k_league_1_2026,2026-07-25,20,Pohang Steelers,Jeonbuk Hyundai Motors,0,2,81,,substitution,,False,,,P. Ji-soo,W. Cho,,,,
k_league_1_2026,2026-07-25,20,Pohang Steelers,Jeonbuk Hyundai Motors,0,2,81,,substitution,,False,,,S. S. Kim,S. Lee,,,,
k_league_1_2026,2026-07-25,20,Pohang Steelers,Jeonbuk Hyundai Motors,0,2,75,,substitution,,False,,,B. Mota,G. Paulauskas,,,,
k_league_1_2026,2026-07-25,20,Pohang Steelers,Jeonbuk Hyundai Motors,0,2,75,,substitution,,False,,,J. Gamboa,J. Kim,,,,
k_league_1_2026,2026-07-25,20,Pohang Steelers,Jeonbuk Hyundai Motors,0,2,70,,substitution,,True,,,S. Kim,D. Kim,,,,
k_league_1_2026,2026-07-25,20,Pohang Steelers,Jeonbuk Hyundai Motors,0,2,57,,card,C. Sang-Hyeok,True,yellow,Foul,,,,,,
k_league_1_2026,2026-07-25,20,Pohang Steelers,Jeonbuk Hyundai Motors,0,2,46,,substitution,,True,,,L. Ho-jae,H. Seo-woong,,,,
k_league_1_2026,2026-07-25,20,Pohang Steelers,Jeonbuk Hyundai Motors,0,2,46,,substitution,,True,,,K. Nishiya,S. Y. Ki,,,,
k_league_1_2026,2026-07-25,20,Pohang Steelers,Jeonbuk Hyundai Motors,0,2,45,,period,,,,,,,HT,,0,1
k_league_1_2026,2026-07-25,20,Pohang Steelers,Jeonbuk Hyundai Motors,0,2,43,,goal,G. Paulauskas,False,,,,,,,0,1
k_league_1_2026,2026-07-25,20,Pohang Steelers,Jeonbuk Hyundai Motors,0,2,25,,substitution,,False,,,Y. Kim,D. J. Lee,,,,
k_league_1_2026,2026-07-25,20,Pohang Steelers,Jeonbuk Hyundai Motors,0,2,22,,card,J. Kim,False,yellow,Foul,,,,,,
k_league_1_2026,2026-07-25,20,Gimcheon Sangmu FC,Daejeon Hana Citizen,3,2,90,,period,,,,,,,FT,,3,2
k_league_1_2026,2026-07-25,20,Gimcheon Sangmu FC,Daejeon Hana Citizen,3,2,90,11,card,K. H. Lee,True,yellow,Foul,,,,,,
k_league_1_2026,2026-07-25,20,Gimcheon Sangmu FC,Daejeon Hana Citizen,3,2,90,4,goal,K. Lee-Seok,True,,,,,,,3,2
k_league_1_2026,2026-07-25,20,Gimcheon Sangmu FC,Daejeon Hana Citizen,3,2,87,,goal,M. Ishida,False,,,,,,,2,2
k_league_1_2026,2026-07-25,20,Gimcheon Sangmu FC,Daejeon Hana Citizen,3,2,81,,card,Tae-hwan Kim,True,yellow,Foul,,,,,,
k_league_1_2026,2026-07-25,20,Gimcheon Sangmu FC,Daejeon Hana Citizen,3,2,81,,substitution,,True,,,D. Lim,L. Jung-Taek,,,,
k_league_1_2026,2026-07-25,20,Gimcheon Sangmu FC,Daejeon Hana Citizen,3,2,74,,card,L. Kang-Hyeon,True,yellow,Foul,,,,,,
k_league_1_2026,2026-07-25,20,Gimcheon Sangmu FC,Daejeon Hana Citizen,3,2,72,,substitution,,True,,,I. Kim,Y. Hong,,,,
k_league_1_2026,2026-07-25,20,Gimcheon Sangmu FC,Daejeon Hana Citizen,3,2,72,,substitution,,False,,,M. Ishida,G. Ludwigson,,,,
k_league_1_2026,2026-07-25,20,Gimcheon Sangmu FC,Daejeon Hana Citizen,3,2,59,,substitution,,False,,,A. Kryvotsiuk,C. Ha,,,,
k_league_1_2026,2026-07-25,20,Gimcheon Sangmu FC,Daejeon Hana Citizen,3,2,56,,substitution,,True,,,K. Lee-Seok,S. Park,,,,
k_league_1_2026,2026-07-25,20,Gimcheon Sangmu FC,Daejeon Hana Citizen,3,2,56,,substitution,,True,,,J. Go,J. Byung-Kwan,,,,
k_league_1_2026,2026-07-25,20,Gimcheon Sangmu FC,Daejeon Hana Citizen,3,2,49,,card,H. Lee,False,yellow,Foul,,,,,,
k_league_1_2026,2026-07-25,20,Gimcheon Sangmu FC,Daejeon Hana Citizen,3,2,46,,substitution,,False,,,W.S. Um,J. Jeong,,,,
k_league_1_2026,2026-07-25,20,Gimcheon Sangmu FC,Daejeon Hana Citizen,3,2,46,,substitution,,False,,,M. Kim,J. Y. Kim,,,,
k_league_1_2026,2026-07-25,20,Gimcheon Sangmu FC,Daejeon Hana Citizen,3,2,46,,substitution,,True,,,Tae-hwan Kim,P. Jin-Seong,,,,
k_league_1_2026,2026-07-25,20,Gimcheon Sangmu FC,Daejeon Hana Citizen,3,2,46,,substitution,,False,,,M. K. Ju,Diogo Oliveira,,,,
k_league_1_2026,2026-07-25,20,Gimcheon Sangmu FC,Daejeon Hana Citizen,3,2,45,,period,,,,,,,HT,,2,1
k_league_1_2026,2026-07-25,20,Gimcheon Sangmu FC,Daejeon Hana Citizen,3,2,42,,goal,Y. Hong,True,,,,,,,2,1
k_league_1_2026,2026-07-25,20,Gimcheon Sangmu FC,Daejeon Hana Citizen,3,2,34,,goal,K. H. Lee,True,,,,,,,1,1
k_league_1_2026,2026-07-25,20,Gimcheon Sangmu FC,Daejeon Hana Citizen,3,2,13,,goal,J. Seong-Kwon,False,,,,,,,0,1
k_league_1_2026,2026-07-22,19,Gwangju FC,Gimcheon Sangmu FC,1,1,90,,period,,,,,,,FT,,1,1
k_league_1_2026,2026-07-22,19,Gwangju FC,Gimcheon Sangmu FC,1,1,85,,card,S. Y. Kwon,True,yellow,Foul,,,,,,
k_league_1_2026,2026-07-22,19,Gwangju FC,Gimcheon Sangmu FC,1,1,82,,substitution,,False,,,C. Lee,L. Kang-Hyeon,,,,
k_league_1_2026,2026-07-22,19,Gwangju FC,Gimcheon Sangmu FC,1,1,79,,substitution,,True,,,S. J. Ju,K. Choi,,,,
k_league_1_2026,2026-07-22,19,Gwangju FC,Gimcheon Sangmu FC,1,1,72,,substitution,,False,,,I. Kim,Y. Hong,,,,
k_league_1_2026,2026-07-22,19,Gwangju FC,Gimcheon Sangmu FC,1,1,69,,substitution,,True,,,J. Jeong,Seung-un Ha,,,,
k_league_1_2026,2026-07-22,19,Gwangju FC,Gimcheon Sangmu FC,1,1,60,,substitution,,False,,,K. Lee-Seok,T. Park,,,,
k_league_1_2026,2026-07-22,19,Gwangju FC,Gimcheon Sangmu FC,1,1,60,,substitution,,False,,,L. Sangheon,S. Park,,,,
k_league_1_2026,2026-07-22,19,Gwangju FC,Gimcheon Sangmu FC,1,1,46,,substitution,,False,,,K. H. Lee,J. Jae-Min,,,,
k_league_1_2026,2026-07-22,19,Gwangju FC,Gimcheon Sangmu FC,1,1,46,,substitution,,True,,,S. Y. Kwon,W. J. Park,,,,
k_league_1_2026,2026-07-22,19,Gwangju FC,Gimcheon Sangmu FC,1,1,46,,substitution,,True,,,S. Jang,Y. Ahn,,,,
k_league_1_2026,2026-07-22,19,Gwangju FC,Gimcheon Sangmu FC,1,1,45,,period,,,,,,,HT,,1,1
k_league_1_2026,2026-07-22,19,Gwangju FC,Gimcheon Sangmu FC,1,1,38,,substitution,,True,,,A. D. B. Loua,E. Saitoski,,,,
k_league_1_2026,2026-07-22,19,Gwangju FC,Gimcheon Sangmu FC,1,1,7,,goal,J. Go,False,,,,,,,1,1
k_league_1_2026,2026-07-22,19,Gwangju FC,Gimcheon Sangmu FC,1,1,5,,goal,J. Iredale,True,,,,,,,1,0
k_league_1_2026,2026-07-22,19,FC Seoul,Pohang Steelers,3,1,90,,period,,,,,,,FT,,3,1
k_league_1_2026,2026-07-22,19,FC Seoul,Pohang Steelers,3,1,88,,goal,S. Jeong,True,,,,,,,3,1
k_league_1_2026,2026-07-22,19,FC Seoul,Pohang Steelers,3,1,85,,substitution,,True,,,L. Seung-mo,H. Babec,,,,
k_league_1_2026,2026-07-22,19,FC Seoul,Pohang Steelers,3,1,84,,substitution,,False,,,H. M. Jung,H. Kim,,,,
k_league_1_2026,2026-07-22,19,FC Seoul,Pohang Steelers,3,1,77,,substitution,,True,,,C. Young-wook,P. Klimala,,,,
k_league_1_2026,2026-07-22,19,FC Seoul,Pohang Steelers,3,1,70,,substitution,,False,,,K. Nishiya,K. Shin,,,,
k_league_1_2026,2026-07-22,19,FC Seoul,Pohang Steelers,3,1,69,,goal,S. Jeong,True,,,,,,,2,1
k_league_1_2026,2026-07-22,19,FC Seoul,Pohang Steelers,3,1,67,,substitution,,True,,,M. Seon-min,M. Song,,,,
k_league_1_2026,2026-07-22,19,FC Seoul,Pohang Steelers,3,1,62,,card,K. Shin,False,yellow,Foul,,,,,,
k_league_1_2026,2026-07-22,19,FC Seoul,Pohang Steelers,3,1,57,,substitution,,False,,,J. Eo,C. Lee,,,,
k_league_1_2026,2026-07-22,19,FC Seoul,Pohang Steelers,3,1,56,,goal,J. Tranziska,False,,,,,,,1,1
k_league_1_2026,2026-07-22,19,FC Seoul,Pohang Steelers,3,1,46,,substitution,,False,,,C. Sang-Hyeok,K. Ye-Sung,,,,
k_league_1_2026,2026-07-22,19,FC Seoul,Pohang Steelers,3,1,46,,substitution,,False,,,Wanderson,H. Seo-woong,,,,
k_league_1_2026,2026-07-22,19,FC Seoul,Pohang Steelers,3,1,45,,period,,,,,,,HT,,1,0
k_league_1_2026,2026-07-22,19,FC Seoul,Pohang Steelers,3,1,36,,goal,P. Klimala,True,,,,,,,1,0
k_league_1_2026,2026-07-22,19,Bucheon FC 1995,FC Anyang,2,3,90,,period,,,,,,,FT,,2,3
k_league_1_2026,2026-07-22,19,Bucheon FC 1995,FC Anyang,2,3,90,1,substitution,,False,,,C. Lee,B. Knežević,,,,
k_league_1_2026,2026-07-22,19,Bucheon FC 1995,FC Anyang,2,3,90,1,substitution,,True,,,J. I. Park,L. Jae-Won,,,,
k_league_1_2026,2026-07-22,19,Bucheon FC 1995,FC Anyang,2,3,85,,card,J. H. Kang,False,yellow,Foul,,,,,,
k_league_1_2026,2026-07-22,19,Bucheon FC 1995,FC Anyang,2,3,83,,card,S. Hong,True,yellow,Foul,,,,,,
k_league_1_2026,2026-07-22,19,Bucheon FC 1995,FC Anyang,2,3,82,,card,T. H. Ahn,True,yellow,Foul,,,,,,
k_league_1_2026,2026-07-22,19,Bucheon FC 1995,FC Anyang,2,3,81,,substitution,,True,,,S. Ye-Geon,S. Kim,,,,
k_league_1_2026,2026-07-22,19,Bucheon FC 1995,FC Anyang,2,3,76,,substitution,,False,,,J. Lee,G. Choi,,,,
k_league_1_2026,2026-07-22,19,Bucheon FC 1995,FC Anyang,2,3,72,,substitution,,True,,,T. H. Ahn,S. Kim,,,,
k_league_1_2026,2026-07-22,19,Bucheon FC 1995,FC Anyang,2,3,72,,substitution,,True,,,D. Kim,J. Kim,,,,
k_league_1_2026,2026-07-22,19,Bucheon FC 1995,FC Anyang,2,3,72,,substitution,,True,,,M. J. Kim,Rodrigo,,,,
k_league_1_2026,2026-07-22,19,Bucheon FC 1995,FC Anyang,2,3,70,,goal,Galego,True,,,,,,,2,3
k_league_1_2026,2026-07-22,19,Bucheon FC 1995,FC Anyang,2,3,64,,substitution,,False,,,B. Tsague,B. Herculano,,,,
k_league_1_2026,2026-07-22,19,Bucheon FC 1995,FC Anyang,2,3,64,,substitution,,False,,,G. Choe,J. H. Kim,,,,
k_league_1_2026,2026-07-22,19,Bucheon FC 1995,FC Anyang,2,3,60,,goal,J. H. Kang,False,,,,,,,1,3
k_league_1_2026,2026-07-22,19,Bucheon FC 1995,FC Anyang,2,3,51,,goal,M. Oliveira,False,,,,,,,1,2
k_league_1_2026,2026-07-22,19,Bucheon FC 1995,FC Anyang,2,3,49,,card,J. H. Kim,False,yellow,Foul,,,,,,
k_league_1_2026,2026-07-22,19,Bucheon FC 1995,FC Anyang,2,3,46,,substitution,,False,,,I. Jukić,M. Seong-Woo,,,,
k_league_1_2026,2026-07-22,19,Bucheon FC 1995,FC Anyang,2,3,45,,period,,,,,,,HT,,1,1
k_league_1_2026,2026-07-22,19,Bucheon FC 1995,FC Anyang,2,3,41,,goal,Gabriel,True,,,,,,,1,1
k_league_1_2026,2026-07-22,19,Bucheon FC 1995,FC Anyang,2,3,20,,goal,G. Choi,False,,,,,,,0,1
k_league_1_2026,2026-07-21,19,Ulsan HD,Incheon United,1,2,90,,period,,,,,,,FT,,1,2
k_league_1_2026,2026-07-21,19,Ulsan HD,Incheon United,1,2,90,12,card,C. I. Jeong,False,yellow,Foul,,,,,,
k_league_1_2026,2026-07-21,19,Ulsan HD,Incheon United,1,2,90,4,card,S. Mugoša,False,yellow,Foul,,,,,,
k_league_1_2026,2026-07-21,19,Ulsan HD,Incheon United,1,2,90,3,goal,S. Mugoša,False,,,,,,,1,2
k_league_1_2026,2026-07-21,19,Ulsan HD,Incheon United,1,2,88,,substitution,,False,,,S. Mugoša,M. Ferrier,,,,
k_league_1_2026,2026-07-21,19,Ulsan HD,Incheon United,1,2,79,,card,C. Seung-Gu,False,yellow,Foul,,,,,,
k_league_1_2026,2026-07-21,19,Ulsan HD,Incheon United,1,2,78,,substitution,,False,,,C. I. Jeong,K. Myung-Sun,,,,
k_league_1_2026,2026-07-21,19,Ulsan HD,Incheon United,1,2,78,,substitution,,False,,,Y. Kim,M. J. Lee,,,,
k_league_1_2026,2026-07-21,19,Ulsan HD,Incheon United,1,2,78,,substitution,,False,,,C. Seung-Gu,C. Y. Lee,,,,
k_league_1_2026,2026-07-21,19,Ulsan HD,Incheon United,1,2,77,,substitution,,True,,,K. Young-gwon,J. Si-Young,,,,
k_league_1_2026,2026-07-21,19,Ulsan HD,Incheon United,1,2,77,,card,L. Min-Hyeok,True,yellow,Foul,,,,,,
k_league_1_2026,2026-07-21,19,Ulsan HD,Incheon United,1,2,71,,substitution,,True,,,L. Min-Hyeok,D. Bojanić,,,,
k_league_1_2026,2026-07-21,19,Ulsan HD,Incheon United,1,2,66,,substitution,,False,,,D. Lee,S. Kim,,,,
k_league_1_2026,2026-07-21,19,Ulsan HD,Incheon United,1,2,64,,card,M. J. Lee,False,yellow,Foul,,,,,,
k_league_1_2026,2026-07-21,19,Ulsan HD,Incheon United,1,2,60,,substitution,,True,,,Yago,E. Farias,,,,
k_league_1_2026,2026-07-21,19,Ulsan HD,Incheon United,1,2,46,,substitution,,True,,,H. Lee,L. Jin-hyun,,,,
k_league_1_2026,2026-07-21,19,Ulsan HD,Incheon United,1,2,46,,substitution,,True,,,K. S. Lee,M. Trojak,,,,
k_league_1_2026,2026-07-21,19,Ulsan HD,Incheon United,1,2,45,,period,,,,,,,HT,,1,1
k_league_1_2026,2026-07-21,19,Ulsan HD,Incheon United,1,2,42,,goal,D. G. Lee,True,,,,,,,1,1
k_league_1_2026,2026-07-21,19,Ulsan HD,Incheon United,1,2,40,,goal,M. Ferrier,False,,,,,,,0,1
k_league_1_2026,2026-07-21,19,Jeonbuk Hyundai Motors,Daejeon Hana Citizen,0,0,90,,period,,,,,,,FT,,0,0
k_league_1_2026,2026-07-21,19,Jeonbuk Hyundai Motors,Daejeon Hana Citizen,0,0,90,4,card,T. H. Kim,True,yellow,Foul,,,,,,
k_league_1_2026,2026-07-21,19,Jeonbuk Hyundai Motors,Daejeon Hana Citizen,0,0,89,,substitution,,False,,,J. Y. Kim,Y. Kang,,,,
k_league_1_2026,2026-07-21,19,Jeonbuk Hyundai Motors,Daejeon Hana Citizen,0,0,87,,substitution,,True,,,J. Gamboa,J. Kim,,,,
k_league_1_2026,2026-07-21,19,Jeonbuk Hyundai Motors,Daejeon Hana Citizen,0,0,83,,substitution,,True,,,S. S. Kim,S. Lee,,,,
k_league_1_2026,2026-07-21,19,Jeonbuk Hyundai Motors,Daejeon Hana Citizen,0,0,81,,substitution,,False,,,H. Lee,G. Ludwigson,,,,
k_league_1_2026,2026-07-21,19,Jeonbuk Hyundai Motors,Daejeon Hana Citizen,0,0,81,,substitution,,False,,,M. K. Ju,Diogo Oliveira,,,,
k_league_1_2026,2026-07-21,19,Jeonbuk Hyundai Motors,Daejeon Hana Citizen,0,0,69,,substitution,,False,,,M. Ishida,J. S. Seo,,,,
k_league_1_2026,2026-07-21,19,Jeonbuk Hyundai Motors,Daejeon Hana Citizen,0,0,69,,substitution,,False,,,J. Jeong,W.S. Um,,,,
k_league_1_2026,2026-07-21,19,Jeonbuk Hyundai Motors,Daejeon Hana Citizen,0,0,66,,card,W. Cho,True,yellow,Foul,,,,,,
k_league_1_2026,2026-07-21,19,Jeonbuk Hyundai Motors,Daejeon Hana Citizen,0,0,61,,substitution,,True,,,B. Mota,G. Paulauskas,,,,
k_league_1_2026,2026-07-21,19,Jeonbuk Hyundai Motors,Daejeon Hana Citizen,0,0,46,,substitution,,True,,,C. Woo-Jin,K. Ha-Jun,,,,
k_league_1_2026,2026-07-21,19,Jeonbuk Hyundai Motors,Daejeon Hana Citizen,0,0,46,,substitution,,True,,,Y. Kim,D. J. Lee,,,,
k_league_1_2026,2026-07-21,19,Jeonbuk Hyundai Motors,Daejeon Hana Citizen,0,0,45,,period,,,,,,,HT,,0,0
k_league_1_2026,2026-07-21,19,Jeju SK,Gangwon FC,1,1,90,,period,,,,,,,FT,,1,1
k_league_1_2026,2026-07-21,19,Jeju SK,Gangwon FC,1,1,90,5,substitution,,False,,,S. W. Lee,M. Seo,,,,
k_league_1_2026,2026-07-21,19,Jeju SK,Gangwon FC,1,1,88,,substitution,,True,,,J. Kim,K. Ki-Min,,,,
k_league_1_2026,2026-07-21,19,Jeju SK,Gangwon FC,1,1,75,,substitution,,False,,,H. Chul,K. Do-Hyun,,,,
k_league_1_2026,2026-07-21,19,Jeju SK,Gangwon FC,1,1,73,,substitution,,True,,,J. Oh,C. M. Lee,,,,
k_league_1_2026,2026-07-21,19,Jeju SK,Gangwon FC,1,1,68,,substitution,,False,,,K. Gun-hee,Y. Goh,,,,
k_league_1_2026,2026-07-21,19,Jeju SK,Gangwon FC,1,1,68,,substitution,,False,,,A. Halaihal,B. Choi,,,,
k_league_1_2026,2026-07-21,19,Jeju SK,Gangwon FC,1,1,62,,substitution,,True,,,C. Byung-Wook,K. Shin-jin,,,,
k_league_1_2026,2026-07-21,19,Jeju SK,Gangwon FC,1,1,62,,substitution,,True,,,S. Sang-Eun,Emerson Ramon,,,,
k_league_1_2026,2026-07-21,19,Jeju SK,Gangwon FC,1,1,62,,substitution,,True,,,C. J. Park,R. Kim,,,,
k_league_1_2026,2026-07-21,19,Jeju SK,Gangwon FC,1,1,46,,substitution,,False,,,S. Min-Ha,P. Sang-Hyeok,,,,
k_league_1_2026,2026-07-21,19,Jeju SK,Gangwon FC,1,1,45,,period,,,,,,,HT,,1,1
k_league_1_2026,2026-07-21,19,Jeju SK,Gangwon FC,1,1,45,7,card,K. Ki-Min,True,yellow,Foul,,,,,,
k_league_1_2026,2026-07-21,19,Jeju SK,Gangwon FC,1,1,32,,card,J. Celestine,True,yellow,Foul,,,,,,
k_league_1_2026,2026-07-21,19,Jeju SK,Gangwon FC,1,1,28,,goal,Y. Goh,False,,,,,,,1,1
k_league_1_2026,2026-07-21,19,Jeju SK,Gangwon FC,1,1,21,,goal,K. Shin-jin,True,,,,,,,1,0
k_league_1_2026,2026-07-21,19,Jeju SK,Gangwon FC,1,1,20,,card,M. Tuci,False,yellow,Foul,,,,,,
k_league_1_2026,2026-07-19,18,FC Anyang,Gwangju FC,1,1,90,,period,,,,,,,FT,,1,1
k_league_1_2026,2026-07-19,18,FC Anyang,Gwangju FC,1,1,90,,goal,M. Moon,False,,,,,,,1,1
k_league_1_2026,2026-07-19,18,FC Anyang,Gwangju FC,1,1,85,,substitution,,True,,,B. Knežević,G. Choe,,,,
k_league_1_2026,2026-07-19,18,FC Anyang,Gwangju FC,1,1,85,,substitution,,True,,,B. K. Kim,M. Oliveira,,,,
k_league_1_2026,2026-07-19,18,FC Anyang,Gwangju FC,1,1,79,,substitution,,False,,,Y. J. Ri,A. D. B. Loua,,,,
k_league_1_2026,2026-07-19,18,FC Anyang,Gwangju FC,1,1,78,,substitution,,False,,,H. An,S. Y. Kwon,,,,
k_league_1_2026,2026-07-19,18,FC Anyang,Gwangju FC,1,1,73,,card,Seung-un Ha,False,yellow,,,,,,,
k_league_1_2026,2026-07-19,18,FC Anyang,Gwangju FC,1,1,69,,card,J. Iredale,False,yellow,,,,,,,
k_league_1_2026,2026-07-19,18,FC Anyang,Gwangju FC,1,1,67,,substitution,,True,,,K. Kang,G. Choi,,,,
k_league_1_2026,2026-07-19,18,FC Anyang,Gwangju FC,1,1,67,,substitution,,True,,,B. Herculano,U. Kim,,,,
k_league_1_2026,2026-07-19,18,FC Anyang,Gwangju FC,1,1,67,,substitution,,False,,,S. Jang,W. J. Park,,,,
k_league_1_2026,2026-07-19,18,FC Anyang,Gwangju FC,1,1,57,,goal,M. Oliveira,True,,,,,,,1,0
k_league_1_2026,2026-07-19,18,FC Anyang,Gwangju FC,1,1,57,,substitution,,False,,,Seung-un Ha,J. Jeong,,,,
k_league_1_2026,2026-07-19,18,FC Anyang,Gwangju FC,1,1,57,,substitution,,False,,,K. Choi,S. J. Ju,,,,
k_league_1_2026,2026-07-19,18,FC Anyang,Gwangju FC,1,1,45,,period,,,,,,,HT,,0,0
k_league_1_2026,2026-07-19,18,FC Anyang,Gwangju FC,1,1,42,,substitution,,True,,,J. H. Kang,T. H. Lee,,,,
k_league_1_2026,2026-07-19,18,FC Anyang,Gwangju FC,1,1,34,,card,U. Kim,True,yellow,,,,,,,
k_league_1_2026,2026-07-19,18,Bucheon FC 1995,FC Seoul,1,3,90,,period,,,,,,,FT,,1,3
k_league_1_2026,2026-07-19,18,Bucheon FC 1995,FC Seoul,1,3,90,12,goal,P. Klimala,False,,,,,,,1,3
k_league_1_2026,2026-07-19,18,Bucheon FC 1995,FC Seoul,1,3,90,8,card,S. Kim,True,yellow,Foul,,,,,,
k_league_1_2026,2026-07-19,18,Bucheon FC 1995,FC Seoul,1,3,90,,injuryTime,,,,,,,,12,,
k_league_1_2026,2026-07-19,18,Bucheon FC 1995,FC Seoul,1,3,84,,substitution,,True,,,T. Santos,T. H. Ahn,,,,
k_league_1_2026,2026-07-19,18,Bucheon FC 1995,FC Seoul,1,3,82,,substitution,,False,,,C. Jun,S. Park,,,,
k_league_1_2026,2026-07-19,18,Bucheon FC 1995,FC Seoul,1,3,77,,card,S. Jeong,False,yellow,Time wasting,,,,,,
k_league_1_2026,2026-07-19,18,Bucheon FC 1995,FC Seoul,1,3,76,,substitution,,False,,,J. Son,L. Seung-mo,,,,
k_league_1_2026,2026-07-19,18,Bucheon FC 1995,FC Seoul,1,3,76,,substitution,,False,,,M. Seon-min,M. Song,,,,
k_league_1_2026,2026-07-19,18,Bucheon FC 1995,FC Seoul,1,3,74,,card,S. Park,False,yellow,Foul,,,,,,
k_league_1_2026,2026-07-19,18,Bucheon FC 1995,FC Seoul,1,3,71,,substitution,,True,,,J. Kim,S. Ye-Geon,,,,
k_league_1_2026,2026-07-19,18,Bucheon FC 1995,FC Seoul,1,3,63,,goal,S. Kim,True,,,,,,,1,2
k_league_1_2026,2026-07-19,18,Bucheon FC 1995,FC Seoul,1,3,62,,card,K. Jin-su,False,yellow,Foul,,,,,,
k_league_1_2026,2026-07-19,18,Bucheon FC 1995,FC Seoul,1,3,61,,substitution,,True,,,Rodrigo,M. J. Kim,,,,
k_league_1_2026,2026-07-19,18,Bucheon FC 1995,FC Seoul,1,3,60,,substitution,,True,,,Gabriel,J. I. Park,,,,
k_league_1_2026,2026-07-19,18,Bucheon FC 1995,FC Seoul,1,3,60,,substitution,,False,,,Anderson Oliveira,C. Young-wook,,,,
k_league_1_2026,2026-07-19,18,Bucheon FC 1995,FC Seoul,1,3,60,,substitution,,True,,,S. Kim,J. H. Han,,,,
k_league_1_2026,2026-07-19,18,Bucheon FC 1995,FC Seoul,1,3,59,,substitution,,True,,,K. Hyeon-Yeob,H. K. Kim,,,,
k_league_1_2026,2026-07-19,18,Bucheon FC 1995,FC Seoul,1,3,54,,goal,S. Jeong,False,,,,,,,0,2
k_league_1_2026,2026-07-19,18,Bucheon FC 1995,FC Seoul,1,3,45,,period,,,,,,,HT,,0,1
k_league_1_2026,2026-07-19,18,Bucheon FC 1995,FC Seoul,1,3,45,,injuryTime,,,,,,,,3,,
k_league_1_2026,2026-07-19,18,Bucheon FC 1995,FC Seoul,1,3,42,,goal,C. Young-wook,False,,,,,,,0,1
k_league_1_2026,2026-07-19,18,Bucheon FC 1995,FC Seoul,1,3,29,,card,M. J. Kim,True,yellow,Foul,,,,,,
k_league_1_2026,2026-07-19,18,Bucheon FC 1995,FC Seoul,1,3,19,,card,S. Ye-Geon,True,yellow,Foul,,,,,,
k_league_1_2026,2026-07-19,18,Bucheon FC 1995,FC Seoul,1,3,6,,card,D. K. Baek,True,yellow,Foul,,,,,,
k_league_1_2026,2026-07-18,18,Jeju SK,Pohang Steelers,2,1,90,,period,,,,,,,FT,,2,1
k_league_1_2026,2026-07-18,18,Jeju SK,Pohang Steelers,2,1,88,,substitution,,True,,,K. Ki-Min,T. H. Nam,,,,
k_league_1_2026,2026-07-18,18,Jeju SK,Pohang Steelers,2,1,85,,card,T. Figueiredo,True,red,,,,,,,
k_league_1_2026,2026-07-18,18,Jeju SK,Pohang Steelers,2,1,85,,card,J. Eo,False,yellow,,,,,,,
k_league_1_2026,2026-07-18,18,Jeju SK,Pohang Steelers,2,1,83,,substitution,,False,,,H. M. Jung,J. Tranziska,,,,
k_league_1_2026,2026-07-18,18,Jeju SK,Pohang Steelers,2,1,82,,goal,Italo,True,,,,,,,2,1
k_league_1_2026,2026-07-18,18,Jeju SK,Pohang Steelers,2,1,79,,substitution,,True,,,C. Byung-Wook,C. J. Park,,,,
k_league_1_2026,2026-07-18,18,Jeju SK,Pohang Steelers,2,1,78,,goal,K. Shin-jin,True,,,,,,,1,1
k_league_1_2026,2026-07-18,18,Jeju SK,Pohang Steelers,2,1,68,,substitution,,False,,,C. Sang-Hyeok,A. Jae-joon,,,,
k_league_1_2026,2026-07-18,18,Jeju SK,Pohang Steelers,2,1,68,,substitution,,False,,,H. Seo-woong,D. Kim,,,,
k_league_1_2026,2026-07-18,18,Jeju SK,Pohang Steelers,2,1,61,,substitution,,False,,,S. Kim,K. Nishiya,,,,
k_league_1_2026,2026-07-18,18,Jeju SK,Pohang Steelers,2,1,61,,substitution,,True,,,K. Shin-jin,S. Sang-Eun,,,,
k_league_1_2026,2026-07-18,18,Jeju SK,Pohang Steelers,2,1,46,,substitution,,False,,,J. Si-Woo,S. Y. Ki,,,,
k_league_1_2026,2026-07-18,18,Jeju SK,Pohang Steelers,2,1,46,,substitution,,True,,,K. Jun-Ha,J. Oh,,,,
k_league_1_2026,2026-07-18,18,Jeju SK,Pohang Steelers,2,1,46,,substitution,,True,,,C. M. Lee,M. Jang,,,,
k_league_1_2026,2026-07-18,18,Jeju SK,Pohang Steelers,2,1,45,,period,,,,,,,HT,,0,1
k_league_1_2026,2026-07-18,18,Jeju SK,Pohang Steelers,2,1,43,,card,D. Kim,False,yellow,,,,,,,
k_league_1_2026,2026-07-18,18,Jeju SK,Pohang Steelers,2,1,38,,goal,J. Tranziska,False,,,,,,,0,1
k_league_1_2026,2026-07-18,18,Jeju SK,Pohang Steelers,2,1,37,,card,J. Oh,True,yellow,,,,,,,
k_league_1_2026,2026-07-18,18,Jeju SK,Pohang Steelers,2,1,35,,card,M. Jang,True,yellow,,,,,,,
k_league_1_2026,2026-07-18,18,Incheon United,Jeonbuk Hyundai Motors,1,0,90,,period,,,,,,,FT,,1,0
k_league_1_2026,2026-07-18,18,Incheon United,Jeonbuk Hyundai Motors,1,0,86,,substitution,,True,,,S. Mugoša,M. Ferrier,,,,
k_league_1_2026,2026-07-18,18,Incheon United,Jeonbuk Hyundai Motors,1,0,86,,substitution,,True,,,C. I. Jeong,G. Fernandes,,,,
k_league_1_2026,2026-07-18,18,Incheon United,Jeonbuk Hyundai Motors,1,0,85,,substitution,,True,,,C. Seung-Gu,K. Myung-Sun,,,,
k_league_1_2026,2026-07-18,18,Incheon United,Jeonbuk Hyundai Motors,1,0,80,,substitution,,False,,,G. Paulauskas,B. Mota,,,,
k_league_1_2026,2026-07-18,18,Incheon United,Jeonbuk Hyundai Motors,1,0,75,,substitution,,False,,,C. Woo-Jin,K. Ha-Jun,,,,
k_league_1_2026,2026-07-18,18,Incheon United,Jeonbuk Hyundai Motors,1,0,75,,substitution,,False,,,Y. J. Lee,O. Alionço,,,,
k_league_1_2026,2026-07-18,18,Incheon United,Jeonbuk Hyundai Motors,1,0,75,,substitution,,True,,,I. Undabarrena,M. J. Lee,,,,
k_league_1_2026,2026-07-18,18,Incheon United,Jeonbuk Hyundai Motors,1,0,66,,substitution,,False,,,Y. Kim,S. S. Kim,,,,
k_league_1_2026,2026-07-18,18,Incheon United,Jeonbuk Hyundai Motors,1,0,66,,substitution,,False,,,S. Han,D. J. Lee,,,,
k_league_1_2026,2026-07-18,18,Incheon United,Jeonbuk Hyundai Motors,1,0,61,,card,P. Ji-soo,False,yellow,,,,,,,
k_league_1_2026,2026-07-18,18,Incheon United,Jeonbuk Hyundai Motors,1,0,59,,substitution,,True,,,P. Seung-Ho,D. Lee,,,,
k_league_1_2026,2026-07-18,18,Incheon United,Jeonbuk Hyundai Motors,1,0,45,,period,,,,,,,HT,,1,0
k_league_1_2026,2026-07-18,18,Incheon United,Jeonbuk Hyundai Motors,1,0,44,,goal,G. Fernandes,True,,,,,,,1,0
k_league_1_2026,2026-07-18,18,Gangwon FC,Gimcheon Sangmu FC,2,0,90,,period,,,,,,,FT,,2,0
k_league_1_2026,2026-07-18,18,Gangwon FC,Gimcheon Sangmu FC,2,0,90,2,card,A. Halaihal,True,yellow,,,,,,,
k_league_1_2026,2026-07-18,18,Gangwon FC,Gimcheon Sangmu FC,2,0,90,,card,J. Byung-Kwan,False,yellow,,,,,,,
k_league_1_2026,2026-07-18,18,Gangwon FC,Gimcheon Sangmu FC,2,0,87,,card,K. Gun-hee,True,yellow,,,,,,,
k_league_1_2026,2026-07-18,18,Gangwon FC,Gimcheon Sangmu FC,2,0,87,,card,L. Jung-Taek,False,yellow,,,,,,,
k_league_1_2026,2026-07-18,18,Gangwon FC,Gimcheon Sangmu FC,2,0,84,,substitution,,True,,,S. W. Lee,Y. Lee,,,,
k_league_1_2026,2026-07-18,18,Gangwon FC,Gimcheon Sangmu FC,2,0,83,,card,S. Jun-Seok,True,yellow,,,,,,,
k_league_1_2026,2026-07-18,18,Gangwon FC,Gimcheon Sangmu FC,2,0,80,,substitution,,False,,,D. Lim,T. Park,,,,
k_league_1_2026,2026-07-18,18,Gangwon FC,Gimcheon Sangmu FC,2,0,72,,substitution,,True,,,J. Sekidika,D. Kim,,,,
k_league_1_2026,2026-07-18,18,Gangwon FC,Gimcheon Sangmu FC,2,0,67,,substitution,,False,,,K. Lee-Seok,S. Park,,,,
k_league_1_2026,2026-07-18,18,Gangwon FC,Gimcheon Sangmu FC,2,0,66,,substitution,,True,,,P. Sang-Hyeok,J. H. Mo,,,,
k_league_1_2026,2026-07-18,18,Gangwon FC,Gimcheon Sangmu FC,2,0,57,,substitution,,False,,,J. Byung-Kwan,J. Go,,,,
k_league_1_2026,2026-07-18,18,Gangwon FC,Gimcheon Sangmu FC,2,0,46,,substitution,,False,,,I. Kim,J. Kim,,,,
k_league_1_2026,2026-07-18,18,Gangwon FC,Gimcheon Sangmu FC,2,0,46,,substitution,,False,,,K. H. Lee,J. Jae-Min,,,,
k_league_1_2026,2026-07-18,18,Gangwon FC,Gimcheon Sangmu FC,2,0,46,,substitution,,True,,,K. Gun-hee,B. Choi,,,,
k_league_1_2026,2026-07-18,18,Gangwon FC,Gimcheon Sangmu FC,2,0,46,,substitution,,True,,,A. Halaihal,Y. Goh,,,,
k_league_1_2026,2026-07-18,18,Gangwon FC,Gimcheon Sangmu FC,2,0,45,,period,,,,,,,HT,,2,0
k_league_1_2026,2026-07-18,18,Gangwon FC,Gimcheon Sangmu FC,2,0,42,,goal,D. Kim,True,,,,,,,2,0
k_league_1_2026,2026-07-18,18,Gangwon FC,Gimcheon Sangmu FC,2,0,22,,goal,D. Kim,True,,,,,,,1,0
k_league_1_2026,2026-07-18,18,Gangwon FC,Gimcheon Sangmu FC,2,0,19,,card,S. B. Lee,False,red,,,,,,,
k_league_1_2026,2026-07-18,18,Daejeon Hana Citizen,Ulsan HD,2,2,90,,period,,,,,,,FT,,2,2
k_league_1_2026,2026-07-18,18,Daejeon Hana Citizen,Ulsan HD,2,2,87,,substitution,,False,,,S. Myeong-Kwan,C. Seok-Hyun,,,,
k_league_1_2026,2026-07-18,18,Daejeon Hana Citizen,Ulsan HD,2,2,87,,substitution,,True,,,H. Lee,J. Victor,,,,
k_league_1_2026,2026-07-18,18,Daejeon Hana Citizen,Ulsan HD,2,2,82,,substitution,,True,,,J. Jeong,G. Ludwigson,,,,
k_league_1_2026,2026-07-18,18,Daejeon Hana Citizen,Ulsan HD,2,2,82,,substitution,,True,,,M. Ishida,J. S. Seo,,,,
k_league_1_2026,2026-07-18,18,Daejeon Hana Citizen,Ulsan HD,2,2,77,,card,M. J. Lee,True,yellow,,,,,,,
k_league_1_2026,2026-07-18,18,Daejeon Hana Citizen,Ulsan HD,2,2,67,,goal,C. Seok-Hyun,False,,,,,,,2,2
k_league_1_2026,2026-07-18,18,Daejeon Hana Citizen,Ulsan HD,2,2,66,,substitution,,False,,,D. Bojanić,K. S. Lee,,,,
k_league_1_2026,2026-07-18,18,Daejeon Hana Citizen,Ulsan HD,2,2,66,,substitution,,False,,,L. Jin-hyun,H. Lee,,,,
k_league_1_2026,2026-07-18,18,Daejeon Hana Citizen,Ulsan HD,2,2,56,,substitution,,True,,,M. K. Ju,Diogo Oliveira,,,,
k_league_1_2026,2026-07-18,18,Daejeon Hana Citizen,Ulsan HD,2,2,56,,substitution,,True,,,J. Victor,W.S. Um,,,,
k_league_1_2026,2026-07-18,18,Daejeon Hana Citizen,Ulsan HD,2,2,46,,substitution,,False,,,Yago,E. Farias,,,,
k_league_1_2026,2026-07-18,18,Daejeon Hana Citizen,Ulsan HD,2,2,46,,substitution,,False,,,T. O. Kotte,M. Trojak,,,,
k_league_1_2026,2026-07-18,18,Daejeon Hana Citizen,Ulsan HD,2,2,45,,period,,,,,,,HT,,2,1
k_league_1_2026,2026-07-18,18,Daejeon Hana Citizen,Ulsan HD,2,2,44,,goal,C. Seok-Hyun,False,,,,,,,2,1
k_league_1_2026,2026-07-18,18,Daejeon Hana Citizen,Ulsan HD,2,2,24,,goal,J. S. Seo,True,,,,,,,2,0
k_league_1_2026,2026-07-18,18,Daejeon Hana Citizen,Ulsan HD,2,2,11,,goal,C. Ha,True,,,,,,,1,0
k_league_1_2026,2026-07-12,17,Jeju SK,Daejeon Hana Citizen,0,0,90,,period,,,,,,,FT,,0,0
k_league_1_2026,2026-07-12,17,Jeju SK,Daejeon Hana Citizen,0,0,89,,substitution,,False,,,J. Jeong,G. Ludwigson,,,,
k_league_1_2026,2026-07-12,17,Jeju SK,Daejeon Hana Citizen,0,0,89,,substitution,,True,,,C. Byung-Wook,T. H. Nam,,,,
k_league_1_2026,2026-07-12,17,Jeju SK,Daejeon Hana Citizen,0,0,89,,substitution,,True,,,J. In-Jung,R. Kim,,,,
k_league_1_2026,2026-07-12,17,Jeju SK,Daejeon Hana Citizen,0,0,70,,substitution,,False,,,K. H. Yu,J. S. Seo,,,,
k_league_1_2026,2026-07-12,17,Jeju SK,Daejeon Hana Citizen,0,0,70,,substitution,,False,,,H. Lee,M. Kim,,,,
k_league_1_2026,2026-07-12,17,Jeju SK,Daejeon Hana Citizen,0,0,66,,substitution,,True,,,S. Sang-Eun,C. J. Park,,,,
k_league_1_2026,2026-07-12,17,Jeju SK,Daejeon Hana Citizen,0,0,64,,substitution,,False,,,Diogo Oliveira,M. K. Ju,,,,
k_league_1_2026,2026-07-12,17,Jeju SK,Daejeon Hana Citizen,0,0,61,,card,M. Kim,False,yellow,,,,,,,
k_league_1_2026,2026-07-12,17,Jeju SK,Daejeon Hana Citizen,0,0,46,,substitution,,False,,,W.S. Um,J. Victor,,,,
k_league_1_2026,2026-07-12,17,Jeju SK,Daejeon Hana Citizen,0,0,46,,substitution,,True,,,M. Jang,K. Ki-Min,,,,
k_league_1_2026,2026-07-12,17,Jeju SK,Daejeon Hana Citizen,0,0,45,,period,,,,,,,HT,,0,0
k_league_1_2026,2026-07-12,17,Jeju SK,Daejeon Hana Citizen,0,0,34,,substitution,,True,,,K. Jun-Ha,C. W. Rim,,,,
k_league_1_2026,2026-07-12,17,Jeju SK,Daejeon Hana Citizen,0,0,12,,card,K. Ki-Min,True,yellow,,,,,,,
k_league_1_2026,2026-07-12,17,Incheon United,FC Anyang,0,1,90,,period,,,,,,,FT,,0,1
k_league_1_2026,2026-07-12,17,Incheon United,FC Anyang,0,1,90,3,card,J. H. Kim,False,yellow,,,,,,,
k_league_1_2026,2026-07-12,17,Incheon United,FC Anyang,0,1,85,,card,I. Undabarrena,True,yellow,,,,,,,
k_league_1_2026,2026-07-12,17,Incheon United,FC Anyang,0,1,82,,substitution,,False,,,J. H. Kang,H. Chae,,,,
k_league_1_2026,2026-07-12,17,Incheon United,FC Anyang,0,1,82,,substitution,,False,,,B. Knežević,G. Choe,,,,
k_league_1_2026,2026-07-12,17,Incheon United,FC Anyang,0,1,78,,substitution,,True,,,C. Seung-Gu,K. Myung-Sun,,,,
k_league_1_2026,2026-07-12,17,Incheon United,FC Anyang,0,1,78,,substitution,,True,,,I. Undabarrena,Y. Kim,,,,
k_league_1_2026,2026-07-12,17,Incheon United,FC Anyang,0,1,66,,card,M. Ferrier,True,yellow,,,,,,,
k_league_1_2026,2026-07-12,17,Incheon United,FC Anyang,0,1,65,,substitution,,False,,,J. Lee,J. H. Kim,,,,
k_league_1_2026,2026-07-12,17,Incheon United,FC Anyang,0,1,65,,substitution,,True,,,C. I. Jeong,D. Lee,,,,
k_league_1_2026,2026-07-12,17,Incheon United,FC Anyang,0,1,61,,card,G. Choe,False,yellow,,,,,,,
k_league_1_2026,2026-07-12,17,Incheon United,FC Anyang,0,1,60,,substitution,,False,,,M. Seong-Woo,G. Choi,,,,
k_league_1_2026,2026-07-12,17,Incheon United,FC Anyang,0,1,60,,substitution,,False,,,U. Kim,B. Herculano,,,,
k_league_1_2026,2026-07-12,17,Incheon United,FC Anyang,0,1,46,,substitution,,True,,,S. Mugoša,G. Fernandes,,,,
k_league_1_2026,2026-07-12,17,Incheon United,FC Anyang,0,1,45,,period,,,,,,,HT,,0,1
k_league_1_2026,2026-07-12,17,Incheon United,FC Anyang,0,1,9,,card,J. H. Kim,False,yellow,,,,,,,
k_league_1_2026,2026-07-12,17,Incheon United,FC Anyang,0,1,4,,goal,K. W. Kwon,False,,,,,,,0,1
k_league_1_2026,2026-07-12,17,FC Seoul,Gangwon FC,0,0,90,,period,,,,,,,FT,,0,0
k_league_1_2026,2026-07-12,17,FC Seoul,Gangwon FC,0,0,90,7,card,M. Seo,False,yellow,,,,,,,
k_league_1_2026,2026-07-12,17,FC Seoul,Gangwon FC,0,0,90,2,substitution,,False,,,J. Sekidika,D. Kim,,,,
k_league_1_2026,2026-07-12,17,FC Seoul,Gangwon FC,0,0,90,1,card,K. Jin-su,True,yellow,,,,,,,
k_league_1_2026,2026-07-12,17,FC Seoul,Gangwon FC,0,0,89,,substitution,,True,,,C. Young-wook,P. Klimala,,,,
k_league_1_2026,2026-07-12,17,FC Seoul,Gangwon FC,0,0,70,,card,S. Jun-Seok,False,yellow,,,,,,,
k_league_1_2026,2026-07-12,17,FC Seoul,Gangwon FC,0,0,66,,substitution,,False,,,A. Halaihal,Y. Goh,,,,
k_league_1_2026,2026-07-12,17,FC Seoul,Gangwon FC,0,0,66,,substitution,,False,,,K. Gun-hee,B. Choi,,,,
k_league_1_2026,2026-07-12,17,FC Seoul,Gangwon FC,0,0,64,,substitution,,True,,,L. Seung-mo,J. Son,,,,
k_league_1_2026,2026-07-12,17,FC Seoul,Gangwon FC,0,0,46,,substitution,,True,,,M. Song,M. Seon-min,,,,
k_league_1_2026,2026-07-12,17,FC Seoul,Gangwon FC,0,0,45,,period,,,,,,,HT,,0,0
k_league_1_2026,2026-07-11,17,Ulsan HD,Jeonbuk Hyundai Motors,1,3,90,,period,,,,,,,FT,,1,3
k_league_1_2026,2026-07-11,17,Ulsan HD,Jeonbuk Hyundai Motors,1,3,90,5,card,O. Alionço,False,yellow,,,,,,,
k_league_1_2026,2026-07-11,17,Ulsan HD,Jeonbuk Hyundai Motors,1,3,89,,goal,Yago,True,,,,,,,1,3
k_league_1_2026,2026-07-11,17,Ulsan HD,Jeonbuk Hyundai Motors,1,3,86,,substitution,,False,,,G. Paulauskas,B. Mota,,,,
k_league_1_2026,2026-07-11,17,Ulsan HD,Jeonbuk Hyundai Motors,1,3,79,,goal,Y. Kim,False,,,,,,,0,3
k_league_1_2026,2026-07-11,17,Ulsan HD,Jeonbuk Hyundai Motors,1,3,74,,substitution,,True,,,S. Myeong-Kwan,J. Seung-hyeon,,,,
k_league_1_2026,2026-07-11,17,Ulsan HD,Jeonbuk Hyundai Motors,1,3,65,,substitution,,True,,,H. Lee,K. S. Lee,,,,
k_league_1_2026,2026-07-11,17,Ulsan HD,Jeonbuk Hyundai Motors,1,3,65,,substitution,,True,,,T. O. Kotte,L. Jin-hyun,,,,
k_league_1_2026,2026-07-11,17,Ulsan HD,Jeonbuk Hyundai Motors,1,3,65,,substitution,,True,,,J. Si-Young,K. Sang-woo,,,,
k_league_1_2026,2026-07-11,17,Ulsan HD,Jeonbuk Hyundai Motors,1,3,65,,substitution,,False,,,Y. Kim,D. J. Lee,,,,
k_league_1_2026,2026-07-11,17,Ulsan HD,Jeonbuk Hyundai Motors,1,3,65,,substitution,,False,,,J. Gamboa,J. Kim,,,,
k_league_1_2026,2026-07-11,17,Ulsan HD,Jeonbuk Hyundai Motors,1,3,64,,card,D. J. Lee,False,yellow,,,,,,,
k_league_1_2026,2026-07-11,17,Ulsan HD,Jeonbuk Hyundai Motors,1,3,63,,card,J. Kim,False,yellow,,,,,,,
k_league_1_2026,2026-07-11,17,Ulsan HD,Jeonbuk Hyundai Motors,1,3,60,,goal,S. Lee,False,,,,,,,0,2
k_league_1_2026,2026-07-11,17,Ulsan HD,Jeonbuk Hyundai Motors,1,3,58,,substitution,,False,,,W. Cho,Y. Kim,,,,
k_league_1_2026,2026-07-11,17,Ulsan HD,Jeonbuk Hyundai Motors,1,3,53,,card,D. Bojanić,True,yellow,,,,,,,
k_league_1_2026,2026-07-11,17,Ulsan HD,Jeonbuk Hyundai Motors,1,3,52,,substitution,,True,,,Marcão,D. G. Lee,,,,
k_league_1_2026,2026-07-11,17,Ulsan HD,Jeonbuk Hyundai Motors,1,3,48,,card,S. Lee,False,yellow,,,,,,,
k_league_1_2026,2026-07-11,17,Ulsan HD,Jeonbuk Hyundai Motors,1,3,46,,substitution,,False,,,S. Lee,S. S. Kim,,,,
k_league_1_2026,2026-07-11,17,Ulsan HD,Jeonbuk Hyundai Motors,1,3,45,,period,,,,,,,HT,,0,1
k_league_1_2026,2026-07-11,17,Ulsan HD,Jeonbuk Hyundai Motors,1,3,30,,goal,J. Kim,False,,,,,,,0,1
k_league_1_2026,2026-07-11,17,Gwangju FC,Pohang Steelers,0,3,90,,period,,,,,,,FT,,0,3
k_league_1_2026,2026-07-11,17,Gwangju FC,Pohang Steelers,0,3,90,4,card,P. Chan-Yong,False,yellow,,,,,,,
k_league_1_2026,2026-07-11,17,Gwangju FC,Pohang Steelers,0,3,80,,substitution,,False,,,S. Kim,S. Y. Ki,,,,
k_league_1_2026,2026-07-11,17,Gwangju FC,Pohang Steelers,0,3,72,,goal,H. M. Jung,False,,,,,,,0,3
k_league_1_2026,2026-07-11,17,Gwangju FC,Pohang Steelers,0,3,72,,substitution,,True,,,W. J. Park,J. Jeong,,,,
k_league_1_2026,2026-07-11,17,Gwangju FC,Pohang Steelers,0,3,71,,card,C. Sang-Hyeok,False,yellow,,,,,,,
k_league_1_2026,2026-07-11,17,Gwangju FC,Pohang Steelers,0,3,68,,substitution,,False,,,H. Kim,D. Kim,,,,
k_league_1_2026,2026-07-11,17,Gwangju FC,Pohang Steelers,0,3,68,,substitution,,False,,,H. Seo-woong,L. Ho-jae,,,,
k_league_1_2026,2026-07-11,17,Gwangju FC,Pohang Steelers,0,3,61,,substitution,,False,,,H. M. Jung,J. Tranziska,,,,
k_league_1_2026,2026-07-11,17,Gwangju FC,Pohang Steelers,0,3,55,,substitution,,True,,,J. Bae,S. Y. Kwon,,,,
k_league_1_2026,2026-07-11,17,Gwangju FC,Pohang Steelers,0,3,50,,goal,J. Tranziska,False,,,,,,,0,2
k_league_1_2026,2026-07-11,17,Gwangju FC,Pohang Steelers,0,3,46,,substitution,,True,,,João Pedro,Y. Ahn,,,,
k_league_1_2026,2026-07-11,17,Gwangju FC,Pohang Steelers,0,3,46,,substitution,,True,,,H. A. Friðjónsson,S. J. Ju,,,,
k_league_1_2026,2026-07-11,17,Gwangju FC,Pohang Steelers,0,3,46,,substitution,,True,,,A. D. B. Loua,Y. Hong,,,,
k_league_1_2026,2026-07-11,17,Gwangju FC,Pohang Steelers,0,3,46,,substitution,,False,,,C. Sang-Hyeok,A. Jae-joon,,,,
k_league_1_2026,2026-07-11,17,Gwangju FC,Pohang Steelers,0,3,45,,period,,,,,,,HT,,0,1
k_league_1_2026,2026-07-11,17,Gwangju FC,Pohang Steelers,0,3,21,,goal,K. Nishiya,False,,,,,,,0,1
k_league_1_2026,2026-07-11,17,Gwangju FC,Pohang Steelers,0,3,4,,card,L. Ho-jae,False,yellow,,,,,,,
k_league_1_2026,2026-07-11,17,Gimcheon Sangmu FC,Bucheon FC 1995,1,1,90,,period,,,,,,,FT,,1,1
k_league_1_2026,2026-07-11,17,Gimcheon Sangmu FC,Bucheon FC 1995,1,1,90,,substitution,,False,,,Yeo,Galego,,,,
k_league_1_2026,2026-07-11,17,Gimcheon Sangmu FC,Bucheon FC 1995,1,1,88,,substitution,,True,,,K. H. Lee,J. Jae-Min,,,,
k_league_1_2026,2026-07-11,17,Gimcheon Sangmu FC,Bucheon FC 1995,1,1,88,,card,T. H. Ahn,False,yellow,,,,,,,
k_league_1_2026,2026-07-11,17,Gimcheon Sangmu FC,Bucheon FC 1995,1,1,82,,substitution,,False,,,S. Kim,T. Santos,,,,
k_league_1_2026,2026-07-11,17,Gimcheon Sangmu FC,Bucheon FC 1995,1,1,74,,substitution,,True,,,I. Kim,J. Kim,,,,
k_league_1_2026,2026-07-11,17,Gimcheon Sangmu FC,Bucheon FC 1995,1,1,74,,substitution,,True,,,L. Sangheon,S. Park,,,,
k_league_1_2026,2026-07-11,17,Gimcheon Sangmu FC,Bucheon FC 1995,1,1,74,,substitution,,True,,,J. Byung-Kwan,J. Go,,,,
k_league_1_2026,2026-07-11,17,Gimcheon Sangmu FC,Bucheon FC 1995,1,1,63,,substitution,,True,,,T. Park,S. B. Lee,,,,
k_league_1_2026,2026-07-11,17,Gimcheon Sangmu FC,Bucheon FC 1995,1,1,61,,substitution,,False,,,J. I. Park,Gabriel,,,,
k_league_1_2026,2026-07-11,17,Gimcheon Sangmu FC,Bucheon FC 1995,1,1,61,,substitution,,False,,,Rodrigo,M. J. Kim,,,,
k_league_1_2026,2026-07-11,17,Gimcheon Sangmu FC,Bucheon FC 1995,1,1,61,,substitution,,False,,,J. Kim,S. Seong,,,,
k_league_1_2026,2026-07-11,17,Gimcheon Sangmu FC,Bucheon FC 1995,1,1,45,,period,,,,,,,HT,,1,1
k_league_1_2026,2026-07-11,17,Gimcheon Sangmu FC,Bucheon FC 1995,1,1,45,2,card,S. Kim,False,yellow,,,,,,,
k_league_1_2026,2026-07-11,17,Gimcheon Sangmu FC,Bucheon FC 1995,1,1,32,,goal,D. K. Baek,False,,,,,,,1,1
k_league_1_2026,2026-07-11,17,Gimcheon Sangmu FC,Bucheon FC 1995,1,1,29,,goal,J. Go,True,,,,,,,1,0
k_league_1_2026,2026-07-05,16,Gwangju FC,Ulsan HD,1,1,90,,period,,,,,,,FT,,1,1
k_league_1_2026,2026-07-05,16,Gwangju FC,Ulsan HD,1,1,84,,substitution,,False,,,J. Si-Young,S. Shim,,,,
k_league_1_2026,2026-07-05,16,Gwangju FC,Ulsan HD,1,1,82,,substitution,,True,,,K. Yun-Ho,H. A. Friðjónsson,,,,
k_league_1_2026,2026-07-05,16,Gwangju FC,Ulsan HD,1,1,82,,substitution,,True,,,H. An,S. Y. Kwon,,,,
k_league_1_2026,2026-07-05,16,Gwangju FC,Ulsan HD,1,1,80,,substitution,,False,,,L. Min-Hyeok,D. Bojanić,,,,
k_league_1_2026,2026-07-05,16,Gwangju FC,Ulsan HD,1,1,78,,substitution,,True,,,G. Bae-Hyeon,S. Min,,,,
k_league_1_2026,2026-07-05,16,Gwangju FC,Ulsan HD,1,1,70,,substitution,,False,,,Marcão,L. Jin-hyun,,,,
k_league_1_2026,2026-07-05,16,Gwangju FC,Ulsan HD,1,1,70,,substitution,,False,,,D. G. Lee,Yago,,,,
k_league_1_2026,2026-07-05,16,Gwangju FC,Ulsan HD,1,1,64,,goal,M. Moon,True,,,,,,,1,1
k_league_1_2026,2026-07-05,16,Gwangju FC,Ulsan HD,1,1,60,,substitution,,True,,,P. Sung-Hyun,S. J. Ju,,,,
k_league_1_2026,2026-07-05,16,Gwangju FC,Ulsan HD,1,1,54,,goal,Yago,False,,,,,,,0,1
k_league_1_2026,2026-07-05,16,Gwangju FC,Ulsan HD,1,1,46,,substitution,,False,,,B. Michel,K. Sang-woo,,,,
k_league_1_2026,2026-07-05,16,Gwangju FC,Ulsan HD,1,1,45,,period,,,,,,,HT,,0,0
k_league_1_2026,2026-07-05,16,Gwangju FC,Ulsan HD,1,1,3,,card,Y. Je-ho,True,yellow,,,,,,,
k_league_1_2026,2026-07-05,16,Gimcheon Sangmu FC,Jeju SK,1,1,90,,period,,,,,,,FT,,1,1
k_league_1_2026,2026-07-05,16,Gimcheon Sangmu FC,Jeju SK,1,1,85,,substitution,,True,,,I. Kim,J. Kim,,,,
k_league_1_2026,2026-07-05,16,Gimcheon Sangmu FC,Jeju SK,1,1,85,,substitution,,True,,,S. H. Hong,Tae-hwan Kim,,,,
k_league_1_2026,2026-07-05,16,Gimcheon Sangmu FC,Jeju SK,1,1,76,,substitution,,False,,,I. Yu,K. Ki-Min,,,,
k_league_1_2026,2026-07-05,16,Gimcheon Sangmu FC,Jeju SK,1,1,73,,goal,T. Figueiredo,False,,,,,,,1,1
k_league_1_2026,2026-07-05,16,Gimcheon Sangmu FC,Jeju SK,1,1,69,,goal,P. Cheol-Woo,True,,,,,,,1,0
k_league_1_2026,2026-07-05,16,Gimcheon Sangmu FC,Jeju SK,1,1,65,,substitution,,False,,,C. Byung-Wook,K. Jun-Ha,,,,
k_league_1_2026,2026-07-05,16,Gimcheon Sangmu FC,Jeju SK,1,1,65,,substitution,,False,,,Italo,C. W. Rim,,,,
k_league_1_2026,2026-07-05,16,Gimcheon Sangmu FC,Jeju SK,1,1,64,,substitution,,True,,,D. Lim,C. Lee,,,,
k_league_1_2026,2026-07-05,16,Gimcheon Sangmu FC,Jeju SK,1,1,55,,substitution,,False,,,C. J. Park,T. H. Nam,,,,
k_league_1_2026,2026-07-05,16,Gimcheon Sangmu FC,Jeju SK,1,1,55,,substitution,,False,,,K. Shin-jin,S. Sang-Eun,,,,
k_league_1_2026,2026-07-05,16,Gimcheon Sangmu FC,Jeju SK,1,1,46,,substitution,,True,,,J. Byung-Kwan,J. Go,,,,
k_league_1_2026,2026-07-05,16,Gimcheon Sangmu FC,Jeju SK,1,1,46,,substitution,,True,,,C. Lee,L. Kang-Hyeon,,,,
k_league_1_2026,2026-07-05,16,Gimcheon Sangmu FC,Jeju SK,1,1,45,,period,,,,,,,HT,,0,0
k_league_1_2026,2026-07-05,16,Gimcheon Sangmu FC,Jeju SK,1,1,33,,card,Emerson Ramon,False,red,,,,,,,
k_league_1_2026,2026-07-05,16,Gimcheon Sangmu FC,Jeju SK,1,1,32,,card,B. Jun-Soo,True,yellowRed,,,,,,,
k_league_1_2026,2026-07-05,16,Gimcheon Sangmu FC,Jeju SK,1,1,12,,card,B. Jun-Soo,True,yellow,,,,,,,
k_league_1_2026,2026-07-05,16,Gimcheon Sangmu FC,Jeju SK,1,1,5,,card,J. Go,True,yellow,,,,,,,
k_league_1_2026,2026-07-05,16,FC Seoul,Incheon United,1,0,90,,period,,,,,,,FT,,1,0
k_league_1_2026,2026-07-05,16,FC Seoul,Incheon United,1,0,90,7,card,G. Sung-yun,True,yellow,,,,,,,
k_league_1_2026,2026-07-05,16,FC Seoul,Incheon United,1,0,90,4,substitution,,True,,,L. Han-do,J. Son,,,,
k_league_1_2026,2026-07-05,16,FC Seoul,Incheon United,1,0,90,2,substitution,,False,,,C. Seung-Gu,K. Myung-Sun,,,,
k_league_1_2026,2026-07-05,16,FC Seoul,Incheon United,1,0,86,,substitution,,True,,,L. Seung-mo,Anderson Oliveira,,,,
k_league_1_2026,2026-07-05,16,FC Seoul,Incheon United,1,0,82,,card,S. Jeong,True,yellow,,,,,,,
k_league_1_2026,2026-07-05,16,FC Seoul,Incheon United,1,0,81,,goal,S. Jeong,True,,,,,,,1,0
k_league_1_2026,2026-07-05,16,FC Seoul,Incheon United,1,0,74,,card,G. Fernandes,False,yellow,,,,,,,
k_league_1_2026,2026-07-05,16,FC Seoul,Incheon United,1,0,69,,substitution,,False,,,S. Mugoša,M. Ferrier,,,,
k_league_1_2026,2026-07-05,16,FC Seoul,Incheon United,1,0,69,,substitution,,False,,,P. Seung-Ho,C. Y. Lee,,,,
k_league_1_2026,2026-07-05,16,FC Seoul,Incheon United,1,0,64,,substitution,,True,,,M. Seon-min,C. Young-wook,,,,
k_league_1_2026,2026-07-05,16,FC Seoul,Incheon United,1,0,62,,substitution,,False,,,S. Kim,D. Lee,,,,
k_league_1_2026,2026-07-05,16,FC Seoul,Incheon United,1,0,51,,card,M. Song,True,yellow,,,,,,,
k_league_1_2026,2026-07-05,16,FC Seoul,Incheon United,1,0,46,,substitution,,False,,,I. Undabarrena,M. J. Lee,,,,
k_league_1_2026,2026-07-05,16,FC Seoul,Incheon United,1,0,46,,substitution,,True,,,M. Song,L. Ruiz,,,,
k_league_1_2026,2026-07-05,16,FC Seoul,Incheon United,1,0,45,,period,,,,,,,HT,,0,0
k_league_1_2026,2026-07-04,16,Jeonbuk Hyundai Motors,Gangwon FC,1,2,90,,period,,,,,,,FT,,1,2
k_league_1_2026,2026-07-04,16,Jeonbuk Hyundai Motors,Gangwon FC,1,2,90,5,card,K. Do-Hyun,False,yellow,,,,,,,
k_league_1_2026,2026-07-04,16,Jeonbuk Hyundai Motors,Gangwon FC,1,2,89,,substitution,,False,,,H. Y. Park,D. Kim,,,,
k_league_1_2026,2026-07-04,16,Jeonbuk Hyundai Motors,Gangwon FC,1,2,88,,substitution,,True,,,K. Ha-Jun,O. Alionço,,,,
k_league_1_2026,2026-07-04,16,Jeonbuk Hyundai Motors,Gangwon FC,1,2,85,,substitution,,True,,,Y. Kim,Y. J. Lee,,,,
k_league_1_2026,2026-07-04,16,Jeonbuk Hyundai Motors,Gangwon FC,1,2,76,,substitution,,False,,,K. Dong-hyeon,M. Seo,,,,
k_league_1_2026,2026-07-04,16,Jeonbuk Hyundai Motors,Gangwon FC,1,2,76,,substitution,,False,,,K. Do-Hyun,K. Joon-hyuk,,,,
k_league_1_2026,2026-07-04,16,Jeonbuk Hyundai Motors,Gangwon FC,1,2,74,,goal,S. Lee,True,,,,,,,1,2
k_league_1_2026,2026-07-04,16,Jeonbuk Hyundai Motors,Gangwon FC,1,2,68,,substitution,,False,,,K. Gun-hee,B. Choi,,,,
k_league_1_2026,2026-07-04,16,Jeonbuk Hyundai Motors,Gangwon FC,1,2,68,,substitution,,False,,,A. Halaihal,Y. Goh,,,,
k_league_1_2026,2026-07-04,16,Jeonbuk Hyundai Motors,Gangwon FC,1,2,57,,substitution,,True,,,J. Gamboa,S. U. Maeng,,,,
k_league_1_2026,2026-07-04,16,Jeonbuk Hyundai Motors,Gangwon FC,1,2,56,,substitution,,True,,,S. Lee,S. S. Kim,,,,
k_league_1_2026,2026-07-04,16,Jeonbuk Hyundai Motors,Gangwon FC,1,2,53,,goal,Y. Lee,False,,,,,,,0,2
k_league_1_2026,2026-07-04,16,Jeonbuk Hyundai Motors,Gangwon FC,1,2,46,,substitution,,True,,,T. Kim,C. Woo-Jin,,,,
k_league_1_2026,2026-07-04,16,Jeonbuk Hyundai Motors,Gangwon FC,1,2,45,,period,,,,,,,HT,,0,1
k_league_1_2026,2026-07-04,16,Jeonbuk Hyundai Motors,Gangwon FC,1,2,25,,goal,S. Jun-Seok,False,,,,,,,0,1
k_league_1_2026,2026-07-04,16,FC Anyang,Pohang Steelers,2,3,90,,period,,,,,,,FT,,2,3
k_league_1_2026,2026-07-04,16,FC Anyang,Pohang Steelers,2,3,90,6,card,S. Y. Ki,False,yellow,,,,,,,
k_league_1_2026,2026-07-04,16,FC Anyang,Pohang Steelers,2,3,87,,substitution,,True,,,C. Lee,G. Choi,,,,
k_league_1_2026,2026-07-04,16,FC Anyang,Pohang Steelers,2,3,87,,substitution,,True,,,K. Han,H. Chae,,,,
k_league_1_2026,2026-07-04,16,FC Anyang,Pohang Steelers,2,3,85,,substitution,,False,,,C. Lee,J. Eo,,,,
k_league_1_2026,2026-07-04,16,FC Anyang,Pohang Steelers,2,3,85,,substitution,,False,,,J. Si-Woo,H. Hyeon-Seo,,,,
k_league_1_2026,2026-07-04,16,FC Anyang,Pohang Steelers,2,3,78,,substitution,,True,,,J. H. Kang,K. Jae-Hyun,,,,
k_league_1_2026,2026-07-04,16,FC Anyang,Pohang Steelers,2,3,78,,substitution,,True,,,B. Herculano,U. Kim,,,,
k_league_1_2026,2026-07-04,16,FC Anyang,Pohang Steelers,2,3,76,,goal,L. Ho-jae,False,,,,,,,2,3
k_league_1_2026,2026-07-04,16,FC Anyang,Pohang Steelers,2,3,75,,goal,T. H. Lee,True,,,,,,,2,2
k_league_1_2026,2026-07-04,16,FC Anyang,Pohang Steelers,2,3,71,,goal,Wanderson,False,,,,,,,1,2
k_league_1_2026,2026-07-04,16,FC Anyang,Pohang Steelers,2,3,67,,substitution,,False,,,S. Y. Ki,J. Tranziska,,,,
k_league_1_2026,2026-07-04,16,FC Anyang,Pohang Steelers,2,3,67,,substitution,,False,,,H. Kim,Y. Kim,,,,
k_league_1_2026,2026-07-04,16,FC Anyang,Pohang Steelers,2,3,67,,substitution,,True,,,B. K. Kim,G. Choe,,,,
k_league_1_2026,2026-07-04,16,FC Anyang,Pohang Steelers,2,3,60,,card,K. Shin,False,yellowRed,,,,,,,
k_league_1_2026,2026-07-04,16,FC Anyang,Pohang Steelers,2,3,56,,card,H. Hyeon-Seo,False,yellow,,,,,,,
k_league_1_2026,2026-07-04,16,FC Anyang,Pohang Steelers,2,3,45,,period,,,,,,,HT,,1,1
k_league_1_2026,2026-07-04,16,FC Anyang,Pohang Steelers,2,3,45,4,goal,M. Oliveira,True,,,,,,,1,1
k_league_1_2026,2026-07-04,16,FC Anyang,Pohang Steelers,2,3,42,,card,G. Choe,True,yellow,,,,,,,
k_league_1_2026,2026-07-04,16,FC Anyang,Pohang Steelers,2,3,32,,card,K. Shin,False,yellow,,,,,,,
k_league_1_2026,2026-07-04,16,FC Anyang,Pohang Steelers,2,3,16,,substitution,,False,,,Y. Kim,J. Rocha,,,,
k_league_1_2026,2026-07-04,16,FC Anyang,Pohang Steelers,2,3,2,,goal,Wanderson,False,,,,,,,0,1
k_league_1_2026,2026-07-04,16,Daejeon Hana Citizen,Bucheon FC 1995,2,2,90,,period,,,,,,,FT,,2,2
k_league_1_2026,2026-07-04,16,Daejeon Hana Citizen,Bucheon FC 1995,2,2,90,9,card,D. Kim,False,yellow,,,,,,,
k_league_1_2026,2026-07-04,16,Daejeon Hana Citizen,Bucheon FC 1995,2,2,87,,substitution,,False,,,J. Kim,T. Santos,,,,
k_league_1_2026,2026-07-04,16,Daejeon Hana Citizen,Bucheon FC 1995,2,2,85,,substitution,,True,,,K. H. Yu,J. S. Seo,,,,
k_league_1_2026,2026-07-04,16,Daejeon Hana Citizen,Bucheon FC 1995,2,2,82,,goal,J. S. Seo,True,,,,,,,2,2
k_league_1_2026,2026-07-04,16,Daejeon Hana Citizen,Bucheon FC 1995,2,2,81,,substitution,,False,,,Yeo,S. Kim,,,,
k_league_1_2026,2026-07-04,16,Daejeon Hana Citizen,Bucheon FC 1995,2,2,81,,substitution,,False,,,J. H. Han,Gabriel,,,,
k_league_1_2026,2026-07-04,16,Daejeon Hana Citizen,Bucheon FC 1995,2,2,78,,card,K. Takahashi,False,yellow,,,,,,,
k_league_1_2026,2026-07-04,16,Daejeon Hana Citizen,Bucheon FC 1995,2,2,75,,substitution,,True,,,H. U. Kim,H. Lee,,,,
k_league_1_2026,2026-07-04,16,Daejeon Hana Citizen,Bucheon FC 1995,2,2,75,,substitution,,True,,,J. Jeong,G. Ludwigson,,,,
k_league_1_2026,2026-07-04,16,Daejeon Hana Citizen,Bucheon FC 1995,2,2,72,,substitution,,False,,,D. Kim,M. J. Kim,,,,
k_league_1_2026,2026-07-04,16,Daejeon Hana Citizen,Bucheon FC 1995,2,2,68,,card,Gabriel,False,yellow,,,,,,,
k_league_1_2026,2026-07-04,16,Daejeon Hana Citizen,Bucheon FC 1995,2,2,61,,substitution,,True,,,Diogo Oliveira,M. K. Ju,,,,
k_league_1_2026,2026-07-04,16,Daejeon Hana Citizen,Bucheon FC 1995,2,2,61,,substitution,,True,,,W.S. Um,J. Victor,,,,
k_league_1_2026,2026-07-04,16,Daejeon Hana Citizen,Bucheon FC 1995,2,2,59,,goal,Gabriel,False,,,,,,,1,2
k_league_1_2026,2026-07-04,16,Daejeon Hana Citizen,Bucheon FC 1995,2,2,54,,goal,T. H. Ahn,False,,,,,,,1,1
k_league_1_2026,2026-07-04,16,Daejeon Hana Citizen,Bucheon FC 1995,2,2,51,,goal,M. K. Ju,True,,,,,,,1,0
k_league_1_2026,2026-07-04,16,Daejeon Hana Citizen,Bucheon FC 1995,2,2,45,,period,,,,,,,HT,,0,0
k_league_1_2026,2026-07-04,16,Daejeon Hana Citizen,Bucheon FC 1995,2,2,45,,card,A. Kryvotsiuk,True,yellow,,,,,,,
k_league_1_2026,2026-07-04,16,Daejeon Hana Citizen,Bucheon FC 1995,2,2,30,,card,M. J. Kim,False,yellow,,,,,,,
k_league_1_2026,2026-05-17,15,Gangwon FC,Ulsan HD,2,0,90,,period,,,,,,,Second half,,2,0
k_league_1_2026,2026-05-17,15,Gangwon FC,Ulsan HD,2,0,90,2,card,J. Jae-Sang,False,yellowRed,,,,,,,
k_league_1_2026,2026-05-17,15,Gangwon FC,Ulsan HD,2,0,87,,card,A. Halaihal,True,yellow,,,,,,,
k_league_1_2026,2026-05-17,15,Gangwon FC,Ulsan HD,2,0,85,,card,K. Joon-hyuk,True,yellow,,,,,,,
k_league_1_2026,2026-05-17,15,Gangwon FC,Ulsan HD,2,0,83,,substitution,,True,,,S. Min-Ha,B. Choi,,,,
k_league_1_2026,2026-05-17,15,Gangwon FC,Ulsan HD,2,0,83,,substitution,,True,,,K. Do-Hyun,S. Jun-Seok,,,,
k_league_1_2026,2026-05-17,15,Gangwon FC,Ulsan HD,2,0,78,,card,J. Jae-Sang,False,yellow,,,,,,,
k_league_1_2026,2026-05-17,15,Gangwon FC,Ulsan HD,2,0,72,,substitution,,False,,,J. Jae-Sang,D. G. Lee,,,,
k_league_1_2026,2026-05-17,15,Gangwon FC,Ulsan HD,2,0,67,,substitution,,False,,,Pedrinho,J. Seung-hyeon,,,,
k_league_1_2026,2026-05-17,15,Gangwon FC,Ulsan HD,2,0,65,,card,S. Jun-Seok,True,yellow,,,,,,,
k_league_1_2026,2026-05-17,15,Gangwon FC,Ulsan HD,2,0,62,,substitution,,True,,,A. Halaihal,Y. Goh,,,,
k_league_1_2026,2026-05-17,15,Gangwon FC,Ulsan HD,2,0,62,,substitution,,True,,,M. Seo,K. Dong-hyeon,,,,
k_league_1_2026,2026-05-17,15,Gangwon FC,Ulsan HD,2,0,53,,substitution,,False,,,L. Jin-hyun,M. Trojak,,,,
k_league_1_2026,2026-05-17,15,Gangwon FC,Ulsan HD,2,0,51,,substitution,,True,,,K. Gun-hee,J. H. Mo,,,,
k_league_1_2026,2026-05-17,15,Gangwon FC,Ulsan HD,2,0,46,,substitution,,False,,,H. Lee,K. Sang-woo,,,,
k_league_1_2026,2026-05-17,15,Gangwon FC,Ulsan HD,2,0,46,,substitution,,False,,,Yago,Marcão,,,,
k_league_1_2026,2026-05-17,15,Gangwon FC,Ulsan HD,2,0,45,,period,,,,,,,HT,,2,0
k_league_1_2026,2026-05-17,15,Gangwon FC,Ulsan HD,2,0,45,,goal,M. Tuci,True,,,,,,,2,0
k_league_1_2026,2026-05-17,15,Gangwon FC,Ulsan HD,2,0,41,,card,M. Trojak,False,yellow,,,,,,,
k_league_1_2026,2026-05-17,15,Gangwon FC,Ulsan HD,2,0,21,,goal,B. Choi,True,,,,,,,1,0
k_league_1_2026,2026-05-17,15,Bucheon FC 1995,Pohang Steelers,2,0,90,,period,,,,,,,Second half,,2,0
k_league_1_2026,2026-05-17,15,Bucheon FC 1995,Pohang Steelers,2,0,89,,substitution,,True,,,K. Jong-Min,H. Jeong,,,,
k_league_1_2026,2026-05-17,15,Bucheon FC 1995,Pohang Steelers,2,0,86,,substitution,,False,,,H. Seo-woong,D. Kim,,,,
k_league_1_2026,2026-05-17,15,Bucheon FC 1995,Pohang Steelers,2,0,85,,goal,L. Eui-Hyeong,True,,,,,,,2,0
k_league_1_2026,2026-05-17,15,Bucheon FC 1995,Pohang Steelers,2,0,78,,substitution,,True,,,L. Eui-Hyeong,M. J. Kim,,,,
k_league_1_2026,2026-05-17,15,Bucheon FC 1995,Pohang Steelers,2,0,71,,substitution,,True,,,K. Takahashi,J. Kim,,,,
k_league_1_2026,2026-05-17,15,Bucheon FC 1995,Pohang Steelers,2,0,67,,substitution,,False,,,C. Sang-Hyeok,K. Nishiya,,,,
k_league_1_2026,2026-05-17,15,Bucheon FC 1995,Pohang Steelers,2,0,61,,goal,T. Santos,True,,,,,,,1,0
k_league_1_2026,2026-05-17,15,Bucheon FC 1995,Pohang Steelers,2,0,60,,substitution,,False,,,J. Hwang,A. Jae-joon,,,,
k_league_1_2026,2026-05-17,15,Bucheon FC 1995,Pohang Steelers,2,0,53,,card,J. Kim,True,yellow,,,,,,,
k_league_1_2026,2026-05-17,15,Bucheon FC 1995,Pohang Steelers,2,0,52,,card,T. H. Ahn,True,yellow,,,,,,,
k_league_1_2026,2026-05-17,15,Bucheon FC 1995,Pohang Steelers,2,0,46,,substitution,,False,,,M. Jeon,K. Ye-Sung,,,,
k_league_1_2026,2026-05-17,15,Bucheon FC 1995,Pohang Steelers,2,0,46,,substitution,,False,,,S. Y. Ki,S. Kim,,,,
k_league_1_2026,2026-05-17,15,Bucheon FC 1995,Pohang Steelers,2,0,46,,substitution,,True,,,T. Santos,B. G. Yoon,,,,
k_league_1_2026,2026-05-17,15,Bucheon FC 1995,Pohang Steelers,2,0,46,,substitution,,True,,,J. H. Han,Gabriel,,,,
k_league_1_2026,2026-05-17,15,Bucheon FC 1995,Pohang Steelers,2,0,45,,period,,,,,,,HT,,0,0
k_league_1_2026,2026-05-17,15,Bucheon FC 1995,Pohang Steelers,2,0,40,,card,P. Chan-Yong,False,yellow,,,,,,,
k_league_1_2026,2026-05-17,15,Jeonbuk Hyundai Motors,Gimcheon Sangmu FC,1,0,90,,period,,,,,,,Second half,,1,0
k_league_1_2026,2026-05-17,15,Jeonbuk Hyundai Motors,Gimcheon Sangmu FC,1,0,90,7,goal,T. Orobó,True,,,,,,,1,0
k_league_1_2026,2026-05-17,15,Jeonbuk Hyundai Motors,Gimcheon Sangmu FC,1,0,90,4,card,J. B. Baek,False,yellow,,,,,,,
k_league_1_2026,2026-05-17,15,Jeonbuk Hyundai Motors,Gimcheon Sangmu FC,1,0,87,,substitution,,True,,,Y. J. Lee,J. Kim,,,,
k_league_1_2026,2026-05-17,15,Jeonbuk Hyundai Motors,Gimcheon Sangmu FC,1,0,87,,substitution,,True,,,J. Yeon,C. Woo-Jin,,,,
k_league_1_2026,2026-05-17,15,Jeonbuk Hyundai Motors,Gimcheon Sangmu FC,1,0,85,,card,Y. Kim,True,yellow,,,,,,,
k_league_1_2026,2026-05-17,15,Jeonbuk Hyundai Motors,Gimcheon Sangmu FC,1,0,81,,substitution,,False,,,C. Lee,T. Park,,,,
k_league_1_2026,2026-05-17,15,Jeonbuk Hyundai Motors,Gimcheon Sangmu FC,1,0,79,,substitution,,True,,,T. Orobó,D. J. Lee,,,,
k_league_1_2026,2026-05-17,15,Jeonbuk Hyundai Motors,Gimcheon Sangmu FC,1,0,73,,substitution,,False,,,R. Kyung-ho,S. Park,,,,
k_league_1_2026,2026-05-17,15,Jeonbuk Hyundai Motors,Gimcheon Sangmu FC,1,0,73,,substitution,,False,,,I. Kim,J. Kim,,,,
k_league_1_2026,2026-05-17,15,Jeonbuk Hyundai Motors,Gimcheon Sangmu FC,1,0,67,,card,L. Kang-Hyeon,False,yellow,,,,,,,
k_league_1_2026,2026-05-17,15,Jeonbuk Hyundai Motors,Gimcheon Sangmu FC,1,0,66,,substitution,,True,,,S. S. Kim,S. Lee,,,,
k_league_1_2026,2026-05-17,15,Jeonbuk Hyundai Motors,Gimcheon Sangmu FC,1,0,66,,substitution,,True,,,J. Gamboa,O. Alionço,,,,
k_league_1_2026,2026-05-17,15,Jeonbuk Hyundai Motors,Gimcheon Sangmu FC,1,0,62,,substitution,,False,,,L. Kang-Hyeon,D. Lim,,,,
k_league_1_2026,2026-05-17,15,Jeonbuk Hyundai Motors,Gimcheon Sangmu FC,1,0,62,,substitution,,False,,,J. Byung-Kwan,J. Go,,,,
k_league_1_2026,2026-05-17,15,Jeonbuk Hyundai Motors,Gimcheon Sangmu FC,1,0,45,,period,,,,,,,HT,,0,0
k_league_1_2026,2026-05-17,15,Jeju SK,FC Anyang,1,2,90,,period,,,,,,,FT,,1,2
k_league_1_2026,2026-05-17,15,Jeju SK,FC Anyang,1,2,90,6,card,J. H. Kim,False,yellow,,,,,,,
k_league_1_2026,2026-05-17,15,Jeju SK,FC Anyang,1,2,87,,substitution,,False,,,K. Ji-Hoon,M. Oliveira,,,,
k_league_1_2026,2026-05-17,15,Jeju SK,FC Anyang,1,2,85,,substitution,,True,,,K. Shin-jin,Emerson Ramon,,,,
k_league_1_2026,2026-05-17,15,Jeju SK,FC Anyang,1,2,78,,card,J. H. Kim,False,yellow,,,,,,,
k_league_1_2026,2026-05-17,15,Jeju SK,FC Anyang,1,2,76,,substitution,,True,,,K. Jun-Ha,T. H. Nam,,,,
k_league_1_2026,2026-05-17,15,Jeju SK,FC Anyang,1,2,69,,substitution,,False,,,M. Seong-Woo,G. Choi,,,,
k_league_1_2026,2026-05-17,15,Jeju SK,FC Anyang,1,2,69,,substitution,,False,,,T. H. Lee,H. Chae,,,,
k_league_1_2026,2026-05-17,15,Jeju SK,FC Anyang,1,2,64,,goal,R. Kim,True,,,,,,,1,2
k_league_1_2026,2026-05-17,15,Jeju SK,FC Anyang,1,2,62,,substitution,,False,,,U. Kim,B. Herculano,,,,
k_league_1_2026,2026-05-17,15,Jeju SK,FC Anyang,1,2,59,,substitution,,True,,,C. Byung-Wook,I. Yu,,,,
k_league_1_2026,2026-05-17,15,Jeju SK,FC Anyang,1,2,59,,substitution,,True,,,S. Sang-Eun,G.U. Kim,,,,
k_league_1_2026,2026-05-17,15,Jeju SK,FC Anyang,1,2,46,,goal,M. Oliveira,False,,,,,,,0,2
k_league_1_2026,2026-05-17,15,Jeju SK,FC Anyang,1,2,46,,substitution,,False,,,J. H. Kim,Y. Rafael,,,,
k_league_1_2026,2026-05-17,15,Jeju SK,FC Anyang,1,2,45,,period,,,,,,,HT,,0,1
k_league_1_2026,2026-05-17,15,Jeju SK,FC Anyang,1,2,35,,goal,D. J. Kim,False,,,,,,,0,1
k_league_1_2026,2026-05-17,15,Jeju SK,FC Anyang,1,2,27,,card,G. Choe,False,yellow,,,,,,,
k_league_1_2026,2026-05-17,15,Jeju SK,FC Anyang,1,2,13,,card,C. Kwon,True,yellow,,,,,,,
k_league_1_2026,2026-05-16,15,Incheon United,Gwangju FC,4,0,90,,period,,,,,,,Second half,,4,0
k_league_1_2026,2026-05-16,15,Incheon United,Gwangju FC,4,0,88,,card,M. Moon,False,yellow,,,,,,,
k_league_1_2026,2026-05-16,15,Incheon United,Gwangju FC,4,0,82,,substitution,,True,,,P. Ho-min,M. Ferrier,,,,
k_league_1_2026,2026-05-16,15,Incheon United,Gwangju FC,4,0,82,,substitution,,True,,,S. Kim,C. Y. Lee,,,,
k_league_1_2026,2026-05-16,15,Incheon United,Gwangju FC,4,0,79,,substitution,,True,,,B. Min-Gyu,G. Fernandes,,,,
k_league_1_2026,2026-05-16,15,Incheon United,Gwangju FC,4,0,79,,substitution,,False,,,P. Sung-Hyun,J. Jeong,,,,
k_league_1_2026,2026-05-16,15,Incheon United,Gwangju FC,4,0,79,,substitution,,False,,,Y. Je-ho,S. J. Ju,,,,
k_league_1_2026,2026-05-16,15,Incheon United,Gwangju FC,4,0,75,,card,G. Bae-Hyeon,False,yellow,,,,,,,
k_league_1_2026,2026-05-16,15,Incheon United,Gwangju FC,4,0,73,,substitution,,True,,,P. Seung-Ho,D. Lee,,,,
k_league_1_2026,2026-05-16,15,Incheon United,Gwangju FC,4,0,73,,substitution,,True,,,C. Seung-Gu,M. J. Lee,,,,
k_league_1_2026,2026-05-16,15,Incheon United,Gwangju FC,4,0,65,,goal,C. Y. Lee,True,,,,,,,4,0
k_league_1_2026,2026-05-16,15,Incheon United,Gwangju FC,4,0,57,,substitution,,False,,,Y. Hong,M. Lee,,,,
k_league_1_2026,2026-05-16,15,Incheon United,Gwangju FC,4,0,57,,substitution,,False,,,J. Kim,H. An,,,,
k_league_1_2026,2026-05-16,15,Incheon United,Gwangju FC,4,0,55,,goal,G. Fernandes,True,,,,,,,3,0
k_league_1_2026,2026-05-16,15,Incheon United,Gwangju FC,4,0,46,,substitution,,False,,,G. Bae-Hyeon,Y. Kim,,,,
k_league_1_2026,2026-05-16,15,Incheon United,Gwangju FC,4,0,45,,period,,,,,,,HT,,2,0
k_league_1_2026,2026-05-16,15,Incheon United,Gwangju FC,4,0,26,,goal,M. Ferrier,True,,,,,,,2,0
k_league_1_2026,2026-05-16,15,Incheon United,Gwangju FC,4,0,19,,goal,J. Fernández,True,,,,,,,1,0
k_league_1_2026,2026-05-16,15,Daejeon Hana Citizen,FC Seoul,1,2,90,,period,,,,,,,Second half,,1,2
k_league_1_2026,2026-05-16,15,Daejeon Hana Citizen,FC Seoul,1,2,90,5,card,C. Young-wook,False,yellow,,,,,,,
k_league_1_2026,2026-05-16,15,Daejeon Hana Citizen,FC Seoul,1,2,90,2,substitution,,False,,,C. Young-wook,M. Song,,,,
k_league_1_2026,2026-05-16,15,Daejeon Hana Citizen,FC Seoul,1,2,90,1,card,M. D. Kim,True,yellow,,,,,,,
k_league_1_2026,2026-05-16,15,Daejeon Hana Citizen,FC Seoul,1,2,88,,goal,L. Seung-mo,False,,,,,,,1,2
k_league_1_2026,2026-05-16,15,Daejeon Hana Citizen,FC Seoul,1,2,86,,substitution,,True,,,Y. Kang,K. Bong-Soo,,,,
k_league_1_2026,2026-05-16,15,Daejeon Hana Citizen,FC Seoul,1,2,85,,card,A. Kryvotsiuk,True,yellow,,,,,,,
k_league_1_2026,2026-05-16,15,Daejeon Hana Citizen,FC Seoul,1,2,74,,substitution,,True,,,M. D. Kim,H. Lee,,,,
k_league_1_2026,2026-05-16,15,Daejeon Hana Citizen,FC Seoul,1,2,74,,substitution,,True,,,M. K. Ju,K. H. Yu,,,,
k_league_1_2026,2026-05-16,15,Daejeon Hana Citizen,FC Seoul,1,2,70,,goal,J. Jeong,True,,,,,,,1,1
k_league_1_2026,2026-05-16,15,Daejeon Hana Citizen,FC Seoul,1,2,69,,substitution,,False,,,L. Seung-mo,H. Babec,,,,
k_league_1_2026,2026-05-16,15,Daejeon Hana Citizen,FC Seoul,1,2,69,,substitution,,True,,,J. Jeong,J. Victor,,,,
k_league_1_2026,2026-05-16,15,Daejeon Hana Citizen,FC Seoul,1,2,66,,card,Y. Al-Arab,False,yellow,,,,,,,
k_league_1_2026,2026-05-16,15,Daejeon Hana Citizen,FC Seoul,1,2,56,,substitution,,False,,,S. Jeong,M. Seon-min,,,,
k_league_1_2026,2026-05-16,15,Daejeon Hana Citizen,FC Seoul,1,2,56,,card,H. Lee,True,yellow,,,,,,,
k_league_1_2026,2026-05-16,15,Daejeon Hana Citizen,FC Seoul,1,2,46,,substitution,,True,,,V. Bobsin,G. Ludwigson,,,,
k_league_1_2026,2026-05-16,15,Daejeon Hana Citizen,FC Seoul,1,2,45,,period,,,,,,,HT,,0,1
k_league_1_2026,2026-05-16,15,Daejeon Hana Citizen,FC Seoul,1,2,43,,card,C. Jun,False,yellow,,,,,,,
k_league_1_2026,2026-05-16,15,Daejeon Hana Citizen,FC Seoul,1,2,24,,goal,Anderson Oliveira,False,,,,,,,0,1
k_league_1_2026,2026-05-13,14,Ulsan HD,Jeju SK,2,1,90,,period,,,,,,,FT,,2,1
k_league_1_2026,2026-05-13,14,Ulsan HD,Jeju SK,2,1,90,7,substitution,,True,,,S. Myeong-Kwan,H. T. Cho,,,,
k_league_1_2026,2026-05-13,14,Ulsan HD,Jeju SK,2,1,90,2,substitution,,True,,,C. Seok-Hyun,S. Shim,,,,
k_league_1_2026,2026-05-13,14,Ulsan HD,Jeju SK,2,1,90,2,substitution,,True,,,J. Jae-Sang,D. G. Lee,,,,
k_league_1_2026,2026-05-13,14,Ulsan HD,Jeju SK,2,1,90,,injuryTime,,,,,,,,8,,
k_league_1_2026,2026-05-13,14,Ulsan HD,Jeju SK,2,1,90,,varDecision,Emerson Ramon,False,,,,,,,,
k_league_1_2026,2026-05-13,14,Ulsan HD,Jeju SK,2,1,88,,goal,Emerson Ramon,False,,,,,,,2,1
k_league_1_2026,2026-05-13,14,Ulsan HD,Jeju SK,2,1,79,,substitution,,False,,,C. J. Park,T. H. Nam,,,,
k_league_1_2026,2026-05-13,14,Ulsan HD,Jeju SK,2,1,79,,substitution,,False,,,C. Byung-Wook,C. W. Rim,,,,
k_league_1_2026,2026-05-13,14,Ulsan HD,Jeju SK,2,1,78,,substitution,,True,,,K. S. Lee,D. Bojanić,,,,
k_league_1_2026,2026-05-13,14,Ulsan HD,Jeju SK,2,1,60,,substitution,,True,,,Yago,Marcão,,,,
k_league_1_2026,2026-05-13,14,Ulsan HD,Jeju SK,2,1,60,,substitution,,True,,,L. Jin-hyun,K. Sang-woo,,,,
k_league_1_2026,2026-05-13,14,Ulsan HD,Jeju SK,2,1,59,,substitution,,False,,,K. Shin-jin,K. Jun-Ha,,,,
k_league_1_2026,2026-05-13,14,Ulsan HD,Jeju SK,2,1,45,,period,,,,,,,HT,,2,0
k_league_1_2026,2026-05-13,14,Ulsan HD,Jeju SK,2,1,45,,injuryTime,,,,,,,,5,,
k_league_1_2026,2026-05-13,14,Ulsan HD,Jeju SK,2,1,43,,substitution,,False,,,G.U. Kim,M. Jang,,,,
k_league_1_2026,2026-05-13,14,Ulsan HD,Jeju SK,2,1,32,,goal,M. Trojak,True,,,,,,,2,0
k_league_1_2026,2026-05-13,14,Ulsan HD,Jeju SK,2,1,31,,card,J. Kim,False,yellow,Foul,,,,,,
k_league_1_2026,2026-05-13,14,Ulsan HD,Jeju SK,2,1,17,,goal,D. G. Lee,True,,,,,,,1,0
k_league_1_2026,2026-05-13,14,Ulsan HD,Jeju SK,2,1,0,,card,Sergio Costa,False,red,Argument,,,,,,
k_league_1_2026,2026-05-13,14,FC Anyang,Gimcheon Sangmu FC,2,2,90,,period,,,,,,,FT,,2,2
k_league_1_2026,2026-05-13,14,FC Anyang,Gimcheon Sangmu FC,2,2,90,5,card,K. W. Kwon,True,yellow,,,,,,,
k_league_1_2026,2026-05-13,14,FC Anyang,Gimcheon Sangmu FC,2,2,87,,substitution,,False,,,L. Kang-Hyeon,S. B. Lee,,,,
k_league_1_2026,2026-05-13,14,FC Anyang,Gimcheon Sangmu FC,2,2,81,,substitution,,False,,,R. Kyung-ho,D. Lim,,,,
k_league_1_2026,2026-05-13,14,FC Anyang,Gimcheon Sangmu FC,2,2,81,,substitution,,False,,,J. Jae-Min,K. H. Lee,,,,
k_league_1_2026,2026-05-13,14,FC Anyang,Gimcheon Sangmu FC,2,2,81,,substitution,,True,,,O. Hyeong-Jun,Airton,,,,
k_league_1_2026,2026-05-13,14,FC Anyang,Gimcheon Sangmu FC,2,2,81,,substitution,,True,,,H. Jae-seok,J. H. Kang,,,,
k_league_1_2026,2026-05-13,14,FC Anyang,Gimcheon Sangmu FC,2,2,76,,goal,Airton,True,,,,,,,2,2
k_league_1_2026,2026-05-13,14,FC Anyang,Gimcheon Sangmu FC,2,2,72,,substitution,,True,,,H. Chae,G. Choi,,,,
k_league_1_2026,2026-05-13,14,FC Anyang,Gimcheon Sangmu FC,2,2,72,,substitution,,True,,,G. Choe,J. H. Kim,,,,
k_league_1_2026,2026-05-13,14,FC Anyang,Gimcheon Sangmu FC,2,2,70,,goal,J. Kim,False,,,,,,,1,2
k_league_1_2026,2026-05-13,14,FC Anyang,Gimcheon Sangmu FC,2,2,67,,substitution,,True,,,Y. Rafael,K. Han,,,,
k_league_1_2026,2026-05-13,14,FC Anyang,Gimcheon Sangmu FC,2,2,64,,goal,K. H. Lee,False,,,,,,,1,1
k_league_1_2026,2026-05-13,14,FC Anyang,Gimcheon Sangmu FC,2,2,60,,substitution,,False,,,I. Kim,S. Park,,,,
k_league_1_2026,2026-05-13,14,FC Anyang,Gimcheon Sangmu FC,2,2,60,,substitution,,False,,,P. Cheol-Woo,Y. Jae-Seok,,,,
k_league_1_2026,2026-05-13,14,FC Anyang,Gimcheon Sangmu FC,2,2,50,,card,J. H. Kang,True,yellow,,,,,,,
k_league_1_2026,2026-05-13,14,FC Anyang,Gimcheon Sangmu FC,2,2,45,,period,,,,,,,HT,,1,0
k_league_1_2026,2026-05-13,14,FC Anyang,Gimcheon Sangmu FC,2,2,6,,card,S. H. Hong,False,yellow,,,,,,,
k_league_1_2026,2026-05-13,14,FC Anyang,Gimcheon Sangmu FC,2,2,1,,goal,G. Choi,True,,,,,,,1,0
k_league_1_2026,2026-05-13,14,Bucheon FC 1995,Jeonbuk Hyundai Motors,0,0,90,,period,,,,,,,Second half,,0,0
k_league_1_2026,2026-05-13,14,Bucheon FC 1995,Jeonbuk Hyundai Motors,0,0,90,3,substitution,,True,,,T. H. Ahn,J. W. Shin,,,,
k_league_1_2026,2026-05-13,14,Bucheon FC 1995,Jeonbuk Hyundai Motors,0,0,86,,substitution,,False,,,C. Woo-Jin,S. Lee,,,,
k_league_1_2026,2026-05-13,14,Bucheon FC 1995,Jeonbuk Hyundai Motors,0,0,83,,card,J. W. Shin,True,yellow,,,,,,,
k_league_1_2026,2026-05-13,14,Bucheon FC 1995,Jeonbuk Hyundai Motors,0,0,78,,card,H. K. Kim,True,yellow,,,,,,,
k_league_1_2026,2026-05-13,14,Bucheon FC 1995,Jeonbuk Hyundai Motors,0,0,75,,substitution,,False,,,B. Mota,D. J. Lee,,,,
k_league_1_2026,2026-05-13,14,Bucheon FC 1995,Jeonbuk Hyundai Motors,0,0,63,,substitution,,True,,,D. K. Baek,L. Jae-Won,,,,
k_league_1_2026,2026-05-13,14,Bucheon FC 1995,Jeonbuk Hyundai Motors,0,0,60,,substitution,,False,,,Y. J. Lee,O. Alionço,,,,
k_league_1_2026,2026-05-13,14,Bucheon FC 1995,Jeonbuk Hyundai Motors,0,0,58,,substitution,,True,,,L. Jae-Won,Gabriel,,,,
k_league_1_2026,2026-05-13,14,Bucheon FC 1995,Jeonbuk Hyundai Motors,0,0,52,,card,S. Lee,False,yellow,,,,,,,
k_league_1_2026,2026-05-13,14,Bucheon FC 1995,Jeonbuk Hyundai Motors,0,0,46,,substitution,,False,,,S. S. Kim,K. Sang-Yun,,,,
k_league_1_2026,2026-05-13,14,Bucheon FC 1995,Jeonbuk Hyundai Motors,0,0,46,,substitution,,True,,,S. Kim,J. Kim,,,,
k_league_1_2026,2026-05-13,14,Bucheon FC 1995,Jeonbuk Hyundai Motors,0,0,46,,substitution,,True,,,D. Kim,B. G. Yoon,,,,
k_league_1_2026,2026-05-13,14,Bucheon FC 1995,Jeonbuk Hyundai Motors,0,0,45,,period,,,,,,,HT,,0,0
k_league_1_2026,2026-05-13,14,Bucheon FC 1995,Jeonbuk Hyundai Motors,0,0,40,,card,T. Kim,False,yellow,,,,,,,
k_league_1_2026,2026-05-13,14,Bucheon FC 1995,Jeonbuk Hyundai Motors,0,0,37,,card,Gabriel,True,yellow,,,,,,,
k_league_1_2026,2026-05-13,14,Bucheon FC 1995,Jeonbuk Hyundai Motors,0,0,30,,card,J. Kim,False,yellow,,,,,,,
k_league_1_2026,2026-05-13,14,Bucheon FC 1995,Jeonbuk Hyundai Motors,0,0,14,,card,W. Cho,False,yellow,,,,,,,
k_league_1_2026,2026-05-13,14,Bucheon FC 1995,Jeonbuk Hyundai Motors,0,0,5,,card,Rodrigo,True,red,,,,,,,
k_league_1_2026,2026-05-12,14,Incheon United,Pohang Steelers,0,1,90,,period,,,,,,,Second half,,0,1
k_league_1_2026,2026-05-12,14,Incheon United,Pohang Steelers,0,1,90,4,substitution,,False,,,J. Tranziska,L. Ho-jae,,,,
k_league_1_2026,2026-05-12,14,Incheon United,Pohang Steelers,0,1,85,,card,J. Eo,False,yellow,,,,,,,
k_league_1_2026,2026-05-12,14,Incheon United,Pohang Steelers,0,1,78,,card,K. Gun-Hee,True,yellow,,,,,,,
k_league_1_2026,2026-05-12,14,Incheon United,Pohang Steelers,0,1,71,,substitution,,False,,,A. Jae-joon,C. Sang-Hyeok,,,,
k_league_1_2026,2026-05-12,14,Incheon United,Pohang Steelers,0,1,66,,substitution,,True,,,D. Lee,P. Seung-Ho,,,,
k_league_1_2026,2026-05-12,14,Incheon United,Pohang Steelers,0,1,66,,substitution,,True,,,G. Fernandes,S. Kim,,,,
k_league_1_2026,2026-05-12,14,Incheon United,Pohang Steelers,0,1,65,,card,J. Y. Lee,True,yellow,,,,,,,
k_league_1_2026,2026-05-12,14,Incheon United,Pohang Steelers,0,1,64,,substitution,,False,,,K. Nishiya,D. Kim,,,,
k_league_1_2026,2026-05-12,14,Incheon United,Pohang Steelers,0,1,64,,substitution,,False,,,S. Kim,S. Y. Ki,,,,
k_league_1_2026,2026-05-12,14,Incheon United,Pohang Steelers,0,1,58,,substitution,,True,,,M. Ferrier,C. I. Jeong,,,,
k_league_1_2026,2026-05-12,14,Incheon United,Pohang Steelers,0,1,58,,substitution,,True,,,C. Y. Lee,P. Ho-min,,,,
k_league_1_2026,2026-05-12,14,Incheon United,Pohang Steelers,0,1,46,,substitution,,False,,,J. Rocha,H. Seo-woong,,,,
k_league_1_2026,2026-05-12,14,Incheon United,Pohang Steelers,0,1,45,,period,,,,,,,HT,,0,1
k_league_1_2026,2026-05-12,14,Incheon United,Pohang Steelers,0,1,42,,goal,L. Ho-jae,False,,,,,,,0,1
k_league_1_2026,2026-05-12,14,Incheon United,Pohang Steelers,0,1,36,,substitution,,True,,,M. J. Lee,W. J. Jung,,,,
k_league_1_2026,2026-05-12,14,Incheon United,Pohang Steelers,0,1,34,,card,C. Seung-Gu,True,yellow,,,,,,,
k_league_1_2026,2026-05-12,14,Gwangju FC,FC Seoul,0,1,90,,period,,,,,,,Second half,,0,1
k_league_1_2026,2026-05-12,14,Gwangju FC,FC Seoul,0,1,87,,substitution,,False,,,K. Jin-su,S. Park,,,,
k_league_1_2026,2026-05-12,14,Gwangju FC,FC Seoul,0,1,77,,substitution,,False,,,J. Son,L. Seung-mo,,,,
k_league_1_2026,2026-05-12,14,Gwangju FC,FC Seoul,0,1,77,,card,H. An,True,yellow,,,,,,,
k_league_1_2026,2026-05-12,14,Gwangju FC,FC Seoul,0,1,73,,substitution,,True,,,K. Hui-Su,S. J. Ju,,,,
k_league_1_2026,2026-05-12,14,Gwangju FC,FC Seoul,0,1,73,,substitution,,True,,,M. Lee,Y. Hong,,,,
k_league_1_2026,2026-05-12,14,Gwangju FC,FC Seoul,0,1,72,,substitution,,False,,,C. Young-wook,Anderson Oliveira,,,,
k_league_1_2026,2026-05-12,14,Gwangju FC,FC Seoul,0,1,67,,substitution,,True,,,S. Min,S. Y. Kwon,,,,
k_league_1_2026,2026-05-12,14,Gwangju FC,FC Seoul,0,1,58,,card,Y. Hong,True,yellow,,,,,,,
k_league_1_2026,2026-05-12,14,Gwangju FC,FC Seoul,0,1,49,,goal,L. Ruiz,False,,,,,,,0,1
k_league_1_2026,2026-05-12,14,Gwangju FC,FC Seoul,0,1,46,,substitution,,True,,,H. A. Friðjónsson,K. Yun-Ho,,,,
k_league_1_2026,2026-05-12,14,Gwangju FC,FC Seoul,0,1,46,,substitution,,False,,,M. Song,P. Klimala,,,,
k_league_1_2026,2026-05-12,14,Gwangju FC,FC Seoul,0,1,46,,substitution,,False,,,H. Babec,D. Hwang,,,,
k_league_1_2026,2026-05-12,14,Gwangju FC,FC Seoul,0,1,45,,period,,,,,,,HT,,0,0
k_league_1_2026,2026-05-12,14,Gwangju FC,FC Seoul,0,1,38,,substitution,,True,,,G. Bae-Hyeon,Y. Ahn,,,,
k_league_1_2026,2026-05-12,14,Gwangju FC,FC Seoul,0,1,12,,card,S. Y. Kwon,True,yellow,,,,,,,
k_league_1_2026,2026-05-12,14,Gangwon FC,Daejeon Hana Citizen,2,0,90,,period,,,,,,,FT,,2,0
k_league_1_2026,2026-05-12,14,Gangwon FC,Daejeon Hana Citizen,2,0,90,5,substitution,,True,,,K. Do-Hyun,J. H. Mo,,,,
k_league_1_2026,2026-05-12,14,Gangwon FC,Daejeon Hana Citizen,2,0,90,5,substitution,,True,,,K. Dong-hyeon,M. Seo,,,,
k_league_1_2026,2026-05-12,14,Gangwon FC,Daejeon Hana Citizen,2,0,90,,substitution,,False,,,M. K. Ju,G. Ludwigson,,,,
k_league_1_2026,2026-05-12,14,Gangwon FC,Daejeon Hana Citizen,2,0,90,,substitution,,True,,,S. Min-Ha,D. Kim,,,,
k_league_1_2026,2026-05-12,14,Gangwon FC,Daejeon Hana Citizen,2,0,89,,goal,D. Kim,True,,,,,,,2,0
k_league_1_2026,2026-05-12,14,Gangwon FC,Daejeon Hana Citizen,2,0,87,,goal,A. Halaihal,True,,,,,,,1,0
k_league_1_2026,2026-05-12,14,Gangwon FC,Daejeon Hana Citizen,2,0,82,,card,G. Lee,True,yellow,,,,,,,
k_league_1_2026,2026-05-12,14,Gangwon FC,Daejeon Hana Citizen,2,0,76,,substitution,,False,,,V. Bobsin,M. Kim,,,,
k_league_1_2026,2026-05-12,14,Gangwon FC,Daejeon Hana Citizen,2,0,76,,substitution,,False,,,M. J. Lee,K. Park,,,,
k_league_1_2026,2026-05-12,14,Gangwon FC,Daejeon Hana Citizen,2,0,66,,substitution,,True,,,A. Halaihal,B. Choi,,,,
k_league_1_2026,2026-05-12,14,Gangwon FC,Daejeon Hana Citizen,2,0,66,,substitution,,True,,,K. Gun-hee,Y. Goh,,,,
k_league_1_2026,2026-05-12,14,Gangwon FC,Daejeon Hana Citizen,2,0,60,,substitution,,False,,,J. Victor,J. Jeong,,,,
k_league_1_2026,2026-05-12,14,Gangwon FC,Daejeon Hana Citizen,2,0,60,,substitution,,False,,,K. H. Yu,Diogo Oliveira,,,,
k_league_1_2026,2026-05-12,14,Gangwon FC,Daejeon Hana Citizen,2,0,45,,period,,,,,,,HT,,0,0
k_league_1_2026,2026-05-10,13,FC Anyang,Jeonbuk Hyundai Motors,1,1,90,,period,,,,,,,Second half,,1,1
k_league_1_2026,2026-05-10,13,FC Anyang,Jeonbuk Hyundai Motors,1,1,87,,substitution,,False,,,Y. J. Lee,D. J. Lee,,,,
k_league_1_2026,2026-05-10,13,FC Anyang,Jeonbuk Hyundai Motors,1,1,81,,substitution,,True,,,K. Ji-Hoon,Airton,,,,
k_league_1_2026,2026-05-10,13,FC Anyang,Jeonbuk Hyundai Motors,1,1,81,,substitution,,True,,,H. Jae-seok,U. Kim,,,,
k_league_1_2026,2026-05-10,13,FC Anyang,Jeonbuk Hyundai Motors,1,1,81,,card,S. Lee,False,yellow,,,,,,,
k_league_1_2026,2026-05-10,13,FC Anyang,Jeonbuk Hyundai Motors,1,1,76,,goal,S. Lee,False,,,,,,,1,1
k_league_1_2026,2026-05-10,13,FC Anyang,Jeonbuk Hyundai Motors,1,1,72,,substitution,,True,,,Y. C. Kim,C. Lee,,,,
k_league_1_2026,2026-05-10,13,FC Anyang,Jeonbuk Hyundai Motors,1,1,72,,substitution,,True,,,J. H. Kang,G. Choi,,,,
k_league_1_2026,2026-05-10,13,FC Anyang,Jeonbuk Hyundai Motors,1,1,71,,substitution,,False,,,T. Orobó,B. Mota,,,,
k_league_1_2026,2026-05-10,13,FC Anyang,Jeonbuk Hyundai Motors,1,1,71,,substitution,,False,,,J. Gamboa,O. Alionço,,,,
k_league_1_2026,2026-05-10,13,FC Anyang,Jeonbuk Hyundai Motors,1,1,61,,substitution,,True,,,G. Choe,Y. Rafael,,,,
k_league_1_2026,2026-05-10,13,FC Anyang,Jeonbuk Hyundai Motors,1,1,60,,substitution,,False,,,K. Ha-Jun,Y. Kim,,,,
k_league_1_2026,2026-05-10,13,FC Anyang,Jeonbuk Hyundai Motors,1,1,54,,goal,Airton,True,,,,,,,1,0
k_league_1_2026,2026-05-10,13,FC Anyang,Jeonbuk Hyundai Motors,1,1,49,,card,T. H. Lee,True,yellow,,,,,,,
k_league_1_2026,2026-05-10,13,FC Anyang,Jeonbuk Hyundai Motors,1,1,46,,substitution,,False,,,S. Lee,S. S. Kim,,,,
k_league_1_2026,2026-05-10,13,FC Anyang,Jeonbuk Hyundai Motors,1,1,45,,period,,,,,,,HT,,0,0
k_league_1_2026,2026-05-10,13,Ulsan HD,Bucheon FC 1995,1,0,90,,period,,,,,,,Second half,,1,0
k_league_1_2026,2026-05-10,13,Ulsan HD,Bucheon FC 1995,1,0,90,7,card,Gabriel,False,yellow,,,,,,,
k_league_1_2026,2026-05-10,13,Ulsan HD,Bucheon FC 1995,1,0,87,,substitution,,True,,,B. Michel,D. G. Lee,,,,
k_league_1_2026,2026-05-10,13,Ulsan HD,Bucheon FC 1995,1,0,82,,substitution,,False,,,K. Jong-Min,P. William,,,,
k_league_1_2026,2026-05-10,13,Ulsan HD,Bucheon FC 1995,1,0,82,,substitution,,False,,,J. W. Shin,T. H. Ahn,,,,
k_league_1_2026,2026-05-10,13,Ulsan HD,Bucheon FC 1995,1,0,78,,substitution,,False,,,M. J. Kim,B. G. Yoon,,,,
k_league_1_2026,2026-05-10,13,Ulsan HD,Bucheon FC 1995,1,0,74,,substitution,,True,,,D. Bojanić,K. S. Lee,,,,
k_league_1_2026,2026-05-10,13,Ulsan HD,Bucheon FC 1995,1,0,70,,substitution,,True,,,J. Si-Young,H. Lee,,,,
k_league_1_2026,2026-05-10,13,Ulsan HD,Bucheon FC 1995,1,0,70,,substitution,,True,,,S. Shim,Marcão,,,,
k_league_1_2026,2026-05-10,13,Ulsan HD,Bucheon FC 1995,1,0,70,,substitution,,True,,,Yago,C. Seok-Hyun,,,,
k_league_1_2026,2026-05-10,13,Ulsan HD,Bucheon FC 1995,1,0,60,,substitution,,False,,,D. Kim,L. Eui-Hyeong,,,,
k_league_1_2026,2026-05-10,13,Ulsan HD,Bucheon FC 1995,1,0,60,,substitution,,False,,,Gabriel,J. Kim,,,,
k_league_1_2026,2026-05-10,13,Ulsan HD,Bucheon FC 1995,1,0,45,,period,,,,,,,HT,,1,0
k_league_1_2026,2026-05-10,13,Ulsan HD,Bucheon FC 1995,1,0,24,,goal,D. G. Lee,True,,,,,,,1,0
k_league_1_2026,2026-05-09,13,Daejeon Hana Citizen,Pohang Steelers,0,2,90,,period,,,,,,,Second half,,0,2
k_league_1_2026,2026-05-09,13,Daejeon Hana Citizen,Pohang Steelers,0,2,90,5,goal,J. Rocha,False,,,,,,,0,2
k_league_1_2026,2026-05-09,13,Daejeon Hana Citizen,Pohang Steelers,0,2,90,,card,V. Bobsin,True,yellow,,,,,,,
k_league_1_2026,2026-05-09,13,Daejeon Hana Citizen,Pohang Steelers,0,2,84,,substitution,,True,,,V. Bobsin,H. Lee,,,,
k_league_1_2026,2026-05-09,13,Daejeon Hana Citizen,Pohang Steelers,0,2,81,,card,A. Kryvotsiuk,True,yellow,,,,,,,
k_league_1_2026,2026-05-09,13,Daejeon Hana Citizen,Pohang Steelers,0,2,80,,substitution,,False,,,J. Tranziska,C. Sang-Hyeok,,,,
k_league_1_2026,2026-05-09,13,Daejeon Hana Citizen,Pohang Steelers,0,2,74,,substitution,,False,,,S. Kim,S. Y. Ki,,,,
k_league_1_2026,2026-05-09,13,Daejeon Hana Citizen,Pohang Steelers,0,2,68,,goal,J. Rocha,False,,,,,,,0,1
k_league_1_2026,2026-05-09,13,Daejeon Hana Citizen,Pohang Steelers,0,2,63,,substitution,,True,,,M. D. Kim,J. Seong-Kwon,,,,
k_league_1_2026,2026-05-09,13,Daejeon Hana Citizen,Pohang Steelers,0,2,58,,substitution,,True,,,Diogo Oliveira,G. Ludwigson,,,,
k_league_1_2026,2026-05-09,13,Daejeon Hana Citizen,Pohang Steelers,0,2,58,,substitution,,True,,,H. U. Kim,J. Jeong,,,,
k_league_1_2026,2026-05-09,13,Daejeon Hana Citizen,Pohang Steelers,0,2,55,,substitution,,False,,,K. Nishiya,D. Kim,,,,
k_league_1_2026,2026-05-09,13,Daejeon Hana Citizen,Pohang Steelers,0,2,46,,substitution,,False,,,J. Rocha,H. Seo-woong,,,,
k_league_1_2026,2026-05-09,13,Daejeon Hana Citizen,Pohang Steelers,0,2,46,,substitution,,True,,,J. S. Seo,J. B. Kim,,,,
k_league_1_2026,2026-05-09,13,Daejeon Hana Citizen,Pohang Steelers,0,2,45,,period,,,,,,,HT,,0,0
k_league_1_2026,2026-05-09,13,Daejeon Hana Citizen,Pohang Steelers,0,2,36,,card,L. Ho-jae,False,yellow,,,,,,,
k_league_1_2026,2026-05-09,13,Daejeon Hana Citizen,Pohang Steelers,0,2,19,,card,M. Kim,True,yellow,,,,,,,
k_league_1_2026,2026-05-09,13,Gwangju FC,Gangwon FC,0,0,90,,period,,,,,,,FT,,0,0
k_league_1_2026,2026-05-09,13,Gwangju FC,Gangwon FC,0,0,90,4,card,M. Moon,True,yellow,,,,,,,
k_league_1_2026,2026-05-09,13,Gwangju FC,Gangwon FC,0,0,90,2,card,S. Min,True,yellow,,,,,,,
k_league_1_2026,2026-05-09,13,Gwangju FC,Gangwon FC,0,0,82,,substitution,,False,,,K. Yun-Gu,K. Dong-hyeon,,,,
k_league_1_2026,2026-05-09,13,Gwangju FC,Gangwon FC,0,0,82,,substitution,,False,,,H. Y. Park,P. Sang-Hyeok,,,,
k_league_1_2026,2026-05-09,13,Gwangju FC,Gangwon FC,0,0,81,,substitution,,True,,,M. Lee,Y. Kim,,,,
k_league_1_2026,2026-05-09,13,Gwangju FC,Gangwon FC,0,0,81,,substitution,,True,,,G. Bae-Hyeon,J. I. Park,,,,
k_league_1_2026,2026-05-09,13,Gwangju FC,Gangwon FC,0,0,71,,substitution,,False,,,A. Halaihal,Y. Goh,,,,
k_league_1_2026,2026-05-09,13,Gwangju FC,Gangwon FC,0,0,64,,substitution,,True,,,J. I. Park,Y. Hong,,,,
k_league_1_2026,2026-05-09,13,Gwangju FC,Gangwon FC,0,0,56,,substitution,,True,,,S. Min,Y. Ahn,,,,
k_league_1_2026,2026-05-09,13,Gwangju FC,Gangwon FC,0,0,54,,substitution,,False,,,M. Seo,K. Gun-hee,,,,
k_league_1_2026,2026-05-09,13,Gwangju FC,Gangwon FC,0,0,54,,substitution,,False,,,P. Sang-Hyeok,M. Tuci,,,,
k_league_1_2026,2026-05-09,13,Gwangju FC,Gangwon FC,0,0,46,,substitution,,True,,,H. A. Friðjónsson,K. Yun-Ho,,,,
k_league_1_2026,2026-05-09,13,Gwangju FC,Gangwon FC,0,0,45,,period,,,,,,,HT,,0,0
k_league_1_2026,2026-05-09,13,Gwangju FC,Gangwon FC,0,0,33,,card,Y. Goh,False,yellow,,,,,,,
k_league_1_2026,2026-05-09,13,Gwangju FC,Gangwon FC,0,0,24,,card,S. Min-Ha,False,yellow,,,,,,,
k_league_1_2026,2026-05-09,13,Gwangju FC,Gangwon FC,0,0,6,,card,Y. Ahn,True,yellow,,,,,,,
k_league_1_2026,2026-05-09,13,Gimcheon Sangmu FC,Incheon United,0,3,90,,period,,,,,,,Second half,,0,3
k_league_1_2026,2026-05-09,13,Gimcheon Sangmu FC,Incheon United,0,3,90,,card,P. Seung-Ho,False,yellow,,,,,,,
k_league_1_2026,2026-05-09,13,Gimcheon Sangmu FC,Incheon United,0,3,85,,card,M. J. Lee,False,yellow,,,,,,,
k_league_1_2026,2026-05-09,13,Gimcheon Sangmu FC,Incheon United,0,3,81,,substitution,,False,,,K. Park,J. Fernández,,,,
k_league_1_2026,2026-05-09,13,Gimcheon Sangmu FC,Incheon United,0,3,81,,substitution,,False,,,S. Kim,C. Y. Lee,,,,
k_league_1_2026,2026-05-09,13,Gimcheon Sangmu FC,Incheon United,0,3,75,,substitution,,True,,,J. Jae-Min,L. Sangheon,,,,
k_league_1_2026,2026-05-09,13,Gimcheon Sangmu FC,Incheon United,0,3,72,,substitution,,False,,,J. Y. Lee,M. Ferrier,,,,
k_league_1_2026,2026-05-09,13,Gimcheon Sangmu FC,Incheon United,0,3,70,,card,S. K. Lee,False,yellowRed,,,,,,,
k_league_1_2026,2026-05-09,13,Gimcheon Sangmu FC,Incheon United,0,3,59,,substitution,,False,,,C. I. Jeong,G. Fernandes,,,,
k_league_1_2026,2026-05-09,13,Gimcheon Sangmu FC,Incheon United,0,3,59,,substitution,,True,,,S. H. Hong,Tae-hwan Kim,,,,
k_league_1_2026,2026-05-09,13,Gimcheon Sangmu FC,Incheon United,0,3,59,,substitution,,True,,,D. Lim,T. Park,,,,
k_league_1_2026,2026-05-09,13,Gimcheon Sangmu FC,Incheon United,0,3,59,,substitution,,False,,,P. Seung-Ho,D. Lee,,,,
k_league_1_2026,2026-05-09,13,Gimcheon Sangmu FC,Incheon United,0,3,59,,substitution,,True,,,I. Kim,J. Kim,,,,
k_league_1_2026,2026-05-09,13,Gimcheon Sangmu FC,Incheon United,0,3,52,,goal,M. Ferrier,False,,,,,,,0,3
k_league_1_2026,2026-05-09,13,Gimcheon Sangmu FC,Incheon United,0,3,45,,period,,,,,,,HT,,0,2
k_league_1_2026,2026-05-09,13,Gimcheon Sangmu FC,Incheon United,0,3,45,5,goal,D. Lee,False,,,,,,,0,2
k_league_1_2026,2026-05-09,13,Gimcheon Sangmu FC,Incheon United,0,3,45,2,card,S. K. Lee,False,yellow,,,,,,,
k_league_1_2026,2026-05-09,13,Gimcheon Sangmu FC,Incheon United,0,3,31,,card,J. Fernández,False,yellow,,,,,,,
k_league_1_2026,2026-05-09,13,Gimcheon Sangmu FC,Incheon United,0,3,27,,goal,J. Fernández,False,,,,,,,0,1
k_league_1_2026,2026-05-09,13,Gimcheon Sangmu FC,Incheon United,0,3,22,,substitution,,True,,,C. Lee,L. Jung-Taek,,,,
k_league_1_2026,2026-05-09,13,Gimcheon Sangmu FC,Incheon United,0,3,18,,card,L. Jung-Taek,True,yellow,,,,,,,
k_league_1_2026,2026-05-09,13,Jeju SK,FC Seoul,2,1,90,,period,,,,,,,Second half,,2,1
k_league_1_2026,2026-05-09,13,Jeju SK,FC Seoul,2,1,86,,substitution,,False,,,M. Seon-min,L. Ruiz,,,,
k_league_1_2026,2026-05-09,13,Jeju SK,FC Seoul,2,1,84,,card,Emerson Ramon,True,yellow,,,,,,,
k_league_1_2026,2026-05-09,13,Jeju SK,FC Seoul,2,1,73,,substitution,,True,,,K. Ki-Min,T. H. Nam,,,,
k_league_1_2026,2026-05-09,13,Jeju SK,FC Seoul,2,1,71,,substitution,,False,,,P. Klimala,S. Jeong,,,,
k_league_1_2026,2026-05-09,13,Jeju SK,FC Seoul,2,1,65,,card,T. H. Nam,True,yellow,,,,,,,
k_league_1_2026,2026-05-09,13,Jeju SK,FC Seoul,2,1,65,,card,C. Jun,False,yellow,,,,,,,
k_league_1_2026,2026-05-09,13,Jeju SK,FC Seoul,2,1,64,,substitution,,True,,,S. Sang-Eun,C. Kwon,,,,
k_league_1_2026,2026-05-09,13,Jeju SK,FC Seoul,2,1,57,,goal,L. Ruiz,False,,,,,,,2,1
k_league_1_2026,2026-05-09,13,Jeju SK,FC Seoul,2,1,56,,substitution,,False,,,L. Seung-mo,J. Son,,,,
k_league_1_2026,2026-05-09,13,Jeju SK,FC Seoul,2,1,53,,goal,K. Jun-Ha,True,,,,,,,2,0
k_league_1_2026,2026-05-09,13,Jeju SK,FC Seoul,2,1,46,,substitution,,True,,,C. W. Rim,I. Yu,,,,
k_league_1_2026,2026-05-09,13,Jeju SK,FC Seoul,2,1,46,,substitution,,False,,,Anderson Oliveira,C. Young-wook,,,,
k_league_1_2026,2026-05-09,13,Jeju SK,FC Seoul,2,1,45,,period,,,,,,,HT,,1,0
k_league_1_2026,2026-05-09,13,Jeju SK,FC Seoul,2,1,37,,substitution,,True,,,K. Jun-Ha,C. J. Park,,,,
k_league_1_2026,2026-05-09,13,Jeju SK,FC Seoul,2,1,18,,goal,C. J. Park,True,,,,,,,1,0
k_league_1_2026,2026-05-05,12,FC Seoul,FC Anyang,0,0,90,,period,,,,,,,Second half,,0,0
k_league_1_2026,2026-05-05,12,FC Seoul,FC Anyang,0,0,90,9,substitution,,True,,,D. Hwang,L. Seung-mo,,,,
k_league_1_2026,2026-05-05,12,FC Seoul,FC Anyang,0,0,85,,substitution,,False,,,J. Park,Airton,,,,
k_league_1_2026,2026-05-05,12,FC Seoul,FC Anyang,0,0,84,,card,J. Ros,True,yellow,,,,,,,
k_league_1_2026,2026-05-05,12,FC Seoul,FC Anyang,0,0,81,,card,K. Kang,False,red,,,,,,,
k_league_1_2026,2026-05-05,12,FC Seoul,FC Anyang,0,0,81,,card,S. Park,True,yellow,,,,,,,
k_league_1_2026,2026-05-05,12,FC Seoul,FC Anyang,0,0,65,,substitution,,False,,,G. Choe,K. Han,,,,
k_league_1_2026,2026-05-05,12,FC Seoul,FC Anyang,0,0,60,,substitution,,True,,,Anderson Oliveira,M. Song,,,,
k_league_1_2026,2026-05-05,12,FC Seoul,FC Anyang,0,0,60,,substitution,,True,,,M. Seon-min,P. Klimala,,,,
k_league_1_2026,2026-05-05,12,FC Seoul,FC Anyang,0,0,59,,substitution,,False,,,K. Kang,Y. Rafael,,,,
k_league_1_2026,2026-05-05,12,FC Seoul,FC Anyang,0,0,59,,substitution,,False,,,G. Choi,H. Chae,,,,
k_league_1_2026,2026-05-05,12,FC Seoul,FC Anyang,0,0,59,,substitution,,False,,,B. Herculano,U. Kim,,,,
k_league_1_2026,2026-05-05,12,FC Seoul,FC Anyang,0,0,54,,card,K. Han,False,yellow,,,,,,,
k_league_1_2026,2026-05-05,12,FC Seoul,FC Anyang,0,0,51,,card,U. Kim,False,yellow,,,,,,,
k_league_1_2026,2026-05-05,12,FC Seoul,FC Anyang,0,0,45,,period,,,,,,,HT,,0,0
k_league_1_2026,2026-05-05,12,FC Seoul,FC Anyang,0,0,39,,substitution,,True,,,S. Park,C. Young-wook,,,,
k_league_1_2026,2026-05-05,12,FC Seoul,FC Anyang,0,0,36,,card,Y. Al-Arab,True,red,,,,,,,
k_league_1_2026,2026-05-05,12,Gimcheon Sangmu FC,Ulsan HD,1,2,90,,period,,,,,,,Second half,,1,2
k_league_1_2026,2026-05-05,12,Gimcheon Sangmu FC,Ulsan HD,1,2,90,6,card,K. H. Lee,True,yellow,,,,,,,
k_league_1_2026,2026-05-05,12,Gimcheon Sangmu FC,Ulsan HD,1,2,85,,substitution,,True,,,Tae-hwan Kim,S. H. Hong,,,,
k_league_1_2026,2026-05-05,12,Gimcheon Sangmu FC,Ulsan HD,1,2,82,,substitution,,True,,,B. Jun-Soo,L. Jung-Taek,,,,
k_league_1_2026,2026-05-05,12,Gimcheon Sangmu FC,Ulsan HD,1,2,78,,substitution,,False,,,B. Michel,K. Sang-woo,,,,
k_league_1_2026,2026-05-05,12,Gimcheon Sangmu FC,Ulsan HD,1,2,78,,substitution,,False,,,K. Young-gwon,M. Trojak,,,,
k_league_1_2026,2026-05-05,12,Gimcheon Sangmu FC,Ulsan HD,1,2,78,,substitution,,False,,,H. Lee,D. G. Lee,,,,
k_league_1_2026,2026-05-05,12,Gimcheon Sangmu FC,Ulsan HD,1,2,75,,goal,K. H. Lee,True,,,,,,,1,2
k_league_1_2026,2026-05-05,12,Gimcheon Sangmu FC,Ulsan HD,1,2,62,,goal,Yago,False,,,,,,,0,2
k_league_1_2026,2026-05-05,12,Gimcheon Sangmu FC,Ulsan HD,1,2,60,,substitution,,False,,,Yago,Marcão,,,,
k_league_1_2026,2026-05-05,12,Gimcheon Sangmu FC,Ulsan HD,1,2,58,,substitution,,True,,,I. Kim,S. Park,,,,
k_league_1_2026,2026-05-05,12,Gimcheon Sangmu FC,Ulsan HD,1,2,58,,substitution,,True,,,T. Park,L. Kang-Hyeon,,,,
k_league_1_2026,2026-05-05,12,Gimcheon Sangmu FC,Ulsan HD,1,2,46,,substitution,,True,,,L. Sangheon,J. Kim,,,,
k_league_1_2026,2026-05-05,12,Gimcheon Sangmu FC,Ulsan HD,1,2,45,,period,,,,,,,HT,,0,1
k_league_1_2026,2026-05-05,12,Gimcheon Sangmu FC,Ulsan HD,1,2,40,,goal,Marcão,False,,,,,,,0,1
k_league_1_2026,2026-05-05,12,Gimcheon Sangmu FC,Ulsan HD,1,2,9,,substitution,,False,,,K. S. Lee,D. Bojanić,,,,
k_league_1_2026,2026-05-05,12,Gangwon FC,Pohang Steelers,1,1,90,,period,,,,,,,Second half,,1,1
k_league_1_2026,2026-05-05,12,Gangwon FC,Pohang Steelers,1,1,90,6,card,H. Y. Park,True,yellow,,,,,,,
k_league_1_2026,2026-05-05,12,Gangwon FC,Pohang Steelers,1,1,90,,substitution,,True,,,P. Sang-Hyeok,D. Kim,,,,
k_league_1_2026,2026-05-05,12,Gangwon FC,Pohang Steelers,1,1,85,,substitution,,False,,,A. Jae-joon,C. Sang-Hyeok,,,,
k_league_1_2026,2026-05-05,12,Gangwon FC,Pohang Steelers,1,1,81,,goal,C. Sang-Hyeok,False,,,,,,,1,1
k_league_1_2026,2026-05-05,12,Gangwon FC,Pohang Steelers,1,1,74,,substitution,,True,,,H. Y. Park,M. Tuci,,,,
k_league_1_2026,2026-05-05,12,Gangwon FC,Pohang Steelers,1,1,73,,substitution,,False,,,S. Y. Ki,K. Nishiya,,,,
k_league_1_2026,2026-05-05,12,Gangwon FC,Pohang Steelers,1,1,69,,goal,A. Halaihal,True,,,,,,,1,0
k_league_1_2026,2026-05-05,12,Gangwon FC,Pohang Steelers,1,1,59,,card,K. Do-Hyun,True,yellow,,,,,,,
k_league_1_2026,2026-05-05,12,Gangwon FC,Pohang Steelers,1,1,57,,substitution,,False,,,D. Kim,S. Kim,,,,
k_league_1_2026,2026-05-05,12,Gangwon FC,Pohang Steelers,1,1,55,,substitution,,True,,,K. Gun-hee,B. Choi,,,,
k_league_1_2026,2026-05-05,12,Gangwon FC,Pohang Steelers,1,1,55,,substitution,,True,,,A. Halaihal,Y. Goh,,,,
k_league_1_2026,2026-05-05,12,Gangwon FC,Pohang Steelers,1,1,46,,substitution,,False,,,P. Chan-Yong,H. Hyeon-Seo,,,,
k_league_1_2026,2026-05-05,12,Gangwon FC,Pohang Steelers,1,1,46,,substitution,,False,,,L. Ho-jae,J. Tranziska,,,,
k_league_1_2026,2026-05-05,12,Gangwon FC,Pohang Steelers,1,1,46,,substitution,,True,,,K. Dong-hyeon,Y. Lee,,,,
k_league_1_2026,2026-05-05,12,Gangwon FC,Pohang Steelers,1,1,45,,period,,,,,,,HT,,0,0
k_league_1_2026,2026-05-05,12,Gangwon FC,Pohang Steelers,1,1,45,3,card,H. Hyeon-Seo,False,yellow,,,,,,,
k_league_1_2026,2026-05-05,12,Gangwon FC,Pohang Steelers,1,1,45,2,card,Y. Lee,True,yellow,,,,,,,
k_league_1_2026,2026-05-05,12,Daejeon Hana Citizen,Incheon United,0,0,90,,period,,,,,,,Second half,,0,0
k_league_1_2026,2026-05-05,12,Daejeon Hana Citizen,Incheon United,0,0,90,1,card,D. Lee,False,yellow,,,,,,,
k_league_1_2026,2026-05-05,12,Daejeon Hana Citizen,Incheon United,0,0,85,,substitution,,True,,,M. J. Lee,K. Park,,,,
k_league_1_2026,2026-05-05,12,Daejeon Hana Citizen,Incheon United,0,0,80,,substitution,,False,,,D. H. Kim,L. T. Hui,,,,
k_league_1_2026,2026-05-05,12,Daejeon Hana Citizen,Incheon United,0,0,71,,substitution,,True,,,M. K. Ju,J. B. Kim,,,,
k_league_1_2026,2026-05-05,12,Daejeon Hana Citizen,Incheon United,0,0,65,,substitution,,False,,,C. Seung-Gu,S. K. Lee,,,,
k_league_1_2026,2026-05-05,12,Daejeon Hana Citizen,Incheon United,0,0,58,,substitution,,False,,,M. Ferrier,S. Mugoša,,,,
k_league_1_2026,2026-05-05,12,Daejeon Hana Citizen,Incheon United,0,0,58,,substitution,,False,,,D. Lee,P. Seung-Ho,,,,
k_league_1_2026,2026-05-05,12,Daejeon Hana Citizen,Incheon United,0,0,58,,substitution,,True,,,M. Kim,H. Lee,,,,
k_league_1_2026,2026-05-05,12,Daejeon Hana Citizen,Incheon United,0,0,58,,substitution,,True,,,J. S. Seo,J. Victor,,,,
k_league_1_2026,2026-05-05,12,Daejeon Hana Citizen,Incheon United,0,0,46,,substitution,,False,,,C. Y. Lee,C. I. Jeong,,,,
k_league_1_2026,2026-05-05,12,Daejeon Hana Citizen,Incheon United,0,0,46,,substitution,,True,,,G. Ludwigson,J. Jeong,,,,
k_league_1_2026,2026-05-05,12,Daejeon Hana Citizen,Incheon United,0,0,45,,period,,,,,,,HT,,0,0
k_league_1_2026,2026-05-05,12,Jeonbuk Hyundai Motors,Gwangju FC,4,0,90,,period,,,,,,,Second half,,4,0
k_league_1_2026,2026-05-05,12,Jeonbuk Hyundai Motors,Gwangju FC,4,0,90,8,goal,S. Lee,True,,,,,,,4,0
k_league_1_2026,2026-05-05,12,Jeonbuk Hyundai Motors,Gwangju FC,4,0,90,5,card,S. Y. Gwon,False,yellow,,,,,,,
k_league_1_2026,2026-05-05,12,Jeonbuk Hyundai Motors,Gwangju FC,4,0,87,,goal,T. Orobó,True,,,,,,,3,0
k_league_1_2026,2026-05-05,12,Jeonbuk Hyundai Motors,Gwangju FC,4,0,84,,card,S. Lee,True,yellow,,,,,,,
k_league_1_2026,2026-05-05,12,Jeonbuk Hyundai Motors,Gwangju FC,4,0,82,,card,H. A. Friðjónsson,False,yellow,,,,,,,
k_league_1_2026,2026-05-05,12,Jeonbuk Hyundai Motors,Gwangju FC,4,0,81,,substitution,,True,,,S. Lee,T. Kim,,,,
k_league_1_2026,2026-05-05,12,Jeonbuk Hyundai Motors,Gwangju FC,4,0,77,,substitution,,True,,,S. U. Maeng,K. Sang-Yun,,,,
k_league_1_2026,2026-05-05,12,Jeonbuk Hyundai Motors,Gwangju FC,4,0,73,,substitution,,False,,,K. Hui-Su,M. Moon,,,,
k_league_1_2026,2026-05-05,12,Jeonbuk Hyundai Motors,Gwangju FC,4,0,68,,substitution,,True,,,Y. J. Lee,J. Kim,,,,
k_league_1_2026,2026-05-05,12,Jeonbuk Hyundai Motors,Gwangju FC,4,0,64,,substitution,,False,,,P. Sung-Hyun,J. Jeong,,,,
k_league_1_2026,2026-05-05,12,Jeonbuk Hyundai Motors,Gwangju FC,4,0,50,,goal,S. S. Kim,True,,,,,,,2,0
k_league_1_2026,2026-05-05,12,Jeonbuk Hyundai Motors,Gwangju FC,4,0,46,,substitution,,True,,,S. Lee,D. J. Lee,,,,
k_league_1_2026,2026-05-05,12,Jeonbuk Hyundai Motors,Gwangju FC,4,0,46,,substitution,,False,,,Seung-un Ha,M. Lee,,,,
k_league_1_2026,2026-05-05,12,Jeonbuk Hyundai Motors,Gwangju FC,4,0,46,,substitution,,False,,,S. Y. Gwon,J. I. Park,,,,
k_league_1_2026,2026-05-05,12,Jeonbuk Hyundai Motors,Gwangju FC,4,0,46,,substitution,,False,,,S. J. Ju,Y. Kim,,,,
k_league_1_2026,2026-05-05,12,Jeonbuk Hyundai Motors,Gwangju FC,4,0,46,,substitution,,True,,,T. Orobó,B. Mota,,,,
k_league_1_2026,2026-05-05,12,Jeonbuk Hyundai Motors,Gwangju FC,4,0,45,,period,,,,,,,HT,,1,0
k_league_1_2026,2026-05-05,12,Jeonbuk Hyundai Motors,Gwangju FC,4,0,45,2,card,J. Kim,False,yellow,,,,,,,
k_league_1_2026,2026-05-05,12,Jeonbuk Hyundai Motors,Gwangju FC,4,0,43,,goal,O. Alionço,True,,,,,,,1,0
k_league_1_2026,2026-05-05,12,Jeonbuk Hyundai Motors,Gwangju FC,4,0,5,,card,J. I. Park,False,yellow,,,,,,,
k_league_1_2026,2026-05-05,12,Bucheon FC 1995,Jeju SK,0,1,90,,period,,,,,,,Second half,,0,1
k_league_1_2026,2026-05-05,12,Bucheon FC 1995,Jeju SK,0,1,90,4,card,Rodrigo,True,yellow,,,,,,,
k_league_1_2026,2026-05-05,12,Bucheon FC 1995,Jeju SK,0,1,90,2,card,C. J. Park,False,yellow,,,,,,,
k_league_1_2026,2026-05-05,12,Bucheon FC 1995,Jeju SK,0,1,82,,substitution,,False,,,K. Jun-Ha,Emerson Ramon,,,,
k_league_1_2026,2026-05-05,12,Bucheon FC 1995,Jeju SK,0,1,82,,substitution,,False,,,C. Woon,C. W. Rim,,,,
k_league_1_2026,2026-05-05,12,Bucheon FC 1995,Jeju SK,0,1,78,,substitution,,True,,,M. J. Kim,J. W. Shin,,,,
k_league_1_2026,2026-05-05,12,Bucheon FC 1995,Jeju SK,0,1,75,,goal,T. H. Nam,False,,,,,,,0,1
k_league_1_2026,2026-05-05,12,Bucheon FC 1995,Jeju SK,0,1,73,,substitution,,True,,,B. G. Yoon,J. Kim,,,,
k_league_1_2026,2026-05-05,12,Bucheon FC 1995,Jeju SK,0,1,67,,substitution,,False,,,K. Shin-jin,C. Kwon,,,,
k_league_1_2026,2026-05-05,12,Bucheon FC 1995,Jeju SK,0,1,59,,substitution,,True,,,Gabriel,D. Kim,,,,
k_league_1_2026,2026-05-05,12,Bucheon FC 1995,Jeju SK,0,1,54,,card,P. William,True,yellow,,,,,,,
k_league_1_2026,2026-05-05,12,Bucheon FC 1995,Jeju SK,0,1,46,,substitution,,False,,,K. Ki-Min,J. Kim,,,,
k_league_1_2026,2026-05-05,12,Bucheon FC 1995,Jeju SK,0,1,46,,substitution,,True,,,K. Takahashi,S. Kim,,,,
k_league_1_2026,2026-05-05,12,Bucheon FC 1995,Jeju SK,0,1,46,,substitution,,True,,,Rodrigo,J. H. Han,,,,
k_league_1_2026,2026-05-05,12,Bucheon FC 1995,Jeju SK,0,1,45,,period,,,,,,,HT,,0,0
k_league_1_2026,2026-05-05,12,Bucheon FC 1995,Jeju SK,0,1,40,,substitution,,False,,,J. Celestine,T. Figueiredo,,,,
k_league_1_2026,2026-05-05,12,Bucheon FC 1995,Jeju SK,0,1,24,,card,J. Kim,False,yellow,,,,,,,
k_league_1_2026,2026-05-02,11,Gwangju FC,Daejeon Hana Citizen,0,5,90,,period,,,,,,,Second half,,0,5
k_league_1_2026,2026-05-02,11,Gwangju FC,Daejeon Hana Citizen,0,5,85,,substitution,,False,,,K. H. Yu,G. Ludwigson,,,,
k_league_1_2026,2026-05-02,11,Gwangju FC,Daejeon Hana Citizen,0,5,75,,card,J. Kim,True,yellow,,,,,,,
k_league_1_2026,2026-05-02,11,Gwangju FC,Daejeon Hana Citizen,0,5,73,,card,G. Ludwigson,False,yellow,,,,,,,
k_league_1_2026,2026-05-02,11,Gwangju FC,Daejeon Hana Citizen,0,5,68,,substitution,,False,,,Y. Kang,H. Lee,,,,
k_league_1_2026,2026-05-02,11,Gwangju FC,Daejeon Hana Citizen,0,5,66,,card,Y. Hong,True,yellow,,,,,,,
k_league_1_2026,2026-05-02,11,Gwangju FC,Daejeon Hana Citizen,0,5,65,,substitution,,True,,,Y. Hong,Seung-un Ha,,,,
k_league_1_2026,2026-05-02,11,Gwangju FC,Daejeon Hana Citizen,0,5,61,,goal,M. K. Ju,False,,,,,,,0,5
k_league_1_2026,2026-05-02,11,Gwangju FC,Daejeon Hana Citizen,0,5,60,,substitution,,True,,,Y. Kim,S. Min,,,,
k_league_1_2026,2026-05-02,11,Gwangju FC,Daejeon Hana Citizen,0,5,59,,substitution,,True,,,Y. Ahn,S. J. Ju,,,,
k_league_1_2026,2026-05-02,11,Gwangju FC,Daejeon Hana Citizen,0,5,58,,substitution,,False,,,J. S. Seo,J. B. Kim,,,,
k_league_1_2026,2026-05-02,11,Gwangju FC,Daejeon Hana Citizen,0,5,58,,substitution,,False,,,H. U. Kim,J. Jeong,,,,
k_league_1_2026,2026-05-02,11,Gwangju FC,Daejeon Hana Citizen,0,5,58,,substitution,,False,,,M. K. Ju,Diogo Oliveira,,,,
k_league_1_2026,2026-05-02,11,Gwangju FC,Daejeon Hana Citizen,0,5,54,,goal,J. Jeong,False,,,,,,,0,4
k_league_1_2026,2026-05-02,11,Gwangju FC,Daejeon Hana Citizen,0,5,52,,goal,J. B. Kim,False,,,,,,,0,3
k_league_1_2026,2026-05-02,11,Gwangju FC,Daejeon Hana Citizen,0,5,46,,substitution,,True,,,H. A. Friðjónsson,J. I. Park,,,,
k_league_1_2026,2026-05-02,11,Gwangju FC,Daejeon Hana Citizen,0,5,46,,substitution,,True,,,J. Kim,M. Lee,,,,
k_league_1_2026,2026-05-02,11,Gwangju FC,Daejeon Hana Citizen,0,5,45,,period,,,,,,,HT,,0,2
k_league_1_2026,2026-05-02,11,Gwangju FC,Daejeon Hana Citizen,0,5,45,5,card,S. J. Ju,True,yellow,,,,,,,
k_league_1_2026,2026-05-02,11,Gwangju FC,Daejeon Hana Citizen,0,5,37,,card,M. Lee,True,yellow,,,,,,,
k_league_1_2026,2026-05-02,11,Gwangju FC,Daejeon Hana Citizen,0,5,32,,goal,J. Jeong,False,,,,,,,0,2
k_league_1_2026,2026-05-02,11,Gwangju FC,Daejeon Hana Citizen,0,5,7,,goal,Diogo Oliveira,False,,,,,,,0,1
k_league_1_2026,2026-05-02,11,FC Anyang,Bucheon FC 1995,0,1,90,,period,,,,,,,FT,,0,1
k_league_1_2026,2026-05-02,11,FC Anyang,Bucheon FC 1995,0,1,90,13,varDecision,Y. C. Kim,True,,,,,,,,
k_league_1_2026,2026-05-02,11,FC Anyang,Bucheon FC 1995,0,1,90,4,substitution,,False,,,M. J. Kim,D. Kim,,,,
k_league_1_2026,2026-05-02,11,FC Anyang,Bucheon FC 1995,0,1,90,4,substitution,,False,,,J. H. Han,Rodrigo,,,,
k_league_1_2026,2026-05-02,11,FC Anyang,Bucheon FC 1995,0,1,90,2,card,M. Oliveira,True,red,Violent conduct,,,,,,
k_league_1_2026,2026-05-02,11,FC Anyang,Bucheon FC 1995,0,1,90,1,card,D. Kim,False,yellow,Foul,,,,,,
k_league_1_2026,2026-05-02,11,FC Anyang,Bucheon FC 1995,0,1,90,,injuryTime,,,,,,,,6,,
k_league_1_2026,2026-05-02,11,FC Anyang,Bucheon FC 1995,0,1,82,,substitution,,True,,,K. Kang,G. Choi,,,,
k_league_1_2026,2026-05-02,11,FC Anyang,Bucheon FC 1995,0,1,77,,substitution,,True,,,Y. Rafael,J. H. Kim,,,,
k_league_1_2026,2026-05-02,11,FC Anyang,Bucheon FC 1995,0,1,72,,substitution,,False,,,J. W. Shin,T. Santos,,,,
k_league_1_2026,2026-05-02,11,FC Anyang,Bucheon FC 1995,0,1,72,,substitution,,False,,,L. Eui-Hyeong,Gabriel,,,,
k_league_1_2026,2026-05-02,11,FC Anyang,Bucheon FC 1995,0,1,71,,goal,Gabriel,False,,,,,,,0,1
k_league_1_2026,2026-05-02,11,FC Anyang,Bucheon FC 1995,0,1,61,,substitution,,True,,,U. Kim,B. Herculano,,,,
k_league_1_2026,2026-05-02,11,FC Anyang,Bucheon FC 1995,0,1,61,,substitution,,True,,,Airton,J. Park,,,,
k_league_1_2026,2026-05-02,11,FC Anyang,Bucheon FC 1995,0,1,59,,substitution,,False,,,S. Kim,J. Kim,,,,
k_league_1_2026,2026-05-02,11,FC Anyang,Bucheon FC 1995,0,1,58,,card,J. H. Kim,True,yellow,Foul,,,,,,
k_league_1_2026,2026-05-02,11,FC Anyang,Bucheon FC 1995,0,1,46,,substitution,,True,,,K. Han,T. O. Kotte,,,,
k_league_1_2026,2026-05-02,11,FC Anyang,Bucheon FC 1995,0,1,45,,period,,,,,,,HT,,0,0
k_league_1_2026,2026-05-02,11,FC Anyang,Bucheon FC 1995,0,1,45,,injuryTime,,,,,,,,2,,
k_league_1_2026,2026-05-02,11,FC Anyang,Bucheon FC 1995,0,1,3,,card,P. William,False,yellow,Foul,,,,,,
k_league_1_2026,2026-05-02,11,FC Anyang,Bucheon FC 1995,0,1,0,,card,R. Byeong-Hoon,True,yellow,Argument,,,,,,
k_league_1_2026,2026-05-02,11,Jeju SK,Jeonbuk Hyundai Motors,0,2,90,,period,,,,,,,Second half,,0,2
k_league_1_2026,2026-05-02,11,Jeju SK,Jeonbuk Hyundai Motors,0,2,90,4,goal,T. Orobó,False,,,,,,,0,2
k_league_1_2026,2026-05-02,11,Jeju SK,Jeonbuk Hyundai Motors,0,2,90,2,substitution,,False,,,T. Orobó,B. Mota,,,,
k_league_1_2026,2026-05-02,11,Jeju SK,Jeonbuk Hyundai Motors,0,2,83,,substitution,,True,,,C. W. Rim,I. Yu,,,,
k_league_1_2026,2026-05-02,11,Jeju SK,Jeonbuk Hyundai Motors,0,2,83,,substitution,,True,,,T. Figueiredo,J. Celestine,,,,
k_league_1_2026,2026-05-02,11,Jeju SK,Jeonbuk Hyundai Motors,0,2,78,,substitution,,True,,,C. Byung-Wook,C. Kwon,,,,
k_league_1_2026,2026-05-02,11,Jeju SK,Jeonbuk Hyundai Motors,0,2,78,,substitution,,True,,,K. Jun-Ha,J. Oh,,,,
k_league_1_2026,2026-05-02,11,Jeju SK,Jeonbuk Hyundai Motors,0,2,69,,substitution,,False,,,K. Ha-Jun,S. Lee,,,,
k_league_1_2026,2026-05-02,11,Jeju SK,Jeonbuk Hyundai Motors,0,2,69,,substitution,,False,,,J. Gamboa,C. Woo-Jin,,,,
k_league_1_2026,2026-05-02,11,Jeju SK,Jeonbuk Hyundai Motors,0,2,61,,substitution,,True,,,G. Paulauskas,C. J. Park,,,,
k_league_1_2026,2026-05-02,11,Jeju SK,Jeonbuk Hyundai Motors,0,2,59,,substitution,,False,,,S. S. Kim,D. J. Lee,,,,
k_league_1_2026,2026-05-02,11,Jeju SK,Jeonbuk Hyundai Motors,0,2,59,,substitution,,False,,,T. Kim,S. Lee,,,,
k_league_1_2026,2026-05-02,11,Jeju SK,Jeonbuk Hyundai Motors,0,2,56,,card,J. Celestine,True,yellow,,,,,,,
k_league_1_2026,2026-05-02,11,Jeju SK,Jeonbuk Hyundai Motors,0,2,51,,card,S. Lee,False,yellow,,,,,,,
k_league_1_2026,2026-05-02,11,Jeju SK,Jeonbuk Hyundai Motors,0,2,45,,period,,,,,,,HT,,0,1
k_league_1_2026,2026-05-02,11,Jeju SK,Jeonbuk Hyundai Motors,0,2,37,,goal,J. Kim,False,,,,,,,0,1
k_league_1_2026,2026-05-02,11,Incheon United,Gangwon FC,0,1,90,,period,,,,,,,FT,,0,1
k_league_1_2026,2026-05-02,11,Incheon United,Gangwon FC,0,1,90,9,card,G. Fernandes,True,yellow,,,,,,,
k_league_1_2026,2026-05-02,11,Incheon United,Gangwon FC,0,1,90,9,card,H. Y. Park,False,yellow,,,,,,,
k_league_1_2026,2026-05-02,11,Incheon United,Gangwon FC,0,1,90,8,substitution,,False,,,P. Sang-Hyeok,D. Kim,,,,
k_league_1_2026,2026-05-02,11,Incheon United,Gangwon FC,0,1,90,8,substitution,,False,,,H. Y. Park,K. Joon-hyuk,,,,
k_league_1_2026,2026-05-02,11,Incheon United,Gangwon FC,0,1,90,5,substitution,,True,,,P. Ho-min,K. Myung-Sun,,,,
k_league_1_2026,2026-05-02,11,Incheon United,Gangwon FC,0,1,90,5,substitution,,True,,,C. Seung-Gu,K. Park,,,,
k_league_1_2026,2026-05-02,11,Incheon United,Gangwon FC,0,1,90,5,substitution,,False,,,K. Yun-Gu,J. H. Mo,,,,
k_league_1_2026,2026-05-02,11,Incheon United,Gangwon FC,0,1,90,1,card,K. Joon-hyuk,False,yellow,,,,,,,
k_league_1_2026,2026-05-02,11,Incheon United,Gangwon FC,0,1,85,,substitution,,True,,,S. K. Lee,J. Y. Lee,,,,
k_league_1_2026,2026-05-02,11,Incheon United,Gangwon FC,0,1,83,,card,M. J. Lee,True,yellow,,,,,,,
k_league_1_2026,2026-05-02,11,Incheon United,Gangwon FC,0,1,81,,substitution,,False,,,K. Dong-hyeon,Y. Lee,,,,
k_league_1_2026,2026-05-02,11,Incheon United,Gangwon FC,0,1,67,,substitution,,True,,,C. I. Jeong,S. Mugoša,,,,
k_league_1_2026,2026-05-02,11,Incheon United,Gangwon FC,0,1,66,,substitution,,False,,,A. Halaihal,B. Choi,,,,
k_league_1_2026,2026-05-02,11,Incheon United,Gangwon FC,0,1,66,,substitution,,False,,,K. Gun-hee,Y. Goh,,,,
k_league_1_2026,2026-05-02,11,Incheon United,Gangwon FC,0,1,46,,substitution,,True,,,G. Fernandes,D. Lee,,,,
k_league_1_2026,2026-05-02,11,Incheon United,Gangwon FC,0,1,45,,period,,,,,,,HT,,0,1
k_league_1_2026,2026-05-02,11,Incheon United,Gangwon FC,0,1,44,,goal,D. Kim,False,,,,,,,0,1
k_league_1_2026,2026-05-02,11,Incheon United,Gangwon FC,0,1,9,,card,D. Kim,False,yellow,,,,,,,
k_league_1_2026,2026-05-02,11,Ulsan HD,Pohang Steelers,0,1,90,,period,,,,,,,FT,,0,1
k_league_1_2026,2026-05-02,11,Ulsan HD,Pohang Steelers,0,1,90,5,goal,C. Sang-Hyeok,False,,,,,,,0,1
k_league_1_2026,2026-05-02,11,Ulsan HD,Pohang Steelers,0,1,90,5,card,C. Sang-Hyeok,False,yellow,,,,,,,
k_league_1_2026,2026-05-02,11,Ulsan HD,Pohang Steelers,0,1,84,,substitution,,False,,,C. Sang-Hyeok,H. Seo-woong,,,,
k_league_1_2026,2026-05-02,11,Ulsan HD,Pohang Steelers,0,1,84,,substitution,,False,,,Wanderson,H. Kim,,,,
k_league_1_2026,2026-05-02,11,Ulsan HD,Pohang Steelers,0,1,81,,substitution,,True,,,L. Min-Hyeok,K. S. Lee,,,,
k_league_1_2026,2026-05-02,11,Ulsan HD,Pohang Steelers,0,1,73,,substitution,,True,,,K. Young-gwon,J. Lee,,,,
k_league_1_2026,2026-05-02,11,Ulsan HD,Pohang Steelers,0,1,71,,substitution,,True,,,D. Bojanić,D. G. Lee,,,,
k_league_1_2026,2026-05-02,11,Ulsan HD,Pohang Steelers,0,1,71,,substitution,,True,,,B. Michel,H. Lee,,,,
k_league_1_2026,2026-05-02,11,Ulsan HD,Pohang Steelers,0,1,65,,substitution,,False,,,K. Nishiya,S. Y. Ki,,,,
k_league_1_2026,2026-05-02,11,Ulsan HD,Pohang Steelers,0,1,65,,substitution,,False,,,S. Kim,D. Kim,,,,
k_league_1_2026,2026-05-02,11,Ulsan HD,Pohang Steelers,0,1,55,,substitution,,False,,,J. Rocha,J. Tranziska,,,,
k_league_1_2026,2026-05-02,11,Ulsan HD,Pohang Steelers,0,1,46,,substitution,,True,,,J. Si-Young,I. Back,,,,
k_league_1_2026,2026-05-02,11,Ulsan HD,Pohang Steelers,0,1,45,,period,,,,,,,HT,,0,0
k_league_1_2026,2026-05-02,11,FC Seoul,Gimcheon Sangmu FC,2,3,90,,period,,,,,,,FT,,2,3
k_league_1_2026,2026-05-02,11,FC Seoul,Gimcheon Sangmu FC,2,3,90,8,card,K. Jin-su,True,yellow,Foul,,,,,,
k_league_1_2026,2026-05-02,11,FC Seoul,Gimcheon Sangmu FC,2,3,90,1,card,L. Jung-Taek,False,yellow,Foul,,,,,,
k_league_1_2026,2026-05-02,11,FC Seoul,Gimcheon Sangmu FC,2,3,90,,injuryTime,,,,,,,,8,,
k_league_1_2026,2026-05-02,11,FC Seoul,Gimcheon Sangmu FC,2,3,85,,substitution,,True,,,S. Park,Y. Al-Arab,,,,
k_league_1_2026,2026-05-02,11,FC Seoul,Gimcheon Sangmu FC,2,3,83,,substitution,,False,,,S. Park,L. Sangheon,,,,
k_league_1_2026,2026-05-02,11,FC Seoul,Gimcheon Sangmu FC,2,3,80,,goal,I. Kim,False,,,,,,,2,3
k_league_1_2026,2026-05-02,11,FC Seoul,Gimcheon Sangmu FC,2,3,76,,substitution,,True,,,C. Young-wook,Anderson Oliveira,,,,
k_league_1_2026,2026-05-02,11,FC Seoul,Gimcheon Sangmu FC,2,3,76,,substitution,,True,,,L. Seung-mo,D. Hwang,,,,
k_league_1_2026,2026-05-02,11,FC Seoul,Gimcheon Sangmu FC,2,3,71,,goal,T. Park,False,,,,,,,2,2
k_league_1_2026,2026-05-02,11,FC Seoul,Gimcheon Sangmu FC,2,3,69,,substitution,,False,,,S. H. Hong,J. Go,,,,
k_league_1_2026,2026-05-02,11,FC Seoul,Gimcheon Sangmu FC,2,3,69,,substitution,,False,,,I. Kim,J. Kim,,,,
k_league_1_2026,2026-05-02,11,FC Seoul,Gimcheon Sangmu FC,2,3,63,,card,B. Jun-Soo,False,yellow,Foul,,,,,,
k_league_1_2026,2026-05-02,11,FC Seoul,Gimcheon Sangmu FC,2,3,62,,substitution,,True,,,S. Jeong,M. Seon-min,,,,
k_league_1_2026,2026-05-02,11,FC Seoul,Gimcheon Sangmu FC,2,3,62,,substitution,,False,,,D. Lim,S. B. Lee,,,,
k_league_1_2026,2026-05-02,11,FC Seoul,Gimcheon Sangmu FC,2,3,60,,goal,H. Babec,True,,,,,,,2,1
k_league_1_2026,2026-05-02,11,FC Seoul,Gimcheon Sangmu FC,2,3,55,,varDecision,K. Jin-su,True,,,,,,,,
k_league_1_2026,2026-05-02,11,FC Seoul,Gimcheon Sangmu FC,2,3,46,,substitution,,False,,,K. H. Lee,M. Kang,,,,
k_league_1_2026,2026-05-02,11,FC Seoul,Gimcheon Sangmu FC,2,3,45,,period,,,,,,,HT,,1,1
k_league_1_2026,2026-05-02,11,FC Seoul,Gimcheon Sangmu FC,2,3,45,,injuryTime,,,,,,,,5,,
k_league_1_2026,2026-05-02,11,FC Seoul,Gimcheon Sangmu FC,2,3,41,,card,C. Jun,True,yellow,Foul,,,,,,
k_league_1_2026,2026-05-02,11,FC Seoul,Gimcheon Sangmu FC,2,3,37,,goal,Y. Al-Arab,True,,,,,,,1,1
k_league_1_2026,2026-05-02,11,FC Seoul,Gimcheon Sangmu FC,2,3,35,,card,M. Kang,False,yellow,Foul,,,,,,
k_league_1_2026,2026-05-02,11,FC Seoul,Gimcheon Sangmu FC,2,3,30,,goal,J. Go,False,,,,,,,0,1
k_league_1_2026,2026-05-02,11,FC Seoul,Gimcheon Sangmu FC,2,3,0,,card,S. Joo,False,yellow,Argument,,,,,,
k_league_1_2026,2026-04-26,10,Ulsan HD,Daejeon Hana Citizen,1,4,90,,period,,,,,,,FT,,1,4
k_league_1_2026,2026-04-26,10,Ulsan HD,Daejeon Hana Citizen,1,4,90,3,card,H. T. Cho,True,yellow,,,,,,,
k_league_1_2026,2026-04-26,10,Ulsan HD,Daejeon Hana Citizen,1,4,90,,substitution,,False,,,M. Kim,K. Park,,,,
k_league_1_2026,2026-04-26,10,Ulsan HD,Daejeon Hana Citizen,1,4,90,,injuryTime,,,,,,,,5,,
k_league_1_2026,2026-04-26,10,Ulsan HD,Daejeon Hana Citizen,1,4,89,,goal,D. G. Lee,True,,,,,,,1,4
k_league_1_2026,2026-04-26,10,Ulsan HD,Daejeon Hana Citizen,1,4,76,,substitution,,True,,,M. Trojak,S. Shim,,,,
k_league_1_2026,2026-04-26,10,Ulsan HD,Daejeon Hana Citizen,1,4,76,,substitution,,False,,,M. K. Ju,Diogo Oliveira,,,,
k_league_1_2026,2026-04-26,10,Ulsan HD,Daejeon Hana Citizen,1,4,75,,substitution,,False,,,H. U. Kim,J. Jeong,,,,
k_league_1_2026,2026-04-26,10,Ulsan HD,Daejeon Hana Citizen,1,4,75,,substitution,,False,,,J. S. Seo,G. Ludwigson,,,,
k_league_1_2026,2026-04-26,10,Ulsan HD,Daejeon Hana Citizen,1,4,64,,card,J. Seong-Kwon,False,yellow,,,,,,,
k_league_1_2026,2026-04-26,10,Ulsan HD,Daejeon Hana Citizen,1,4,59,,substitution,,True,,,J. Si-Young,Y. Heo,,,,
k_league_1_2026,2026-04-26,10,Ulsan HD,Daejeon Hana Citizen,1,4,52,,goal,M. Ishida,False,,,,,,,0,4
k_league_1_2026,2026-04-26,10,Ulsan HD,Daejeon Hana Citizen,1,4,49,,substitution,,True,,,Marcão,L. Jin-hyun,,,,
k_league_1_2026,2026-04-26,10,Ulsan HD,Daejeon Hana Citizen,1,4,46,,substitution,,False,,,H. Lee,S. Lee,,,,
k_league_1_2026,2026-04-26,10,Ulsan HD,Daejeon Hana Citizen,1,4,46,,substitution,,True,,,H. T. Cho,C. Seok-Hyun,,,,
k_league_1_2026,2026-04-26,10,Ulsan HD,Daejeon Hana Citizen,1,4,46,,substitution,,True,,,H. Lee,K. Sang-woo,,,,
k_league_1_2026,2026-04-26,10,Ulsan HD,Daejeon Hana Citizen,1,4,45,,period,,,,,,,HT,,0,3
k_league_1_2026,2026-04-26,10,Ulsan HD,Daejeon Hana Citizen,1,4,45,2,goal,Diogo Oliveira,False,,,,,,,0,3
k_league_1_2026,2026-04-26,10,Ulsan HD,Daejeon Hana Citizen,1,4,45,,injuryTime,,,,,,,,3,,
k_league_1_2026,2026-04-26,10,Ulsan HD,Daejeon Hana Citizen,1,4,42,,goal,J. Jeong,False,,,,,,,0,2
k_league_1_2026,2026-04-26,10,Ulsan HD,Daejeon Hana Citizen,1,4,36,,card,D. G. Lee,True,yellow,,,,,,,
k_league_1_2026,2026-04-26,10,Ulsan HD,Daejeon Hana Citizen,1,4,29,,card,K. Sang-woo,True,yellow,,,,,,,
k_league_1_2026,2026-04-26,10,Ulsan HD,Daejeon Hana Citizen,1,4,16,,goal,G. Ludwigson,False,,,,,,,0,1
k_league_1_2026,2026-04-26,10,Gwangju FC,FC Anyang,2,5,90,,period,,,,,,,FT,,2,5
k_league_1_2026,2026-04-26,10,Gwangju FC,FC Anyang,2,5,90,8,card,H. A. Friðjónsson,True,yellow,,,,,,,
k_league_1_2026,2026-04-26,10,Gwangju FC,FC Anyang,2,5,90,8,card,Y. Rafael,False,yellow,,,,,,,
k_league_1_2026,2026-04-26,10,Gwangju FC,FC Anyang,2,5,90,6,goal,Airton,False,,,,,,,2,5
k_league_1_2026,2026-04-26,10,Gwangju FC,FC Anyang,2,5,90,,injuryTime,,,,,,,,7,,
k_league_1_2026,2026-04-26,10,Gwangju FC,FC Anyang,2,5,88,,substitution,,True,,,K. Sung-Hun,S. J. Ju,,,,
k_league_1_2026,2026-04-26,10,Gwangju FC,FC Anyang,2,5,85,,goal,U. Kim,False,,,,,,,2,4
k_league_1_2026,2026-04-26,10,Gwangju FC,FC Anyang,2,5,84,,card,J. H. Kim,False,yellow,,,,,,,
k_league_1_2026,2026-04-26,10,Gwangju FC,FC Anyang,2,5,84,,substitution,,True,,,Y. Hong,H. An,,,,
k_league_1_2026,2026-04-26,10,Gwangju FC,FC Anyang,2,5,83,,substitution,,True,,,S. Min,G. Bae-Hyeon,,,,
k_league_1_2026,2026-04-26,10,Gwangju FC,FC Anyang,2,5,80,,card,Seung-un Ha,True,yellow,,,,,,,
k_league_1_2026,2026-04-26,10,Gwangju FC,FC Anyang,2,5,77,,substitution,,False,,,U. Kim,B. Herculano,,,,
k_league_1_2026,2026-04-26,10,Gwangju FC,FC Anyang,2,5,64,,substitution,,False,,,Y. Rafael,J. Park,,,,
k_league_1_2026,2026-04-26,10,Gwangju FC,FC Anyang,2,5,58,,goal,M. Moon,True,,,,,,,2,3
k_league_1_2026,2026-04-26,10,Gwangju FC,FC Anyang,2,5,57,,substitution,,False,,,T. H. Lee,H. Ju,,,,
k_league_1_2026,2026-04-26,10,Gwangju FC,FC Anyang,2,5,54,,goal,M. Moon,True,,,,,,,1,3
k_league_1_2026,2026-04-26,10,Gwangju FC,FC Anyang,2,5,50,,card,M. Lee,True,yellow,,,,,,,
k_league_1_2026,2026-04-26,10,Gwangju FC,FC Anyang,2,5,49,,card,T. O. Kotte,False,yellow,,,,,,,
k_league_1_2026,2026-04-26,10,Gwangju FC,FC Anyang,2,5,46,,substitution,,False,,,Airton,H. Chae,,,,
k_league_1_2026,2026-04-26,10,Gwangju FC,FC Anyang,2,5,46,,substitution,,False,,,Y. C. Kim,K. W. Kwon,,,,
k_league_1_2026,2026-04-26,10,Gwangju FC,FC Anyang,2,5,46,,substitution,,True,,,S. Y. Gwon,K. Hui-Su,,,,
k_league_1_2026,2026-04-26,10,Gwangju FC,FC Anyang,2,5,46,,substitution,,True,,,H. A. Friðjónsson,K. Yun-Ho,,,,
k_league_1_2026,2026-04-26,10,Gwangju FC,FC Anyang,2,5,45,,period,,,,,,,HT,,0,3
k_league_1_2026,2026-04-26,10,Gwangju FC,FC Anyang,2,5,45,3,goal,T. O. Kotte,False,,,,,,,0,3
k_league_1_2026,2026-04-26,10,Gwangju FC,FC Anyang,2,5,45,,injuryTime,,,,,,,,3,,
k_league_1_2026,2026-04-26,10,Gwangju FC,FC Anyang,2,5,41,,goal,J. H. Kim,False,,,,,,,0,2
k_league_1_2026,2026-04-26,10,Gwangju FC,FC Anyang,2,5,30,,card,G. Bae-Hyeon,True,yellow,,,,,,,
k_league_1_2026,2026-04-26,10,Gwangju FC,FC Anyang,2,5,27,,card,M. Moon,True,yellow,,,,,,,
k_league_1_2026,2026-04-26,10,Gwangju FC,FC Anyang,2,5,20,,goal,B. Herculano,False,,,,,,,0,1
k_league_1_2026,2026-04-26,10,Jeonbuk Hyundai Motors,Pohang Steelers,3,2,90,,period,,,,,,,FT,,3,2
k_league_1_2026,2026-04-26,10,Jeonbuk Hyundai Motors,Pohang Steelers,3,2,90,5,goal,K. Sang-Yun,True,,,,,,,3,2
k_league_1_2026,2026-04-26,10,Jeonbuk Hyundai Motors,Pohang Steelers,3,2,90,,injuryTime,,,,,,,,5,,
k_league_1_2026,2026-04-26,10,Jeonbuk Hyundai Motors,Pohang Steelers,3,2,87,,substitution,,False,,,K. Shin,J. Eo,,,,
k_league_1_2026,2026-04-26,10,Jeonbuk Hyundai Motors,Pohang Steelers,3,2,87,,substitution,,True,,,J. Gamboa,O. Alionço,,,,
k_league_1_2026,2026-04-26,10,Jeonbuk Hyundai Motors,Pohang Steelers,3,2,87,,card,S. Lee,True,yellow,,,,,,,
k_league_1_2026,2026-04-26,10,Jeonbuk Hyundai Motors,Pohang Steelers,3,2,77,,substitution,,True,,,C. Woo-Jin,K. Ha-Jun,,,,
k_league_1_2026,2026-04-26,10,Jeonbuk Hyundai Motors,Pohang Steelers,3,2,76,,substitution,,True,,,S. S. Kim,D. J. Lee,,,,
k_league_1_2026,2026-04-26,10,Jeonbuk Hyundai Motors,Pohang Steelers,3,2,76,,substitution,,True,,,T. Orobó,B. Mota,,,,
k_league_1_2026,2026-04-26,10,Jeonbuk Hyundai Motors,Pohang Steelers,3,2,67,,substitution,,False,,,S. Kim,S. Y. Ki,,,,
k_league_1_2026,2026-04-26,10,Jeonbuk Hyundai Motors,Pohang Steelers,3,2,67,,substitution,,False,,,A. Jae-joon,H. Seo-woong,,,,
k_league_1_2026,2026-04-26,10,Jeonbuk Hyundai Motors,Pohang Steelers,3,2,66,,goal,L. Ho-jae,False,,,,,,,2,2
k_league_1_2026,2026-04-26,10,Jeonbuk Hyundai Motors,Pohang Steelers,3,2,64,,card,K. Ha-Jun,True,yellow,,,,,,,
k_league_1_2026,2026-04-26,10,Jeonbuk Hyundai Motors,Pohang Steelers,3,2,61,,card,B. Mota,True,yellow,,,,,,,
k_league_1_2026,2026-04-26,10,Jeonbuk Hyundai Motors,Pohang Steelers,3,2,59,,varDecision,D. J. Lee,True,,,,,,,,
k_league_1_2026,2026-04-26,10,Jeonbuk Hyundai Motors,Pohang Steelers,3,2,50,,card,M. Jeon,False,yellow,,,,,,,
k_league_1_2026,2026-04-26,10,Jeonbuk Hyundai Motors,Pohang Steelers,3,2,46,,substitution,,False,,,Wanderson,J. Tranziska,,,,
k_league_1_2026,2026-04-26,10,Jeonbuk Hyundai Motors,Pohang Steelers,3,2,46,,substitution,,False,,,C. Lee,D. Kim,,,,
k_league_1_2026,2026-04-26,10,Jeonbuk Hyundai Motors,Pohang Steelers,3,2,46,,substitution,,True,,,S. Lee,T. H. Kim,,,,
k_league_1_2026,2026-04-26,10,Jeonbuk Hyundai Motors,Pohang Steelers,3,2,45,,period,,,,,,,HT,,2,1
k_league_1_2026,2026-04-26,10,Jeonbuk Hyundai Motors,Pohang Steelers,3,2,45,,injuryTime,,,,,,,,5,,
k_league_1_2026,2026-04-26,10,Jeonbuk Hyundai Motors,Pohang Steelers,3,2,44,,goal,K. Ha-Jun,True,,,,,,,2,1
k_league_1_2026,2026-04-26,10,Jeonbuk Hyundai Motors,Pohang Steelers,3,2,40,,goal,L. Ho-jae,False,,,,,,,1,1
k_league_1_2026,2026-04-26,10,Jeonbuk Hyundai Motors,Pohang Steelers,3,2,36,,card,Y. Kim,True,yellow,,,,,,,
k_league_1_2026,2026-04-26,10,Jeonbuk Hyundai Motors,Pohang Steelers,3,2,26,,goal,Y. Kim,True,,,,,,,1,0
k_league_1_2026,2026-04-25,10,Incheon United,Jeju SK,1,0,90,,period,,,,,,,Second half,,1,0
k_league_1_2026,2026-04-25,10,Incheon United,Jeju SK,1,0,90,,card,S. Kim,True,yellow,,,,,,,
k_league_1_2026,2026-04-25,10,Incheon United,Jeju SK,1,0,90,,card,C. Seung-Gu,True,yellow,,,,,,,
k_league_1_2026,2026-04-25,10,Incheon United,Jeju SK,1,0,87,,substitution,,True,,,K. Gun-Hee,K. Park,,,,
k_league_1_2026,2026-04-25,10,Incheon United,Jeju SK,1,0,87,,substitution,,True,,,C. Seung-Gu,K. Myung-Sun,,,,
k_league_1_2026,2026-04-25,10,Incheon United,Jeju SK,1,0,81,,card,G.U. Kim,False,yellow,,,,,,,
k_league_1_2026,2026-04-25,10,Incheon United,Jeju SK,1,0,78,,substitution,,False,,,G. Paulauskas,C. Kwon,,,,
k_league_1_2026,2026-04-25,10,Incheon United,Jeju SK,1,0,76,,substitution,,True,,,S. Kim,D. Lee,,,,
k_league_1_2026,2026-04-25,10,Incheon United,Jeju SK,1,0,70,,goal,M. Ferrier,True,,,,,,,1,0
k_league_1_2026,2026-04-25,10,Incheon United,Jeju SK,1,0,66,,substitution,,False,,,G.U. Kim,K. Ki-Min,,,,
k_league_1_2026,2026-04-25,10,Incheon United,Jeju SK,1,0,61,,substitution,,True,,,M. Ferrier,G. Fernandes,,,,
k_league_1_2026,2026-04-25,10,Incheon United,Jeju SK,1,0,59,,substitution,,False,,,T. H. Nam,C. J. Park,,,,
k_league_1_2026,2026-04-25,10,Incheon United,Jeju SK,1,0,46,,substitution,,True,,,I. Undabarrena,M. J. Lee,,,,
k_league_1_2026,2026-04-25,10,Incheon United,Jeju SK,1,0,45,,period,,,,,,,HT,,0,0
k_league_1_2026,2026-04-25,10,Incheon United,Jeju SK,1,0,45,,card,K. Myung-Sun,True,yellow,,,,,,,
k_league_1_2026,2026-04-25,10,Incheon United,Jeju SK,1,0,16,,card,I. Yu,False,yellow,,,,,,,
k_league_1_2026,2026-04-25,10,Bucheon FC 1995,Gimcheon Sangmu FC,0,2,90,,period,,,,,,,FT,,0,2
k_league_1_2026,2026-04-25,10,Bucheon FC 1995,Gimcheon Sangmu FC,0,2,90,,varDecision,J. B. Baek,False,,,,,,,,
k_league_1_2026,2026-04-25,10,Bucheon FC 1995,Gimcheon Sangmu FC,0,2,90,,injuryTime,,,,,,,,5,,
k_league_1_2026,2026-04-25,10,Bucheon FC 1995,Gimcheon Sangmu FC,0,2,87,,substitution,,False,,,J. Jae-Min,K. H. Lee,,,,
k_league_1_2026,2026-04-25,10,Bucheon FC 1995,Gimcheon Sangmu FC,0,2,87,,substitution,,False,,,Y. Jae-Seok,J. Go,,,,
k_league_1_2026,2026-04-25,10,Bucheon FC 1995,Gimcheon Sangmu FC,0,2,86,,substitution,,True,,,U. Dam,H. Jeong,,,,
k_league_1_2026,2026-04-25,10,Bucheon FC 1995,Gimcheon Sangmu FC,0,2,86,,substitution,,True,,,S. Seong,B. G. Yoon,,,,
k_league_1_2026,2026-04-25,10,Bucheon FC 1995,Gimcheon Sangmu FC,0,2,83,,goal,B. Jun-Soo,False,,,,,,,0,2
k_league_1_2026,2026-04-25,10,Bucheon FC 1995,Gimcheon Sangmu FC,0,2,82,,card,Galego,True,yellowRed,,,,,,,
k_league_1_2026,2026-04-25,10,Bucheon FC 1995,Gimcheon Sangmu FC,0,2,82,,varDecision,Galego,True,,,,,,,,
k_league_1_2026,2026-04-25,10,Bucheon FC 1995,Gimcheon Sangmu FC,0,2,79,,substitution,,True,,,L. Eui-Hyeong,Gabriel,,,,
k_league_1_2026,2026-04-25,10,Bucheon FC 1995,Gimcheon Sangmu FC,0,2,76,,card,H. Kim,False,yellow,,,,,,,
k_league_1_2026,2026-04-25,10,Bucheon FC 1995,Gimcheon Sangmu FC,0,2,73,,card,I. Kim,False,yellow,,,,,,,
k_league_1_2026,2026-04-25,10,Bucheon FC 1995,Gimcheon Sangmu FC,0,2,71,,substitution,,False,,,I. Kim,J. Kim,,,,
k_league_1_2026,2026-04-25,10,Bucheon FC 1995,Gimcheon Sangmu FC,0,2,71,,substitution,,False,,,H. Kim,L. Sangheon,,,,
k_league_1_2026,2026-04-25,10,Bucheon FC 1995,Gimcheon Sangmu FC,0,2,57,,card,D. Lim,False,yellow,,,,,,,
k_league_1_2026,2026-04-25,10,Bucheon FC 1995,Gimcheon Sangmu FC,0,2,57,,substitution,,False,,,D. Lim,S. B. Lee,,,,
k_league_1_2026,2026-04-25,10,Bucheon FC 1995,Gimcheon Sangmu FC,0,2,56,,substitution,,True,,,Rodrigo,M. J. Kim,,,,
k_league_1_2026,2026-04-25,10,Bucheon FC 1995,Gimcheon Sangmu FC,0,2,56,,substitution,,True,,,K. Takahashi,S. Kim,,,,
k_league_1_2026,2026-04-25,10,Bucheon FC 1995,Gimcheon Sangmu FC,0,2,52,,card,P. Cheol-Woo,False,yellow,,,,,,,
k_league_1_2026,2026-04-25,10,Bucheon FC 1995,Gimcheon Sangmu FC,0,2,45,,period,,,,,,,HT,,0,1
k_league_1_2026,2026-04-25,10,Bucheon FC 1995,Gimcheon Sangmu FC,0,2,45,,card,Galego,True,yellow,,,,,,,
k_league_1_2026,2026-04-25,10,Bucheon FC 1995,Gimcheon Sangmu FC,0,2,45,,injuryTime,,,,,,,,3,,
k_league_1_2026,2026-04-25,10,Bucheon FC 1995,Gimcheon Sangmu FC,0,2,30,,goal,J. Kim,False,,,,,,,0,1
k_league_1_2026,2026-04-25,10,Bucheon FC 1995,Gimcheon Sangmu FC,0,2,22,,card,B. Jun-Soo,False,yellow,,,,,,,
k_league_1_2026,2026-04-25,10,Gangwon FC,FC Seoul,1,2,90,,period,,,,,,,FT,,1,2
k_league_1_2026,2026-04-25,10,Gangwon FC,FC Seoul,1,2,90,11,card,J. H. Mo,True,yellow,Foul,,,,,,
k_league_1_2026,2026-04-25,10,Gangwon FC,FC Seoul,1,2,90,6,goal,A. Halaihal,True,,,,,,,1,2
k_league_1_2026,2026-04-25,10,Gangwon FC,FC Seoul,1,2,90,,injuryTime,,,,,,,,6,,
k_league_1_2026,2026-04-25,10,Gangwon FC,FC Seoul,1,2,89,,substitution,,False,,,L. Han-do,H. Babec,,,,
k_league_1_2026,2026-04-25,10,Gangwon FC,FC Seoul,1,2,81,,goal,L. Seung-mo,False,,,,,,,0,2
k_league_1_2026,2026-04-25,10,Gangwon FC,FC Seoul,1,2,78,,substitution,,True,,,A. Halaihal,D. Kim,,,,
k_league_1_2026,2026-04-25,10,Gangwon FC,FC Seoul,1,2,71,,card,H. Lee,True,yellow,Foul,,,,,,
k_league_1_2026,2026-04-25,10,Gangwon FC,FC Seoul,1,2,66,,substitution,,True,,,H. Lee,K. Joon-hyuk,,,,
k_league_1_2026,2026-04-25,10,Gangwon FC,FC Seoul,1,2,62,,card,K. Joon-hyuk,True,yellow,Foul,,,,,,
k_league_1_2026,2026-04-25,10,Gangwon FC,FC Seoul,1,2,60,,substitution,,True,,,K. Gun-hee,B. Choi,,,,
k_league_1_2026,2026-04-25,10,Gangwon FC,FC Seoul,1,2,60,,substitution,,True,,,K. Dong-hyeon,M. Seo,,,,
k_league_1_2026,2026-04-25,10,Gangwon FC,FC Seoul,1,2,59,,substitution,,False,,,C. Young-wook,L. Ruiz,,,,
k_league_1_2026,2026-04-25,10,Gangwon FC,FC Seoul,1,2,59,,substitution,,False,,,Y. Al-Arab,S. Park,,,,
k_league_1_2026,2026-04-25,10,Gangwon FC,FC Seoul,1,2,59,,substitution,,False,,,M. Seon-min,S. Jeong,,,,
k_league_1_2026,2026-04-25,10,Gangwon FC,FC Seoul,1,2,46,,substitution,,True,,,K. Do-Hyun,Y. Goh,,,,
k_league_1_2026,2026-04-25,10,Gangwon FC,FC Seoul,1,2,46,,substitution,,False,,,L. Seung-mo,Anderson Oliveira,,,,
k_league_1_2026,2026-04-25,10,Gangwon FC,FC Seoul,1,2,45,,period,,,,,,,HT,,0,1
k_league_1_2026,2026-04-25,10,Gangwon FC,FC Seoul,1,2,45,6,card,J. Son,False,red,Violent conduct,,,,,,
k_league_1_2026,2026-04-25,10,Gangwon FC,FC Seoul,1,2,45,6,card,S. Jun-Seok,True,red,Violent conduct,,,,,,
k_league_1_2026,2026-04-25,10,Gangwon FC,FC Seoul,1,2,45,3,card,G. Lee,True,yellow,Argument,,,,,,
k_league_1_2026,2026-04-25,10,Gangwon FC,FC Seoul,1,2,45,3,varDecision,G. Sung-yun,False,,,,,,,,
k_league_1_2026,2026-04-25,10,Gangwon FC,FC Seoul,1,2,45,3,varDecision,S. Jun-Seok,True,,,,,,,,
k_league_1_2026,2026-04-25,10,Gangwon FC,FC Seoul,1,2,45,,injuryTime,,,,,,,,2,,
k_league_1_2026,2026-04-25,10,Gangwon FC,FC Seoul,1,2,42,,goal,H. Babec,False,,,,,,,0,1
k_league_1_2026,2026-04-25,10,Gangwon FC,FC Seoul,1,2,27,,card,S. Min-Ha,True,yellow,Foul,,,,,,
k_league_1_2026,2026-04-25,10,Gangwon FC,FC Seoul,1,2,0,,card,G. D. Kim,False,yellow,Argument,,,,,,
k_league_1_2026,2026-04-25,10,Gangwon FC,FC Seoul,1,2,0,,card,K. Chung,True,yellow,Argument,,,,,,
k_league_1_2026,2026-04-22,9,Pohang Steelers,Gwangju FC,1,0,90,,period,,,,,,,FT,,1,0
k_league_1_2026,2026-04-22,9,Pohang Steelers,Gwangju FC,1,0,90,,card,S. Kim,True,yellow,,,,,,,
k_league_1_2026,2026-04-22,9,Pohang Steelers,Gwangju FC,1,0,88,,card,M. Lee,False,yellow,,,,,,,
k_league_1_2026,2026-04-22,9,Pohang Steelers,Gwangju FC,1,0,86,,substitution,,True,,,A. Jae-jun,L. Ho-jae,,,,
k_league_1_2026,2026-04-22,9,Pohang Steelers,Gwangju FC,1,0,83,,substitution,,False,,,M. Lee,Seung-un Ha,,,,
k_league_1_2026,2026-04-22,9,Pohang Steelers,Gwangju FC,1,0,66,,substitution,,True,,,Wanderson,H. Hyeon-Seo,,,,
k_league_1_2026,2026-04-22,9,Pohang Steelers,Gwangju FC,1,0,66,,substitution,,True,,,S. Kim,S. Y. Ki,,,,
k_league_1_2026,2026-04-22,9,Pohang Steelers,Gwangju FC,1,0,65,,substitution,,False,,,H. A. Friðjónsson,K. Yun-Ho,,,,
k_league_1_2026,2026-04-22,9,Pohang Steelers,Gwangju FC,1,0,65,,substitution,,False,,,S. J. Ju,K. Hui-Su,,,,
k_league_1_2026,2026-04-22,9,Pohang Steelers,Gwangju FC,1,0,59,,substitution,,False,,,J. Kim,S. Y. Gwon,,,,
k_league_1_2026,2026-04-22,9,Pohang Steelers,Gwangju FC,1,0,47,,card,H. Hyeon-Seo,True,yellow,,,,,,,
k_league_1_2026,2026-04-22,9,Pohang Steelers,Gwangju FC,1,0,46,,substitution,,False,,,Y. Hong,P. Sung-Hyun,,,,
k_league_1_2026,2026-04-22,9,Pohang Steelers,Gwangju FC,1,0,46,,substitution,,True,,,D. Kim,K. Nishiya,,,,
k_league_1_2026,2026-04-22,9,Pohang Steelers,Gwangju FC,1,0,46,,substitution,,True,,,J. Rocha,Y. Kim,,,,
k_league_1_2026,2026-04-22,9,Pohang Steelers,Gwangju FC,1,0,45,,period,,,,,,,HT,,1,0
k_league_1_2026,2026-04-22,9,Pohang Steelers,Gwangju FC,1,0,45,,injuryTime,,,,,,,,2,,
k_league_1_2026,2026-04-22,9,Pohang Steelers,Gwangju FC,1,0,4,,goal,L. Ho-jae,True,,,,,,,1,0
k_league_1_2026,2026-04-22,9,FC Anyang,Ulsan HD,1,1,90,,period,,,,,,,FT,,1,1
k_league_1_2026,2026-04-22,9,FC Anyang,Ulsan HD,1,1,90,,card,Y. C. Kim,True,yellow,,,,,,,
k_league_1_2026,2026-04-22,9,FC Anyang,Ulsan HD,1,1,90,,injuryTime,,,,,,,,5,,
k_league_1_2026,2026-04-22,9,FC Anyang,Ulsan HD,1,1,86,,substitution,,True,,,Y. C. Kim,M. Oliveira,,,,
k_league_1_2026,2026-04-22,9,FC Anyang,Ulsan HD,1,1,86,,substitution,,True,,,H. Chae,G. Choi,,,,
k_league_1_2026,2026-04-22,9,FC Anyang,Ulsan HD,1,1,82,,goal,Y. Heo,False,,,,,,,1,1
k_league_1_2026,2026-04-22,9,FC Anyang,Ulsan HD,1,1,75,,substitution,,False,,,C. Seok-Hyun,S. Shim,,,,
k_league_1_2026,2026-04-22,9,FC Anyang,Ulsan HD,1,1,75,,substitution,,False,,,L. Min-Hyeok,K. S. Lee,,,,
k_league_1_2026,2026-04-22,9,FC Anyang,Ulsan HD,1,1,69,,substitution,,False,,,Y. Heo,H. Lee,,,,
k_league_1_2026,2026-04-22,9,FC Anyang,Ulsan HD,1,1,69,,substitution,,True,,,M. Seong-Woo,Airton,,,,
k_league_1_2026,2026-04-22,9,FC Anyang,Ulsan HD,1,1,69,,substitution,,True,,,B. Herculano,U. Kim,,,,
k_league_1_2026,2026-04-22,9,FC Anyang,Ulsan HD,1,1,63,,substitution,,True,,,J. Lee,J. H. Kim,,,,
k_league_1_2026,2026-04-22,9,FC Anyang,Ulsan HD,1,1,63,,card,D. G. Lee,False,yellow,,,,,,,
k_league_1_2026,2026-04-22,9,FC Anyang,Ulsan HD,1,1,62,,substitution,,False,,,J. Lee,J. Si-Young,,,,
k_league_1_2026,2026-04-22,9,FC Anyang,Ulsan HD,1,1,46,,substitution,,False,,,D. G. Lee,S. Kang,,,,
k_league_1_2026,2026-04-22,9,FC Anyang,Ulsan HD,1,1,45,,period,,,,,,,HT,,1,0
k_league_1_2026,2026-04-22,9,FC Anyang,Ulsan HD,1,1,45,,injuryTime,,,,,,,,3,,
k_league_1_2026,2026-04-22,9,FC Anyang,Ulsan HD,1,1,33,,card,J. Seung-hyeon,False,yellow,,,,,,,
k_league_1_2026,2026-04-22,9,FC Anyang,Ulsan HD,1,1,4,,goal,Airton,True,,,,,,,1,0
k_league_1_2026,2026-04-22,9,Daejeon Hana Citizen,Jeju SK,0,1,90,,period,,,,,,,FT,,0,1
k_league_1_2026,2026-04-22,9,Daejeon Hana Citizen,Jeju SK,0,1,90,,card,J. Oh,False,yellow,,,,,,,
k_league_1_2026,2026-04-22,9,Daejeon Hana Citizen,Jeju SK,0,1,90,,card,D. J. Kim,False,yellow,,,,,,,
k_league_1_2026,2026-04-22,9,Daejeon Hana Citizen,Jeju SK,0,1,90,,substitution,,True,,,A. Krivotsyuk,M. D. Kim,,,,
k_league_1_2026,2026-04-22,9,Daejeon Hana Citizen,Jeju SK,0,1,90,,substitution,,False,,,K. Ki-Min,Italo,,,,
k_league_1_2026,2026-04-22,9,Daejeon Hana Citizen,Jeju SK,0,1,90,,injuryTime,,,,,,,,8,,
k_league_1_2026,2026-04-22,9,Daejeon Hana Citizen,Jeju SK,0,1,83,,substitution,,False,,,G. Paulauskas,Emerson Ramon,,,,
k_league_1_2026,2026-04-22,9,Daejeon Hana Citizen,Jeju SK,0,1,80,,substitution,,False,,,C. Byung-Wook,C. J. Park,,,,
k_league_1_2026,2026-04-22,9,Daejeon Hana Citizen,Jeju SK,0,1,80,,substitution,,False,,,I. Yu,C. W. Rim,,,,
k_league_1_2026,2026-04-22,9,Daejeon Hana Citizen,Jeju SK,0,1,78,,card,J. Kim,False,yellow,,,,,,,
k_league_1_2026,2026-04-22,9,Daejeon Hana Citizen,Jeju SK,0,1,76,,substitution,,True,,,Y. Kang,M. J. Lee,,,,
k_league_1_2026,2026-04-22,9,Daejeon Hana Citizen,Jeju SK,0,1,76,,substitution,,True,,,G. Ludwigson,J. Jeong,,,,
k_league_1_2026,2026-04-22,9,Daejeon Hana Citizen,Jeju SK,0,1,74,,substitution,,False,,,K. Jun-Ha,C. Kwon,,,,
k_league_1_2026,2026-04-22,9,Daejeon Hana Citizen,Jeju SK,0,1,63,,substitution,,True,,,J. S. Seo,M. Ishida,,,,
k_league_1_2026,2026-04-22,9,Daejeon Hana Citizen,Jeju SK,0,1,54,,varDecision,C. J. Park,False,,,,,,,,
k_league_1_2026,2026-04-22,9,Daejeon Hana Citizen,Jeju SK,0,1,52,,substitution,,True,,,H. U. Kim,J. Victor,,,,
k_league_1_2026,2026-04-22,9,Daejeon Hana Citizen,Jeju SK,0,1,48,,card,R. Kim,False,yellow,,,,,,,
k_league_1_2026,2026-04-22,9,Daejeon Hana Citizen,Jeju SK,0,1,46,,substitution,,False,,,Italo,M. Jang,,,,
k_league_1_2026,2026-04-22,9,Daejeon Hana Citizen,Jeju SK,0,1,46,,substitution,,True,,,Diogo Oliveira,K. H. Yu,,,,
k_league_1_2026,2026-04-22,9,Daejeon Hana Citizen,Jeju SK,0,1,45,,period,,,,,,,HT,,0,1
k_league_1_2026,2026-04-22,9,Daejeon Hana Citizen,Jeju SK,0,1,45,,injuryTime,,,,,,,,2,,
k_league_1_2026,2026-04-22,9,Daejeon Hana Citizen,Jeju SK,0,1,44,,goal,C. J. Park,False,,,,,,,0,1
k_league_1_2026,2026-04-22,9,Daejeon Hana Citizen,Jeju SK,0,1,33,,card,M. Jang,False,yellow,,,,,,,
k_league_1_2026,2026-04-21,9,Jeonbuk Hyundai Motors,Incheon United,1,2,90,,period,,,,,,,FT,,1,2
k_league_1_2026,2026-04-21,9,Jeonbuk Hyundai Motors,Incheon United,1,2,90,,card,J. Fernández,False,yellow,,,,,,,
k_league_1_2026,2026-04-21,9,Jeonbuk Hyundai Motors,Incheon United,1,2,90,,injuryTime,,,,,,,,9,,
k_league_1_2026,2026-04-21,9,Jeonbuk Hyundai Motors,Incheon United,1,2,85,,card,P. Ho-min,False,yellow,,,,,,,
k_league_1_2026,2026-04-21,9,Jeonbuk Hyundai Motors,Incheon United,1,2,80,,card,L. T. Hui,False,yellow,,,,,,,
k_league_1_2026,2026-04-21,9,Jeonbuk Hyundai Motors,Incheon United,1,2,80,,substitution,,False,,,P. Ho-min,M. Ferrier,,,,
k_league_1_2026,2026-04-21,9,Jeonbuk Hyundai Motors,Incheon United,1,2,76,,substitution,,True,,,Y. J. Lee,S. S. Kim,,,,
k_league_1_2026,2026-04-21,9,Jeonbuk Hyundai Motors,Incheon United,1,2,72,,card,C. Y. Lee,False,yellow,,,,,,,
k_league_1_2026,2026-04-21,9,Jeonbuk Hyundai Motors,Incheon United,1,2,67,,substitution,,False,,,I. Undabarrena,M. J. Lee,,,,
k_league_1_2026,2026-04-21,9,Jeonbuk Hyundai Motors,Incheon United,1,2,67,,substitution,,False,,,G. Fernandes,D. Lee,,,,
k_league_1_2026,2026-04-21,9,Jeonbuk Hyundai Motors,Incheon United,1,2,64,,substitution,,True,,,B. Mota,D. J. Lee,,,,
k_league_1_2026,2026-04-21,9,Jeonbuk Hyundai Motors,Incheon United,1,2,64,,substitution,,True,,,K. Ha-Jun,C. Woo-Jin,,,,
k_league_1_2026,2026-04-21,9,Jeonbuk Hyundai Motors,Incheon United,1,2,59,,goal,D. Lee,False,,,,,,,1,2
k_league_1_2026,2026-04-21,9,Jeonbuk Hyundai Motors,Incheon United,1,2,53,,substitution,,False,,,J. Y. Lee,Y. Seung-Won,,,,
k_league_1_2026,2026-04-21,9,Jeonbuk Hyundai Motors,Incheon United,1,2,46,,substitution,,False,,,S. Mugoša,C. I. Jeong,,,,
k_league_1_2026,2026-04-21,9,Jeonbuk Hyundai Motors,Incheon United,1,2,46,,substitution,,True,,,S. Lee,K. Sang-Yun,,,,
k_league_1_2026,2026-04-21,9,Jeonbuk Hyundai Motors,Incheon United,1,2,45,,period,,,,,,,HT,,1,1
k_league_1_2026,2026-04-21,9,Jeonbuk Hyundai Motors,Incheon United,1,2,45,,injuryTime,,,,,,,,6,,
k_league_1_2026,2026-04-21,9,Jeonbuk Hyundai Motors,Incheon United,1,2,42,,card,C. Seung-Gu,False,yellow,,,,,,,
k_league_1_2026,2026-04-21,9,Jeonbuk Hyundai Motors,Incheon United,1,2,40,,goal,M. J. Lee,False,,,,,,,1,1
k_league_1_2026,2026-04-21,9,Jeonbuk Hyundai Motors,Incheon United,1,2,32,,varDecision,Y. Kim,True,,,,,,,,
k_league_1_2026,2026-04-21,9,Jeonbuk Hyundai Motors,Incheon United,1,2,13,,goal,W. Cho,True,,,,,,,1,0
k_league_1_2026,2026-04-21,9,Gimcheon Sangmu FC,Gangwon FC,0,3,90,,period,,,,,,,FT,,0,3
k_league_1_2026,2026-04-21,9,Gimcheon Sangmu FC,Gangwon FC,0,3,90,5,card,L. Sangheon,True,yellow,Foul,,,,,,
k_league_1_2026,2026-04-21,9,Gimcheon Sangmu FC,Gangwon FC,0,3,90,,injuryTime,,,,,,,,5,,
k_league_1_2026,2026-04-21,9,Gimcheon Sangmu FC,Gangwon FC,0,3,85,,substitution,,False,,,K. Gun-hee,J. H. Mo,,,,
k_league_1_2026,2026-04-21,9,Gimcheon Sangmu FC,Gangwon FC,0,3,85,,substitution,,False,,,K. Yun-Gu,D. Kim,,,,
k_league_1_2026,2026-04-21,9,Gimcheon Sangmu FC,Gangwon FC,0,3,84,,varDecision,A. Halaihal,False,,,,,,,,
k_league_1_2026,2026-04-21,9,Gimcheon Sangmu FC,Gangwon FC,0,3,83,,goal,A. Halaihal,False,,,,,,,0,3
k_league_1_2026,2026-04-21,9,Gimcheon Sangmu FC,Gangwon FC,0,3,82,,substitution,,True,,,P. Jin-Seong,Y. Hong,,,,
k_league_1_2026,2026-04-21,9,Gimcheon Sangmu FC,Gangwon FC,0,3,77,,card,M. Tuci,False,yellow,Foul,,,,,,
k_league_1_2026,2026-04-21,9,Gimcheon Sangmu FC,Gangwon FC,0,3,72,,substitution,,False,,,S. W. Lee,M. Seo,,,,
k_league_1_2026,2026-04-21,9,Gimcheon Sangmu FC,Gangwon FC,0,3,69,,substitution,,True,,,J. Go,J. Kim,,,,
k_league_1_2026,2026-04-21,9,Gimcheon Sangmu FC,Gangwon FC,0,3,59,,substitution,,True,,,Y. Hong,J. Byung-Kwan,,,,
k_league_1_2026,2026-04-21,9,Gimcheon Sangmu FC,Gangwon FC,0,3,57,,card,Y. Lee,False,yellow,Foul,,,,,,
k_league_1_2026,2026-04-21,9,Gimcheon Sangmu FC,Gangwon FC,0,3,56,,substitution,,False,,,P. Sang-Hyeok,Y. Goh,,,,
k_league_1_2026,2026-04-21,9,Gimcheon Sangmu FC,Gangwon FC,0,3,56,,substitution,,False,,,A. Halaihal,B. Choi,,,,
k_league_1_2026,2026-04-21,9,Gimcheon Sangmu FC,Gangwon FC,0,3,46,,substitution,,True,,,L. Sangheon,S. Park,,,,
k_league_1_2026,2026-04-21,9,Gimcheon Sangmu FC,Gangwon FC,0,3,46,,substitution,,True,,,K. H. Lee,M. Kang,,,,
k_league_1_2026,2026-04-21,9,Gimcheon Sangmu FC,Gangwon FC,0,3,45,,period,,,,,,,HT,,0,2
k_league_1_2026,2026-04-21,9,Gimcheon Sangmu FC,Gangwon FC,0,3,45,4,goal,D. Kim,False,,,,,,,0,2
k_league_1_2026,2026-04-21,9,Gimcheon Sangmu FC,Gangwon FC,0,3,45,,injuryTime,,,,,,,,5,,
k_league_1_2026,2026-04-21,9,Gimcheon Sangmu FC,Gangwon FC,0,3,43,,card,S. Jun-Seok,False,yellow,Foul,,,,,,
k_league_1_2026,2026-04-21,9,Gimcheon Sangmu FC,Gangwon FC,0,3,41,,card,L. Jung-Taek,True,yellow,Foul,,,,,,
k_league_1_2026,2026-04-21,9,Gimcheon Sangmu FC,Gangwon FC,0,3,38,,varDecision,D. Kim,False,,,,,,,,
k_league_1_2026,2026-04-21,9,Gimcheon Sangmu FC,Gangwon FC,0,3,36,,goal,D. Kim,False,,,,,,,0,1
k_league_1_2026,2026-04-21,9,Gimcheon Sangmu FC,Gangwon FC,0,3,30,,card,Y. Goh,False,yellow,Foul,,,,,,
k_league_1_2026,2026-04-21,9,Gimcheon Sangmu FC,Gangwon FC,0,3,0,,card,D. Lim,True,yellow,Argument,,,,,,
k_league_1_2026,2026-04-21,9,FC Seoul,Bucheon FC 1995,3,0,90,,period,,,,,,,FT,,3,0
k_league_1_2026,2026-04-21,9,FC Seoul,Bucheon FC 1995,3,0,90,,injuryTime,,,,,,,,5,,
k_league_1_2026,2026-04-21,9,FC Seoul,Bucheon FC 1995,3,0,86,,substitution,,False,,,T. Santos,J. W. Shin,,,,
k_league_1_2026,2026-04-21,9,FC Seoul,Bucheon FC 1995,3,0,83,,substitution,,True,,,H. Lee,J. A. Ros,,,,
k_league_1_2026,2026-04-21,9,FC Seoul,Bucheon FC 1995,3,0,83,,substitution,,True,,,M. Song,P. Klimala,,,,
k_league_1_2026,2026-04-21,9,FC Seoul,Bucheon FC 1995,3,0,80,,substitution,,True,,,J. Son,D. Hwang,,,,
k_league_1_2026,2026-04-21,9,FC Seoul,Bucheon FC 1995,3,0,79,,card,M. Seon-min,True,yellow,,,,,,,
k_league_1_2026,2026-04-21,9,FC Seoul,Bucheon FC 1995,3,0,68,,goal,D. Hwang,True,,,,,,,3,0
k_league_1_2026,2026-04-21,9,FC Seoul,Bucheon FC 1995,3,0,67,,card,L. Jae-Won,False,yellow,,,,,,,
k_league_1_2026,2026-04-21,9,FC Seoul,Bucheon FC 1995,3,0,61,,substitution,,True,,,S. Lee,H. Babec,,,,
k_league_1_2026,2026-04-21,9,FC Seoul,Bucheon FC 1995,3,0,61,,substitution,,True,,,Y. Alarab,S. Park,,,,
k_league_1_2026,2026-04-21,9,FC Seoul,Bucheon FC 1995,3,0,61,,card,Galego,False,yellow,,,,,,,
k_league_1_2026,2026-04-21,9,FC Seoul,Bucheon FC 1995,3,0,56,,substitution,,False,,,Gabriel,M. J. Kim,,,,
k_league_1_2026,2026-04-21,9,FC Seoul,Bucheon FC 1995,3,0,46,,substitution,,False,,,S. Kim,K. Takahashi,,,,
k_league_1_2026,2026-04-21,9,FC Seoul,Bucheon FC 1995,3,0,46,,substitution,,False,,,Galego,S. Seong,,,,
k_league_1_2026,2026-04-21,9,FC Seoul,Bucheon FC 1995,3,0,46,,substitution,,False,,,B. G. Yoon,J. H. Han,,,,
k_league_1_2026,2026-04-21,9,FC Seoul,Bucheon FC 1995,3,0,45,,period,,,,,,,HT,,2,0
k_league_1_2026,2026-04-21,9,FC Seoul,Bucheon FC 1995,3,0,45,,goal,M. Seon-min,True,,,,,,,2,0
k_league_1_2026,2026-04-21,9,FC Seoul,Bucheon FC 1995,3,0,45,,varDecision,P. Klimala,True,,,,,,,,
k_league_1_2026,2026-04-21,9,FC Seoul,Bucheon FC 1995,3,0,45,,card,P. Klimala,True,yellow,,,,,,,
k_league_1_2026,2026-04-21,9,FC Seoul,Bucheon FC 1995,3,0,45,,injuryTime,,,,,,,,5,,
k_league_1_2026,2026-04-21,9,FC Seoul,Bucheon FC 1995,3,0,35,,card,S. Seong,False,yellow,,,,,,,
k_league_1_2026,2026-04-21,9,FC Seoul,Bucheon FC 1995,3,0,31,,goal,P. Klimala,True,,,,,,,1,0
k_league_1_2026,2026-04-21,9,FC Seoul,Bucheon FC 1995,3,0,30,,varDecision,H. Babec,True,,,,,,,,
k_league_1_2026,2026-04-21,9,FC Seoul,Bucheon FC 1995,3,0,14,,card,D. K. Baek,False,yellow,,,,,,,
k_league_1_2026,2026-04-18,8,Jeju SK,Gimcheon Sangmu FC,1,1,90,,period,,,,,,,FT,,1,1
k_league_1_2026,2026-04-18,8,Jeju SK,Gimcheon Sangmu FC,1,1,90,,injuryTime,,,,,,,,6,,
k_league_1_2026,2026-04-18,8,Jeju SK,Gimcheon Sangmu FC,1,1,75,,substitution,,False,,,J. Jae-Min,Y. Hong,,,,
k_league_1_2026,2026-04-18,8,Jeju SK,Gimcheon Sangmu FC,1,1,75,,substitution,,False,,,K. Min,S. B. Lee,,,,
k_league_1_2026,2026-04-18,8,Jeju SK,Gimcheon Sangmu FC,1,1,75,,substitution,,True,,,C. J. Park,Emerson Ramon,,,,
k_league_1_2026,2026-04-18,8,Jeju SK,Gimcheon Sangmu FC,1,1,74,,card,B. Jun-Soo,False,yellow,,,,,,,
k_league_1_2026,2026-04-18,8,Jeju SK,Gimcheon Sangmu FC,1,1,67,,substitution,,False,,,Y. Jae-Seok,S. H. Lee,,,,
k_league_1_2026,2026-04-18,8,Jeju SK,Gimcheon Sangmu FC,1,1,67,,substitution,,False,,,J. Byung-Kwan,J. Go,,,,
k_league_1_2026,2026-04-18,8,Jeju SK,Gimcheon Sangmu FC,1,1,66,,card,P. Cheol-Woo,False,yellow,,,,,,,
k_league_1_2026,2026-04-18,8,Jeju SK,Gimcheon Sangmu FC,1,1,61,,substitution,,True,,,G. Paulauskas,K. Shin-jin,,,,
k_league_1_2026,2026-04-18,8,Jeju SK,Gimcheon Sangmu FC,1,1,60,,substitution,,True,,,C. Kwon,K. Jun-Ha,,,,
k_league_1_2026,2026-04-18,8,Jeju SK,Gimcheon Sangmu FC,1,1,59,,substitution,,False,,,B. Jun-Soo,H. Kim,,,,
k_league_1_2026,2026-04-18,8,Jeju SK,Gimcheon Sangmu FC,1,1,48,,goal,J. Oh,True,,,,,,,1,1
k_league_1_2026,2026-04-18,8,Jeju SK,Gimcheon Sangmu FC,1,1,46,,substitution,,True,,,J. Oh,J. Kim,,,,
k_league_1_2026,2026-04-18,8,Jeju SK,Gimcheon Sangmu FC,1,1,46,,substitution,,True,,,T. H. Nam,Italo,,,,
k_league_1_2026,2026-04-18,8,Jeju SK,Gimcheon Sangmu FC,1,1,45,,period,,,,,,,HT,,0,1
k_league_1_2026,2026-04-18,8,Jeju SK,Gimcheon Sangmu FC,1,1,45,,injuryTime,,,,,,,,2,,
k_league_1_2026,2026-04-18,8,Jeju SK,Gimcheon Sangmu FC,1,1,44,,card,H. Kim,False,yellow,,,,,,,
k_league_1_2026,2026-04-18,8,Jeju SK,Gimcheon Sangmu FC,1,1,28,,goal,T. Park,False,,,,,,,0,1
k_league_1_2026,2026-04-18,8,Bucheon FC 1995,Incheon United,2,2,90,,period,,,,,,,FT,,2,2
k_league_1_2026,2026-04-18,8,Bucheon FC 1995,Incheon United,2,2,90,1,substitution,,False,,,H. S. Oh,S. Mugoša,,,,
k_league_1_2026,2026-04-18,8,Bucheon FC 1995,Incheon United,2,2,90,,injuryTime,,,,,,,,5,,
k_league_1_2026,2026-04-18,8,Bucheon FC 1995,Incheon United,2,2,89,,substitution,,False,,,P. Ho-min,G. Fernandes,,,,
k_league_1_2026,2026-04-18,8,Bucheon FC 1995,Incheon United,2,2,88,,substitution,,True,,,T. H. Ahn,J. W. Shin,,,,
k_league_1_2026,2026-04-18,8,Bucheon FC 1995,Incheon United,2,2,83,,card,H. Jeong,True,yellow,Foul,,,,,,
k_league_1_2026,2026-04-18,8,Bucheon FC 1995,Incheon United,2,2,80,,goal,Gabriel,True,,,,,,,2,2
k_league_1_2026,2026-04-18,8,Bucheon FC 1995,Incheon United,2,2,79,,substitution,,True,,,S. Seong,K. Takahashi,,,,
k_league_1_2026,2026-04-18,8,Bucheon FC 1995,Incheon United,2,2,79,,substitution,,True,,,J. H. Han,T. Santos,,,,
k_league_1_2026,2026-04-18,8,Bucheon FC 1995,Incheon United,2,2,64,,goal,J. W. Shin,True,,,,,,,1,2
k_league_1_2026,2026-04-18,8,Bucheon FC 1995,Incheon United,2,2,61,,card,Gabriel,True,yellow,Argument,,,,,,
k_league_1_2026,2026-04-18,8,Bucheon FC 1995,Incheon United,2,2,61,,substitution,,True,,,Gabriel,M. J. Kim,,,,
k_league_1_2026,2026-04-18,8,Bucheon FC 1995,Incheon United,2,2,57,,substitution,,False,,,D. Lee,M. Ferrier,,,,
k_league_1_2026,2026-04-18,8,Bucheon FC 1995,Incheon United,2,2,57,,substitution,,False,,,C. I. Jeong,C. Y. Lee,,,,
k_league_1_2026,2026-04-18,8,Bucheon FC 1995,Incheon United,2,2,46,,substitution,,False,,,J. Y. Lee,K. Myung-Sun,,,,
k_league_1_2026,2026-04-18,8,Bucheon FC 1995,Incheon United,2,2,45,,period,,,,,,,HT,,0,2
k_league_1_2026,2026-04-18,8,Bucheon FC 1995,Incheon United,2,2,45,,card,M. Ferrier,False,yellow,Argument,,,,,,
k_league_1_2026,2026-04-18,8,Bucheon FC 1995,Incheon United,2,2,45,,injuryTime,,,,,,,,3,,
k_league_1_2026,2026-04-18,8,Bucheon FC 1995,Incheon United,2,2,22,,goal,G. Fernandes,False,,,,,,,0,2
k_league_1_2026,2026-04-18,8,Bucheon FC 1995,Incheon United,2,2,12,,goal,M. Ferrier,False,,,,,,,0,1
k_league_1_2026,2026-04-18,8,Bucheon FC 1995,Incheon United,2,2,0,,card,J. Yoon,False,yellow,Argument,,,,,,
k_league_1_2026,2026-04-18,8,Gangwon FC,Jeonbuk Hyundai Motors,1,1,90,,period,,,,,,,FT,,1,1
k_league_1_2026,2026-04-18,8,Gangwon FC,Jeonbuk Hyundai Motors,1,1,90,,substitution,,True,,,A. Halaihal,D. Kim,,,,
k_league_1_2026,2026-04-18,8,Gangwon FC,Jeonbuk Hyundai Motors,1,1,90,,injuryTime,,,,,,,,4,,
k_league_1_2026,2026-04-18,8,Gangwon FC,Jeonbuk Hyundai Motors,1,1,89,,card,W. Cho,False,yellow,,,,,,,
k_league_1_2026,2026-04-18,8,Gangwon FC,Jeonbuk Hyundai Motors,1,1,86,,substitution,,False,,,T. Jin,S. S. Kim,,,,
k_league_1_2026,2026-04-18,8,Gangwon FC,Jeonbuk Hyundai Motors,1,1,86,,substitution,,False,,,Y. J. Lee,D. J. Lee,,,,
k_league_1_2026,2026-04-18,8,Gangwon FC,Jeonbuk Hyundai Motors,1,1,75,,substitution,,False,,,S. U. Maeng,O. Alionço,,,,
k_league_1_2026,2026-04-18,8,Gangwon FC,Jeonbuk Hyundai Motors,1,1,64,,substitution,,True,,,S. Min-Ha,B. Choi,,,,
k_league_1_2026,2026-04-18,8,Gangwon FC,Jeonbuk Hyundai Motors,1,1,59,,substitution,,False,,,J. Kim,J. Gamboa,,,,
k_league_1_2026,2026-04-18,8,Gangwon FC,Jeonbuk Hyundai Motors,1,1,59,,substitution,,False,,,B. Mota,T. Orobó,,,,
k_league_1_2026,2026-04-18,8,Gangwon FC,Jeonbuk Hyundai Motors,1,1,56,,goal,J. H. Mo,True,,,,,,,1,1
k_league_1_2026,2026-04-18,8,Gangwon FC,Jeonbuk Hyundai Motors,1,1,55,,substitution,,True,,,S. W. Lee,M. Seo,,,,
k_league_1_2026,2026-04-18,8,Gangwon FC,Jeonbuk Hyundai Motors,1,1,55,,substitution,,True,,,G. Kim,Y. Goh,,,,
k_league_1_2026,2026-04-18,8,Gangwon FC,Jeonbuk Hyundai Motors,1,1,48,,card,G. Lee,True,yellow,,,,,,,
k_league_1_2026,2026-04-18,8,Gangwon FC,Jeonbuk Hyundai Motors,1,1,45,,period,,,,,,,HT,,0,1
k_league_1_2026,2026-04-18,8,Gangwon FC,Jeonbuk Hyundai Motors,1,1,45,,injuryTime,,,,,,,,5,,
k_league_1_2026,2026-04-18,8,Gangwon FC,Jeonbuk Hyundai Motors,1,1,42,,card,O. Alionço,False,yellow,,,,,,,
k_league_1_2026,2026-04-18,8,Gangwon FC,Jeonbuk Hyundai Motors,1,1,37,,card,B. Choi,True,yellow,,,,,,,
k_league_1_2026,2026-04-18,8,Gangwon FC,Jeonbuk Hyundai Motors,1,1,37,,card,S. Lee,False,yellow,,,,,,,
k_league_1_2026,2026-04-18,8,Gangwon FC,Jeonbuk Hyundai Motors,1,1,33,,goal,T. Orobó,False,,,,,,,0,1
k_league_1_2026,2026-04-18,8,Gangwon FC,Jeonbuk Hyundai Motors,1,1,31,,card,J. H. Mo,True,yellow,,,,,,,
k_league_1_2026,2026-04-18,8,Gangwon FC,Jeonbuk Hyundai Motors,1,1,23,,card,S. Jun-Seok,True,yellow,,,,,,,
k_league_1_2026,2026-04-18,8,FC Seoul,Daejeon Hana Citizen,0,1,90,,period,,,,,,,FT,,0,1
k_league_1_2026,2026-04-18,8,FC Seoul,Daejeon Hana Citizen,0,1,90,,substitution,,True,,,S. Park,J. Choi,,,,
k_league_1_2026,2026-04-18,8,FC Seoul,Daejeon Hana Citizen,0,1,90,,injuryTime,,,,,,,,8,,
k_league_1_2026,2026-04-18,8,FC Seoul,Daejeon Hana Citizen,0,1,84,,substitution,,False,,,G. Ludwigson,J. Victor,,,,
k_league_1_2026,2026-04-18,8,FC Seoul,Daejeon Hana Citizen,0,1,78,,substitution,,True,,,S. Cheon,S. Jeong,,,,
k_league_1_2026,2026-04-18,8,FC Seoul,Daejeon Hana Citizen,0,1,78,,card,M. D. Kim,False,yellow,,,,,,,
k_league_1_2026,2026-04-18,8,FC Seoul,Daejeon Hana Citizen,0,1,65,,substitution,,False,,,M. K. Ju,K. H. Yu,,,,
k_league_1_2026,2026-04-18,8,FC Seoul,Daejeon Hana Citizen,0,1,61,,substitution,,True,,,D. Hwang,H. Babec,,,,
k_league_1_2026,2026-04-18,8,FC Seoul,Daejeon Hana Citizen,0,1,59,,substitution,,False,,,S. Lee,M. Ishida,,,,
k_league_1_2026,2026-04-18,8,FC Seoul,Daejeon Hana Citizen,0,1,50,,card,K. Bong-Soo,False,yellow,,,,,,,
k_league_1_2026,2026-04-18,8,FC Seoul,Daejeon Hana Citizen,0,1,46,,substitution,,False,,,H. Lee,V. Bobsin,,,,
k_league_1_2026,2026-04-18,8,FC Seoul,Daejeon Hana Citizen,0,1,46,,substitution,,False,,,Y. Kang,K. Park,,,,
k_league_1_2026,2026-04-18,8,FC Seoul,Daejeon Hana Citizen,0,1,46,,substitution,,True,,,M. Seon-min,S. Lee,,,,
k_league_1_2026,2026-04-18,8,FC Seoul,Daejeon Hana Citizen,0,1,46,,substitution,,True,,,L. Ruiz,J. Son,,,,
k_league_1_2026,2026-04-18,8,FC Seoul,Daejeon Hana Citizen,0,1,45,,period,,,,,,,HT,,0,1
k_league_1_2026,2026-04-18,8,FC Seoul,Daejeon Hana Citizen,0,1,45,,injuryTime,,,,,,,,3,,
k_league_1_2026,2026-04-18,8,FC Seoul,Daejeon Hana Citizen,0,1,33,,card,J. Seong-Kwon,False,yellow,,,,,,,
k_league_1_2026,2026-04-18,8,FC Seoul,Daejeon Hana Citizen,0,1,16,,goal,K. H. Yu,False,,,,,,,0,1
k_league_1_2026,2026-04-18,8,FC Seoul,Daejeon Hana Citizen,0,1,9,,card,K. Park,False,yellow,,,,,,,
k_league_1_2026,2026-04-15,2,Ulsan HD,FC Seoul,1,4,90,,period,,,,,,,FT,,1,4
k_league_1_2026,2026-04-15,2,Ulsan HD,FC Seoul,1,4,90,,card,P. Klimala,False,yellow,,,,,,,
k_league_1_2026,2026-04-15,2,Ulsan HD,FC Seoul,1,4,84,,card,G. Sung-yun,False,yellow,,,,,,,
k_league_1_2026,2026-04-15,2,Ulsan HD,FC Seoul,1,4,78,,substitution,,False,,,D. Hwang,S. Lee,,,,
k_league_1_2026,2026-04-15,2,Ulsan HD,FC Seoul,1,4,77,,substitution,,True,,,L. Min-Hyeok,H. Lee,,,,
k_league_1_2026,2026-04-15,2,Ulsan HD,FC Seoul,1,4,73,,substitution,,False,,,P. Klimala,L. Ruiz,,,,
k_league_1_2026,2026-04-15,2,Ulsan HD,FC Seoul,1,4,69,,card,H. Lee,False,yellow,,,,,,,
k_league_1_2026,2026-04-15,2,Ulsan HD,FC Seoul,1,4,67,,goal,Marcão,True,,,,,,,1,4
k_league_1_2026,2026-04-15,2,Ulsan HD,FC Seoul,1,4,62,,substitution,,False,,,M. Seon-min,M. Song,,,,
k_league_1_2026,2026-04-15,2,Ulsan HD,FC Seoul,1,4,62,,substitution,,False,,,H. Lee,J. A. Ros,,,,
k_league_1_2026,2026-04-15,2,Ulsan HD,FC Seoul,1,4,62,,substitution,,False,,,K. Jin-su,S. Park,,,,
k_league_1_2026,2026-04-15,2,Ulsan HD,FC Seoul,1,4,62,,substitution,,True,,,Marcão,J. Lee,,,,
k_league_1_2026,2026-04-15,2,Ulsan HD,FC Seoul,1,4,62,,substitution,,True,,,J. Si-Young,C. Seok-Hyun,,,,
k_league_1_2026,2026-04-15,2,Ulsan HD,FC Seoul,1,4,61,,substitution,,True,,,S. Kang,Yago,,,,
k_league_1_2026,2026-04-15,2,Ulsan HD,FC Seoul,1,4,53,,goal,M. Song,False,,,,,,,0,4
k_league_1_2026,2026-04-15,2,Ulsan HD,FC Seoul,1,4,46,,substitution,,True,,,S. Shim,B. Michel,,,,
k_league_1_2026,2026-04-15,2,Ulsan HD,FC Seoul,1,4,45,,period,,,,,,,HT,,0,3
k_league_1_2026,2026-04-15,2,Ulsan HD,FC Seoul,1,4,30,,goal,M. Song,False,,,,,,,0,3
k_league_1_2026,2026-04-15,2,Ulsan HD,FC Seoul,1,4,28,,card,J. A. Ros,False,yellow,,,,,,,
k_league_1_2026,2026-04-15,2,Ulsan HD,FC Seoul,1,4,13,,card,S. Park,False,yellow,,,,,,,
k_league_1_2026,2026-04-15,2,Ulsan HD,FC Seoul,1,4,10,,goal,B. Michel,False,,,,,,,0,2
k_league_1_2026,2026-04-15,2,Ulsan HD,FC Seoul,1,4,9,,card,C. Seok-Hyun,True,yellow,,,,,,,
k_league_1_2026,2026-04-15,2,Ulsan HD,FC Seoul,1,4,3,,goal,L. Ruiz,False,,,,,,,0,1
k_league_1_2026,2026-04-12,7,Gimcheon Sangmu FC,FC Anyang,1,1,90,,period,,,,,,,FT,,1,1
k_league_1_2026,2026-04-12,7,Gimcheon Sangmu FC,FC Anyang,1,1,90,,goal,P. Cheol-Woo,True,,,,,,,1,1
k_league_1_2026,2026-04-12,7,Gimcheon Sangmu FC,FC Anyang,1,1,90,,card,K. W. Kwon,False,yellow,,,,,,,
k_league_1_2026,2026-04-12,7,Gimcheon Sangmu FC,FC Anyang,1,1,90,,substitution,,True,,,C. Lee,T. Park,,,,
k_league_1_2026,2026-04-12,7,Gimcheon Sangmu FC,FC Anyang,1,1,90,,injuryTime,,,,,,,,5,,
k_league_1_2026,2026-04-12,7,Gimcheon Sangmu FC,FC Anyang,1,1,82,,substitution,,False,,,H. Chae,Airton,,,,
k_league_1_2026,2026-04-12,7,Gimcheon Sangmu FC,FC Anyang,1,1,82,,substitution,,False,,,J. H. Kang,U. Kim,,,,
k_league_1_2026,2026-04-12,7,Gimcheon Sangmu FC,FC Anyang,1,1,80,,substitution,,True,,,K. Lee-Seok,S. B. Lee,,,,
k_league_1_2026,2026-04-12,7,Gimcheon Sangmu FC,FC Anyang,1,1,80,,substitution,,True,,,Y. Jae-Seok,Y. Hong,,,,
k_league_1_2026,2026-04-12,7,Gimcheon Sangmu FC,FC Anyang,1,1,74,,substitution,,True,,,J. Byung-Kwan,J. Go,,,,
k_league_1_2026,2026-04-12,7,Gimcheon Sangmu FC,FC Anyang,1,1,74,,substitution,,True,,,M. Kang,K. H. Lee,,,,
k_league_1_2026,2026-04-12,7,Gimcheon Sangmu FC,FC Anyang,1,1,69,,substitution,,False,,,B. Herculano,M. Oliveira,,,,
k_league_1_2026,2026-04-12,7,Gimcheon Sangmu FC,FC Anyang,1,1,69,,substitution,,False,,,K. Han,D. J. Kim,,,,
k_league_1_2026,2026-04-12,7,Gimcheon Sangmu FC,FC Anyang,1,1,64,,substitution,,False,,,J. Park,G. Choi,,,,
k_league_1_2026,2026-04-12,7,Gimcheon Sangmu FC,FC Anyang,1,1,58,,goal,Y. C. Kim,False,,,,,,,0,1
k_league_1_2026,2026-04-12,7,Gimcheon Sangmu FC,FC Anyang,1,1,45,,period,,,,,,,HT,,0,0
k_league_1_2026,2026-04-12,7,Gimcheon Sangmu FC,FC Anyang,1,1,45,,card,Tae-hwan Kim,True,yellow,,,,,,,
k_league_1_2026,2026-04-12,7,Gimcheon Sangmu FC,FC Anyang,1,1,45,,injuryTime,,,,,,,,2,,
k_league_1_2026,2026-04-12,7,Gimcheon Sangmu FC,FC Anyang,1,1,30,,card,K. H. Lee,True,yellow,,,,,,,
k_league_1_2026,2026-04-12,7,Gimcheon Sangmu FC,FC Anyang,1,1,27,,card,D. J. Kim,False,yellow,,,,,,,
k_league_1_2026,2026-04-12,7,Gimcheon Sangmu FC,FC Anyang,1,1,26,,card,T. Park,True,yellow,,,,,,,
k_league_1_2026,2026-04-12,7,Daejeon Hana Citizen,Gangwon FC,0,2,90,,period,,,,,,,FT,,0,2
k_league_1_2026,2026-04-12,7,Daejeon Hana Citizen,Gangwon FC,0,2,90,,card,K. Joon-hyuk,False,yellow,,,,,,,
k_league_1_2026,2026-04-12,7,Daejeon Hana Citizen,Gangwon FC,0,2,90,,goal,M. Kim,False,,,,,,,0,2
k_league_1_2026,2026-04-12,7,Daejeon Hana Citizen,Gangwon FC,0,2,90,,substitution,,False,,,S. Min-Ha,D. Kim,,,,
k_league_1_2026,2026-04-12,7,Daejeon Hana Citizen,Gangwon FC,0,2,90,,injuryTime,,,,,,,,4,,
k_league_1_2026,2026-04-12,7,Daejeon Hana Citizen,Gangwon FC,0,2,83,,substitution,,True,,,H. Lee,J. Victor,,,,
k_league_1_2026,2026-04-12,7,Daejeon Hana Citizen,Gangwon FC,0,2,77,,substitution,,False,,,S. W. Lee,M. Seo,,,,
k_league_1_2026,2026-04-12,7,Daejeon Hana Citizen,Gangwon FC,0,2,72,,substitution,,True,,,K. H. Yu,M. Ishida,,,,
k_league_1_2026,2026-04-12,7,Daejeon Hana Citizen,Gangwon FC,0,2,66,,substitution,,False,,,G. Kim,B. Choi,,,,
k_league_1_2026,2026-04-12,7,Daejeon Hana Citizen,Gangwon FC,0,2,65,,substitution,,False,,,A. Halaihal,Y. Goh,,,,
k_league_1_2026,2026-04-12,7,Daejeon Hana Citizen,Gangwon FC,0,2,65,,substitution,,True,,,H. U. Kim,G. Ludwigson,,,,
k_league_1_2026,2026-04-12,7,Daejeon Hana Citizen,Gangwon FC,0,2,59,,card,Y. Lee,False,yellow,,,,,,,
k_league_1_2026,2026-04-12,7,Daejeon Hana Citizen,Gangwon FC,0,2,46,,substitution,,True,,,K. Bong-Soo,S. Lee,,,,
k_league_1_2026,2026-04-12,7,Daejeon Hana Citizen,Gangwon FC,0,2,46,,substitution,,True,,,J. Victor,J. Jeong,,,,
k_league_1_2026,2026-04-12,7,Daejeon Hana Citizen,Gangwon FC,0,2,45,,period,,,,,,,HT,,0,1
k_league_1_2026,2026-04-12,7,Daejeon Hana Citizen,Gangwon FC,0,2,45,,injuryTime,,,,,,,,2,,
k_league_1_2026,2026-04-12,7,Daejeon Hana Citizen,Gangwon FC,0,2,34,,goal,D. Kim,False,,,,,,,0,1
k_league_1_2026,2026-04-12,7,Daejeon Hana Citizen,Gangwon FC,0,2,25,,card,D. Kim,False,yellow,,,,,,,
k_league_1_2026,2026-04-11,7,Incheon United,Ulsan HD,1,2,90,,period,,,,,,,FT,,1,2
k_league_1_2026,2026-04-11,7,Incheon United,Ulsan HD,1,2,90,8,card,S. Mugoša,True,yellow,Foul,,,,,,
k_league_1_2026,2026-04-11,7,Incheon United,Ulsan HD,1,2,90,5,goal,Marcão,False,,,,,,,1,2
k_league_1_2026,2026-04-11,7,Incheon United,Ulsan HD,1,2,90,1,card,M. Trojak,False,yellow,Time wasting,,,,,,
k_league_1_2026,2026-04-11,7,Incheon United,Ulsan HD,1,2,90,,injuryTime,,,,,,,,6,,
k_league_1_2026,2026-04-11,7,Incheon United,Ulsan HD,1,2,86,,substitution,,True,,,Y. Seung-Won,K. Myung-Sun,,,,
k_league_1_2026,2026-04-11,7,Incheon United,Ulsan HD,1,2,83,,substitution,,False,,,Marcão,Yago,,,,
k_league_1_2026,2026-04-11,7,Incheon United,Ulsan HD,1,2,82,,card,B. Michel,False,yellow,Foul,,,,,,
k_league_1_2026,2026-04-11,7,Incheon United,Ulsan HD,1,2,78,,substitution,,False,,,J. Si-Young,D. G. Lee,,,,
k_league_1_2026,2026-04-11,7,Incheon United,Ulsan HD,1,2,78,,substitution,,False,,,S. Shim,C. Seok-Hyun,,,,
k_league_1_2026,2026-04-11,7,Incheon United,Ulsan HD,1,2,71,,goal,S. Mugoša,True,,,,,,,1,1
k_league_1_2026,2026-04-11,7,Incheon United,Ulsan HD,1,2,62,,substitution,,False,,,M. Trojak,L. Jin-hyun,,,,
k_league_1_2026,2026-04-11,7,Incheon United,Ulsan HD,1,2,60,,substitution,,True,,,G. Fernandes,D. Lee,,,,
k_league_1_2026,2026-04-11,7,Incheon United,Ulsan HD,1,2,46,,substitution,,False,,,B. Michel,H. Lee,,,,
k_league_1_2026,2026-04-11,7,Incheon United,Ulsan HD,1,2,45,,period,,,,,,,HT,,0,1
k_league_1_2026,2026-04-11,7,Incheon United,Ulsan HD,1,2,45,,injuryTime,,,,,,,,2,,
k_league_1_2026,2026-04-11,7,Incheon United,Ulsan HD,1,2,34,,substitution,,True,,,C. Y. Lee,P. Seung-Ho,,,,
k_league_1_2026,2026-04-11,7,Incheon United,Ulsan HD,1,2,34,,substitution,,True,,,M. Ferrier,H. S. Oh,,,,
k_league_1_2026,2026-04-11,7,Incheon United,Ulsan HD,1,2,23,,goal,Yago,False,,,,,,,0,1
k_league_1_2026,2026-04-11,7,Incheon United,Ulsan HD,1,2,0,,card,Yago,False,yellow,,,,,,,
k_league_1_2026,2026-04-11,7,Gwangju FC,Bucheon FC 1995,0,1,90,,period,,,,,,,FT,,0,1
k_league_1_2026,2026-04-11,7,Gwangju FC,Bucheon FC 1995,0,1,90,,injuryTime,,,,,,,,4,,
k_league_1_2026,2026-04-11,7,Gwangju FC,Bucheon FC 1995,0,1,87,,substitution,,False,,,L. Sang-hyeok,S. Kim,,,,
k_league_1_2026,2026-04-11,7,Gwangju FC,Bucheon FC 1995,0,1,83,,substitution,,False,,,M. J. Kim,J. Montaño,,,,
k_league_1_2026,2026-04-11,7,Gwangju FC,Bucheon FC 1995,0,1,76,,substitution,,True,,,S. Y. Gwon,M. Lee,,,,
k_league_1_2026,2026-04-11,7,Gwangju FC,Bucheon FC 1995,0,1,76,,substitution,,True,,,K. Yun-Ho,H. An,,,,
k_league_1_2026,2026-04-11,7,Gwangju FC,Bucheon FC 1995,0,1,69,,substitution,,True,,,K. Choi,J. Jeong,,,,
k_league_1_2026,2026-04-11,7,Gwangju FC,Bucheon FC 1995,0,1,64,,substitution,,False,,,T. Santos,J. W. Shin,,,,
k_league_1_2026,2026-04-11,7,Gwangju FC,Bucheon FC 1995,0,1,57,,card,S. J. Ju,True,yellow,,,,,,,
k_league_1_2026,2026-04-11,7,Gwangju FC,Bucheon FC 1995,0,1,54,,goal,Galego,False,,,,,,,0,1
k_league_1_2026,2026-04-11,7,Gwangju FC,Bucheon FC 1995,0,1,47,,card,J. Kim,True,yellow,,,,,,,
k_league_1_2026,2026-04-11,7,Gwangju FC,Bucheon FC 1995,0,1,46,,substitution,,False,,,Gabriel,J. H. Han,,,,
k_league_1_2026,2026-04-11,7,Gwangju FC,Bucheon FC 1995,0,1,46,,substitution,,False,,,K. Takahashi,B. G. Yoon,,,,
k_league_1_2026,2026-04-11,7,Gwangju FC,Bucheon FC 1995,0,1,45,,period,,,,,,,HT,,0,0
k_league_1_2026,2026-04-11,7,Gwangju FC,Bucheon FC 1995,0,1,45,,injuryTime,,,,,,,,3,,
k_league_1_2026,2026-04-11,7,Gwangju FC,Bucheon FC 1995,0,1,25,,card,T. H. Ahn,False,yellow,,,,,,,
k_league_1_2026,2026-04-11,7,Gwangju FC,Bucheon FC 1995,0,1,22,,substitution,,True,,,S. J. Ju,Y. Je-ho,,,,
k_league_1_2026,2026-04-11,7,Pohang Steelers,Jeju SK,0,2,90,,period,,,,,,,FT,,0,2
k_league_1_2026,2026-04-11,7,Pohang Steelers,Jeju SK,0,2,90,,injuryTime,,,,,,,,4,,
k_league_1_2026,2026-04-11,7,Pohang Steelers,Jeju SK,0,2,86,,substitution,,False,,,C. Byung-Wook,Emerson Ramon,,,,
k_league_1_2026,2026-04-11,7,Pohang Steelers,Jeju SK,0,2,83,,card,J. Kim,False,yellow,,,,,,,
k_league_1_2026,2026-04-11,7,Pohang Steelers,Jeju SK,0,2,76,,card,Y. Kim,True,yellow,,,,,,,
k_league_1_2026,2026-04-11,7,Pohang Steelers,Jeju SK,0,2,75,,substitution,,True,,,Wanderson,H. Seo-woong,,,,
k_league_1_2026,2026-04-11,7,Pohang Steelers,Jeju SK,0,2,68,,substitution,,False,,,C. Kwon,K. Jun-Ha,,,,
k_league_1_2026,2026-04-11,7,Pohang Steelers,Jeju SK,0,2,66,,substitution,,True,,,Y. Kim,J. Rocha,,,,
k_league_1_2026,2026-04-11,7,Pohang Steelers,Jeju SK,0,2,59,,card,J. Celestine,False,yellow,,,,,,,
k_league_1_2026,2026-04-11,7,Pohang Steelers,Jeju SK,0,2,53,,substitution,,False,,,C. J. Park,S. Sang-Eun,,,,
k_league_1_2026,2026-04-11,7,Pohang Steelers,Jeju SK,0,2,46,,substitution,,True,,,K. Ye-Sung,J. Teixeira,,,,
k_league_1_2026,2026-04-11,7,Pohang Steelers,Jeju SK,0,2,46,,substitution,,True,,,H. M. Jung,K. Nishiya,,,,
k_league_1_2026,2026-04-11,7,Pohang Steelers,Jeju SK,0,2,46,,substitution,,True,,,S. Y. Ki,S. Kim,,,,
k_league_1_2026,2026-04-11,7,Pohang Steelers,Jeju SK,0,2,45,,period,,,,,,,HT,,0,2
k_league_1_2026,2026-04-11,7,Pohang Steelers,Jeju SK,0,2,45,,injuryTime,,,,,,,,3,,
k_league_1_2026,2026-04-11,7,Pohang Steelers,Jeju SK,0,2,29,,card,C. Y. Park,True,yellow,,,,,,,
k_league_1_2026,2026-04-11,7,Pohang Steelers,Jeju SK,0,2,27,,goal,S. Sang-Eun,False,,,,,,,0,2
k_league_1_2026,2026-04-11,7,Pohang Steelers,Jeju SK,0,2,17,,goal,M. Jang,False,,,,,,,0,1
k_league_1_2026,2026-04-11,7,FC Seoul,Jeonbuk Hyundai Motors,1,0,90,,period,,,,,,,FT,,1,0
k_league_1_2026,2026-04-11,7,FC Seoul,Jeonbuk Hyundai Motors,1,0,90,,goal,P. Klimala,True,,,,,,,1,0
k_league_1_2026,2026-04-11,7,FC Seoul,Jeonbuk Hyundai Motors,1,0,90,,injuryTime,,,,,,,,4,,
k_league_1_2026,2026-04-11,7,FC Seoul,Jeonbuk Hyundai Motors,1,0,83,,substitution,,False,,,Y. J. Lee,D. J. Lee,,,,
k_league_1_2026,2026-04-11,7,FC Seoul,Jeonbuk Hyundai Motors,1,0,83,,card,T. H. Kim,False,yellow,,,,,,,
k_league_1_2026,2026-04-11,7,FC Seoul,Jeonbuk Hyundai Motors,1,0,75,,substitution,,True,,,M. Seon-min,S. Jeong,,,,
k_league_1_2026,2026-04-11,7,FC Seoul,Jeonbuk Hyundai Motors,1,0,70,,substitution,,False,,,S. U. Maeng,S. S. Kim,,,,
k_league_1_2026,2026-04-11,7,FC Seoul,Jeonbuk Hyundai Motors,1,0,70,,substitution,,False,,,T. Orobó,B. Mota,,,,
k_league_1_2026,2026-04-11,7,FC Seoul,Jeonbuk Hyundai Motors,1,0,46,,substitution,,False,,,S. Lee,J. Kim,,,,
k_league_1_2026,2026-04-11,7,FC Seoul,Jeonbuk Hyundai Motors,1,0,46,,substitution,,True,,,J. Son,S. Lee,,,,
k_league_1_2026,2026-04-11,7,FC Seoul,Jeonbuk Hyundai Motors,1,0,45,,period,,,,,,,HT,,0,0
k_league_1_2026,2026-04-11,7,FC Seoul,Jeonbuk Hyundai Motors,1,0,45,,varDecision,D. J. Lee,False,,,,,,,,
k_league_1_2026,2026-04-11,7,FC Seoul,Jeonbuk Hyundai Motors,1,0,45,,injuryTime,,,,,,,,1,,
k_league_1_2026,2026-04-05,6,Incheon United,Gimcheon Sangmu FC,2,1,90,,period,,,,,,,FT,,2,1
k_league_1_2026,2026-04-05,6,Incheon United,Gimcheon Sangmu FC,2,1,90,,card,D. H. Kim,True,yellow,,,,,,,
k_league_1_2026,2026-04-05,6,Incheon United,Gimcheon Sangmu FC,2,1,90,,injuryTime,,,,,,,,4,,
k_league_1_2026,2026-04-05,6,Incheon United,Gimcheon Sangmu FC,2,1,88,,card,Y. Jae-Seok,False,yellow,,,,,,,
k_league_1_2026,2026-04-05,6,Incheon United,Gimcheon Sangmu FC,2,1,84,,substitution,,True,,,M. Ferrier,S. Mugoša,,,,
k_league_1_2026,2026-04-05,6,Incheon United,Gimcheon Sangmu FC,2,1,81,,substitution,,False,,,J. Jae-Min,K. H. Lee,,,,
k_league_1_2026,2026-04-05,6,Incheon United,Gimcheon Sangmu FC,2,1,74,,substitution,,True,,,I. Undabarrena,M. J. Lee,,,,
k_league_1_2026,2026-04-05,6,Incheon United,Gimcheon Sangmu FC,2,1,74,,substitution,,True,,,C. I. Jeong,H. S. Oh,,,,
k_league_1_2026,2026-04-05,6,Incheon United,Gimcheon Sangmu FC,2,1,68,,substitution,,False,,,J. Byung-Kwan,J. Go,,,,
k_league_1_2026,2026-04-05,6,Incheon United,Gimcheon Sangmu FC,2,1,59,,substitution,,True,,,G. Fernandes,D. Lee,,,,
k_league_1_2026,2026-04-05,6,Incheon United,Gimcheon Sangmu FC,2,1,56,,goal,J. Go,False,,,,,,,2,1
k_league_1_2026,2026-04-05,6,Incheon United,Gimcheon Sangmu FC,2,1,47,,card,K. H. Lee,False,yellow,,,,,,,
k_league_1_2026,2026-04-05,6,Incheon United,Gimcheon Sangmu FC,2,1,46,,substitution,,False,,,S. B. Lee,K. Lee-Seok,,,,
k_league_1_2026,2026-04-05,6,Incheon United,Gimcheon Sangmu FC,2,1,46,,substitution,,False,,,Y. Jae-Seok,S. Park,,,,
k_league_1_2026,2026-04-05,6,Incheon United,Gimcheon Sangmu FC,2,1,46,,substitution,,False,,,Y. Hong,I. Kim,,,,
k_league_1_2026,2026-04-05,6,Incheon United,Gimcheon Sangmu FC,2,1,46,,substitution,,True,,,C. Y. Lee,P. Seung-Ho,,,,
k_league_1_2026,2026-04-05,6,Incheon United,Gimcheon Sangmu FC,2,1,45,,period,,,,,,,HT,,2,0
k_league_1_2026,2026-04-05,6,Incheon United,Gimcheon Sangmu FC,2,1,45,,goal,S. Mugoša,True,,,,,,,2,0
k_league_1_2026,2026-04-05,6,Incheon United,Gimcheon Sangmu FC,2,1,45,,varDecision,M. J. Lee,True,,,,,,,,
k_league_1_2026,2026-04-05,6,Incheon United,Gimcheon Sangmu FC,2,1,45,,card,K. Lee-Seok,False,yellow,,,,,,,
k_league_1_2026,2026-04-05,6,Incheon United,Gimcheon Sangmu FC,2,1,45,,injuryTime,,,,,,,,5,,
k_league_1_2026,2026-04-05,6,Incheon United,Gimcheon Sangmu FC,2,1,36,,varDecision,S. Mugoša,True,,,,,,,,
k_league_1_2026,2026-04-05,6,Incheon United,Gimcheon Sangmu FC,2,1,25,,varDecision,K. Lee-Seok,False,,,,,,,,
k_league_1_2026,2026-04-05,6,Incheon United,Gimcheon Sangmu FC,2,1,10,,goal,S. Mugoša,True,,,,,,,1,0
k_league_1_2026,2026-04-05,6,FC Anyang,FC Seoul,1,1,90,,period,,,,,,,FT,,1,1
k_league_1_2026,2026-04-05,6,FC Anyang,FC Seoul,1,1,90,,injuryTime,,,,,,,,9,,
k_league_1_2026,2026-04-05,6,FC Anyang,FC Seoul,1,1,84,,substitution,,True,,,B. K. Kim,M. Oliveira,,,,
k_league_1_2026,2026-04-05,6,FC Anyang,FC Seoul,1,1,78,,substitution,,False,,,M. Seon-min,S. Jeong,,,,
k_league_1_2026,2026-04-05,6,FC Anyang,FC Seoul,1,1,78,,goal,Airton,True,,,,,,,1,1
k_league_1_2026,2026-04-05,6,FC Anyang,FC Seoul,1,1,76,,substitution,,True,,,H. Chae,G. Choi,,,,
k_league_1_2026,2026-04-05,6,FC Anyang,FC Seoul,1,1,73,,card,S. Park,False,yellow,Time wasting,,,,,,
k_league_1_2026,2026-04-05,6,FC Anyang,FC Seoul,1,1,71,,card,H. Babec,False,yellow,Argument,,,,,,
k_league_1_2026,2026-04-05,6,FC Anyang,FC Seoul,1,1,70,,card,K. W. Kwon,True,yellow,Foul,,,,,,
k_league_1_2026,2026-04-05,6,FC Anyang,FC Seoul,1,1,69,,substitution,,False,,,J. Son,L. Seung-mo,,,,
k_league_1_2026,2026-04-05,6,FC Anyang,FC Seoul,1,1,69,,substitution,,True,,,J. Park,U. Kim,,,,
k_league_1_2026,2026-04-05,6,FC Anyang,FC Seoul,1,1,67,,card,J. Ros,False,yellow,Foul,,,,,,
k_league_1_2026,2026-04-05,6,FC Anyang,FC Seoul,1,1,65,,card,T. H. Lee,True,yellow,Foul,,,,,,
k_league_1_2026,2026-04-05,6,FC Anyang,FC Seoul,1,1,46,,substitution,,False,,,S. Park,Y. Al-Arab,,,,
k_league_1_2026,2026-04-05,6,FC Anyang,FC Seoul,1,1,46,,substitution,,False,,,C. Young-wook,L. Ruiz,,,,
k_league_1_2026,2026-04-05,6,FC Anyang,FC Seoul,1,1,46,,substitution,,True,,,Y. C. Kim,K. Han,,,,
k_league_1_2026,2026-04-05,6,FC Anyang,FC Seoul,1,1,46,,substitution,,True,,,Airton,J. H. Kang,,,,
k_league_1_2026,2026-04-05,6,FC Anyang,FC Seoul,1,1,45,,period,,,,,,,HT,,0,1
k_league_1_2026,2026-04-05,6,FC Anyang,FC Seoul,1,1,45,,goal,P. Klimala,False,,,,,,,0,1
k_league_1_2026,2026-04-05,6,FC Anyang,FC Seoul,1,1,45,,injuryTime,,,,,,,,3,,
k_league_1_2026,2026-04-05,6,FC Anyang,FC Seoul,1,1,35,,card,G. Choi,True,yellow,Persistent fouling,,,,,,
k_league_1_2026,2026-04-05,6,FC Anyang,FC Seoul,1,1,0,,card,G. D. Kim,False,yellow,Argument,,,,,,
k_league_1_2026,2026-04-04,6,Pohang Steelers,Daejeon Hana Citizen,1,0,90,,period,,,,,,,FT,,1,0
k_league_1_2026,2026-04-04,6,Pohang Steelers,Daejeon Hana Citizen,1,0,90,2,substitution,,True,,,K. Shin,K. Ye-Sung,,,,
k_league_1_2026,2026-04-04,6,Pohang Steelers,Daejeon Hana Citizen,1,0,90,,injuryTime,,,,,,,,4,,
k_league_1_2026,2026-04-04,6,Pohang Steelers,Daejeon Hana Citizen,1,0,83,,substitution,,False,,,M. Kim,Y. Kang,,,,
k_league_1_2026,2026-04-04,6,Pohang Steelers,Daejeon Hana Citizen,1,0,78,,substitution,,False,,,M. Ishida,G. Ludwigson,,,,
k_league_1_2026,2026-04-04,6,Pohang Steelers,Daejeon Hana Citizen,1,0,78,,substitution,,False,,,S. Lee,H. Lee,,,,
k_league_1_2026,2026-04-04,6,Pohang Steelers,Daejeon Hana Citizen,1,0,72,,substitution,,True,,,J. Tranziska,S. Kim,,,,
k_league_1_2026,2026-04-04,6,Pohang Steelers,Daejeon Hana Citizen,1,0,71,,substitution,,True,,,D. Kim,H. Seo-woong,,,,
k_league_1_2026,2026-04-04,6,Pohang Steelers,Daejeon Hana Citizen,1,0,66,,card,J. Eo,True,yellow,Foul,,,,,,
k_league_1_2026,2026-04-04,6,Pohang Steelers,Daejeon Hana Citizen,1,0,59,,substitution,,True,,,S. Y. Ki,K. Nishiya,,,,
k_league_1_2026,2026-04-04,6,Pohang Steelers,Daejeon Hana Citizen,1,0,46,,substitution,,False,,,W.S. Um,H. U. Kim,,,,
k_league_1_2026,2026-04-04,6,Pohang Steelers,Daejeon Hana Citizen,1,0,46,,substitution,,True,,,Y. Kim,J. Rocha,,,,
k_league_1_2026,2026-04-04,6,Pohang Steelers,Daejeon Hana Citizen,1,0,45,,period,,,,,,,HT,,1,0
k_league_1_2026,2026-04-04,6,Pohang Steelers,Daejeon Hana Citizen,1,0,45,,injuryTime,,,,,,,,10,,
k_league_1_2026,2026-04-04,6,Pohang Steelers,Daejeon Hana Citizen,1,0,35,,substitution,,False,,,M. K. Ju,J. Victor,,,,
k_league_1_2026,2026-04-04,6,Pohang Steelers,Daejeon Hana Citizen,1,0,29,,goal,L. Ho-jae,True,,,,,,,1,0
k_league_1_2026,2026-04-04,6,Pohang Steelers,Daejeon Hana Citizen,1,0,26,,card,Diogo Oliveira,False,red,Foul,,,,,,
k_league_1_2026,2026-04-04,6,Pohang Steelers,Daejeon Hana Citizen,1,0,25,,varDecision,J. Rocha,True,,,,,,,,
k_league_1_2026,2026-04-04,6,Pohang Steelers,Daejeon Hana Citizen,1,0,15,,card,J. Seong-Kwon,False,yellow,Foul,,,,,,
k_league_1_2026,2026-04-04,6,Pohang Steelers,Daejeon Hana Citizen,1,0,10,,varDecision,L. Ho-jae,True,,,,,,,,
k_league_1_2026,2026-04-04,6,Pohang Steelers,Daejeon Hana Citizen,1,0,0,,card,Seon-hong Hwang,False,yellow,Argument,,,,,,
k_league_1_2026,2026-04-04,6,Gangwon FC,Gwangju FC,3,0,90,,period,,,,,,,FT,,3,0
k_league_1_2026,2026-04-04,6,Gangwon FC,Gwangju FC,3,0,90,,injuryTime,,,,,,,,5,,
k_league_1_2026,2026-04-04,6,Gangwon FC,Gwangju FC,3,0,88,,substitution,,True,,,S. Min-Ha,G. Lee,,,,
k_league_1_2026,2026-04-04,6,Gangwon FC,Gwangju FC,3,0,85,,card,D. Kim,True,yellow,,,,,,,
k_league_1_2026,2026-04-04,6,Gangwon FC,Gwangju FC,3,0,83,,card,P. Sung-Hyun,False,yellow,Foul,,,,,,
k_league_1_2026,2026-04-04,6,Gangwon FC,Gwangju FC,3,0,82,,substitution,,False,,,P. Sung-Hyun,Y. Ahn,,,,
k_league_1_2026,2026-04-04,6,Gangwon FC,Gwangju FC,3,0,80,,card,G. Bae-Hyeon,False,yellow,Foul,,,,,,
k_league_1_2026,2026-04-04,6,Gangwon FC,Gwangju FC,3,0,75,,substitution,,True,,,S. W. Lee,M. Seo,,,,
k_league_1_2026,2026-04-04,6,Gangwon FC,Gwangju FC,3,0,75,,substitution,,True,,,A. Halaihal,Y. Goh,,,,
k_league_1_2026,2026-04-04,6,Gangwon FC,Gwangju FC,3,0,75,,substitution,,True,,,P. Sang-Hyeok,B. Choi,,,,
k_league_1_2026,2026-04-04,6,Gangwon FC,Gwangju FC,3,0,73,,card,Y. Lee,True,yellow,Foul,,,,,,
k_league_1_2026,2026-04-04,6,Gangwon FC,Gwangju FC,3,0,68,,substitution,,True,,,K. Do-Hyun,S. Jun-Seok,,,,
k_league_1_2026,2026-04-04,6,Gangwon FC,Gwangju FC,3,0,64,,card,Y. Ahn,False,yellow,Foul,,,,,,
k_league_1_2026,2026-04-04,6,Gangwon FC,Gwangju FC,3,0,62,,substitution,,False,,,G. Bae-Hyeon,Y. Kim,,,,
k_league_1_2026,2026-04-04,6,Gangwon FC,Gwangju FC,3,0,56,,substitution,,False,,,H. An,M. Lee,,,,
k_league_1_2026,2026-04-04,6,Gangwon FC,Gwangju FC,3,0,56,,substitution,,False,,,J. Jeong,K. Hui-Su,,,,
k_league_1_2026,2026-04-04,6,Gangwon FC,Gwangju FC,3,0,54,,goal,Y. Lee,True,,,,,,,3,0
k_league_1_2026,2026-04-04,6,Gangwon FC,Gwangju FC,3,0,46,,substitution,,False,,,H. A. Friðjónsson,J. I. Park,,,,
k_league_1_2026,2026-04-04,6,Gangwon FC,Gwangju FC,3,0,45,,period,,,,,,,HT,,2,0
k_league_1_2026,2026-04-04,6,Gangwon FC,Gwangju FC,3,0,45,,injuryTime,,,,,,,,3,,
k_league_1_2026,2026-04-04,6,Gangwon FC,Gwangju FC,3,0,38,,card,M. Seo,True,yellow,Foul,,,,,,
k_league_1_2026,2026-04-04,6,Gangwon FC,Gwangju FC,3,0,15,,varDecision,B. Choi,True,,,,,,,,
k_league_1_2026,2026-04-04,6,Gangwon FC,Gwangju FC,3,0,13,,goal,J. H. Mo,True,,,,,,,2,0
k_league_1_2026,2026-04-04,6,Gangwon FC,Gwangju FC,3,0,10,,goal,M. Tuci,True,,,,,,,1,0
k_league_1_2026,2026-04-04,6,Gangwon FC,Gwangju FC,3,0,0,,card,J. Lee,False,yellow,Argument,,,,,,
k_league_1_2026,2026-04-04,6,Jeonbuk Hyundai Motors,Ulsan HD,2,0,90,,period,,,,,,,FT,,2,0
k_league_1_2026,2026-04-04,6,Jeonbuk Hyundai Motors,Ulsan HD,2,0,90,,goal,S. Lee,True,,,,,,,2,0
k_league_1_2026,2026-04-04,6,Jeonbuk Hyundai Motors,Ulsan HD,2,0,90,,substitution,,True,,,T. Orobó,B. Mota,,,,
k_league_1_2026,2026-04-04,6,Jeonbuk Hyundai Motors,Ulsan HD,2,0,90,,substitution,,True,,,Y. J. Lee,D. J. Lee,,,,
k_league_1_2026,2026-04-04,6,Jeonbuk Hyundai Motors,Ulsan HD,2,0,90,,injuryTime,,,,,,,,5,,
k_league_1_2026,2026-04-04,6,Jeonbuk Hyundai Motors,Ulsan HD,2,0,89,,card,H. T. Cho,False,yellow,,,,,,,
k_league_1_2026,2026-04-04,6,Jeonbuk Hyundai Motors,Ulsan HD,2,0,87,,card,Y. Kim,True,yellow,,,,,,,
k_league_1_2026,2026-04-04,6,Jeonbuk Hyundai Motors,Ulsan HD,2,0,84,,substitution,,False,,,Pedrinho,H. Lee,,,,
k_league_1_2026,2026-04-04,6,Jeonbuk Hyundai Motors,Ulsan HD,2,0,80,,substitution,,False,,,L. Min-Hyeok,D. Bojanic,,,,
k_league_1_2026,2026-04-04,6,Jeonbuk Hyundai Motors,Ulsan HD,2,0,78,,substitution,,False,,,J. Yoon,C. Seok-Hyun,,,,
k_league_1_2026,2026-04-04,6,Jeonbuk Hyundai Motors,Ulsan HD,2,0,78,,substitution,,False,,,B. Michel,J. Lee,,,,
k_league_1_2026,2026-04-04,6,Jeonbuk Hyundai Motors,Ulsan HD,2,0,78,,substitution,,False,,,Y. Heo,Yago,,,,
k_league_1_2026,2026-04-04,6,Jeonbuk Hyundai Motors,Ulsan HD,2,0,76,,substitution,,True,,,S. U. Maeng,S. S. Kim,,,,
k_league_1_2026,2026-04-04,6,Jeonbuk Hyundai Motors,Ulsan HD,2,0,76,,substitution,,True,,,J. Yeon,W. Cho,,,,
k_league_1_2026,2026-04-04,6,Jeonbuk Hyundai Motors,Ulsan HD,2,0,56,,card,J. Lee,False,yellow,,,,,,,
k_league_1_2026,2026-04-04,6,Jeonbuk Hyundai Motors,Ulsan HD,2,0,56,,card,T. H. Kim,True,yellow,,,,,,,
k_league_1_2026,2026-04-04,6,Jeonbuk Hyundai Motors,Ulsan HD,2,0,55,,substitution,,True,,,S. Lee,J. Kim,,,,
k_league_1_2026,2026-04-04,6,Jeonbuk Hyundai Motors,Ulsan HD,2,0,45,,period,,,,,,,HT,,1,0
k_league_1_2026,2026-04-04,6,Jeonbuk Hyundai Motors,Ulsan HD,2,0,45,,injuryTime,,,,,,,,2,,
k_league_1_2026,2026-04-04,6,Jeonbuk Hyundai Motors,Ulsan HD,2,0,20,,card,K. S. Lee,False,yellow,,,,,,,
k_league_1_2026,2026-04-04,6,Jeonbuk Hyundai Motors,Ulsan HD,2,0,9,,goal,W. Cho,True,,,,,,,1,0
k_league_1_2026,2026-04-04,6,Jeju SK,Bucheon FC 1995,1,0,90,,period,,,,,,,FT,,1,0
k_league_1_2026,2026-04-04,6,Jeju SK,Bucheon FC 1995,1,0,90,,card,Italo,True,yellow,,,,,,,
k_league_1_2026,2026-04-04,6,Jeju SK,Bucheon FC 1995,1,0,90,,substitution,,False,,,C. Lee,Galego,,,,
k_league_1_2026,2026-04-04,6,Jeju SK,Bucheon FC 1995,1,0,90,,injuryTime,,,,,,,,5,,
k_league_1_2026,2026-04-04,6,Jeju SK,Bucheon FC 1995,1,0,88,,substitution,,True,,,J. In-Jung,R. Kim,,,,
k_league_1_2026,2026-04-04,6,Jeju SK,Bucheon FC 1995,1,0,88,,substitution,,True,,,C. Byung-Wook,Emerson Ramon,,,,
k_league_1_2026,2026-04-04,6,Jeju SK,Bucheon FC 1995,1,0,88,,substitution,,False,,,J. W. Shin,T. H. Ahn,,,,
k_league_1_2026,2026-04-04,6,Jeju SK,Bucheon FC 1995,1,0,79,,substitution,,True,,,G.U. Kim,J. Kim,,,,
k_league_1_2026,2026-04-04,6,Jeju SK,Bucheon FC 1995,1,0,72,,substitution,,True,,,C. Kwon,K. Jun-Ha,,,,
k_league_1_2026,2026-04-04,6,Jeju SK,Bucheon FC 1995,1,0,72,,substitution,,True,,,K. Shin-jin,S. Sang-Eun,,,,
k_league_1_2026,2026-04-04,6,Jeju SK,Bucheon FC 1995,1,0,69,,card,J. Celestine,True,yellow,,,,,,,
k_league_1_2026,2026-04-04,6,Jeju SK,Bucheon FC 1995,1,0,63,,substitution,,False,,,Gabriel,L. Eui-Hyeong,,,,
k_league_1_2026,2026-04-04,6,Jeju SK,Bucheon FC 1995,1,0,63,,substitution,,False,,,Rodrigo,K. Takahashi,,,,
k_league_1_2026,2026-04-04,6,Jeju SK,Bucheon FC 1995,1,0,46,,substitution,,False,,,K. Hyeon-Yeob,H. K. Kim,,,,
k_league_1_2026,2026-04-04,6,Jeju SK,Bucheon FC 1995,1,0,45,,period,,,,,,,HT,,1,0
k_league_1_2026,2026-04-04,6,Jeju SK,Bucheon FC 1995,1,0,45,,varDecision,L. Eui-Hyeong,False,,,,,,,,
k_league_1_2026,2026-04-04,6,Jeju SK,Bucheon FC 1995,1,0,45,,card,L. Eui-Hyeong,False,yellow,,,,,,,
k_league_1_2026,2026-04-04,6,Jeju SK,Bucheon FC 1995,1,0,45,,injuryTime,,,,,,,,6,,
k_league_1_2026,2026-04-04,6,Jeju SK,Bucheon FC 1995,1,0,21,,goal,J. Celestine,True,,,,,,,1,0
k_league_1_2026,2026-03-28,2,Pohang Steelers,Gangwon FC,1,0,90,,period,,,,,,,FT,,1,0
k_league_1_2026,2026-03-28,2,Pohang Steelers,Gangwon FC,1,0,90,,card,I. Hwang,True,yellow,,,,,,,
k_league_1_2026,2026-03-28,2,Pohang Steelers,Gangwon FC,1,0,90,,varDecision,J. Eo,True,,,,,,,,
k_league_1_2026,2026-03-28,2,Pohang Steelers,Gangwon FC,1,0,90,,injuryTime,,,,,,,,6,,
k_league_1_2026,2026-03-28,2,Pohang Steelers,Gangwon FC,1,0,88,,substitution,,True,,,D. Kim,S. Kim,,,,
k_league_1_2026,2026-03-28,2,Pohang Steelers,Gangwon FC,1,0,86,,substitution,,False,,,H. Y. Park,K. Do-Hyun,,,,
k_league_1_2026,2026-03-28,2,Pohang Steelers,Gangwon FC,1,0,80,,substitution,,False,,,B. Choi,D. Kim,,,,
k_league_1_2026,2026-03-28,2,Pohang Steelers,Gangwon FC,1,0,73,,substitution,,True,,,J. Tranziska,J. Teixeira,,,,
k_league_1_2026,2026-03-28,2,Pohang Steelers,Gangwon FC,1,0,73,,substitution,,True,,,S. Y. Ki,H. Seo-woong,,,,
k_league_1_2026,2026-03-28,2,Pohang Steelers,Gangwon FC,1,0,71,,goal,L. Ho-jae,True,,,,,,,1,0
k_league_1_2026,2026-03-28,2,Pohang Steelers,Gangwon FC,1,0,64,,card,Y. Lee,False,yellow,,,,,,,
k_league_1_2026,2026-03-28,2,Pohang Steelers,Gangwon FC,1,0,61,,substitution,,False,,,P. Sang-Hyeok,A. Halaihal,,,,
k_league_1_2026,2026-03-28,2,Pohang Steelers,Gangwon FC,1,0,61,,substitution,,False,,,M. Seo,S. W. Lee,,,,
k_league_1_2026,2026-03-28,2,Pohang Steelers,Gangwon FC,1,0,46,,substitution,,False,,,Y. Goh,K. Yun-Gu,,,,
k_league_1_2026,2026-03-28,2,Pohang Steelers,Gangwon FC,1,0,46,,substitution,,True,,,Wanderson,K. Nishiya,,,,
k_league_1_2026,2026-03-28,2,Pohang Steelers,Gangwon FC,1,0,46,,substitution,,True,,,J. Rocha,Y. Kim,,,,
k_league_1_2026,2026-03-28,2,Pohang Steelers,Gangwon FC,1,0,45,,period,,,,,,,HT,,0,0
k_league_1_2026,2026-03-28,2,Pohang Steelers,Gangwon FC,1,0,45,,injuryTime,,,,,,,,2,,
k_league_1_2026,2026-03-28,2,Pohang Steelers,Gangwon FC,1,0,32,,card,K. Yun-Gu,False,yellow,,,,,,,
k_league_1_2026,2026-03-22,5,Pohang Steelers,Bucheon FC 1995,0,0,90,,period,,,,,,,FT,,0,0
k_league_1_2026,2026-03-22,5,Pohang Steelers,Bucheon FC 1995,0,0,90,1,card,J. Rocha,True,yellow,Foul,,,,,,
k_league_1_2026,2026-03-22,5,Pohang Steelers,Bucheon FC 1995,0,0,90,,injuryTime,,,,,,,,4,,
k_league_1_2026,2026-03-22,5,Pohang Steelers,Bucheon FC 1995,0,0,89,,card,J. Eo,True,yellow,Foul,,,,,,
k_league_1_2026,2026-03-22,5,Pohang Steelers,Bucheon FC 1995,0,0,89,,substitution,,True,,,M. Kang,K. Ye-Sung,,,,
k_league_1_2026,2026-03-22,5,Pohang Steelers,Bucheon FC 1995,0,0,77,,substitution,,False,,,Gabriel,L. Eui-Hyeong,,,,
k_league_1_2026,2026-03-22,5,Pohang Steelers,Bucheon FC 1995,0,0,67,,card,H. Jeong,False,yellow,Foul,,,,,,
k_league_1_2026,2026-03-22,5,Pohang Steelers,Bucheon FC 1995,0,0,62,,substitution,,False,,,H. Jeong,P. William,,,,
k_league_1_2026,2026-03-22,5,Pohang Steelers,Bucheon FC 1995,0,0,60,,substitution,,False,,,J. W. Shin,T. H. Ahn,,,,
k_league_1_2026,2026-03-22,5,Pohang Steelers,Bucheon FC 1995,0,0,60,,substitution,,False,,,J. H. Han,D. Kim,,,,
k_league_1_2026,2026-03-22,5,Pohang Steelers,Bucheon FC 1995,0,0,56,,substitution,,True,,,D. Kim,K. Nishiya,,,,
k_league_1_2026,2026-03-22,5,Pohang Steelers,Bucheon FC 1995,0,0,46,,substitution,,True,,,J. Rocha,H. Seo-woong,,,,
k_league_1_2026,2026-03-22,5,Pohang Steelers,Bucheon FC 1995,0,0,46,,substitution,,True,,,Wanderson,K. Shin,,,,
k_league_1_2026,2026-03-22,5,Pohang Steelers,Bucheon FC 1995,0,0,45,,period,,,,,,,HT,,0,0
k_league_1_2026,2026-03-22,5,Pohang Steelers,Bucheon FC 1995,0,0,45,,injuryTime,,,,,,,,9,,
k_league_1_2026,2026-03-22,5,Pohang Steelers,Bucheon FC 1995,0,0,41,,substitution,,True,,,H. Hyeon-Seo,Y. Kim,,,,
k_league_1_2026,2026-03-22,5,Pohang Steelers,Bucheon FC 1995,0,0,31,,card,M. Jeon,True,red,Foul,,,,,,
k_league_1_2026,2026-03-22,5,Pohang Steelers,Bucheon FC 1995,0,0,29,,varDecision,M. Jeon,True,,,,,,,,
k_league_1_2026,2026-03-22,5,Pohang Steelers,Bucheon FC 1995,0,0,0,,card,T. Park,True,yellow,Argument,,,,,,
k_league_1_2026,2026-03-22,5,Gangwon FC,Jeju SK,1,1,90,,period,,,,,,,FT,,1,1
k_league_1_2026,2026-03-22,5,Gangwon FC,Jeju SK,1,1,90,,goal,A. Halaihal,True,,,,,,,1,1
k_league_1_2026,2026-03-22,5,Gangwon FC,Jeju SK,1,1,90,,injuryTime,,,,,,,,7,,
k_league_1_2026,2026-03-22,5,Gangwon FC,Jeju SK,1,1,88,,substitution,,True,,,S. W. Lee,J. H. Mo,,,,
k_league_1_2026,2026-03-22,5,Gangwon FC,Jeju SK,1,1,88,,substitution,,True,,,H. Y. Park,P. Sang-Hyeok,,,,
k_league_1_2026,2026-03-22,5,Gangwon FC,Jeju SK,1,1,88,,card,S. Sang-Eun,False,yellow,,,,,,,
k_league_1_2026,2026-03-22,5,Gangwon FC,Jeju SK,1,1,75,,substitution,,True,,,A. Halaihal,M. Seo,,,,
k_league_1_2026,2026-03-22,5,Gangwon FC,Jeju SK,1,1,66,,substitution,,False,,,S. Sang-Eun,T. H. Nam,,,,
k_league_1_2026,2026-03-22,5,Gangwon FC,Jeju SK,1,1,66,,substitution,,False,,,P. Min-Jae,J. In-Jung,,,,
k_league_1_2026,2026-03-22,5,Gangwon FC,Jeju SK,1,1,65,,substitution,,False,,,K. Jun-Ha,Emerson Ramon,,,,
k_league_1_2026,2026-03-22,5,Gangwon FC,Jeju SK,1,1,65,,substitution,,False,,,G. Paulauskas,K. Shin-jin,,,,
k_league_1_2026,2026-03-22,5,Gangwon FC,Jeju SK,1,1,55,,varDecision,K. Do-Hyun,True,,,,,,,,
k_league_1_2026,2026-03-22,5,Gangwon FC,Jeju SK,1,1,54,,card,G. Lee,True,yellow,,,,,,,
k_league_1_2026,2026-03-22,5,Gangwon FC,Jeju SK,1,1,46,,substitution,,True,,,K. Yun-Gu,Y. Goh,,,,
k_league_1_2026,2026-03-22,5,Gangwon FC,Jeju SK,1,1,45,,period,,,,,,,HT,,0,1
k_league_1_2026,2026-03-22,5,Gangwon FC,Jeju SK,1,1,45,,injuryTime,,,,,,,,4,,
k_league_1_2026,2026-03-22,5,Gangwon FC,Jeju SK,1,1,23,,substitution,,True,,,K. Do-Hyun,S. Min-Ha,,,,
k_league_1_2026,2026-03-22,5,Gangwon FC,Jeju SK,1,1,20,,card,M. Tuci,True,yellow,,,,,,,
k_league_1_2026,2026-03-22,5,Gangwon FC,Jeju SK,1,1,15,,goal,J. In-Jung,False,,,,,,,0,1
k_league_1_2026,2026-03-22,5,FC Anyang,Incheon United,0,1,90,,period,,,,,,,FT,,0,1
k_league_1_2026,2026-03-22,5,FC Anyang,Incheon United,0,1,90,,card,M. Ferrier,False,yellow,,,,,,,
k_league_1_2026,2026-03-22,5,FC Anyang,Incheon United,0,1,90,,injuryTime,,,,,,,,5,,
k_league_1_2026,2026-03-22,5,FC Anyang,Incheon United,0,1,88,,substitution,,False,,,C. Seung-Gu,M. J. Lee,,,,
k_league_1_2026,2026-03-22,5,FC Anyang,Incheon United,0,1,88,,substitution,,True,,,B. K. Kim,K. Han,,,,
k_league_1_2026,2026-03-22,5,FC Anyang,Incheon United,0,1,88,,card,K. Ji-Hoon,True,yellow,,,,,,,
k_league_1_2026,2026-03-22,5,FC Anyang,Incheon United,0,1,81,,substitution,,True,,,I. Jukić,Airton,,,,
k_league_1_2026,2026-03-22,5,FC Anyang,Incheon United,0,1,81,,substitution,,True,,,U. Kim,M. Oliveira,,,,
k_league_1_2026,2026-03-22,5,FC Anyang,Incheon United,0,1,72,,card,D. J. Kim,True,yellow,,,,,,,
k_league_1_2026,2026-03-22,5,FC Anyang,Incheon United,0,1,72,,card,K. Park,False,yellow,,,,,,,
k_league_1_2026,2026-03-22,5,FC Anyang,Incheon United,0,1,67,,goal,S. Mugoša,False,,,,,,,0,1
k_league_1_2026,2026-03-22,5,FC Anyang,Incheon United,0,1,66,,substitution,,True,,,K. Ji-Hoon,J. Lee,,,,
k_league_1_2026,2026-03-22,5,FC Anyang,Incheon United,0,1,64,,substitution,,False,,,M. Ferrier,D. Lee,,,,
k_league_1_2026,2026-03-22,5,FC Anyang,Incheon United,0,1,46,,substitution,,False,,,G. Fernandes,P. Seung-Ho,,,,
k_league_1_2026,2026-03-22,5,FC Anyang,Incheon United,0,1,46,,substitution,,False,,,C. Y. Lee,H. S. Oh,,,,
k_league_1_2026,2026-03-22,5,FC Anyang,Incheon United,0,1,46,,substitution,,True,,,G. Choi,B. Herculano,,,,
k_league_1_2026,2026-03-22,5,FC Anyang,Incheon United,0,1,45,,period,,,,,,,HT,,0,0
k_league_1_2026,2026-03-22,5,FC Anyang,Incheon United,0,1,45,,injuryTime,,,,,,,,9,,
k_league_1_2026,2026-03-22,5,FC Anyang,Incheon United,0,1,44,,card,J. Lee,True,yellow,,,,,,,
k_league_1_2026,2026-03-22,5,FC Anyang,Incheon United,0,1,40,,card,C. Lee,True,red,,,,,,,
k_league_1_2026,2026-03-22,5,FC Anyang,Incheon United,0,1,39,,varDecision,P. Seung-Ho,False,,,,,,,,
k_league_1_2026,2026-03-22,5,FC Anyang,Incheon United,0,1,33,,varDecision,C. Lee,True,,,,,,,,
k_league_1_2026,2026-03-22,5,FC Anyang,Incheon United,0,1,31,,card,C. Lee,True,yellow,,,,,,,
k_league_1_2026,2026-03-22,5,FC Anyang,Incheon United,0,1,4,,varDecision,K. Han,True,,,,,,,,
k_league_1_2026,2026-03-22,5,Ulsan HD,Gimcheon Sangmu FC,0,0,90,,period,,,,,,,FT,,0,0
k_league_1_2026,2026-03-22,5,Ulsan HD,Gimcheon Sangmu FC,0,0,90,,substitution,,True,,,J. Jae-Sang,H. Lee,,,,
k_league_1_2026,2026-03-22,5,Ulsan HD,Gimcheon Sangmu FC,0,0,85,,card,S. Park,False,yellow,,,,,,,
k_league_1_2026,2026-03-22,5,Ulsan HD,Gimcheon Sangmu FC,0,0,84,,substitution,,True,,,Y. Heo,Yago,,,,
k_league_1_2026,2026-03-22,5,Ulsan HD,Gimcheon Sangmu FC,0,0,84,,substitution,,True,,,L. Min-Hyeok,J. Lee,,,,
k_league_1_2026,2026-03-22,5,Ulsan HD,Gimcheon Sangmu FC,0,0,82,,card,L. Jung-Taek,False,yellow,,,,,,,
k_league_1_2026,2026-03-22,5,Ulsan HD,Gimcheon Sangmu FC,0,0,79,,substitution,,False,,,H. Kim,M. K. Kim,,,,
k_league_1_2026,2026-03-22,5,Ulsan HD,Gimcheon Sangmu FC,0,0,70,,substitution,,True,,,B. Michel,D. G. Lee,,,,
k_league_1_2026,2026-03-22,5,Ulsan HD,Gimcheon Sangmu FC,0,0,70,,substitution,,False,,,M. Kang,K. H. Lee,,,,
k_league_1_2026,2026-03-22,5,Ulsan HD,Gimcheon Sangmu FC,0,0,64,,card,K. H. Lee,False,yellow,,,,,,,
k_league_1_2026,2026-03-22,5,Ulsan HD,Gimcheon Sangmu FC,0,0,62,,substitution,,False,,,K. Min,P. Cheol-Woo,,,,
k_league_1_2026,2026-03-22,5,Ulsan HD,Gimcheon Sangmu FC,0,0,62,,substitution,,False,,,S. B. Lee,K. Lee-Seok,,,,
k_league_1_2026,2026-03-22,5,Ulsan HD,Gimcheon Sangmu FC,0,0,62,,substitution,,False,,,J. Byung-Kwan,J. Go,,,,
k_league_1_2026,2026-03-22,5,Ulsan HD,Gimcheon Sangmu FC,0,0,46,,substitution,,True,,,D. G. Lee,Pedrinho,,,,
k_league_1_2026,2026-03-22,5,Ulsan HD,Gimcheon Sangmu FC,0,0,45,,period,,,,,,,HT,,0,0
k_league_1_2026,2026-03-22,5,Ulsan HD,Gimcheon Sangmu FC,0,0,45,,injuryTime,,,,,,,,2,,
k_league_1_2026,2026-03-22,5,Ulsan HD,Gimcheon Sangmu FC,0,0,37,,card,Tae-hwan Kim,False,yellow,,,,,,,
k_league_1_2026,2026-03-22,5,FC Seoul,Gwangju FC,5,0,90,,period,,,,,,,FT,,5,0
k_league_1_2026,2026-03-22,5,FC Seoul,Gwangju FC,5,0,90,6,substitution,,False,,,J. Gyu-Min,C. M. Shin,,,,
k_league_1_2026,2026-03-22,5,FC Seoul,Gwangju FC,5,0,90,4,substitution,,True,,,L. Han-do,Y. Al-Arab,,,,
k_league_1_2026,2026-03-22,5,FC Seoul,Gwangju FC,5,0,90,3,varDecision,L. Seung-mo,True,,,,,,,,
k_league_1_2026,2026-03-22,5,FC Seoul,Gwangju FC,5,0,90,,injuryTime,,,,,,,,4,,
k_league_1_2026,2026-03-22,5,FC Seoul,Gwangju FC,5,0,87,,substitution,,True,,,P. J. Han-gyeol,H. Babec,,,,
k_league_1_2026,2026-03-22,5,FC Seoul,Gwangju FC,5,0,82,,goal,L. Seung-mo,True,,,,,,,5,0
k_league_1_2026,2026-03-22,5,FC Seoul,Gwangju FC,5,0,78,,substitution,,False,,,J. Jeong,Seung-un Ha,,,,
k_league_1_2026,2026-03-22,5,FC Seoul,Gwangju FC,5,0,78,,substitution,,False,,,Y. Hong,H. An,,,,
k_league_1_2026,2026-03-22,5,FC Seoul,Gwangju FC,5,0,78,,substitution,,False,,,M. Lee,J. Kim,,,,
k_league_1_2026,2026-03-22,5,FC Seoul,Gwangju FC,5,0,73,,goal,P. Klimala,True,,,,,,,4,0
k_league_1_2026,2026-03-22,5,FC Seoul,Gwangju FC,5,0,69,,card,J. I. Park,False,yellow,Foul,,,,,,
k_league_1_2026,2026-03-22,5,FC Seoul,Gwangju FC,5,0,63,,card,J. Kim,False,yellow,Foul,,,,,,
k_league_1_2026,2026-03-22,5,FC Seoul,Gwangju FC,5,0,61,,substitution,,True,,,M. Seon-min,C. Young-wook,,,,
k_league_1_2026,2026-03-22,5,FC Seoul,Gwangju FC,5,0,61,,substitution,,True,,,L. Seung-mo,J. Son,,,,
k_league_1_2026,2026-03-22,5,FC Seoul,Gwangju FC,5,0,59,,goal,J. Ros,True,,,,,,,3,0
k_league_1_2026,2026-03-22,5,FC Seoul,Gwangju FC,5,0,59,,card,G. Bae-Hyeon,False,yellow,Persistent fouling,,,,,,
k_league_1_2026,2026-03-22,5,FC Seoul,Gwangju FC,5,0,51,,card,P. Klimala,True,yellow,Foul,,,,,,
k_league_1_2026,2026-03-22,5,FC Seoul,Gwangju FC,5,0,47,,goal,P. Klimala,True,,,,,,,2,0
k_league_1_2026,2026-03-22,5,FC Seoul,Gwangju FC,5,0,46,,substitution,,False,,,S. Y. Kwon,H. A. Friðjónsson,,,,
k_league_1_2026,2026-03-22,5,FC Seoul,Gwangju FC,5,0,46,,substitution,,True,,,P. Klimala,Anderson Oliveira,,,,
k_league_1_2026,2026-03-22,5,FC Seoul,Gwangju FC,5,0,45,,period,,,,,,,HT,,1,0
k_league_1_2026,2026-03-22,5,FC Seoul,Gwangju FC,5,0,45,,injuryTime,,,,,,,,6,,
k_league_1_2026,2026-03-22,5,FC Seoul,Gwangju FC,5,0,18,,varDecision,M. Song,True,,,,,,,,
k_league_1_2026,2026-03-22,5,FC Seoul,Gwangju FC,5,0,9,,goal,J. Son,True,,,,,,,1,0
k_league_1_2026,2026-03-22,5,FC Seoul,Gwangju FC,5,0,0,,card,J. Lee,False,yellow,Argument,,,,,,
k_league_1_2026,2026-03-21,5,Daejeon Hana Citizen,Jeonbuk Hyundai Motors,0,1,90,,period,,,,,,,FT,,0,1
k_league_1_2026,2026-03-21,5,Daejeon Hana Citizen,Jeonbuk Hyundai Motors,0,1,90,,card,K. Ha-Jun,False,yellow,,,,,,,
k_league_1_2026,2026-03-21,5,Daejeon Hana Citizen,Jeonbuk Hyundai Motors,0,1,90,,injuryTime,,,,,,,,6,,
k_league_1_2026,2026-03-21,5,Daejeon Hana Citizen,Jeonbuk Hyundai Motors,0,1,89,,substitution,,False,,,K. Ha-Jun,C. Woo-Jin,,,,
k_league_1_2026,2026-03-21,5,Daejeon Hana Citizen,Jeonbuk Hyundai Motors,0,1,89,,substitution,,False,,,S. U. Maeng,J. Kim,,,,
k_league_1_2026,2026-03-21,5,Daejeon Hana Citizen,Jeonbuk Hyundai Motors,0,1,83,,substitution,,True,,,Y. Kang,K. Park,,,,
k_league_1_2026,2026-03-21,5,Daejeon Hana Citizen,Jeonbuk Hyundai Motors,0,1,78,,substitution,,False,,,Y. J. Lee,D. J. Lee,,,,
k_league_1_2026,2026-03-21,5,Daejeon Hana Citizen,Jeonbuk Hyundai Motors,0,1,77,,card,J. Seong-Kwon,True,yellow,,,,,,,
k_league_1_2026,2026-03-21,5,Daejeon Hana Citizen,Jeonbuk Hyundai Motors,0,1,75,,substitution,,True,,,K. H. Yu,G. Ludwigson,,,,
k_league_1_2026,2026-03-21,5,Daejeon Hana Citizen,Jeonbuk Hyundai Motors,0,1,67,,card,W. Cho,False,yellow,,,,,,,
k_league_1_2026,2026-03-21,5,Daejeon Hana Citizen,Jeonbuk Hyundai Motors,0,1,63,,substitution,,True,,,M. Ishida,S. Lee,,,,
k_league_1_2026,2026-03-21,5,Daejeon Hana Citizen,Jeonbuk Hyundai Motors,0,1,63,,substitution,,False,,,T. Orobó,B. Mota,,,,
k_league_1_2026,2026-03-21,5,Daejeon Hana Citizen,Jeonbuk Hyundai Motors,0,1,63,,substitution,,True,,,W.S. Um,J. Victor,,,,
k_league_1_2026,2026-03-21,5,Daejeon Hana Citizen,Jeonbuk Hyundai Motors,0,1,63,,substitution,,False,,,S. Lee,S. S. Kim,,,,
k_league_1_2026,2026-03-21,5,Daejeon Hana Citizen,Jeonbuk Hyundai Motors,0,1,46,,substitution,,True,,,Diogo Oliveira,M. K. Ju,,,,
k_league_1_2026,2026-03-21,5,Daejeon Hana Citizen,Jeonbuk Hyundai Motors,0,1,45,,period,,,,,,,HT,,0,1
k_league_1_2026,2026-03-21,5,Daejeon Hana Citizen,Jeonbuk Hyundai Motors,0,1,45,,goal,D. J. Lee,False,,,,,,,0,1
k_league_1_2026,2026-03-21,5,Daejeon Hana Citizen,Jeonbuk Hyundai Motors,0,1,45,,injuryTime,,,,,,,,3,,
k_league_1_2026,2026-03-21,5,Daejeon Hana Citizen,Jeonbuk Hyundai Motors,0,1,41,,card,J. Kim,False,yellow,,,,,,,
k_league_1_2026,2026-03-21,5,Daejeon Hana Citizen,Jeonbuk Hyundai Motors,0,1,34,,card,J. Victor,True,yellow,,,,,,,
k_league_1_2026,2026-03-21,5,Daejeon Hana Citizen,Jeonbuk Hyundai Motors,0,1,22,,varDecision,M. Kim,True,,,,,,,,
k_league_1_2026,2026-03-18,4,Pohang Steelers,FC Seoul,0,1,90,,period,,,,,,,FT,,0,1
k_league_1_2026,2026-03-18,4,Pohang Steelers,FC Seoul,0,1,90,,card,J. Rocha,True,yellow,,,,,,,
k_league_1_2026,2026-03-18,4,Pohang Steelers,FC Seoul,0,1,90,,substitution,,False,,,H. Lee,S. Lee,,,,
k_league_1_2026,2026-03-18,4,Pohang Steelers,FC Seoul,0,1,90,,injuryTime,,,,,,,,5,,
k_league_1_2026,2026-03-18,4,Pohang Steelers,FC Seoul,0,1,85,,substitution,,True,,,C. Sang-Hyeok,K. Shin,,,,
k_league_1_2026,2026-03-18,4,Pohang Steelers,FC Seoul,0,1,75,,card,K. Shin,True,yellow,,,,,,,
k_league_1_2026,2026-03-18,4,Pohang Steelers,FC Seoul,0,1,74,,substitution,,False,,,M. Seon-min,P. Klimala,,,,
k_league_1_2026,2026-03-18,4,Pohang Steelers,FC Seoul,0,1,72,,card,L. Ho-jae,True,yellow,,,,,,,
k_league_1_2026,2026-03-18,4,Pohang Steelers,FC Seoul,0,1,66,,card,H. Hyeon-Seo,True,yellow,,,,,,,
k_league_1_2026,2026-03-18,4,Pohang Steelers,FC Seoul,0,1,59,,substitution,,True,,,Wanderson,D. Kim,,,,
k_league_1_2026,2026-03-18,4,Pohang Steelers,FC Seoul,0,1,58,,substitution,,False,,,S. Jeong,C. Y. Wook,,,,
k_league_1_2026,2026-03-18,4,Pohang Steelers,FC Seoul,0,1,53,,substitution,,True,,,J. Rocha,C. Lee,,,,
k_league_1_2026,2026-03-18,4,Pohang Steelers,FC Seoul,0,1,46,,substitution,,False,,,S. Lee,J. Son,,,,
k_league_1_2026,2026-03-18,4,Pohang Steelers,FC Seoul,0,1,46,,substitution,,True,,,M. Kang,A. Jae-jun,,,,
k_league_1_2026,2026-03-18,4,Pohang Steelers,FC Seoul,0,1,46,,substitution,,True,,,H. Seo-woong,Y. Kim,,,,
k_league_1_2026,2026-03-18,4,Pohang Steelers,FC Seoul,0,1,45,,period,,,,,,,HT,,0,1
k_league_1_2026,2026-03-18,4,Pohang Steelers,FC Seoul,0,1,45,,card,J. Tranziska,True,yellowRed,,,,,,,
k_league_1_2026,2026-03-18,4,Pohang Steelers,FC Seoul,0,1,45,,injuryTime,,,,,,,,3,,
k_league_1_2026,2026-03-18,4,Pohang Steelers,FC Seoul,0,1,19,,card,J. Tranziska,True,yellow,,,,,,,
k_league_1_2026,2026-03-18,4,Pohang Steelers,FC Seoul,0,1,4,,goal,C. Y. Wook,False,,,,,,,0,1
k_league_1_2026,2026-03-18,4,Jeonbuk Hyundai Motors,FC Anyang,2,1,90,,period,,,,,,,FT,,2,1
k_league_1_2026,2026-03-18,4,Jeonbuk Hyundai Motors,FC Anyang,2,1,90,,substitution,,True,,,S. U. Maeng,J. Kim,,,,
k_league_1_2026,2026-03-18,4,Jeonbuk Hyundai Motors,FC Anyang,2,1,90,,card,J. H. Kang,False,yellow,,,,,,,
k_league_1_2026,2026-03-18,4,Jeonbuk Hyundai Motors,FC Anyang,2,1,90,,injuryTime,,,,,,,,6,,
k_league_1_2026,2026-03-18,4,Jeonbuk Hyundai Motors,FC Anyang,2,1,88,,substitution,,False,,,B. Herculano,J. Lee,,,,
k_league_1_2026,2026-03-18,4,Jeonbuk Hyundai Motors,FC Anyang,2,1,86,,goal,B. Mota,True,,,,,,,2,1
k_league_1_2026,2026-03-18,4,Jeonbuk Hyundai Motors,FC Anyang,2,1,82,,substitution,,True,,,Y. J. Lee,T. Kim,,,,
k_league_1_2026,2026-03-18,4,Jeonbuk Hyundai Motors,FC Anyang,2,1,82,,substitution,,True,,,C. Woo-Jin,D. J. Lee,,,,
k_league_1_2026,2026-03-18,4,Jeonbuk Hyundai Motors,FC Anyang,2,1,74,,card,W. Cho,True,yellow,,,,,,,
k_league_1_2026,2026-03-18,4,Jeonbuk Hyundai Motors,FC Anyang,2,1,70,,substitution,,False,,,I. Jukić,U. Kim,,,,
k_league_1_2026,2026-03-18,4,Jeonbuk Hyundai Motors,FC Anyang,2,1,62,,substitution,,False,,,G. Choi,Airton,,,,
k_league_1_2026,2026-03-18,4,Jeonbuk Hyundai Motors,FC Anyang,2,1,62,,substitution,,False,,,G. Choe,K. Han,,,,
k_league_1_2026,2026-03-18,4,Jeonbuk Hyundai Motors,FC Anyang,2,1,62,,substitution,,False,,,M. Oliveira,B. K. Kim,,,,
k_league_1_2026,2026-03-18,4,Jeonbuk Hyundai Motors,FC Anyang,2,1,60,,substitution,,True,,,B. Mota,T. Orobó,,,,
k_league_1_2026,2026-03-18,4,Jeonbuk Hyundai Motors,FC Anyang,2,1,54,,card,J. Lee,False,yellow,,,,,,,
k_league_1_2026,2026-03-18,4,Jeonbuk Hyundai Motors,FC Anyang,2,1,54,,card,T. Orobó,True,yellow,,,,,,,
k_league_1_2026,2026-03-18,4,Jeonbuk Hyundai Motors,FC Anyang,2,1,46,,substitution,,True,,,S. Lee,S. S. Kim,,,,
k_league_1_2026,2026-03-18,4,Jeonbuk Hyundai Motors,FC Anyang,2,1,45,,period,,,,,,,HT,,1,1
k_league_1_2026,2026-03-18,4,Jeonbuk Hyundai Motors,FC Anyang,2,1,45,,injuryTime,,,,,,,,3,,
k_league_1_2026,2026-03-18,4,Jeonbuk Hyundai Motors,FC Anyang,2,1,39,,card,K. Sang-Yun,True,yellow,,,,,,,
k_league_1_2026,2026-03-18,4,Jeonbuk Hyundai Motors,FC Anyang,2,1,26,,goal,U. Kim,False,,,,,,,1,1
k_league_1_2026,2026-03-18,4,Jeonbuk Hyundai Motors,FC Anyang,2,1,10,,goal,J. H. Kim,True,,,,,,,1,0
k_league_1_2026,2026-03-18,4,Jeju SK,Ulsan HD,0,2,90,,period,,,,,,,FT,,0,2
k_league_1_2026,2026-03-18,4,Jeju SK,Ulsan HD,0,2,90,,injuryTime,,,,,,,,6,,
k_league_1_2026,2026-03-18,4,Jeju SK,Ulsan HD,0,2,87,,card,L. Min-Hyeok,False,yellow,,,,,,,
k_league_1_2026,2026-03-18,4,Jeju SK,Ulsan HD,0,2,84,,substitution,,False,,,L. Min-Hyeok,D. G. Lee,,,,
k_league_1_2026,2026-03-18,4,Jeju SK,Ulsan HD,0,2,82,,substitution,,True,,,T. H. Nam,Emerson Ramon,,,,
k_league_1_2026,2026-03-18,4,Jeju SK,Ulsan HD,0,2,76,,substitution,,True,,,S. Sang-Eun,K. Jun-Ha,,,,
k_league_1_2026,2026-03-18,4,Jeju SK,Ulsan HD,0,2,73,,substitution,,False,,,Y. Heo,Yago,,,,
k_league_1_2026,2026-03-18,4,Jeju SK,Ulsan HD,0,2,73,,substitution,,False,,,M. Trojak,D. Bojanic,,,,
k_league_1_2026,2026-03-18,4,Jeju SK,Ulsan HD,0,2,73,,substitution,,False,,,B. Michel,H. Lee,,,,
k_league_1_2026,2026-03-18,4,Jeju SK,Ulsan HD,0,2,66,,substitution,,True,,,K. Shin-jin,J. Oh,,,,
k_league_1_2026,2026-03-18,4,Jeju SK,Ulsan HD,0,2,66,,substitution,,True,,,P. Min-Jae,I. Yu,,,,
k_league_1_2026,2026-03-18,4,Jeju SK,Ulsan HD,0,2,65,,card,G. Paulauskas,True,yellow,,,,,,,
k_league_1_2026,2026-03-18,4,Jeju SK,Ulsan HD,0,2,63,,goal,Yago,False,,,,,,,0,2
k_league_1_2026,2026-03-18,4,Jeju SK,Ulsan HD,0,2,53,,card,H. Lee,False,yellow,,,,,,,
k_league_1_2026,2026-03-18,4,Jeju SK,Ulsan HD,0,2,51,,substitution,,False,,,J. Lee,K. Young-gwon,,,,
k_league_1_2026,2026-03-18,4,Jeju SK,Ulsan HD,0,2,47,,goal,J. Seung-hyeon,False,,,,,,,0,1
k_league_1_2026,2026-03-18,4,Jeju SK,Ulsan HD,0,2,45,,period,,,,,,,HT,,0,0
k_league_1_2026,2026-03-18,4,Jeju SK,Ulsan HD,0,2,45,,card,J. Kim,True,yellow,,,,,,,
k_league_1_2026,2026-03-18,4,Jeju SK,Ulsan HD,0,2,45,,injuryTime,,,,,,,,4,,
k_league_1_2026,2026-03-18,4,Jeju SK,Ulsan HD,0,2,43,,varDecision,J. Kim,True,,,,,,,,
k_league_1_2026,2026-03-18,4,Incheon United,Daejeon Hana Citizen,1,3,90,,period,,,,,,,FT,,1,3
k_league_1_2026,2026-03-18,4,Incheon United,Daejeon Hana Citizen,1,3,90,,varDecision,C. Y. Lee,True,,,,,,,,
k_league_1_2026,2026-03-18,4,Incheon United,Daejeon Hana Citizen,1,3,90,,goal,W.S. Um,False,,,,,,,1,3
k_league_1_2026,2026-03-18,4,Incheon United,Daejeon Hana Citizen,1,3,90,,card,Diogo Oliveira,False,yellow,,,,,,,
k_league_1_2026,2026-03-18,4,Incheon United,Daejeon Hana Citizen,1,3,90,,card,J. Seong-Kwon,False,yellow,,,,,,,
k_league_1_2026,2026-03-18,4,Incheon United,Daejeon Hana Citizen,1,3,90,,injuryTime,,,,,,,,7,,
k_league_1_2026,2026-03-18,4,Incheon United,Daejeon Hana Citizen,1,3,89,,substitution,,True,,,M. J. Lee,I. Undabarrena,,,,
k_league_1_2026,2026-03-18,4,Incheon United,Daejeon Hana Citizen,1,3,89,,substitution,,True,,,C. Seung-Gu,K. Myung-Sun,,,,
k_league_1_2026,2026-03-18,4,Incheon United,Daejeon Hana Citizen,1,3,89,,substitution,,True,,,D. Lee,H. S. Oh,,,,
k_league_1_2026,2026-03-18,4,Incheon United,Daejeon Hana Citizen,1,3,85,,goal,Diogo Oliveira,False,,,,,,,1,2
k_league_1_2026,2026-03-18,4,Incheon United,Daejeon Hana Citizen,1,3,83,,card,J. Fernández,True,yellow,,,,,,,
k_league_1_2026,2026-03-18,4,Incheon United,Daejeon Hana Citizen,1,3,77,,substitution,,False,,,W.S. Um,J. Victor,,,,
k_league_1_2026,2026-03-18,4,Incheon United,Daejeon Hana Citizen,1,3,71,,substitution,,True,,,M. Ferrier,G. Fernandes,,,,
k_league_1_2026,2026-03-18,4,Incheon United,Daejeon Hana Citizen,1,3,70,,varDecision,S. Mugoša,True,,,,,,,,
k_league_1_2026,2026-03-18,4,Incheon United,Daejeon Hana Citizen,1,3,65,,card,M. D. Kim,False,yellow,,,,,,,
k_league_1_2026,2026-03-18,4,Incheon United,Daejeon Hana Citizen,1,3,60,,substitution,,False,,,Diogo Oliveira,M. K. Ju,,,,
k_league_1_2026,2026-03-18,4,Incheon United,Daejeon Hana Citizen,1,3,60,,substitution,,False,,,V. Bobsin,M. Ishida,,,,
k_league_1_2026,2026-03-18,4,Incheon United,Daejeon Hana Citizen,1,3,46,,substitution,,False,,,G. Ludwigson,J. S. Seo,,,,
k_league_1_2026,2026-03-18,4,Incheon United,Daejeon Hana Citizen,1,3,45,,period,,,,,,,HT,,1,1
k_league_1_2026,2026-03-18,4,Incheon United,Daejeon Hana Citizen,1,3,45,,injuryTime,,,,,,,,5,,
k_league_1_2026,2026-03-18,4,Incheon United,Daejeon Hana Citizen,1,3,42,,card,C. Y. Lee,True,yellow,,,,,,,
k_league_1_2026,2026-03-18,4,Incheon United,Daejeon Hana Citizen,1,3,36,,goal,S. Mugoša,True,,,,,,,1,1
k_league_1_2026,2026-03-18,4,Incheon United,Daejeon Hana Citizen,1,3,29,,card,I. Undabarrena,True,yellow,,,,,,,
k_league_1_2026,2026-03-18,4,Incheon United,Daejeon Hana Citizen,1,3,28,,substitution,,False,,,M. D. Kim,C. Ha,,,,
k_league_1_2026,2026-03-18,4,Incheon United,Daejeon Hana Citizen,1,3,21,,substitution,,True,,,C. Y. Lee,C. I. Jeong,,,,
k_league_1_2026,2026-03-18,4,Incheon United,Daejeon Hana Citizen,1,3,9,,goal,M. Ishida,False,,,,,,,0,1
k_league_1_2026,2026-03-18,4,Bucheon FC 1995,Gangwon FC,0,0,90,,period,,,,,,,FT,,0,0
k_league_1_2026,2026-03-18,4,Bucheon FC 1995,Gangwon FC,0,0,90,,injuryTime,,,,,,,,4,,
k_league_1_2026,2026-03-18,4,Bucheon FC 1995,Gangwon FC,0,0,89,,substitution,,True,,,J. W. Shin,T. Santos,,,,
k_league_1_2026,2026-03-18,4,Bucheon FC 1995,Gangwon FC,0,0,86,,substitution,,False,,,L. Ji-Ho,D. Kim,,,,
k_league_1_2026,2026-03-18,4,Bucheon FC 1995,Gangwon FC,0,0,86,,substitution,,False,,,B. Choi,K. Do-Hyun,,,,
k_league_1_2026,2026-03-18,4,Bucheon FC 1995,Gangwon FC,0,0,82,,card,A. Halaihal,False,yellow,,,,,,,
k_league_1_2026,2026-03-18,4,Bucheon FC 1995,Gangwon FC,0,0,76,,substitution,,True,,,D. Kim,L. Eui-Hyeong,,,,
k_league_1_2026,2026-03-18,4,Bucheon FC 1995,Gangwon FC,0,0,67,,card,K. Do-Hyun,False,yellow,,,,,,,
k_league_1_2026,2026-03-18,4,Bucheon FC 1995,Gangwon FC,0,0,64,,substitution,,False,,,Y. Lee,M. Seo,,,,
k_league_1_2026,2026-03-18,4,Bucheon FC 1995,Gangwon FC,0,0,61,,substitution,,True,,,Galego,J. H. Han,,,,
k_league_1_2026,2026-03-18,4,Bucheon FC 1995,Gangwon FC,0,0,55,,substitution,,False,,,K. Joon-hyuk,S. Jun-Seok,,,,
k_league_1_2026,2026-03-18,4,Bucheon FC 1995,Gangwon FC,0,0,55,,substitution,,False,,,A. Halaihal,P. Sang-Hyeok,,,,
k_league_1_2026,2026-03-18,4,Bucheon FC 1995,Gangwon FC,0,0,45,,period,,,,,,,HT,,0,0
k_league_1_2026,2026-03-18,4,Bucheon FC 1995,Gangwon FC,0,0,45,,injuryTime,,,,,,,,2,,
k_league_1_2026,2026-03-18,4,Bucheon FC 1995,Gangwon FC,0,0,44,,card,M. Tuci,False,yellow,,,,,,,
k_league_1_2026,2026-03-18,4,Bucheon FC 1995,Gangwon FC,0,0,35,,card,H. Jeong,True,yellow,,,,,,,
k_league_1_2026,2026-03-17,4,Gimcheon Sangmu FC,Gwangju FC,1,1,90,,period,,,,,,,FT,,1,1
k_league_1_2026,2026-03-17,4,Gimcheon Sangmu FC,Gwangju FC,1,1,90,9,card,P. Cheol-Woo,True,yellow,Time wasting,,,,,,
k_league_1_2026,2026-03-17,4,Gimcheon Sangmu FC,Gwangju FC,1,1,90,7,goal,J. Go,True,,,,,,,1,1
k_league_1_2026,2026-03-17,4,Gimcheon Sangmu FC,Gwangju FC,1,1,90,4,card,S. Y. Kwon,False,yellow,Foul,,,,,,
k_league_1_2026,2026-03-17,4,Gimcheon Sangmu FC,Gwangju FC,1,1,90,2,substitution,,False,,,K. Hui-Su,M. Moon,,,,
k_league_1_2026,2026-03-17,4,Gimcheon Sangmu FC,Gwangju FC,1,1,90,,injuryTime,,,,,,,,8,,
k_league_1_2026,2026-03-17,4,Gimcheon Sangmu FC,Gwangju FC,1,1,85,,card,H. Kim,True,yellow,Foul,,,,,,
k_league_1_2026,2026-03-17,4,Gimcheon Sangmu FC,Gwangju FC,1,1,81,,substitution,,True,,,D. Lim,K. Lee-Seok,,,,
k_league_1_2026,2026-03-17,4,Gimcheon Sangmu FC,Gwangju FC,1,1,81,,substitution,,True,,,K. Min,T. Park,,,,
k_league_1_2026,2026-03-17,4,Gimcheon Sangmu FC,Gwangju FC,1,1,78,,card,I. Kim,True,yellow,Foul,,,,,,
k_league_1_2026,2026-03-17,4,Gimcheon Sangmu FC,Gwangju FC,1,1,69,,substitution,,True,,,I. Kim,Y. Hong,,,,
k_league_1_2026,2026-03-17,4,Gimcheon Sangmu FC,Gwangju FC,1,1,69,,goal,H. A. Friðjónsson,False,,,,,,,0,1
k_league_1_2026,2026-03-17,4,Gimcheon Sangmu FC,Gwangju FC,1,1,64,,card,M. Moon,False,yellow,Foul,,,,,,
k_league_1_2026,2026-03-17,4,Gimcheon Sangmu FC,Gwangju FC,1,1,64,,card,J. B. Baek,True,yellow,Time wasting,,,,,,
k_league_1_2026,2026-03-17,4,Gimcheon Sangmu FC,Gwangju FC,1,1,64,,substitution,,True,,,J. Go,J. Byung-Kwan,,,,
k_league_1_2026,2026-03-17,4,Gimcheon Sangmu FC,Gwangju FC,1,1,63,,substitution,,True,,,M. Kang,K. H. Lee,,,,
k_league_1_2026,2026-03-17,4,Gimcheon Sangmu FC,Gwangju FC,1,1,56,,substitution,,False,,,J. I. Park,J. Jeong,,,,
k_league_1_2026,2026-03-17,4,Gimcheon Sangmu FC,Gwangju FC,1,1,56,,substitution,,False,,,S. Y. Kwon,H. An,,,,
k_league_1_2026,2026-03-17,4,Gimcheon Sangmu FC,Gwangju FC,1,1,46,,substitution,,False,,,Y. Ahn,G. Bae-Hyeon,,,,
k_league_1_2026,2026-03-17,4,Gimcheon Sangmu FC,Gwangju FC,1,1,45,,period,,,,,,,HT,,0,0
k_league_1_2026,2026-03-17,4,Gimcheon Sangmu FC,Gwangju FC,1,1,45,,injuryTime,,,,,,,,5,,
k_league_1_2026,2026-03-17,4,Gimcheon Sangmu FC,Gwangju FC,1,1,40,,card,J. Jeong,False,yellow,Foul,,,,,,
k_league_1_2026,2026-03-17,4,Gimcheon Sangmu FC,Gwangju FC,1,1,31,,card,Y. Je-ho,False,yellow,Foul,,,,,,
k_league_1_2026,2026-03-17,4,Gimcheon Sangmu FC,Gwangju FC,1,1,29,,substitution,,False,,,C. M. Shin,S. J. Ju,,,,
k_league_1_2026,2026-03-17,4,Gimcheon Sangmu FC,Gwangju FC,1,1,8,,card,L. Sangheon,True,red,Foul,,,,,,
k_league_1_2026,2026-03-17,4,Gimcheon Sangmu FC,Gwangju FC,1,1,8,,varDecision,L. Sangheon,True,,,,,,,,
k_league_1_2026,2026-03-17,4,Gimcheon Sangmu FC,Gwangju FC,1,1,0,,card,J. Lee,False,yellow,Argument,,,,,,
k_league_1_2026,2026-03-15,3,Pohang Steelers,Incheon United,1,1,90,,period,,,,,,,FT,,1,1
k_league_1_2026,2026-03-15,3,Pohang Steelers,Incheon United,1,1,90,,injuryTime,,,,,,,,5,,
k_league_1_2026,2026-03-15,3,Pohang Steelers,Incheon United,1,1,89,,card,M. Kang,True,yellow,,,,,,,
k_league_1_2026,2026-03-15,3,Pohang Steelers,Incheon United,1,1,87,,varDecision,M. Kang,True,,,,,,,,
k_league_1_2026,2026-03-15,3,Pohang Steelers,Incheon United,1,1,85,,substitution,,True,,,Wanderson,K. Nishiya,,,,
k_league_1_2026,2026-03-15,3,Pohang Steelers,Incheon United,1,1,85,,substitution,,False,,,D. Lee,G. Fernandes,,,,
k_league_1_2026,2026-03-15,3,Pohang Steelers,Incheon United,1,1,82,,card,J. Fernández,False,yellow,,,,,,,
k_league_1_2026,2026-03-15,3,Pohang Steelers,Incheon United,1,1,73,,substitution,,True,,,J. Tranziska,D. Kim,,,,
k_league_1_2026,2026-03-15,3,Pohang Steelers,Incheon United,1,1,64,,substitution,,True,,,H. Seo-woong,C. Lee,,,,
k_league_1_2026,2026-03-15,3,Pohang Steelers,Incheon United,1,1,61,,substitution,,False,,,C. Y. Lee,C. I. Jeong,,,,
k_league_1_2026,2026-03-15,3,Pohang Steelers,Incheon United,1,1,46,,goal,L. Ho-jae,True,,,,,,,1,1
k_league_1_2026,2026-03-15,3,Pohang Steelers,Incheon United,1,1,46,,substitution,,True,,,J. Teixeira,J. Rocha,,,,
k_league_1_2026,2026-03-15,3,Pohang Steelers,Incheon United,1,1,46,,substitution,,True,,,Y. Kim,K. In-sung,,,,
k_league_1_2026,2026-03-15,3,Pohang Steelers,Incheon United,1,1,45,,period,,,,,,,HT,,0,1
k_league_1_2026,2026-03-15,3,Pohang Steelers,Incheon United,1,1,45,,injuryTime,,,,,,,,3,,
k_league_1_2026,2026-03-15,3,Pohang Steelers,Incheon United,1,1,43,,goal,S. Mugoša,False,,,,,,,0,1
k_league_1_2026,2026-03-15,3,Pohang Steelers,Incheon United,1,1,36,,card,C. Lee,True,yellow,,,,,,,
k_league_1_2026,2026-03-15,3,Pohang Steelers,Incheon United,1,1,34,,card,C. I. Jeong,False,yellow,,,,,,,
k_league_1_2026,2026-03-15,3,Gangwon FC,FC Anyang,1,1,90,,period,,,,,,,FT,,1,1
k_league_1_2026,2026-03-15,3,Gangwon FC,FC Anyang,1,1,90,,injuryTime,,,,,,,,7,,
k_league_1_2026,2026-03-15,3,Gangwon FC,FC Anyang,1,1,83,,substitution,,True,,,H. Y. Park,D. Kim,,,,
k_league_1_2026,2026-03-15,3,Gangwon FC,FC Anyang,1,1,81,,substitution,,False,,,J. Lee,M. Oliveira,,,,
k_league_1_2026,2026-03-15,3,Gangwon FC,FC Anyang,1,1,81,,substitution,,False,,,J. H. Kang,D. J. Kim,,,,
k_league_1_2026,2026-03-15,3,Gangwon FC,FC Anyang,1,1,75,,substitution,,True,,,K. Do-Hyun,K. Joon-hyuk,,,,
k_league_1_2026,2026-03-15,3,Gangwon FC,FC Anyang,1,1,75,,substitution,,True,,,K. Yun-Gu,S. Jun-Seok,,,,
k_league_1_2026,2026-03-15,3,Gangwon FC,FC Anyang,1,1,65,,substitution,,True,,,A. Halaihal,Y. Goh,,,,
k_league_1_2026,2026-03-15,3,Gangwon FC,FC Anyang,1,1,64,,substitution,,False,,,I. Jukić,B. Herculano,,,,
k_league_1_2026,2026-03-15,3,Gangwon FC,FC Anyang,1,1,64,,substitution,,False,,,Airton,G. Choi,,,,
k_league_1_2026,2026-03-15,3,Gangwon FC,FC Anyang,1,1,63,,card,J. H. Kim,False,red,,,,,,,
k_league_1_2026,2026-03-15,3,Gangwon FC,FC Anyang,1,1,63,,varDecision,J. H. Kim,False,,,,,,,,
k_league_1_2026,2026-03-15,3,Gangwon FC,FC Anyang,1,1,49,,substitution,,False,,,Y. C. Kim,K. W. Kwon,,,,
k_league_1_2026,2026-03-15,3,Gangwon FC,FC Anyang,1,1,45,,period,,,,,,,HT,,1,1
k_league_1_2026,2026-03-15,3,Gangwon FC,FC Anyang,1,1,45,,injuryTime,,,,,,,,4,,
k_league_1_2026,2026-03-15,3,Gangwon FC,FC Anyang,1,1,22,,card,P. Sang-Hyeok,True,yellow,,,,,,,
k_league_1_2026,2026-03-15,3,Gangwon FC,FC Anyang,1,1,18,,goal,G. Choi,False,,,,,,,1,1
k_league_1_2026,2026-03-15,3,Gangwon FC,FC Anyang,1,1,13,,varDecision,Y. Goh,True,,,,,,,,
k_league_1_2026,2026-03-15,3,Gangwon FC,FC Anyang,1,1,6,,goal,P. Sang-Hyeok,True,,,,,,,1,0
k_league_1_2026,2026-03-15,3,Jeju SK,FC Seoul,1,2,90,,period,,,,,,,FT,,1,2
k_league_1_2026,2026-03-15,3,Jeju SK,FC Seoul,1,2,90,,substitution,,False,,,H. Lee,D. Hwang,,,,
k_league_1_2026,2026-03-15,3,Jeju SK,FC Seoul,1,2,90,,goal,S. Lee,False,,,,,,,1,2
k_league_1_2026,2026-03-15,3,Jeju SK,FC Seoul,1,2,90,,injuryTime,,,,,,,,6,,
k_league_1_2026,2026-03-15,3,Jeju SK,FC Seoul,1,2,88,,goal,C. Byung-Wook,True,,,,,,,1,1
k_league_1_2026,2026-03-15,3,Jeju SK,FC Seoul,1,2,88,,substitution,,False,,,C. Y. Wook,P. Klimala,,,,
k_league_1_2026,2026-03-15,3,Jeju SK,FC Seoul,1,2,87,,card,P. Klimala,False,yellow,,,,,,,
k_league_1_2026,2026-03-15,3,Jeju SK,FC Seoul,1,2,81,,card,Y. Alarab,False,yellow,,,,,,,
k_league_1_2026,2026-03-15,3,Jeju SK,FC Seoul,1,2,79,,substitution,,True,,,C. Byung-Wook,I. Yu,,,,
k_league_1_2026,2026-03-15,3,Jeju SK,FC Seoul,1,2,74,,substitution,,True,,,K. Shin-jin,Emerson Ramon,,,,
k_league_1_2026,2026-03-15,3,Jeju SK,FC Seoul,1,2,74,,substitution,,True,,,K. Jun-Ha,J. Oh,,,,
k_league_1_2026,2026-03-15,3,Jeju SK,FC Seoul,1,2,68,,card,I. Yu,True,yellow,,,,,,,
k_league_1_2026,2026-03-15,3,Jeju SK,FC Seoul,1,2,64,,substitution,,True,,,S. Sang-Eun,C. Kwon,,,,
k_league_1_2026,2026-03-15,3,Jeju SK,FC Seoul,1,2,53,,goal,J. A. Ros,False,,,,,,,0,1
k_league_1_2026,2026-03-15,3,Jeju SK,FC Seoul,1,2,46,,substitution,,False,,,M. Song,M. Seon-min,,,,
k_league_1_2026,2026-03-15,3,Jeju SK,FC Seoul,1,2,45,,period,,,,,,,HT,,0,0
k_league_1_2026,2026-03-15,3,Jeju SK,FC Seoul,1,2,45,,card,Anderson Oliveira,False,yellow,,,,,,,
k_league_1_2026,2026-03-15,3,Jeju SK,FC Seoul,1,2,45,,injuryTime,,,,,,,,1,,
k_league_1_2026,2026-03-15,3,Jeju SK,FC Seoul,1,2,44,,card,J. A. Ros,False,yellow,,,,,,,
k_league_1_2026,2026-03-15,3,Jeju SK,FC Seoul,1,2,13,,card,J. Choi,False,yellow,,,,,,,
k_league_1_2026,2026-03-15,3,Bucheon FC 1995,Ulsan HD,1,2,90,,period,,,,,,,FT,,1,2
k_league_1_2026,2026-03-15,3,Bucheon FC 1995,Ulsan HD,1,2,90,,substitution,,False,,,J. Seung-hyeon,J. Lee,,,,
k_league_1_2026,2026-03-15,3,Bucheon FC 1995,Ulsan HD,1,2,90,,injuryTime,,,,,,,,8,,
k_league_1_2026,2026-03-15,3,Bucheon FC 1995,Ulsan HD,1,2,89,,substitution,,False,,,M. Trojak,D. Bojanic,,,,
k_league_1_2026,2026-03-15,3,Bucheon FC 1995,Ulsan HD,1,2,89,,substitution,,False,,,Y. Heo,Yago,,,,
k_league_1_2026,2026-03-15,3,Bucheon FC 1995,Ulsan HD,1,2,89,,substitution,,False,,,J. Jae-Sang,H. Lee,,,,
k_league_1_2026,2026-03-15,3,Bucheon FC 1995,Ulsan HD,1,2,83,,substitution,,True,,,T. H. Ahn,J. W. Shin,,,,
k_league_1_2026,2026-03-15,3,Bucheon FC 1995,Ulsan HD,1,2,83,,substitution,,True,,,S. Kim,K. Takahashi,,,,
k_league_1_2026,2026-03-15,3,Bucheon FC 1995,Ulsan HD,1,2,79,,card,D. G. Lee,False,yellow,,,,,,,
k_league_1_2026,2026-03-15,3,Bucheon FC 1995,Ulsan HD,1,2,74,,substitution,,False,,,B. Michel,J. Lee,,,,
k_league_1_2026,2026-03-15,3,Bucheon FC 1995,Ulsan HD,1,2,70,,goal,D. G. Lee,False,,,,,,,1,2
k_league_1_2026,2026-03-15,3,Bucheon FC 1995,Ulsan HD,1,2,57,,substitution,,True,,,D. Kim,M. J. Kim,,,,
k_league_1_2026,2026-03-15,3,Bucheon FC 1995,Ulsan HD,1,2,57,,substitution,,True,,,L. Eui-Hyeong,J. Montaño,,,,
k_league_1_2026,2026-03-15,3,Bucheon FC 1995,Ulsan HD,1,2,45,,period,,,,,,,HT,,1,1
k_league_1_2026,2026-03-15,3,Bucheon FC 1995,Ulsan HD,1,2,45,,injuryTime,,,,,,,,4,,
k_league_1_2026,2026-03-15,3,Bucheon FC 1995,Ulsan HD,1,2,39,,goal,Yago,False,,,,,,,1,1
k_league_1_2026,2026-03-15,3,Bucheon FC 1995,Ulsan HD,1,2,38,,substitution,,True,,,B. G. Yoon,J. Kim,,,,
k_league_1_2026,2026-03-15,3,Bucheon FC 1995,Ulsan HD,1,2,32,,card,J. Montaño,True,yellow,,,,,,,
k_league_1_2026,2026-03-15,3,Bucheon FC 1995,Ulsan HD,1,2,13,,card,T. Santos,True,yellow,,,,,,,
k_league_1_2026,2026-03-15,3,Bucheon FC 1995,Ulsan HD,1,2,9,,goal,M. J. Kim,True,,,,,,,1,0
k_league_1_2026,2026-03-14,3,Daejeon Hana Citizen,Gimcheon Sangmu FC,1,1,90,,period,,,,,,,FT,,1,1
k_league_1_2026,2026-03-14,3,Daejeon Hana Citizen,Gimcheon Sangmu FC,1,1,90,,card,S. H. Lee,False,yellow,,,,,,,
k_league_1_2026,2026-03-14,3,Daejeon Hana Citizen,Gimcheon Sangmu FC,1,1,90,,varDecision,J. S. Seo,True,,,,,,,,
k_league_1_2026,2026-03-14,3,Daejeon Hana Citizen,Gimcheon Sangmu FC,1,1,90,,injuryTime,,,,,,,,7,,
k_league_1_2026,2026-03-14,3,Daejeon Hana Citizen,Gimcheon Sangmu FC,1,1,85,,substitution,,False,,,H. Kim,K. H. Lee,,,,
k_league_1_2026,2026-03-14,3,Daejeon Hana Citizen,Gimcheon Sangmu FC,1,1,77,,substitution,,True,,,M. K. Ju,G. Ludwigson,,,,
k_league_1_2026,2026-03-14,3,Daejeon Hana Citizen,Gimcheon Sangmu FC,1,1,77,,substitution,,True,,,W.S. Um,J. Victor,,,,
k_league_1_2026,2026-03-14,3,Daejeon Hana Citizen,Gimcheon Sangmu FC,1,1,75,,substitution,,False,,,J. Byung-Kwan,J. Go,,,,
k_league_1_2026,2026-03-14,3,Daejeon Hana Citizen,Gimcheon Sangmu FC,1,1,75,,substitution,,False,,,I. Kim,Y. Hong,,,,
k_league_1_2026,2026-03-14,3,Daejeon Hana Citizen,Gimcheon Sangmu FC,1,1,72,,card,T. Park,False,yellow,,,,,,,
k_league_1_2026,2026-03-14,3,Daejeon Hana Citizen,Gimcheon Sangmu FC,1,1,68,,goal,C. Ha,True,,,,,,,1,1
k_league_1_2026,2026-03-14,3,Daejeon Hana Citizen,Gimcheon Sangmu FC,1,1,64,,substitution,,True,,,H. Lee,V. Bobsin,,,,
k_league_1_2026,2026-03-14,3,Daejeon Hana Citizen,Gimcheon Sangmu FC,1,1,58,,substitution,,False,,,S. H. Lee,S. Park,,,,
k_league_1_2026,2026-03-14,3,Daejeon Hana Citizen,Gimcheon Sangmu FC,1,1,58,,substitution,,False,,,K. Min,K. Lee-Seok,,,,
k_league_1_2026,2026-03-14,3,Daejeon Hana Citizen,Gimcheon Sangmu FC,1,1,46,,substitution,,True,,,Y. Kang,Y. Seo,,,,
k_league_1_2026,2026-03-14,3,Daejeon Hana Citizen,Gimcheon Sangmu FC,1,1,45,,period,,,,,,,HT,,0,1
k_league_1_2026,2026-03-14,3,Daejeon Hana Citizen,Gimcheon Sangmu FC,1,1,45,,injuryTime,,,,,,,,2,,
k_league_1_2026,2026-03-14,3,Daejeon Hana Citizen,Gimcheon Sangmu FC,1,1,41,,goal,K. H. Lee,False,,,,,,,0,1
k_league_1_2026,2026-03-14,3,Daejeon Hana Citizen,Gimcheon Sangmu FC,1,1,33,,card,C. Ha,True,yellow,,,,,,,
k_league_1_2026,2026-03-14,3,Gwangju FC,Jeonbuk Hyundai Motors,0,0,90,,period,,,,,,,FT,,0,0
k_league_1_2026,2026-03-14,3,Gwangju FC,Jeonbuk Hyundai Motors,0,0,90,,injuryTime,,,,,,,,5,,
k_league_1_2026,2026-03-14,3,Gwangju FC,Jeonbuk Hyundai Motors,0,0,86,,substitution,,False,,,C. Woo-Jin,T. Kim,,,,
k_league_1_2026,2026-03-14,3,Gwangju FC,Jeonbuk Hyundai Motors,0,0,86,,substitution,,True,,,K. Yun-Ho,H. A. Friðjónsson,,,,
k_league_1_2026,2026-03-14,3,Gwangju FC,Jeonbuk Hyundai Motors,0,0,86,,substitution,,True,,,G. Bae-Hyeon,Y. Ahn,,,,
k_league_1_2026,2026-03-14,3,Gwangju FC,Jeonbuk Hyundai Motors,0,0,80,,substitution,,True,,,K. Hui-Su,K. Choi,,,,
k_league_1_2026,2026-03-14,3,Gwangju FC,Jeonbuk Hyundai Motors,0,0,80,,card,S. J. Ju,True,yellow,,,,,,,
k_league_1_2026,2026-03-14,3,Gwangju FC,Jeonbuk Hyundai Motors,0,0,77,,card,W. Cho,False,yellow,,,,,,,
k_league_1_2026,2026-03-14,3,Gwangju FC,Jeonbuk Hyundai Motors,0,0,74,,substitution,,False,,,T. Jin,D. J. Lee,,,,
k_league_1_2026,2026-03-14,3,Gwangju FC,Jeonbuk Hyundai Motors,0,0,74,,substitution,,False,,,S. U. Maeng,O. Alionço,,,,
k_league_1_2026,2026-03-14,3,Gwangju FC,Jeonbuk Hyundai Motors,0,0,69,,card,K. Sang-Yun,False,yellow,,,,,,,
k_league_1_2026,2026-03-14,3,Gwangju FC,Jeonbuk Hyundai Motors,0,0,62,,substitution,,False,,,S. Lee,S. S. Kim,,,,
k_league_1_2026,2026-03-14,3,Gwangju FC,Jeonbuk Hyundai Motors,0,0,57,,card,H. A. Friðjónsson,True,yellow,,,,,,,
k_league_1_2026,2026-03-14,3,Gwangju FC,Jeonbuk Hyundai Motors,0,0,46,,substitution,,False,,,B. Mota,T. Orobó,,,,
k_league_1_2026,2026-03-14,3,Gwangju FC,Jeonbuk Hyundai Motors,0,0,46,,substitution,,True,,,H. A. Friðjónsson,J. I. Park,,,,
k_league_1_2026,2026-03-14,3,Gwangju FC,Jeonbuk Hyundai Motors,0,0,46,,substitution,,True,,,S. J. Ju,S. Y. Gwon,,,,
k_league_1_2026,2026-03-14,3,Gwangju FC,Jeonbuk Hyundai Motors,0,0,45,,period,,,,,,,HT,,0,0
k_league_1_2026,2026-03-14,3,Gwangju FC,Jeonbuk Hyundai Motors,0,0,45,,injuryTime,,,,,,,,3,,
k_league_1_2026,2026-03-14,3,Gwangju FC,Jeonbuk Hyundai Motors,0,0,43,,card,T. Orobó,False,yellow,,,,,,,
k_league_1_2026,2026-03-14,3,Gwangju FC,Jeonbuk Hyundai Motors,0,0,9,,card,S. Y. Gwon,True,yellow,,,,,,,
k_league_1_2026,2026-03-08,2,FC Anyang,Jeju SK,2,1,90,,period,,,,,,,FT,,2,1
k_league_1_2026,2026-03-08,2,FC Anyang,Jeju SK,2,1,90,,card,Airton,True,yellow,,,,,,,
k_league_1_2026,2026-03-08,2,FC Anyang,Jeju SK,2,1,90,,substitution,,True,,,J. H. Kang,M. Oliveira,,,,
k_league_1_2026,2026-03-08,2,FC Anyang,Jeju SK,2,1,90,,goal,M. Oliveira,True,,,,,,,2,1
k_league_1_2026,2026-03-08,2,FC Anyang,Jeju SK,2,1,90,,goal,Emerson Ramon,False,,,,,,,1,1
k_league_1_2026,2026-03-08,2,FC Anyang,Jeju SK,2,1,90,,varDecision,Emerson Ramon,False,,,,,,,,
k_league_1_2026,2026-03-08,2,FC Anyang,Jeju SK,2,1,90,,injuryTime,,,,,,,,7,,
k_league_1_2026,2026-03-08,2,FC Anyang,Jeju SK,2,1,87,,goal,M. Oliveira,True,,,,,,,1,0
k_league_1_2026,2026-03-08,2,FC Anyang,Jeju SK,2,1,85,,substitution,,False,,,C. Byung-Wook,C. Kwon,,,,
k_league_1_2026,2026-03-08,2,FC Anyang,Jeju SK,2,1,84,,card,K. W. Kwon,True,yellow,,,,,,,
k_league_1_2026,2026-03-08,2,FC Anyang,Jeju SK,2,1,79,,substitution,,True,,,B. Herculano,I. Jukić,,,,
k_league_1_2026,2026-03-08,2,FC Anyang,Jeju SK,2,1,78,,card,J. Celestine,False,yellow,,,,,,,
k_league_1_2026,2026-03-08,2,FC Anyang,Jeju SK,2,1,71,,substitution,,False,,,C. J. Park,S. Sang-Eun,,,,
k_league_1_2026,2026-03-08,2,FC Anyang,Jeju SK,2,1,69,,card,J. Lee,True,yellow,,,,,,,
k_league_1_2026,2026-03-08,2,FC Anyang,Jeju SK,2,1,67,,substitution,,True,,,J. Lee,G. Choe,,,,
k_league_1_2026,2026-03-08,2,FC Anyang,Jeju SK,2,1,67,,substitution,,True,,,Airton,G. Choi,,,,
k_league_1_2026,2026-03-08,2,FC Anyang,Jeju SK,2,1,46,,card,D. J. Kim,True,yellow,,,,,,,
k_league_1_2026,2026-03-08,2,FC Anyang,Jeju SK,2,1,45,,period,,,,,,,HT,,0,0
k_league_1_2026,2026-03-08,2,FC Anyang,Jeju SK,2,1,45,,injuryTime,,,,,,,,3,,
k_league_1_2026,2026-03-08,2,FC Anyang,Jeju SK,2,1,35,,substitution,,False,,,K. Jun-Ha,C. M. Lee,,,,
k_league_1_2026,2026-03-08,2,Gimcheon Sangmu FC,Jeonbuk Hyundai Motors,1,1,90,,period,,,,,,,FT,,1,1
k_league_1_2026,2026-03-08,2,Gimcheon Sangmu FC,Jeonbuk Hyundai Motors,1,1,90,6,card,T. H. Kim,False,yellow,Foul,,,,,,
k_league_1_2026,2026-03-08,2,Gimcheon Sangmu FC,Jeonbuk Hyundai Motors,1,1,90,4,substitution,,True,,,J. Byung-Kwan,J. Go,,,,
k_league_1_2026,2026-03-08,2,Gimcheon Sangmu FC,Jeonbuk Hyundai Motors,1,1,90,2,goal,B. Mota,False,,,,,,,1,1
k_league_1_2026,2026-03-08,2,Gimcheon Sangmu FC,Jeonbuk Hyundai Motors,1,1,90,,injuryTime,,,,,,,,6,,
k_league_1_2026,2026-03-08,2,Gimcheon Sangmu FC,Jeonbuk Hyundai Motors,1,1,87,,substitution,,False,,,Y. J. Lee,O. Alionço,,,,
k_league_1_2026,2026-03-08,2,Gimcheon Sangmu FC,Jeonbuk Hyundai Motors,1,1,86,,substitution,,False,,,S. Lee,S. S. Kim,,,,
k_league_1_2026,2026-03-08,2,Gimcheon Sangmu FC,Jeonbuk Hyundai Motors,1,1,78,,substitution,,True,,,M. Kang,K. H. Lee,,,,
k_league_1_2026,2026-03-08,2,Gimcheon Sangmu FC,Jeonbuk Hyundai Motors,1,1,76,,substitution,,False,,,T. Orobó,S. U. Maeng,,,,
k_league_1_2026,2026-03-08,2,Gimcheon Sangmu FC,Jeonbuk Hyundai Motors,1,1,71,,card,M. K. Kim,True,yellow,Foul,,,,,,
k_league_1_2026,2026-03-08,2,Gimcheon Sangmu FC,Jeonbuk Hyundai Motors,1,1,61,,substitution,,True,,,L. Sangheon,S. Park,,,,
k_league_1_2026,2026-03-08,2,Gimcheon Sangmu FC,Jeonbuk Hyundai Motors,1,1,61,,substitution,,True,,,K. Lee-Seok,S. B. Lee,,,,
k_league_1_2026,2026-03-08,2,Gimcheon Sangmu FC,Jeonbuk Hyundai Motors,1,1,55,,substitution,,False,,,T. Jin,D. J. Lee,,,,
k_league_1_2026,2026-03-08,2,Gimcheon Sangmu FC,Jeonbuk Hyundai Motors,1,1,55,,substitution,,False,,,K. Sang-Yun,J. Kim,,,,
k_league_1_2026,2026-03-08,2,Gimcheon Sangmu FC,Jeonbuk Hyundai Motors,1,1,50,,goal,Y. Hong,True,,,,,,,1,0
k_league_1_2026,2026-03-08,2,Gimcheon Sangmu FC,Jeonbuk Hyundai Motors,1,1,46,,substitution,,True,,,Y. Hong,J. Kim,,,,
k_league_1_2026,2026-03-08,2,Gimcheon Sangmu FC,Jeonbuk Hyundai Motors,1,1,45,,period,,,,,,,HT,,0,0
k_league_1_2026,2026-03-08,2,Gimcheon Sangmu FC,Jeonbuk Hyundai Motors,1,1,45,,injuryTime,,,,,,,,2,,
k_league_1_2026,2026-03-08,2,Gimcheon Sangmu FC,Jeonbuk Hyundai Motors,1,1,0,,card,D. J. Lee,False,yellow,Argument,,,,,,
k_league_1_2026,2026-03-07,2,Gwangju FC,Incheon United,3,2,90,,period,,,,,,,FT,,3,2
k_league_1_2026,2026-03-07,2,Gwangju FC,Incheon United,3,2,90,,varDecision,C. Y. Lee,False,,,,,,,,
k_league_1_2026,2026-03-07,2,Gwangju FC,Incheon United,3,2,90,,card,K. Myung-Sun,False,yellow,,,,,,,
k_league_1_2026,2026-03-07,2,Gwangju FC,Incheon United,3,2,90,,goal,S. Jae-Min,False,,,,,,,3,2
k_league_1_2026,2026-03-07,2,Gwangju FC,Incheon United,3,2,90,,injuryTime,,,,,,,,11,,
k_league_1_2026,2026-03-07,2,Gwangju FC,Incheon United,3,2,87,,substitution,,True,,,K. Hui-Su,Seung-un Ha,,,,
k_league_1_2026,2026-03-07,2,Gwangju FC,Incheon United,3,2,87,,substitution,,True,,,H. An,M. Moon,,,,
k_league_1_2026,2026-03-07,2,Gwangju FC,Incheon United,3,2,87,,substitution,,False,,,K. Park,J. Y. Lee,,,,
k_league_1_2026,2026-03-07,2,Gwangju FC,Incheon United,3,2,87,,substitution,,False,,,Y. Seung-Won,K. Gun-Hee,,,,
k_league_1_2026,2026-03-07,2,Gwangju FC,Incheon United,3,2,77,,substitution,,False,,,C. Y. Lee,H. S. Oh,,,,
k_league_1_2026,2026-03-07,2,Gwangju FC,Incheon United,3,2,74,,card,H. A. Friðjónsson,True,yellow,,,,,,,
k_league_1_2026,2026-03-07,2,Gwangju FC,Incheon United,3,2,72,,goal,C. M. Shin,True,,,,,,,3,1
k_league_1_2026,2026-03-07,2,Gwangju FC,Incheon United,3,2,70,,substitution,,False,,,I. Undabarrena,C. I. Jeong,,,,
k_league_1_2026,2026-03-07,2,Gwangju FC,Incheon United,3,2,70,,substitution,,False,,,D. Lee,M. J. Lee,,,,
k_league_1_2026,2026-03-07,2,Gwangju FC,Incheon United,3,2,65,,substitution,,True,,,H. A. Friðjónsson,J. I. Park,,,,
k_league_1_2026,2026-03-07,2,Gwangju FC,Incheon United,3,2,65,,substitution,,True,,,S. Y. Gwon,S. J. Ju,,,,
k_league_1_2026,2026-03-07,2,Gwangju FC,Incheon United,3,2,58,,goal,C. M. Shin,True,,,,,,,2,1
k_league_1_2026,2026-03-07,2,Gwangju FC,Incheon United,3,2,53,,varDecision,J. I. Park,True,,,,,,,,
k_league_1_2026,2026-03-07,2,Gwangju FC,Incheon United,3,2,51,,card,C. I. Jeong,False,yellow,,,,,,,
k_league_1_2026,2026-03-07,2,Gwangju FC,Incheon United,3,2,45,,period,,,,,,,HT,,1,1
k_league_1_2026,2026-03-07,2,Gwangju FC,Incheon United,3,2,45,,goal,H. S. Oh,False,,,,,,,1,1
k_league_1_2026,2026-03-07,2,Gwangju FC,Incheon United,3,2,45,,injuryTime,,,,,,,,3,,
k_league_1_2026,2026-03-07,2,Gwangju FC,Incheon United,3,2,38,,goal,K. Choi,True,,,,,,,1,0
k_league_1_2026,2026-03-07,2,Gwangju FC,Incheon United,3,2,27,,card,K. Gun-Hee,False,yellow,,,,,,,
k_league_1_2026,2026-03-07,2,Gwangju FC,Incheon United,3,2,17,,card,J. Fernández,False,yellow,,,,,,,
k_league_1_2026,2026-03-07,2,Gwangju FC,Incheon United,3,2,7,,substitution,,True,,,G. Bae-Hyeon,S. Min,,,,
k_league_1_2026,2026-03-07,2,Bucheon FC 1995,Daejeon Hana Citizen,1,1,90,,period,,,,,,,FT,,1,1
k_league_1_2026,2026-03-07,2,Bucheon FC 1995,Daejeon Hana Citizen,1,1,90,,goal,J. S. Seo,False,,,,,,,1,1
k_league_1_2026,2026-03-07,2,Bucheon FC 1995,Daejeon Hana Citizen,1,1,90,,substitution,,True,,,J. H. Han,Galego,,,,
k_league_1_2026,2026-03-07,2,Bucheon FC 1995,Daejeon Hana Citizen,1,1,90,,injuryTime,,,,,,,,8,,
k_league_1_2026,2026-03-07,2,Bucheon FC 1995,Daejeon Hana Citizen,1,1,88,,substitution,,False,,,Y. Kang,Y. Seo,,,,
k_league_1_2026,2026-03-07,2,Bucheon FC 1995,Daejeon Hana Citizen,1,1,88,,substitution,,False,,,K. H. Yu,M. K. Ju,,,,
k_league_1_2026,2026-03-07,2,Bucheon FC 1995,Daejeon Hana Citizen,1,1,78,,substitution,,False,,,H. U. Kim,J. Victor,,,,
k_league_1_2026,2026-03-07,2,Bucheon FC 1995,Daejeon Hana Citizen,1,1,77,,substitution,,True,,,S. Kim,K. Takahashi,,,,
k_league_1_2026,2026-03-07,2,Bucheon FC 1995,Daejeon Hana Citizen,1,1,77,,substitution,,True,,,L. Eui-Hyeong,J. Montaño,,,,
k_league_1_2026,2026-03-07,2,Bucheon FC 1995,Daejeon Hana Citizen,1,1,72,,goal,Galego,True,,,,,,,1,0
k_league_1_2026,2026-03-07,2,Bucheon FC 1995,Daejeon Hana Citizen,1,1,70,,varDecision,J. Montaño,True,,,,,,,,
k_league_1_2026,2026-03-07,2,Bucheon FC 1995,Daejeon Hana Citizen,1,1,61,,substitution,,False,,,Diogo Oliveira,G. Ludwigson,,,,
k_league_1_2026,2026-03-07,2,Bucheon FC 1995,Daejeon Hana Citizen,1,1,61,,substitution,,False,,,V. Bobsin,S. Lee,,,,
k_league_1_2026,2026-03-07,2,Bucheon FC 1995,Daejeon Hana Citizen,1,1,61,,substitution,,True,,,D. Kim,M. J. Kim,,,,
k_league_1_2026,2026-03-07,2,Bucheon FC 1995,Daejeon Hana Citizen,1,1,61,,substitution,,True,,,J. Kim,B. G. Yoon,,,,
k_league_1_2026,2026-03-07,2,Bucheon FC 1995,Daejeon Hana Citizen,1,1,45,,period,,,,,,,HT,,0,0
k_league_1_2026,2026-03-07,2,Bucheon FC 1995,Daejeon Hana Citizen,1,1,45,,injuryTime,,,,,,,,2,,
k_league_1_2026,2026-03-02,1,Daejeon Hana Citizen,FC Anyang,1,1,90,,period,,,,,,,FT,,1,1
k_league_1_2026,2026-03-02,1,Daejeon Hana Citizen,FC Anyang,1,1,90,,varDecision,Diogo Oliveira,True,,,,,,,,
k_league_1_2026,2026-03-02,1,Daejeon Hana Citizen,FC Anyang,1,1,90,,card,K. Ji-Hoon,False,yellow,,,,,,,
k_league_1_2026,2026-03-02,1,Daejeon Hana Citizen,FC Anyang,1,1,90,,card,V. Bobsin,True,yellow,,,,,,,
k_league_1_2026,2026-03-02,1,Daejeon Hana Citizen,FC Anyang,1,1,87,,substitution,,True,,,M. Ishida,J. Victor,,,,
k_league_1_2026,2026-03-02,1,Daejeon Hana Citizen,FC Anyang,1,1,86,,substitution,,False,,,H. Chae,G. Choe,,,,
k_league_1_2026,2026-03-02,1,Daejeon Hana Citizen,FC Anyang,1,1,86,,substitution,,False,,,Y. C. Kim,G. Choi,,,,
k_league_1_2026,2026-03-02,1,Daejeon Hana Citizen,FC Anyang,1,1,83,,card,K. Bong-Soo,True,yellow,,,,,,,
k_league_1_2026,2026-03-02,1,Daejeon Hana Citizen,FC Anyang,1,1,79,,substitution,,True,,,H. U. Kim,M. K. Ju,,,,
k_league_1_2026,2026-03-02,1,Daejeon Hana Citizen,FC Anyang,1,1,79,,substitution,,False,,,B. Herculano,I. Jukić,,,,
k_league_1_2026,2026-03-02,1,Daejeon Hana Citizen,FC Anyang,1,1,79,,substitution,,False,,,K. Ji-Hoon,C. Lee,,,,
k_league_1_2026,2026-03-02,1,Daejeon Hana Citizen,FC Anyang,1,1,71,,substitution,,False,,,J. Lee,J. H. Kim,,,,
k_league_1_2026,2026-03-02,1,Daejeon Hana Citizen,FC Anyang,1,1,67,,substitution,,True,,,Diogo Oliveira,S. Lee,,,,
k_league_1_2026,2026-03-02,1,Daejeon Hana Citizen,FC Anyang,1,1,67,,substitution,,True,,,V. Bobsin,J. S. Seo,,,,
k_league_1_2026,2026-03-02,1,Daejeon Hana Citizen,FC Anyang,1,1,65,,card,K. W. Kwon,False,yellow,,,,,,,
k_league_1_2026,2026-03-02,1,Daejeon Hana Citizen,FC Anyang,1,1,63,,goal,M. Oliveira,False,,,,,,,1,1
k_league_1_2026,2026-03-02,1,Daejeon Hana Citizen,FC Anyang,1,1,61,,varDecision,T. H. Lee,False,,,,,,,,
k_league_1_2026,2026-03-02,1,Daejeon Hana Citizen,FC Anyang,1,1,54,,goal,J. S. Seo,True,,,,,,,1,0
k_league_1_2026,2026-03-02,1,Daejeon Hana Citizen,FC Anyang,1,1,45,,period,,,,,,,HT,,0,0
k_league_1_2026,2026-03-02,1,Daejeon Hana Citizen,FC Anyang,1,1,45,,injuryTime,,,,,,,,4,,
k_league_1_2026,2026-03-02,1,Daejeon Hana Citizen,FC Anyang,1,1,42,,card,S. Lee,True,yellow,,,,,,,
k_league_1_2026,2026-03-02,1,Daejeon Hana Citizen,FC Anyang,1,1,42,,card,M. Kim,True,yellow,,,,,,,
k_league_1_2026,2026-03-02,1,Daejeon Hana Citizen,FC Anyang,1,1,39,,card,J. H. Kim,False,yellow,,,,,,,
k_league_1_2026,2026-03-02,1,Daejeon Hana Citizen,FC Anyang,1,1,33,,card,C. Ha,True,yellow,,,,,,,
k_league_1_2026,2026-03-02,1,Daejeon Hana Citizen,FC Anyang,1,1,20,,card,G. Choi,False,yellow,,,,,,,
k_league_1_2026,2026-03-01,1,Jeju SK,Gwangju FC,0,0,90,,period,,,,,,,FT,,0,0
k_league_1_2026,2026-03-01,1,Jeju SK,Gwangju FC,0,0,90,,card,H. An,False,yellow,,,,,,,
k_league_1_2026,2026-03-01,1,Jeju SK,Gwangju FC,0,0,90,,substitution,,True,,,C. Byung-Wook,Emerson Ramon,,,,
k_league_1_2026,2026-03-01,1,Jeju SK,Gwangju FC,0,0,90,,injuryTime,,,,,,,,3,,
k_league_1_2026,2026-03-01,1,Jeju SK,Gwangju FC,0,0,81,,substitution,,False,,,S. J. Ju,K. Choi,,,,
k_league_1_2026,2026-03-01,1,Jeju SK,Gwangju FC,0,0,74,,card,C. J. Park,True,yellow,,,,,,,
k_league_1_2026,2026-03-01,1,Jeju SK,Gwangju FC,0,0,64,,substitution,,False,,,H. An,S. Y. Gwon,,,,
k_league_1_2026,2026-03-01,1,Jeju SK,Gwangju FC,0,0,63,,substitution,,False,,,H. A. Friðjónsson,Seung-un Ha,,,,
k_league_1_2026,2026-03-01,1,Jeju SK,Gwangju FC,0,0,62,,substitution,,True,,,C. J. Park,S. Sang-Eun,,,,
k_league_1_2026,2026-03-01,1,Jeju SK,Gwangju FC,0,0,62,,substitution,,True,,,K. Jun-Ha,C. Kwon,,,,
k_league_1_2026,2026-03-01,1,Jeju SK,Gwangju FC,0,0,52,,card,J. Kim,False,yellow,,,,,,,
k_league_1_2026,2026-03-01,1,Jeju SK,Gwangju FC,0,0,46,,substitution,,False,,,J. Kim,J. Jeong,,,,
k_league_1_2026,2026-03-01,1,Jeju SK,Gwangju FC,0,0,46,,substitution,,False,,,Y. Ahn,Y. Kim,,,,
k_league_1_2026,2026-03-01,1,Jeju SK,Gwangju FC,0,0,46,,substitution,,True,,,M. Jang,T. H. Nam,,,,
k_league_1_2026,2026-03-01,1,Jeju SK,Gwangju FC,0,0,45,,period,,,,,,,HT,,0,0
k_league_1_2026,2026-03-01,1,Jeju SK,Gwangju FC,0,0,45,,card,I. Yu,True,yellow,,,,,,,
k_league_1_2026,2026-03-01,1,Jeju SK,Gwangju FC,0,0,45,,injuryTime,,,,,,,,5,,
k_league_1_2026,2026-03-01,1,Jeju SK,Gwangju FC,0,0,44,,card,C. M. Shin,False,yellow,,,,,,,
k_league_1_2026,2026-03-01,1,Jeju SK,Gwangju FC,0,0,43,,card,Seung-un Ha,False,yellow,,,,,,,
k_league_1_2026,2026-03-01,1,Jeju SK,Gwangju FC,0,0,31,,card,Italo,True,red,,,,,,,
k_league_1_2026,2026-03-01,1,Jeju SK,Gwangju FC,0,0,13,,varDecision,S. Sang-Eun,True,,,,,,,,
k_league_1_2026,2026-03-01,1,Jeonbuk Hyundai Motors,Bucheon FC 1995,2,3,90,,period,,,,,,,FT,,2,3
k_league_1_2026,2026-03-01,1,Jeonbuk Hyundai Motors,Bucheon FC 1995,2,3,90,12,card,J. Montaño,False,yellow,Argument,,,,,,
k_league_1_2026,2026-03-01,1,Jeonbuk Hyundai Motors,Bucheon FC 1995,2,3,90,7,goal,Galego,False,,,,,,,2,3
k_league_1_2026,2026-03-01,1,Jeonbuk Hyundai Motors,Bucheon FC 1995,2,3,90,,substitution,,True,,,Y. J. Lee,S. U. Maeng,,,,
k_league_1_2026,2026-03-01,1,Jeonbuk Hyundai Motors,Bucheon FC 1995,2,3,90,,substitution,,True,,,P. Twumasi,D. J. Lee,,,,
k_league_1_2026,2026-03-01,1,Jeonbuk Hyundai Motors,Bucheon FC 1995,2,3,90,,injuryTime,,,,,,,,9,,
k_league_1_2026,2026-03-01,1,Jeonbuk Hyundai Motors,Bucheon FC 1995,2,3,88,,varDecision,Y. Kim,True,,,,,,,,
k_league_1_2026,2026-03-01,1,Jeonbuk Hyundai Motors,Bucheon FC 1995,2,3,83,,goal,J. Montaño,False,,,,,,,2,2
k_league_1_2026,2026-03-01,1,Jeonbuk Hyundai Motors,Bucheon FC 1995,2,3,76,,substitution,,False,,,S. Kim,B. G. Yoon,,,,
k_league_1_2026,2026-03-01,1,Jeonbuk Hyundai Motors,Bucheon FC 1995,2,3,76,,substitution,,False,,,J. H. Han,Rodrigo,,,,
k_league_1_2026,2026-03-01,1,Jeonbuk Hyundai Motors,Bucheon FC 1995,2,3,75,,substitution,,True,,,T. Orobó,B. Mota,,,,
k_league_1_2026,2026-03-01,1,Jeonbuk Hyundai Motors,Bucheon FC 1995,2,3,61,,substitution,,False,,,J. Kim,K. Takahashi,,,,
k_league_1_2026,2026-03-01,1,Jeonbuk Hyundai Motors,Bucheon FC 1995,2,3,57,,card,J. W. Shin,False,yellow,Foul,,,,,,
k_league_1_2026,2026-03-01,1,Jeonbuk Hyundai Motors,Bucheon FC 1995,2,3,54,,goal,D. J. Lee,True,,,,,,,2,1
k_league_1_2026,2026-03-01,1,Jeonbuk Hyundai Motors,Bucheon FC 1995,2,3,46,,substitution,,True,,,S. Lee,J. Kim,,,,
k_league_1_2026,2026-03-01,1,Jeonbuk Hyundai Motors,Bucheon FC 1995,2,3,45,,period,,,,,,,HT,,1,1
k_league_1_2026,2026-03-01,1,Jeonbuk Hyundai Motors,Bucheon FC 1995,2,3,45,,injuryTime,,,,,,,,3,,
k_league_1_2026,2026-03-01,1,Jeonbuk Hyundai Motors,Bucheon FC 1995,2,3,26,,goal,Galego,False,,,,,,,1,1
k_league_1_2026,2026-03-01,1,Jeonbuk Hyundai Motors,Bucheon FC 1995,2,3,17,,card,P. William,False,yellow,Foul,,,,,,
k_league_1_2026,2026-03-01,1,Jeonbuk Hyundai Motors,Bucheon FC 1995,2,3,16,,substitution,,False,,,Galego,S. Kim,,,,
k_league_1_2026,2026-03-01,1,Jeonbuk Hyundai Motors,Bucheon FC 1995,2,3,13,,goal,D. J. Lee,True,,,,,,,1,0
k_league_1_2026,2026-03-01,1,Jeonbuk Hyundai Motors,Bucheon FC 1995,2,3,0,,card,S. Lee,True,yellow,Argument,,,,,,
k_league_1_2026,2026-02-28,1,Gimcheon Sangmu FC,Pohang Steelers,1,1,90,,period,,,,,,,FT,,1,1
k_league_1_2026,2026-02-28,1,Gimcheon Sangmu FC,Pohang Steelers,1,1,90,,injuryTime,,,,,,,,7,,
k_league_1_2026,2026-02-28,1,Gimcheon Sangmu FC,Pohang Steelers,1,1,89,,substitution,,True,,,K. Lee-Seok,S. B. Lee,,,,
k_league_1_2026,2026-02-28,1,Gimcheon Sangmu FC,Pohang Steelers,1,1,83,,substitution,,True,,,I. Kim,J. Go,,,,
k_league_1_2026,2026-02-28,1,Gimcheon Sangmu FC,Pohang Steelers,1,1,83,,substitution,,True,,,M. Kang,K. H. Lee,,,,
k_league_1_2026,2026-02-28,1,Gimcheon Sangmu FC,Pohang Steelers,1,1,83,,substitution,,False,,,Y. Kim,J. Rocha,,,,
k_league_1_2026,2026-02-28,1,Gimcheon Sangmu FC,Pohang Steelers,1,1,71,,substitution,,False,,,J. Si-Woo,H. Seo-woong,,,,
k_league_1_2026,2026-02-28,1,Gimcheon Sangmu FC,Pohang Steelers,1,1,70,,card,C. Y. Park,False,red,,,,,,,
k_league_1_2026,2026-02-28,1,Gimcheon Sangmu FC,Pohang Steelers,1,1,67,,substitution,,False,,,D. Kim,K. Nishiya,,,,
k_league_1_2026,2026-02-28,1,Gimcheon Sangmu FC,Pohang Steelers,1,1,63,,card,M. Jeon,False,yellow,,,,,,,
k_league_1_2026,2026-02-28,1,Gimcheon Sangmu FC,Pohang Steelers,1,1,60,,substitution,,True,,,S. H. Lee,S. Park,,,,
k_league_1_2026,2026-02-28,1,Gimcheon Sangmu FC,Pohang Steelers,1,1,60,,substitution,,True,,,Y. Hong,J. Kim,,,,
k_league_1_2026,2026-02-28,1,Gimcheon Sangmu FC,Pohang Steelers,1,1,55,,goal,J. Tranziska,False,,,,,,,1,1
k_league_1_2026,2026-02-28,1,Gimcheon Sangmu FC,Pohang Steelers,1,1,54,,card,K. Nishiya,False,yellow,,,,,,,
k_league_1_2026,2026-02-28,1,Gimcheon Sangmu FC,Pohang Steelers,1,1,46,,substitution,,False,,,J. Tranziska,J. Hwang,,,,
k_league_1_2026,2026-02-28,1,Gimcheon Sangmu FC,Pohang Steelers,1,1,46,,substitution,,False,,,C. Lee,S. Y. Ki,,,,
k_league_1_2026,2026-02-28,1,Gimcheon Sangmu FC,Pohang Steelers,1,1,45,,period,,,,,,,HT,,1,0
k_league_1_2026,2026-02-28,1,Gimcheon Sangmu FC,Pohang Steelers,1,1,45,,injuryTime,,,,,,,,3,,
k_league_1_2026,2026-02-28,1,Gimcheon Sangmu FC,Pohang Steelers,1,1,29,,card,J. Go,True,yellow,,,,,,,
k_league_1_2026,2026-02-28,1,Gimcheon Sangmu FC,Pohang Steelers,1,1,21,,card,J. Hwang,False,yellow,,,,,,,
k_league_1_2026,2026-02-28,1,Gimcheon Sangmu FC,Pohang Steelers,1,1,4,,goal,J. Go,True,,,,,,,1,0
k_league_1_2026,2026-02-28,1,Ulsan HD,Gangwon FC,3,1,90,,period,,,,,,,FT,,3,1
k_league_1_2026,2026-02-28,1,Ulsan HD,Gangwon FC,3,1,90,5,substitution,,False,,,L. Ji-Ho,J. H. Mo,,,,
k_league_1_2026,2026-02-28,1,Ulsan HD,Gangwon FC,3,1,90,4,goal,A. Halaihal,False,,,,,,,3,1
k_league_1_2026,2026-02-28,1,Ulsan HD,Gangwon FC,3,1,90,3,substitution,,True,,,L. Min-Hyeok,K. S. Lee,,,,
k_league_1_2026,2026-02-28,1,Ulsan HD,Gangwon FC,3,1,90,3,card,J. H. Mo,False,yellow,Foul,,,,,,
k_league_1_2026,2026-02-28,1,Ulsan HD,Gangwon FC,3,1,90,1,card,C. Seok-Hyun,True,yellow,Time wasting,,,,,,
k_league_1_2026,2026-02-28,1,Ulsan HD,Gangwon FC,3,1,90,,substitution,,True,,,J. Seung-hyeon,H. T. Cho,,,,
k_league_1_2026,2026-02-28,1,Ulsan HD,Gangwon FC,3,1,90,,substitution,,True,,,J. Jae-Sang,H. Lee,,,,
k_league_1_2026,2026-02-28,1,Ulsan HD,Gangwon FC,3,1,90,,substitution,,True,,,Y. Heo,Yago,,,,
k_league_1_2026,2026-02-28,1,Ulsan HD,Gangwon FC,3,1,86,,goal,H. Lee,True,,,,,,,3,0
k_league_1_2026,2026-02-28,1,Ulsan HD,Gangwon FC,3,1,79,,substitution,,True,,,M. Trojak,D. Bojanić,,,,
k_league_1_2026,2026-02-28,1,Ulsan HD,Gangwon FC,3,1,75,,substitution,,False,,,A. Halaihal,P. Sang-Hyeok,,,,
k_league_1_2026,2026-02-28,1,Ulsan HD,Gangwon FC,3,1,71,,substitution,,True,,,B. Michel,Pedrinho,,,,
k_league_1_2026,2026-02-28,1,Ulsan HD,Gangwon FC,3,1,65,,substitution,,False,,,S. Min-Ha,S. Jun-Seok,,,,
k_league_1_2026,2026-02-28,1,Ulsan HD,Gangwon FC,3,1,65,,substitution,,False,,,K. Yun-Gu,Y. Goh,,,,
k_league_1_2026,2026-02-28,1,Ulsan HD,Gangwon FC,3,1,58,,card,M. Seo,False,yellow,Foul,,,,,,
k_league_1_2026,2026-02-28,1,Ulsan HD,Gangwon FC,3,1,46,,substitution,,False,,,S. W. Lee,H. Y. Park,,,,
k_league_1_2026,2026-02-28,1,Ulsan HD,Gangwon FC,3,1,46,,substitution,,False,,,K. Do-Hyun,K. Joon-hyuk,,,,
k_league_1_2026,2026-02-28,1,Ulsan HD,Gangwon FC,3,1,45,,period,,,,,,,HT,,2,0
k_league_1_2026,2026-02-28,1,Ulsan HD,Gangwon FC,3,1,45,3,goal,Yago,True,,,,,,,2,0
k_league_1_2026,2026-02-28,1,Ulsan HD,Gangwon FC,3,1,35,,card,M. Tuci,False,yellow,Foul,,,,,,
k_league_1_2026,2026-02-28,1,Ulsan HD,Gangwon FC,3,1,23,,card,K. S. Lee,True,yellow,Foul,,,,,,
k_league_1_2026,2026-02-28,1,Ulsan HD,Gangwon FC,3,1,19,,goal,Yago,True,,,,,,,1,0
k_league_1_2026,2026-02-28,1,Ulsan HD,Gangwon FC,3,1,0,,card,K. Chung,False,yellow,Argument,,,,,,
k_league_1_2026,2026-02-28,1,Incheon United,FC Seoul,1,2,90,,period,,,,,,,FT,,1,2
k_league_1_2026,2026-02-28,1,Incheon United,FC Seoul,1,2,90,,substitution,,False,,,H. Lee,Anderson Oliveira,,,,
k_league_1_2026,2026-02-28,1,Incheon United,FC Seoul,1,2,90,,goal,S. Mugoša,True,,,,,,,1,2
k_league_1_2026,2026-02-28,1,Incheon United,FC Seoul,1,2,90,,card,S. Park,False,yellow,,,,,,,
k_league_1_2026,2026-02-28,1,Incheon United,FC Seoul,1,2,90,,injuryTime,,,,,,,,6,,
k_league_1_2026,2026-02-28,1,Incheon United,FC Seoul,1,2,90,,varDecision,C. I. Jeong,True,,,,,,,,
k_league_1_2026,2026-02-28,1,Incheon United,FC Seoul,1,2,85,,substitution,,True,,,Y. Seung-Won,K. Myung-Sun,,,,
k_league_1_2026,2026-02-28,1,Incheon United,FC Seoul,1,2,85,,substitution,,True,,,P. Ho-min,G. Fernandes,,,,
k_league_1_2026,2026-02-28,1,Incheon United,FC Seoul,1,2,81,,substitution,,False,,,D. Hwang,C. Y. Wook,,,,
k_league_1_2026,2026-02-28,1,Incheon United,FC Seoul,1,2,78,,card,H. Babec,False,yellowRed,,,,,,,
k_league_1_2026,2026-02-28,1,Incheon United,FC Seoul,1,2,73,,substitution,,False,,,S. Jeong,M. Song,,,,
k_league_1_2026,2026-02-28,1,Incheon United,FC Seoul,1,2,72,,substitution,,True,,,C. I. Jeong,H. S. Oh,,,,
k_league_1_2026,2026-02-28,1,Incheon United,FC Seoul,1,2,63,,substitution,,True,,,M. J. Lee,I. Undabarrena,,,,
k_league_1_2026,2026-02-28,1,Incheon United,FC Seoul,1,2,63,,substitution,,True,,,C. Y. Lee,P. Seung-Ho,,,,
k_league_1_2026,2026-02-28,1,Incheon United,FC Seoul,1,2,61,,goal,C. Y. Wook,False,,,,,,,0,2
k_league_1_2026,2026-02-28,1,Incheon United,FC Seoul,1,2,51,,card,C. Y. Wook,False,yellow,,,,,,,
k_league_1_2026,2026-02-28,1,Incheon United,FC Seoul,1,2,47,,goal,M. Song,False,,,,,,,0,1
k_league_1_2026,2026-02-28,1,Incheon United,FC Seoul,1,2,46,,substitution,,False,,,L. Ruiz,P. Klimala,,,,
k_league_1_2026,2026-02-28,1,Incheon United,FC Seoul,1,2,46,,substitution,,False,,,S. Lee,J. Son,,,,
k_league_1_2026,2026-02-28,1,Incheon United,FC Seoul,1,2,45,,period,,,,,,,HT,,0,0
k_league_1_2026,2026-02-28,1,Incheon United,FC Seoul,1,2,45,,injuryTime,,,,,,,,10,,
k_league_1_2026,2026-02-28,1,Incheon United,FC Seoul,1,2,17,,card,H. Babec,False,yellow,,,,,,,
k_league_1_2026,2026-02-28,1,Incheon United,FC Seoul,1,2,9,,card,P. Klimala,False,yellow,,,,,,,
