league,match_date,round_number,home_team,away_team,match_home_score,match_away_score,minute,added_time,type,player,is_home,card_type,reason,player_in,player_out,period_text,injury_length,incident_home_score,incident_away_score
mls_2026,2026-02-21,,FC Cincinnati,Atlanta United,2,0,13,,substitution,,True,,,G. Valenzuela,Evander,,,,
mls_2026,2026-02-21,,FC Cincinnati,Atlanta United,2,0,26,,card,B. Ramírez,True,yellow,,,,,,,
mls_2026,2026-02-21,,FC Cincinnati,Atlanta United,2,0,51,,card,T. Jacob,False,yellow,,,,,,,
mls_2026,2026-02-21,,FC Cincinnati,Atlanta United,2,0,61,,card,S. Alzate,False,yellow,,,,,,,
mls_2026,2026-02-21,,FC Cincinnati,Atlanta United,2,0,71,,substitution,,True,,,G. Flores,T. L. Hadebe,,,,
mls_2026,2026-02-21,,FC Cincinnati,Atlanta United,2,0,71,,substitution,,True,,,T. Barlow,A. Jabbari,,,,
mls_2026,2026-02-21,,FC Cincinnati,Atlanta United,2,0,73,,substitution,,False,,,A. Miranchuk,S. Lobjanidze,,,,
mls_2026,2026-02-21,,FC Cincinnati,Atlanta United,2,0,73,,substitution,,False,,,T. Muyumba,C. Sanchez,,,,
mls_2026,2026-02-21,,FC Cincinnati,Atlanta United,2,0,80,,goal,K. Denkey,True,,,,,,,1,0
mls_2026,2026-02-21,,FC Cincinnati,Atlanta United,2,0,84,,substitution,,False,,,L. Brennan,S. Alzate,,,,
mls_2026,2026-02-21,,FC Cincinnati,Atlanta United,2,0,89,,substitution,,True,,,O. Nwobodo,G. Valenzuela,,,,
mls_2026,2026-02-21,,FC Cincinnati,Atlanta United,2,0,89,,substitution,,True,,,A. Powell,E. Echenique,,,,
mls_2026,2026-02-21,,FC Cincinnati,Atlanta United,2,0,90,,goal,N. Hagglund,True,,,,,,,2,0
mls_2026,2026-02-21,,St.Louis City,Charlotte FC,1,1,40,,card,T. Baumgartl,True,yellow,,,,,,,
mls_2026,2026-02-21,,St.Louis City,Charlotte FC,1,1,59,,substitution,,True,,,B. McSorley,S. Jeong,,,,
mls_2026,2026-02-21,,St.Louis City,Charlotte FC,1,1,60,,goal,M. Hartel,True,,,,,,,1,0
mls_2026,2026-02-21,,St.Louis City,Charlotte FC,1,1,66,,card,J. Orozco,True,yellow,,,,,,,
mls_2026,2026-02-21,,St.Louis City,Charlotte FC,1,1,69,,substitution,,False,,,K. C. Vargas,L. Abada,,,,
mls_2026,2026-02-21,,St.Louis City,Charlotte FC,1,1,69,,substitution,,False,,,D. Diani,L. D. L. Torre,,,,
mls_2026,2026-02-21,,St.Louis City,Charlotte FC,1,1,69,,substitution,,False,,,D. Schnegg,H. Toffolo,,,,
mls_2026,2026-02-21,,St.Louis City,Charlotte FC,1,1,7,,card,A. Privett,False,yellow,,,,,,,
mls_2026,2026-02-21,,St.Louis City,Charlotte FC,1,1,71,,card,W. Zaha,False,yellow,,,,,,,
mls_2026,2026-02-21,,St.Louis City,Charlotte FC,1,1,73,,goal,P. Biel,False,,,,,,,1,1
mls_2026,2026-02-21,,St.Louis City,Charlotte FC,1,1,83,,substitution,,True,,,M. Perez,C. Durkin,,,,
mls_2026,2026-02-21,,St.Louis City,Charlotte FC,1,1,84,,substitution,,True,,,L. MacNaughton,D. Polvara,,,,
mls_2026,2026-02-21,,St.Louis City,Charlotte FC,1,1,87,,substitution,,False,,,T. Smalls,I. Toklomati Jorno,,,,
mls_2026,2026-02-21,,St.Louis City,Charlotte FC,1,1,90,,substitution,,True,,,T. Totland,R. Santos,,,,
mls_2026,2026-02-21,,St.Louis City,Charlotte FC,1,1,90,,substitution,,True,,,C. Teuchert,S. Becher,,,,
mls_2026,2026-02-22,,Austin FC,Minnesota United,2,2,25,,card,W. Trapp,False,yellow,,,,,,,
mls_2026,2026-02-22,,Austin FC,Minnesota United,2,2,38,,card,I. Sánchez,True,yellow,,,,,,,
mls_2026,2026-02-22,,Austin FC,Minnesota United,2,2,40,,goal,M. Duggan,False,,,,,,,1,1
mls_2026,2026-02-22,,Austin FC,Minnesota United,2,2,65,,substitution,,False,,,J. Gressel,B. Hlongwane,,,,
mls_2026,2026-02-22,,Austin FC,Minnesota United,2,2,66,,substitution,,False,,,C. Harvey,D. Taylor,,,,
mls_2026,2026-02-22,,Austin FC,Minnesota United,2,2,69,,substitution,,True,,,R. Taylor,J. Nelson,,,,
mls_2026,2026-02-22,,Austin FC,Minnesota United,2,2,7,,goal,B. Hines-Ike,True,,,,,,,1,0
mls_2026,2026-02-22,,Austin FC,Minnesota United,2,2,76,,goal,M. Uzuni,True,,,,,,,2,1
mls_2026,2026-02-22,,Austin FC,Minnesota United,2,2,78,,substitution,,False,,,D. Padelford,A. Markanich,,,,
mls_2026,2026-02-22,,Austin FC,Minnesota United,2,2,78,,substitution,,True,,,N. Dubersarsky,I. Sánchez,,,,
mls_2026,2026-02-22,,Austin FC,Minnesota United,2,2,86,,substitution,,False,,,M. Dieng,N. Triantis,,,,
mls_2026,2026-02-22,,Austin FC,Minnesota United,2,2,86,,substitution,,False,,,T. Putt,T. Chancalay,,,,
mls_2026,2026-02-22,,Austin FC,Minnesota United,2,2,90,,substitution,,True,,,J. Bell,J. Rosales,,,,
mls_2026,2026-02-22,,Austin FC,Minnesota United,2,2,90,,substitution,,True,,,C. Fodrey,R. Taylor,,,,
mls_2026,2026-02-22,,Austin FC,Minnesota United,2,2,90,,goal,K. Yeboah,False,,,,,,,2,2
mls_2026,2026-02-22,,DC United,Philadelphia Union,1,0,23,,goal,T. Baribo,True,,,,,,,1,0
mls_2026,2026-02-22,,DC United,Philadelphia Union,1,0,41,,card,O. Makhanya,False,yellow,,,,,,,
mls_2026,2026-02-22,,DC United,Philadelphia Union,1,0,45,,card,J. Bueno,False,yellow,,,,,,,
mls_2026,2026-02-22,,DC United,Philadelphia Union,1,0,46,,substitution,,False,,,G. Martínez,F. Sundstrom,,,,
mls_2026,2026-02-22,,DC United,Philadelphia Union,1,0,57,,substitution,,False,,,A. Anello,J. Bueno,,,,
mls_2026,2026-02-22,,DC United,Philadelphia Union,1,0,58,,card,E. Alladoh,False,red,,,,,,,
mls_2026,2026-02-22,,DC United,Philadelphia Union,1,0,70,,substitution,,True,,,L. Munteanu,Gabriel Pirani,,,,
mls_2026,2026-02-22,,DC United,Philadelphia Union,1,0,70,,substitution,,False,,,C. Sullivan,M. Iloski,,,,
mls_2026,2026-02-22,,DC United,Philadelphia Union,1,0,79,,substitution,,False,,,A. Bedoya,I. Vassilev,,,,
mls_2026,2026-02-22,,DC United,Philadelphia Union,1,0,79,,substitution,,False,,,S. Kornzeniowski,B. Damiani,,,,
mls_2026,2026-02-22,,DC United,Philadelphia Union,1,0,80,,card,J. Sery Larsen,False,yellow,,,,,,,
mls_2026,2026-02-22,,DC United,Philadelphia Union,1,0,88,,card,J. Hopkins,True,yellow,,,,,,,
mls_2026,2026-02-22,,DC United,Philadelphia Union,1,0,88,,card,D. J. Jacques,False,yellow,,,,,,,
mls_2026,2026-02-22,,DC United,Philadelphia Union,1,0,89,,substitution,,True,,,N. Markovic,J. Hopkins,,,,
mls_2026,2026-02-22,,DC United,Philadelphia Union,1,0,90,,card,Peglow,True,yellow,,,,,,,
mls_2026,2026-02-22,,DC United,Philadelphia Union,1,0,90,,substitution,,True,,,S. Nealis,T. Baribo,,,,
mls_2026,2026-02-22,,FC Dallas,Toronto FC,3,2,15,,goal,Đ. Mihailović,False,,,,,,,1,1
mls_2026,2026-02-22,,FC Dallas,Toronto FC,3,2,21,,card,M. Henry,False,yellow,,,,,,,
mls_2026,2026-02-22,,FC Dallas,Toronto FC,3,2,38,,goal,L. Farrington,True,,,,,,,2,1
mls_2026,2026-02-22,,FC Dallas,Toronto FC,3,2,45,,card,P. Musa,True,yellow,,,,,,,
mls_2026,2026-02-22,,FC Dallas,Toronto FC,3,2,54,,substitution,,False,,,D. Sallói,M. Henry,,,,
mls_2026,2026-02-22,,FC Dallas,Toronto FC,3,2,54,,substitution,,False,,,R. Edwards,A. Coello,,,,
mls_2026,2026-02-22,,FC Dallas,Toronto FC,3,2,67,,goal,D. E. Junior,False,,,,,,,2,2
mls_2026,2026-02-22,,FC Dallas,Toronto FC,3,2,72,,substitution,,True,,,P. Delgado,Kaick,,,,
mls_2026,2026-02-22,,FC Dallas,Toronto FC,3,2,72,,substitution,,True,,,L. D. Deedson,H. Johansson,,,,
mls_2026,2026-02-22,,FC Dallas,Toronto FC,3,2,74,,goal,P. Musa,True,,,,,,,3,2
mls_2026,2026-02-22,,FC Dallas,Toronto FC,3,2,77,,substitution,,False,,,E. Aristizábal,K. Franklin,,,,
mls_2026,2026-02-22,,FC Dallas,Toronto FC,3,2,78,,substitution,,False,,,H. Wingo,D. E. Junior,,,,
mls_2026,2026-02-22,,FC Dallas,Toronto FC,3,2,82,,substitution,,True,,,A. Julio,L. Farrington,,,,
mls_2026,2026-02-22,,FC Dallas,Toronto FC,3,2,9,,goal,P. Musa,True,,,,,,,1,0
mls_2026,2026-02-22,,FC Dallas,Toronto FC,3,2,90,,card,R. Edwards,False,yellow,,,,,,,
mls_2026,2026-02-22,,FC Dallas,Toronto FC,3,2,90,,substitution,,True,,,R. Binyamin,C. Cappis,,,,
mls_2026,2026-02-22,,Houston Dynamo,Chicago Fire,2,1,13,,card,D. Holmes,True,yellow,,,,,,,
mls_2026,2026-02-22,,Houston Dynamo,Chicago Fire,2,1,26,,card,J. Waterman,False,yellow,,,,,,,
mls_2026,2026-02-22,,Houston Dynamo,Chicago Fire,2,1,31,,goal,H. Cuypers,False,,,,,,,0,1
mls_2026,2026-02-22,,Houston Dynamo,Chicago Fire,2,1,66,,goal,Guilherme,True,,,,,,,1,1
mls_2026,2026-02-22,,Houston Dynamo,Chicago Fire,2,1,75,,card,L. Halter,True,yellow,,,,,,,
mls_2026,2026-02-22,,Houston Dynamo,Chicago Fire,2,1,76,,substitution,,False,,,C. Mueller,R. Lod,,,,
mls_2026,2026-02-22,,Houston Dynamo,Chicago Fire,2,1,76,,substitution,,False,,,C. Cupps,S. Rogers,,,,
mls_2026,2026-02-22,,Houston Dynamo,Chicago Fire,2,1,77,,goal,Guilherme,True,,,,,,,2,1
mls_2026,2026-02-22,,Houston Dynamo,Chicago Fire,2,1,79,,substitution,,True,,,O. Lingr,D. Holmes,,,,
mls_2026,2026-02-22,,Houston Dynamo,Chicago Fire,2,1,84,,card,C. Mueller,False,yellow,,,,,,,
mls_2026,2026-02-22,,Houston Dynamo,Chicago Fire,2,1,85,,card,E. Sviatchenko,True,yellow,,,,,,,
mls_2026,2026-02-22,,Houston Dynamo,Chicago Fire,2,1,87,,substitution,,True,,,F. Negri,Guilherme,,,,
mls_2026,2026-02-22,,Houston Dynamo,Chicago Fire,2,1,87,,substitution,,True,,,D. Samassékou,J. McGlynn,,,,
mls_2026,2026-02-22,,Houston Dynamo,Chicago Fire,2,1,88,,substitution,,False,,,P. Dithejane,M. Mbokazi,,,,
mls_2026,2026-02-22,,Houston Dynamo,Chicago Fire,2,1,88,,substitution,,False,,,S. Oregel,D. T. D'Avilla,,,,
mls_2026,2026-02-22,,Houston Dynamo,Chicago Fire,2,1,90,,substitution,,True,,,N. Markanich,L. Ennali,,,,
mls_2026,2026-02-22,,Los Angeles FC,Inter Miami CF,3,0,37,,goal,D. M. Morales,True,,,,,,,1,0
mls_2026,2026-02-22,,Los Angeles FC,Inter Miami CF,3,0,45,,card,M. Falcón,False,yellow,,,,,,,
mls_2026,2026-02-22,,Los Angeles FC,Inter Miami CF,3,0,46,,substitution,,False,,,F. Mura,I. Fray,,,,
mls_2026,2026-02-22,,Los Angeles FC,Inter Miami CF,3,0,68,,substitution,,False,,,T. Allende,Y. Bright,,,,
mls_2026,2026-02-22,,Los Angeles FC,Inter Miami CF,3,0,69,,substitution,,True,,,M. Choinière,D. M. Morales,,,,
mls_2026,2026-02-22,,Los Angeles FC,Inter Miami CF,3,0,73,,goal,D. Bouanga,True,,,,,,,2,0
mls_2026,2026-02-22,,Los Angeles FC,Inter Miami CF,3,0,80,,card,T. Segovia,False,yellow,,,,,,,
mls_2026,2026-02-22,,Los Angeles FC,Inter Miami CF,3,0,80,,card,D. Bouanga,True,yellow,,,,,,,
mls_2026,2026-02-22,,Los Angeles FC,Inter Miami CF,3,0,81,,substitution,,False,,,L. Suárez,M. Silvetti,,,,
mls_2026,2026-02-22,,Los Angeles FC,Inter Miami CF,3,0,82,,substitution,,True,,,T. Boyd,T. Tillman,,,,
mls_2026,2026-02-22,,Los Angeles FC,Inter Miami CF,3,0,89,,substitution,,True,,,N. Ordaz,H. M. Son,,,,
mls_2026,2026-02-22,,Los Angeles FC,Inter Miami CF,3,0,90,,goal,N. Ordaz,True,,,,,,,3,0
mls_2026,2026-02-22,,Nashville SC,New England Revolution,4,1,16,,goal,S. Surridge,True,,,,,,,2,0
mls_2026,2026-02-22,,Nashville SC,New England Revolution,4,1,39,,goal,H. Mukhtar,True,,,,,,,3,0
mls_2026,2026-02-22,,Nashville SC,New England Revolution,4,1,45,,substitution,,False,,,T. Beason,W. Sands,,,,
mls_2026,2026-02-22,,Nashville SC,New England Revolution,4,1,47,,goal,L. Campana,False,,,,,,,3,1
mls_2026,2026-02-22,,Nashville SC,New England Revolution,4,1,48,,card,G. Yow,False,yellow,,,,,,,
mls_2026,2026-02-22,,Nashville SC,New England Revolution,4,1,49,,goal,W. Madrigal,True,,,,,,,4,1
mls_2026,2026-02-22,,Nashville SC,New England Revolution,4,1,5,,goal,S. Surridge,True,,,,,,,1,0
mls_2026,2026-02-22,,Nashville SC,New England Revolution,4,1,61,,substitution,,True,,,A. Muyl,W. Madrigal,,,,
mls_2026,2026-02-22,,Nashville SC,New England Revolution,4,1,61,,substitution,,False,,,L. Langoni,D. Turgeman,,,,
mls_2026,2026-02-22,,Nashville SC,New England Revolution,4,1,68,,substitution,,False,,,M. Fry,G. Yow,,,,
mls_2026,2026-02-22,,Nashville SC,New England Revolution,4,1,72,,substitution,,True,,,J. Bauer,A. Najar,,,,
mls_2026,2026-02-22,,Nashville SC,New England Revolution,4,1,72,,substitution,,True,,,M. Corcoran,P. Yazbek,,,,
mls_2026,2026-02-22,,Nashville SC,New England Revolution,4,1,82,,substitution,,True,,,A. Qasem,C. Espinoza,,,,
mls_2026,2026-02-22,,Nashville SC,New England Revolution,4,1,82,,substitution,,True,,,W. Pacius,S. Surridge,,,,
mls_2026,2026-02-22,,Nashville SC,New England Revolution,4,1,82,,substitution,,False,,,I. Feingold,K. Hughes,,,,
mls_2026,2026-02-22,,Nashville SC,New England Revolution,4,1,82,,substitution,,False,,,A. Yusuf,M. Polster,,,,
mls_2026,2026-02-22,,Nashville SC,New England Revolution,4,1,90,,substitution,,True,,,B. Acosta,E. S. Tagseth,,,,
mls_2026,2026-02-22,,Orlando City SC,New York Red Bulls,1,2,14,,substitution,,True,,,C. Guske,W. Cartagena,,,,
mls_2026,2026-02-22,,Orlando City SC,New York Red Bulls,1,2,40,,goal,J. Hall,False,,,,,,,0,2
mls_2026,2026-02-22,,Orlando City SC,New York Red Bulls,1,2,45,,card,T. Spicer,True,yellow,,,,,,,
mls_2026,2026-02-22,,Orlando City SC,New York Red Bulls,1,2,46,,substitution,,True,,,I. Angulo,M. Pašalić,,,,
mls_2026,2026-02-22,,Orlando City SC,New York Red Bulls,1,2,46,,substitution,,True,,,N. Miller,Iago,,,,
mls_2026,2026-02-22,,Orlando City SC,New York Red Bulls,1,2,49,,card,J. Che,False,yellow,,,,,,,
mls_2026,2026-02-22,,Orlando City SC,New York Red Bulls,1,2,63,,card,A. Mehmeti,False,yellow,,,,,,,
mls_2026,2026-02-22,,Orlando City SC,New York Red Bulls,1,2,65,,substitution,,False,,,O. Valencia,M. D. Santos,,,,
mls_2026,2026-02-22,,Orlando City SC,New York Red Bulls,1,2,65,,substitution,,False,,,J. Mina,J. Marshall-Rutty,,,,
mls_2026,2026-02-22,,Orlando City SC,New York Red Bulls,1,2,75,,substitution,,False,,,E. Choupo-Moting,J. Ruvalcaba,,,,
mls_2026,2026-02-22,,Orlando City SC,New York Red Bulls,1,2,76,,substitution,,True,,,T. Souza,T. Spicer,,,,
mls_2026,2026-02-22,,Orlando City SC,New York Red Bulls,1,2,76,,substitution,,False,,,G. Berggren,A. Mehmeti,,,,
mls_2026,2026-02-22,,Orlando City SC,New York Red Bulls,1,2,8,,goal,J. Hall,False,,,,,,,0,1
mls_2026,2026-02-22,,Orlando City SC,New York Red Bulls,1,2,86,,substitution,,True,,,Z. Taifi,G. Dorsey,,,,
mls_2026,2026-02-22,,Orlando City SC,New York Red Bulls,1,2,87,,substitution,,False,,,T. Rosborough,J. Hall,,,,
mls_2026,2026-02-22,,Orlando City SC,New York Red Bulls,1,2,90,,goal,T. Souza,True,,,,,,,1,2
mls_2026,2026-02-22,,Portland Timbers,Columbus Crew,3,2,14,,goal,F. Mora,True,,,,,,,1,1
mls_2026,2026-02-22,,Portland Timbers,Columbus Crew,3,2,20,,goal,A. Alves,True,,,,,,,2,1
mls_2026,2026-02-22,,Portland Timbers,Columbus Crew,3,2,25,,substitution,,False,,,A. Sejdic,D. Chambost,,,,
mls_2026,2026-02-22,,Portland Timbers,Columbus Crew,3,2,29,,card,B. Bye,True,yellow,,,,,,,
mls_2026,2026-02-22,,Portland Timbers,Columbus Crew,3,2,44,,goal,D. Rossi,False,,,,,,,2,2
mls_2026,2026-02-22,,Portland Timbers,Columbus Crew,3,2,58,,card,W. Abou Ali,False,yellow,,,,,,,
mls_2026,2026-02-22,,Portland Timbers,Columbus Crew,3,2,6,,goal,W. Abou Ali,False,,,,,,,0,1
mls_2026,2026-02-22,,Portland Timbers,Columbus Crew,3,2,73,,substitution,,False,,,S. T. Bangoura,T. Habroune,,,,
mls_2026,2026-02-22,,Portland Timbers,Columbus Crew,3,2,73,,substitution,,False,,,Y. Cheberko,R. Camacho,,,,
mls_2026,2026-02-22,,Portland Timbers,Columbus Crew,3,2,74,,substitution,,True,,,A. Lassiter,G. Guerra,,,,
mls_2026,2026-02-22,,Portland Timbers,Columbus Crew,3,2,74,,substitution,,True,,,K. Kelsy,F. Mora,,,,
mls_2026,2026-02-22,,Portland Timbers,Columbus Crew,3,2,82,,substitution,,False,,,D. Gazdag,H. Picard,,,,
mls_2026,2026-02-22,,Portland Timbers,Columbus Crew,3,2,82,,substitution,,False,,,J. Thiaré,W. Abou Ali,,,,
mls_2026,2026-02-22,,Portland Timbers,Columbus Crew,3,2,84,,substitution,,True,,,K. Miller,A. Bonetig,,,,
mls_2026,2026-02-22,,Portland Timbers,Columbus Crew,3,2,84,,substitution,,True,,,J. Ortíz,A. Alves,,,,
mls_2026,2026-02-22,,Portland Timbers,Columbus Crew,3,2,88,,goal,A. Lassiter,True,,,,,,,3,2
mls_2026,2026-02-22,,Portland Timbers,Columbus Crew,3,2,90,,substitution,,True,,,I. Smith,K. Velde,,,,
mls_2026,2026-02-22,,San Diego FC,CF Montréal,5,0,14,,goal,C. McVey,True,,,,,,,1,0
mls_2026,2026-02-22,,San Diego FC,CF Montréal,5,0,45,,goal,A. Pellegrino,True,,,,,,,2,0
mls_2026,2026-02-22,,San Diego FC,CF Montréal,5,0,46,,substitution,,False,,,W. Carmona,H. Synchuk,,,,
mls_2026,2026-02-22,,San Diego FC,CF Montréal,5,0,46,,substitution,,False,,,M. Longstaff,S. Piette,,,,
mls_2026,2026-02-22,,San Diego FC,CF Montréal,5,0,5,,card,V. Loturi,False,yellow,,,,,,,
mls_2026,2026-02-22,,San Diego FC,CF Montréal,5,0,50,,card,T. Avilés,False,red,,,,,,,
mls_2026,2026-02-22,,San Diego FC,CF Montréal,5,0,51,,substitution,,False,,,B. Craig,O. Escobar,,,,
mls_2026,2026-02-22,,San Diego FC,CF Montréal,5,0,53,,goal,O. Valakari,True,,,,,,,3,0
mls_2026,2026-02-22,,San Diego FC,CF Montréal,5,0,59,,substitution,,True,,,D. Vazquez,O. Valakari,,,,
mls_2026,2026-02-22,,San Diego FC,CF Montréal,5,0,59,,substitution,,True,,,A. Mighten,M. Ingvartsen,,,,
mls_2026,2026-02-22,,San Diego FC,CF Montréal,5,0,59,,substitution,,False,,,D. Rios,P. Owusu,,,,
mls_2026,2026-02-22,,San Diego FC,CF Montréal,5,0,59,,goal,M. Ingvartsen,True,,,,,,,4,0
mls_2026,2026-02-22,,San Diego FC,CF Montréal,5,0,62,,card,C. McVey,True,yellow,,,,,,,
mls_2026,2026-02-22,,San Diego FC,CF Montréal,5,0,70,,substitution,,True,,,O. Verhoeven,L. Bombino,,,,
mls_2026,2026-02-22,,San Diego FC,CF Montréal,5,0,70,,substitution,,True,,,P. Soma,A. Godoy,,,,
mls_2026,2026-02-22,,San Diego FC,CF Montréal,5,0,81,,substitution,,True,,,B. Zamblé,A. Pellegrino,,,,
mls_2026,2026-02-22,,San Diego FC,CF Montréal,5,0,85,,goal,B. Zamblé,True,,,,,,,5,0
mls_2026,2026-02-22,,San Diego FC,CF Montréal,5,0,85,,substitution,,False,,,J. Neal,V. Loturi,,,,
mls_2026,2026-02-22,,San Jose Earthquakes,Sporting Kansas City,3,0,36,,card,D. Munie,True,yellow,,,,,,,
mls_2026,2026-02-22,,San Jose Earthquakes,Sporting Kansas City,3,0,38,,substitution,,False,,,K. Agyabeng,J. Reynolds,,,,
mls_2026,2026-02-22,,San Jose Earthquakes,Sporting Kansas City,3,0,42,,goal,D. Munie,True,,,,,,,1,0
mls_2026,2026-02-22,,San Jose Earthquakes,Sporting Kansas City,3,0,45,,goal,P. Judd,True,,,,,,,2,0
mls_2026,2026-02-22,,San Jose Earthquakes,Sporting Kansas City,3,0,54,,goal,D. Munie,True,,,,,,,3,0
mls_2026,2026-02-22,,San Jose Earthquakes,Sporting Kansas City,3,0,66,,substitution,,True,,,I. Harkes,R. Vieira,,,,
mls_2026,2026-02-22,,San Jose Earthquakes,Sporting Kansas City,3,0,68,,substitution,,False,,,J. Miller,M. S. Suleymanov,,,,
mls_2026,2026-02-22,,San Jose Earthquakes,Sporting Kansas City,3,0,71,,substitution,,True,,,V. Costa,D. Jones,,,,
mls_2026,2026-02-22,,San Jose Earthquakes,Sporting Kansas City,3,0,71,,substitution,,True,,,J. Skahan,P. Judd,,,,
mls_2026,2026-02-22,,San Jose Earthquakes,Sporting Kansas City,3,0,83,,substitution,,True,,,J. Gonzalez,B. Leroux,,,,
mls_2026,2026-02-22,,San Jose Earthquakes,Sporting Kansas City,3,0,83,,substitution,,True,,,P. Marie,J. Ricketts,,,,
mls_2026,2026-02-22,,San Jose Earthquakes,Sporting Kansas City,3,0,90,,substitution,,False,,,T. Calheira,C. Harris,,,,
mls_2026,2026-02-22,,Vancouver Whitecaps,Real Salt Lake,1,0,33,,card,Z. Gozo,False,yellow,,,,,,,
mls_2026,2026-02-22,,Vancouver Whitecaps,Real Salt Lake,1,0,50,,card,E. Sabbi,True,yellow,,,,,,,
mls_2026,2026-02-22,,Vancouver Whitecaps,Real Salt Lake,1,0,57,,goal,A. Jackson,True,,,,,,,1,0
mls_2026,2026-02-22,,Vancouver Whitecaps,Real Salt Lake,1,0,59,,substitution,,False,,,S. S. Ormo,Z. Booth,,,,
mls_2026,2026-02-22,,Vancouver Whitecaps,Real Salt Lake,1,0,68,,substitution,,True,,,K. Cabrera,A. Jackson,,,,
mls_2026,2026-02-22,,Vancouver Whitecaps,Real Salt Lake,1,0,68,,substitution,,True,,,É. Ocampo,E. Sabbi,,,,
mls_2026,2026-02-22,,Vancouver Whitecaps,Real Salt Lake,1,0,72,,substitution,,False,,,P. Ruiz,L. Moisa,,,,
mls_2026,2026-02-22,,Vancouver Whitecaps,Real Salt Lake,1,0,72,,substitution,,False,,,D. Marczuk,A. Hezarkhani,,,,
mls_2026,2026-02-22,,Vancouver Whitecaps,Real Salt Lake,1,0,75,,card,S. Junqua,False,yellow,,,,,,,
mls_2026,2026-02-22,,Vancouver Whitecaps,Real Salt Lake,1,0,76,,card,A. Katranis,False,yellow,,,,,,,
mls_2026,2026-02-22,,Vancouver Whitecaps,Real Salt Lake,1,0,82,,card,A. Cubas,True,yellow,,,,,,,
mls_2026,2026-02-22,,Vancouver Whitecaps,Real Salt Lake,1,0,84,,substitution,,False,,,J. Barea,A. Piol,,,,
mls_2026,2026-02-22,,Vancouver Whitecaps,Real Salt Lake,1,0,85,,substitution,,False,,,P. Quinton,D. Yedlin,,,,
mls_2026,2026-02-22,,Vancouver Whitecaps,Real Salt Lake,1,0,86,,substitution,,True,,,J. Badwal,A. Cubas,,,,
mls_2026,2026-02-23,,LA Galaxy,New York City FC,1,1,2,,goal,J. Klauss,True,,,,,,,1,0
mls_2026,2026-02-23,,LA Galaxy,New York City FC,1,1,36,,card,C. Garcés,True,yellow,,,,,,,
mls_2026,2026-02-23,,LA Galaxy,New York City FC,1,1,42,,card,T. Gray,False,yellow,,,,,,,
mls_2026,2026-02-23,,LA Galaxy,New York City FC,1,1,56,,card,K. Trewin,False,yellow,,,,,,,
mls_2026,2026-02-23,,LA Galaxy,New York City FC,1,1,59,,card,J. Aude,True,yellow,,,,,,,
mls_2026,2026-02-23,,LA Galaxy,New York City FC,1,1,64,,card,C. Garcés,True,yellowRed,,,,,,,
mls_2026,2026-02-23,,LA Galaxy,New York City FC,1,1,66,,goal,N. Fernández,False,,,,,,,1,1
mls_2026,2026-02-23,,LA Galaxy,New York City FC,1,1,67,,substitution,,True,,,M. Yoshida,M. Reus,,,,
mls_2026,2026-02-23,,LA Galaxy,New York City FC,1,1,67,,substitution,,True,,,J. Nelson,J. Aude,,,,
mls_2026,2026-02-23,,LA Galaxy,New York City FC,1,1,74,,substitution,,False,,,K. Parks,A. O'Neill,,,,
mls_2026,2026-02-23,,LA Galaxy,New York City FC,1,1,80,,substitution,,False,,,A. Baiera,T. Gray,,,,
mls_2026,2026-02-23,,LA Galaxy,New York City FC,1,1,86,,card,K. Parks,False,yellow,,,,,,,
mls_2026,2026-02-23,,LA Galaxy,New York City FC,1,1,88,,substitution,,False,,,T. Magno,H. Wolf,,,,
mls_2026,2026-02-23,,LA Galaxy,New York City FC,1,1,88,,substitution,,False,,,J. Shore,K. Trewin,,,,
mls_2026,2026-02-23,,LA Galaxy,New York City FC,1,1,88,,substitution,,True,,,M. Nascimento,J. Klauss,,,,
mls_2026,2026-02-23,,Seattle Sounders FC,Colorado Rapids,2,0,15,,goal,A. Rusnák,True,,,,,,,1,0
mls_2026,2026-02-23,,Seattle Sounders FC,Colorado Rapids,2,0,23,,card,R. Navarro,False,yellow,,,,,,,
mls_2026,2026-02-23,,Seattle Sounders FC,Colorado Rapids,2,0,30,,card,N. Cobb,False,yellow,,,,,,,
mls_2026,2026-02-23,,Seattle Sounders FC,Colorado Rapids,2,0,40,,card,D. Sealy,False,yellow,,,,,,,
mls_2026,2026-02-23,,Seattle Sounders FC,Colorado Rapids,2,0,42,,card,R. Cannon,False,yellow,,,,,,,
mls_2026,2026-02-23,,Seattle Sounders FC,Colorado Rapids,2,0,45,,substitution,,True,,,S. Brunell,H. Dotson,,,,
mls_2026,2026-02-23,,Seattle Sounders FC,Colorado Rapids,2,0,46,,substitution,,False,,,K. Rosenberry,R. Cannon,,,,
mls_2026,2026-02-23,,Seattle Sounders FC,Colorado Rapids,2,0,59,,substitution,,False,,,W. Frederick,H. Ojediran,,,,
mls_2026,2026-02-23,,Seattle Sounders FC,Colorado Rapids,2,0,61,,card,A. Roldán,True,yellow,,,,,,,
mls_2026,2026-02-23,,Seattle Sounders FC,Colorado Rapids,2,0,62,,goal,P. Rothrock,True,,,,,,,2,0
mls_2026,2026-02-23,,Seattle Sounders FC,Colorado Rapids,2,0,68,,substitution,,False,,,A. Harris,P. Aaronson,,,,
mls_2026,2026-02-23,,Seattle Sounders FC,Colorado Rapids,2,0,68,,substitution,,False,,,A. Manyoma,D. Sealy,,,,
mls_2026,2026-02-23,,Seattle Sounders FC,Colorado Rapids,2,0,69,,substitution,,True,,,D. Musovski,O. D. Rosario,,,,
mls_2026,2026-02-23,,Seattle Sounders FC,Colorado Rapids,2,0,69,,substitution,,True,,,G. Minoungou,J. Ferreira,,,,
mls_2026,2026-02-23,,Seattle Sounders FC,Colorado Rapids,2,0,73,,card,S. Brunell,True,yellow,,,,,,,
mls_2026,2026-02-23,,Seattle Sounders FC,Colorado Rapids,2,0,74,,substitution,,False,,,T. Ku-DiPietro,D. Yapi,,,,
mls_2026,2026-02-23,,Seattle Sounders FC,Colorado Rapids,2,0,8,,substitution,,True,,,P. Rothrock,J. Morris,,,,
mls_2026,2026-02-23,,Seattle Sounders FC,Colorado Rapids,2,0,88,,substitution,,True,,,P. Arriola,A. Rusnák,,,,
mls_2026,2026-02-23,,Seattle Sounders FC,Colorado Rapids,2,0,88,,substitution,,False,,,M. Navarro,J. Travis,,,,
mls_2026,2026-02-28,,Chicago Fire,CF Montréal,3,0,27,,goal,J. Bamba,True,,,,,,,1,0
mls_2026,2026-02-28,,Chicago Fire,CF Montréal,3,0,30,,card,B. Vera,False,yellow,,,,,,,
mls_2026,2026-02-28,,Chicago Fire,CF Montréal,3,0,44,,card,P. Zinckernagel,True,yellow,,,,,,,
mls_2026,2026-02-28,,Chicago Fire,CF Montréal,3,0,46,,substitution,,False,,,B. Craig,J. Neal,,,,
mls_2026,2026-02-28,,Chicago Fire,CF Montréal,3,0,53,,card,I. Jaime,False,yellow,,,,,,,
mls_2026,2026-02-28,,Chicago Fire,CF Montréal,3,0,56,,card,J. Dean,True,red,,,,,,,
mls_2026,2026-02-28,,Chicago Fire,CF Montréal,3,0,57,,substitution,,True,,,J. Waterman,J. Bamba,,,,
mls_2026,2026-02-28,,Chicago Fire,CF Montréal,3,0,63,,substitution,,False,,,D. Bugaj,Y. A. Guboglo,,,,
mls_2026,2026-02-28,,Chicago Fire,CF Montréal,3,0,64,,substitution,,False,,,N. Streit,B. Vera,,,,
mls_2026,2026-02-28,,Chicago Fire,CF Montréal,3,0,72,,substitution,,False,,,D. Rios,I. Jaime,,,,
mls_2026,2026-02-28,,Chicago Fire,CF Montréal,3,0,78,,substitution,,False,,,W. Carmona,M. Longstaff,,,,
mls_2026,2026-02-28,,Chicago Fire,CF Montréal,3,0,89,,substitution,,True,,,D. T. D'Avilla,M. Pineda,,,,
mls_2026,2026-02-28,,Chicago Fire,CF Montréal,3,0,90,,goal,R. Lod,True,,,,,,,3,0
mls_2026,2026-02-28,,Chicago Fire,CF Montréal,3,0,90,,substitution,,True,,,R. Lod,P. Zinckernagel,,,,
mls_2026,2026-02-28,,Chicago Fire,CF Montréal,3,0,90,,goal,H. Cuypers,True,,,,,,,2,0
mls_2026,2026-02-28,,Chicago Fire,CF Montréal,3,0,90,,card,T. Gillier,False,yellow,,,,,,,
mls_2026,2026-02-28,,Colorado Rapids,Portland Timbers,2,0,22,,card,J. Atencio,True,yellow,,,,,,,
mls_2026,2026-02-28,,Colorado Rapids,Portland Timbers,2,0,53,,goal,L. Herrington,True,,,,,,,2,0
mls_2026,2026-02-28,,Colorado Rapids,Portland Timbers,2,0,57,,substitution,,True,,,D. Yapi,A. Harris,,,,
mls_2026,2026-02-28,,Colorado Rapids,Portland Timbers,2,0,6,,goal,H. Ojediran,True,,,,,,,1,0
mls_2026,2026-02-28,,Colorado Rapids,Portland Timbers,2,0,61,,substitution,,True,,,W. Frederick,H. Ojediran,,,,
mls_2026,2026-02-28,,Colorado Rapids,Portland Timbers,2,0,68,,substitution,,False,,,K. Kelsy,F. Mora,,,,
mls_2026,2026-02-28,,Colorado Rapids,Portland Timbers,2,0,73,,card,L. Herrington,True,yellow,,,,,,,
mls_2026,2026-02-28,,Colorado Rapids,Portland Timbers,2,0,73,,card,J. Pantemis,False,yellow,,,,,,,
mls_2026,2026-02-28,,Colorado Rapids,Portland Timbers,2,0,75,,substitution,,False,,,A. Lassiter,G. Guerra,,,,
mls_2026,2026-02-28,,Colorado Rapids,Portland Timbers,2,0,77,,card,J. Fory,False,red,,,,,,,
mls_2026,2026-02-28,,Colorado Rapids,Portland Timbers,2,0,82,,substitution,,True,,,K. Rosenberry,J. Travis,,,,
mls_2026,2026-02-28,,Colorado Rapids,Portland Timbers,2,0,82,,substitution,,True,,,T. Ku-DiPietro,D. Sealy,,,,
mls_2026,2026-02-28,,Colorado Rapids,Portland Timbers,2,0,82,,substitution,,True,,,C. Ronan,J. Atencio,,,,
mls_2026,2026-02-28,,Colorado Rapids,Portland Timbers,2,0,83,,card,D. Chará,False,yellow,,,,,,,
mls_2026,2026-02-28,,Colorado Rapids,Portland Timbers,2,0,84,,substitution,,False,,,K. Miller,D. Chará,,,,
mls_2026,2026-02-28,,Colorado Rapids,Portland Timbers,2,0,84,,substitution,,False,,,I. Smith,A. Alves,,,,
mls_2026,2026-02-28,,Minnesota United,FC Cincinnati,1,0,59,,card,M. Duggan,True,yellow,,,,,,,
mls_2026,2026-02-28,,Minnesota United,FC Cincinnati,1,0,66,,goal,K. Yeboah,True,,,,,,,1,0
mls_2026,2026-02-28,,Minnesota United,FC Cincinnati,1,0,69,,substitution,,False,,,T. Barlow,A. Jabbari,,,,
mls_2026,2026-02-28,,Minnesota United,FC Cincinnati,1,0,69,,substitution,,False,,,O. Nwobodo,G. Valenzuela,,,,
mls_2026,2026-02-28,,Minnesota United,FC Cincinnati,1,0,77,,substitution,,True,,,D. Padelford,M. Boxall,,,,
mls_2026,2026-02-28,,Minnesota United,FC Cincinnati,1,0,85,,substitution,,False,,,A. Powell,N. Hagglund,,,,
mls_2026,2026-02-28,,Minnesota United,FC Cincinnati,1,0,86,,substitution,,False,,,K. M. Dem,E. Echenique,,,,
mls_2026,2026-02-28,,Minnesota United,FC Cincinnati,1,0,90,,substitution,,True,,,J. Gressel,T. Chancalay,,,,
mls_2026,2026-02-28,,Minnesota United,FC Cincinnati,1,0,90,,substitution,,True,,,M. Dieng,K. Yeboah,,,,
mls_2026,2026-02-28,,Minnesota United,FC Cincinnati,1,0,90,,substitution,,False,,,G. Flores,T. L. Hadebe,,,,
mls_2026,2026-02-28,,Minnesota United,FC Cincinnati,1,0,90,,substitution,,False,,,T. Anunga,S. Gidi,,,,
mls_2026,2026-02-28,,Minnesota United,FC Cincinnati,1,0,90,,card,J. Díaz,True,yellow,,,,,,,
mls_2026,2026-02-28,,Minnesota United,FC Cincinnati,1,0,90,,substitution,,True,,,D. Taylor,B. Hlongwane,,,,
mls_2026,2026-02-28,,Minnesota United,FC Cincinnati,1,0,90,,substitution,,True,,,O. Gene,N. Triantis,,,,
mls_2026,2026-02-28,,New York Red Bulls,New England Revolution,1,0,14,,card,G. Yow,False,yellow,,,,,,,
mls_2026,2026-02-28,,New York Red Bulls,New England Revolution,1,0,22,,card,R. Donkor,True,yellow,,,,,,,
mls_2026,2026-02-28,,New York Red Bulls,New England Revolution,1,0,39,,card,D. Turgeman,False,yellow,,,,,,,
mls_2026,2026-02-28,,New York Red Bulls,New England Revolution,1,0,46,,substitution,,True,,,A. Rojas,R. Donkor,,,,
mls_2026,2026-02-28,,New York Red Bulls,New England Revolution,1,0,53,,goal,J. Hall,True,,,,,,,1,0
mls_2026,2026-02-28,,New York Red Bulls,New England Revolution,1,0,64,,substitution,,False,,,A. Yusuf,L. Langoni,,,,
mls_2026,2026-02-28,,New York Red Bulls,New England Revolution,1,0,64,,substitution,,False,,,J. Yueill,M. Polster,,,,
mls_2026,2026-02-28,,New York Red Bulls,New England Revolution,1,0,72,,substitution,,True,,,J. Mina,M. D. Santos,,,,
mls_2026,2026-02-28,,New York Red Bulls,New England Revolution,1,0,75,,card,B. Raines,False,yellow,,,,,,,
mls_2026,2026-02-28,,New York Red Bulls,New England Revolution,1,0,78,,card,C. Gil,False,yellow,,,,,,,
mls_2026,2026-02-28,,New York Red Bulls,New England Revolution,1,0,82,,substitution,,True,,,E. M. Choupo-Moting,J. Ruvalcaba,,,,
mls_2026,2026-02-28,,New York Red Bulls,New England Revolution,1,0,82,,substitution,,False,,,M. Fry,B. Raines,,,,
mls_2026,2026-02-28,,New York Red Bulls,New England Revolution,1,0,82,,substitution,,False,,,J. Da,G. Yow,,,,
mls_2026,2026-02-28,,New York Red Bulls,New England Revolution,1,0,86,,card,D. Nealis,True,yellow,,,,,,,
mls_2026,2026-02-28,,New York Red Bulls,New England Revolution,1,0,90,,substitution,,True,,,G. Berggren,A. Rojas,,,,
mls_2026,2026-02-28,,New York Red Bulls,New England Revolution,1,0,90,,substitution,,True,,,T. Rosborough,C. Cowell,,,,
mls_2026,2026-03-01,,Austin FC,DC United,1,0,12,,card,J. Stroud,False,yellow,,,,,,,
mls_2026,2026-03-01,,Austin FC,DC United,1,0,29,,card,F. Torres,True,yellow,,,,,,,
mls_2026,2026-03-01,,Austin FC,DC United,1,0,46,,substitution,,False,,,J. Hopkins,J. Stroud,,,,
mls_2026,2026-03-01,,Austin FC,DC United,1,0,46,,substitution,,False,,,Gabriel Pirani,H. Kijima,,,,
mls_2026,2026-03-01,,Austin FC,DC United,1,0,68,,substitution,,True,,,C. Ramirez,J. Nelson,,,,
mls_2026,2026-03-01,,Austin FC,DC United,1,0,68,,substitution,,True,,,B. Sabović,I. Sánchez,,,,
mls_2026,2026-03-01,,Austin FC,DC United,1,0,77,,substitution,,True,,,C. Fodrey,J. Rosales,,,,
mls_2026,2026-03-01,,Austin FC,DC United,1,0,78,,substitution,,False,,,L. Munteanu,Peglow,,,,
mls_2026,2026-03-01,,Austin FC,DC United,1,0,79,,card,D. Pereira,True,yellow,,,,,,,
mls_2026,2026-03-01,,Austin FC,DC United,1,0,82,,goal,C. Ramirez,True,,,,,,,1,0
mls_2026,2026-03-01,,Austin FC,DC United,1,0,87,,card,B. Sabović,True,yellow,,,,,,,
mls_2026,2026-03-01,,Austin FC,DC United,1,0,90,,card,Gabriel Pirani,False,yellow,,,,,,,
mls_2026,2026-03-01,,Austin FC,DC United,1,0,90,,card,K. Kurokawa,False,yellow,,,,,,,
mls_2026,2026-03-01,,Austin FC,DC United,1,0,90,,substitution,,True,,,J. Bell,F. Torres,,,,
mls_2026,2026-03-01,,Austin FC,DC United,1,0,90,,substitution,,False,,,N. Markovic,B. Servania,,,,
mls_2026,2026-03-01,,FC Dallas,Nashville SC,0,0,51,,card,Kaick,True,yellow,,,,,,,
mls_2026,2026-03-01,,FC Dallas,Nashville SC,0,0,62,,substitution,,True,,,J. Valiente,P. Delgado,,,,
mls_2026,2026-03-01,,FC Dallas,Nashville SC,0,0,62,,substitution,,True,,,L. D. Deedson,B. Kamungo,,,,
mls_2026,2026-03-01,,FC Dallas,Nashville SC,0,0,71,,substitution,,True,,,S. Sarver,H. Johansson,,,,
mls_2026,2026-03-01,,FC Dallas,Nashville SC,0,0,71,,substitution,,True,,,A. Julio,L. Farrington,,,,
mls_2026,2026-03-01,,FC Dallas,Nashville SC,0,0,72,,substitution,,False,,,A. Muyl,E. S. Tagseth,,,,
mls_2026,2026-03-01,,FC Dallas,Nashville SC,0,0,74,,card,M. Corcoran,False,yellow,,,,,,,
mls_2026,2026-03-01,,FC Dallas,Nashville SC,0,0,75,,card,O. Urhoghide,True,yellow,,,,,,,
mls_2026,2026-03-01,,FC Dallas,Nashville SC,0,0,76,,substitution,,False,,,W. Pacius,W. Madrigal,,,,
mls_2026,2026-03-01,,FC Dallas,Nashville SC,0,0,76,,card,D. Lovitz,False,yellow,,,,,,,
mls_2026,2026-03-01,,FC Dallas,Nashville SC,0,0,84,,card,M. Corcoran,False,yellowRed,,,,,,,
mls_2026,2026-03-01,,FC Dallas,Nashville SC,0,0,85,,substitution,,True,,,Ramiro,C. Cappis,,,,
mls_2026,2026-03-01,,FC Dallas,Nashville SC,0,0,87,,substitution,,False,,,J. Knight,C. Espinoza,,,,
mls_2026,2026-03-01,,FC Dallas,Nashville SC,0,0,87,,substitution,,False,,,J. Bauer,A. Najar,,,,
mls_2026,2026-03-01,,FC Dallas,Nashville SC,0,0,87,,substitution,,False,,,A. Qasem,H. Mukhtar,,,,
mls_2026,2026-03-01,,FC Dallas,Nashville SC,0,0,90,,card,S. Sarver,True,yellow,,,,,,,
mls_2026,2026-03-01,,Houston Dynamo,Los Angeles FC,0,2,21,,card,J. McGlynn,True,yellow,,,,,,,
mls_2026,2026-03-01,,Houston Dynamo,Los Angeles FC,0,2,35,,card,D. Bouanga,False,yellow,,,,,,,
mls_2026,2026-03-01,,Houston Dynamo,Los Angeles FC,0,2,45,,card,A. Carlos,True,red,,,,,,,
mls_2026,2026-03-01,,Houston Dynamo,Los Angeles FC,0,2,46,,substitution,,True,,,A. Resch,O. Lingr,,,,
mls_2026,2026-03-01,,Houston Dynamo,Los Angeles FC,0,2,51,,card,M. Delgado,False,yellow,,,,,,,
mls_2026,2026-03-01,,Houston Dynamo,Los Angeles FC,0,2,56,,goal,M. Delgado,False,,,,,,,0,1
mls_2026,2026-03-01,,Houston Dynamo,Los Angeles FC,0,2,63,,card,R. Porteous,False,yellow,,,,,,,
mls_2026,2026-03-01,,Houston Dynamo,Los Angeles FC,0,2,69,,substitution,,False,,,A. Boudri,D. M. Morales,,,,
mls_2026,2026-03-01,,Houston Dynamo,Los Angeles FC,0,2,76,,card,A. Bouzat,True,red,,,,,,,
mls_2026,2026-03-01,,Houston Dynamo,Los Angeles FC,0,2,76,,substitution,,True,,,H. Herrera,D. Holmes,,,,
mls_2026,2026-03-01,,Houston Dynamo,Los Angeles FC,0,2,82,,goal,S. Eustaquio,False,,,,,,,0,2
mls_2026,2026-03-01,,Houston Dynamo,Los Angeles FC,0,2,85,,substitution,,True,,,N. Markanich,Guilherme,,,,
mls_2026,2026-03-01,,Houston Dynamo,Los Angeles FC,0,2,85,,substitution,,True,,,D. Samassékou,E. Sviatchenko,,,,
mls_2026,2026-03-01,,Houston Dynamo,Los Angeles FC,0,2,85,,substitution,,False,,,M. Choinière,M. Delgado,,,,
mls_2026,2026-03-01,,Houston Dynamo,Los Angeles FC,0,2,85,,substitution,,False,,,R. Hollingshead,S. Palencia,,,,
mls_2026,2026-03-01,,Houston Dynamo,Los Angeles FC,0,2,88,,substitution,,False,,,T. Boyd,T. Tillman,,,,
mls_2026,2026-03-01,,Houston Dynamo,Los Angeles FC,0,2,88,,substitution,,True,,,M. Arana,J. McGlynn,,,,
mls_2026,2026-03-01,,Houston Dynamo,Los Angeles FC,0,2,89,,substitution,,False,,,K. Nielsen,R. Porteous,,,,
mls_2026,2026-03-01,,LA Galaxy,Charlotte FC,3,0,11,,goal,J. Klauss,True,,,,,,,2,0
mls_2026,2026-03-01,,LA Galaxy,Charlotte FC,3,0,13,,goal,J. Klauss,True,,,,,,,3,0
mls_2026,2026-03-01,,LA Galaxy,Charlotte FC,3,0,30,,card,W. Zaha,False,yellow,,,,,,,
mls_2026,2026-03-01,,LA Galaxy,Charlotte FC,3,0,43,,card,I. Toklomati Jorno,False,yellow,,,,,,,
mls_2026,2026-03-01,,LA Galaxy,Charlotte FC,3,0,46,,substitution,,False,,,A. Westwood,L. D. L. Torre,,,,
mls_2026,2026-03-01,,LA Galaxy,Charlotte FC,3,0,46,,substitution,,False,,,B. Bronico,D. Diani,,,,
mls_2026,2026-03-01,,LA Galaxy,Charlotte FC,3,0,46,,substitution,,False,,,A. Morrison,A. Privett,,,,
mls_2026,2026-03-01,,LA Galaxy,Charlotte FC,3,0,66,,substitution,,True,,,M. Reus,E. Wynder,,,,
mls_2026,2026-03-01,,LA Galaxy,Charlotte FC,3,0,66,,substitution,,True,,,M. Nascimento,J. Klauss,,,,
mls_2026,2026-03-01,,LA Galaxy,Charlotte FC,3,0,74,,card,A. Morrison,False,yellow,,,,,,,
mls_2026,2026-03-01,,LA Galaxy,Charlotte FC,3,0,77,,substitution,,True,,,H. Miller,M. Yamane,,,,
mls_2026,2026-03-01,,LA Galaxy,Charlotte FC,3,0,78,,substitution,,False,,,A. Goodwin,I. Toklomati Jorno,,,,
mls_2026,2026-03-01,,LA Galaxy,Charlotte FC,3,0,78,,substitution,,False,,,T. Smalls,P. Biel,,,,
mls_2026,2026-03-01,,LA Galaxy,Charlotte FC,3,0,78,,substitution,,True,,,J. Haak,E. Cerrillo,,,,
mls_2026,2026-03-01,,LA Galaxy,Charlotte FC,3,0,8,,goal,L. Sanabria,True,,,,,,,1,0
mls_2026,2026-03-01,,LA Galaxy,Charlotte FC,3,0,80,,card,A. Westwood,False,yellow,,,,,,,
mls_2026,2026-03-01,,LA Galaxy,Charlotte FC,3,0,82,,substitution,,True,,,R. Ramos,G. Pec,,,,
mls_2026,2026-03-01,,LA Galaxy,Charlotte FC,3,0,88,,card,R. Ramos,True,yellow,,,,,,,
mls_2026,2026-03-01,,LA Galaxy,Charlotte FC,3,0,90,,card,L. Sanabria,True,yellow,,,,,,,
mls_2026,2026-03-01,,Philadelphia Union,New York City FC,1,2,0,,card,P. Jansen,False,yellow,Argument,,,,,,
mls_2026,2026-03-01,,Philadelphia Union,New York City FC,1,2,20,,card,T. Gray,False,yellow,Foul,,,,,,
mls_2026,2026-03-01,,Philadelphia Union,New York City FC,1,2,23,,card,O. Makhanya,True,yellow,Foul,,,,,,
mls_2026,2026-03-01,,Philadelphia Union,New York City FC,1,2,36,,goal,H. Wolf,False,,,,,,,0,1
mls_2026,2026-03-01,,Philadelphia Union,New York City FC,1,2,39,,card,A. O'Neill,False,yellow,Foul,,,,,,
mls_2026,2026-03-01,,Philadelphia Union,New York City FC,1,2,45,,period,,,,,,,HT,,0,1
mls_2026,2026-03-01,,Philadelphia Union,New York City FC,1,2,45,,injuryTime,,,,,,,,3,,
mls_2026,2026-03-01,,Philadelphia Union,New York City FC,1,2,59,,substitution,,True,,,S. Kornzeniowski,A. Anello,,,,
mls_2026,2026-03-01,,Philadelphia Union,New York City FC,1,2,59,,substitution,,True,,,B. Bender,F. Westfield,,,,
mls_2026,2026-03-01,,Philadelphia Union,New York City FC,1,2,67,,varDecision,J. Lukić,True,,,,,,,,
mls_2026,2026-03-01,,Philadelphia Union,New York City FC,1,2,74,,substitution,,False,,,S. Garfield-Reid,M. Moralez,,,,
mls_2026,2026-03-01,,Philadelphia Union,New York City FC,1,2,83,,substitution,,False,,,A. Baiera,H. Wolf,,,,
mls_2026,2026-03-01,,Philadelphia Union,New York City FC,1,2,83,,substitution,,True,,,S. Olivas,B. Damiani,,,,
mls_2026,2026-03-01,,Philadelphia Union,New York City FC,1,2,83,,substitution,,True,,,C. Sullivan,M. Iloski,,,,
mls_2026,2026-03-01,,Philadelphia Union,New York City FC,1,2,83,,substitution,,False,,,K. Trewin,A. O'Neill,,,,
mls_2026,2026-03-01,,Philadelphia Union,New York City FC,1,2,89,,substitution,,False,,,T. Magno,N. Fernández,,,,
mls_2026,2026-03-01,,Philadelphia Union,New York City FC,1,2,89,,goal,I. Vassilev,True,,,,,,,1,1
mls_2026,2026-03-01,,Philadelphia Union,New York City FC,1,2,90,,period,,,,,,,FT,,1,2
mls_2026,2026-03-01,,Philadelphia Union,New York City FC,1,2,90,9,goal,T. Gray,False,,,,,,,1,2
mls_2026,2026-03-01,,Philadelphia Union,New York City FC,1,2,90,5,card,J. Sery Larsen,True,yellow,,,,,,,
mls_2026,2026-03-01,,Philadelphia Union,New York City FC,1,2,90,4,substitution,,True,,,G. Martínez,I. Vassilev,,,,
mls_2026,2026-03-01,,Philadelphia Union,New York City FC,1,2,90,2,card,O. Makhanya,True,yellowRed,Argument,,,,,,
mls_2026,2026-03-01,,Philadelphia Union,New York City FC,1,2,90,,injuryTime,,,,,,,,10,,
mls_2026,2026-03-01,,Real Salt Lake,Seattle Sounders FC,2,1,10,,card,H. Dotson,False,yellow,,,,,,,
mls_2026,2026-03-01,,Real Salt Lake,Seattle Sounders FC,2,1,23,,goal,A. Hezarkhani,True,,,,,,,1,0
mls_2026,2026-03-01,,Real Salt Lake,Seattle Sounders FC,2,1,47,,goal,A. Piol,True,,,,,,,2,0
mls_2026,2026-03-01,,Real Salt Lake,Seattle Sounders FC,2,1,58,,substitution,,False,,,S. Brunell,J. Ferreira,,,,
mls_2026,2026-03-01,,Real Salt Lake,Seattle Sounders FC,2,1,58,,substitution,,False,,,K. Kossa-Rienzi,Y. Gómez,,,,
mls_2026,2026-03-01,,Real Salt Lake,Seattle Sounders FC,2,1,58,,substitution,,False,,,D. Musovski,O. D. Rosario,,,,
mls_2026,2026-03-01,,Real Salt Lake,Seattle Sounders FC,2,1,6,,card,P. Quinton,True,yellow,,,,,,,
mls_2026,2026-03-01,,Real Salt Lake,Seattle Sounders FC,2,1,60,,substitution,,True,,,P. Ruiz,L. Moisa,,,,
mls_2026,2026-03-01,,Real Salt Lake,Seattle Sounders FC,2,1,60,,card,Z. Gozo,True,yellow,,,,,,,
mls_2026,2026-03-01,,Real Salt Lake,Seattle Sounders FC,2,1,61,,substitution,,True,,,S. Junqua,L. Engel,,,,
mls_2026,2026-03-01,,Real Salt Lake,Seattle Sounders FC,2,1,62,,goal,C. Roldán,False,,,,,,,2,1
mls_2026,2026-03-01,,Real Salt Lake,Seattle Sounders FC,2,1,72,,substitution,,True,,,M. Guilavogui,A. Hezarkhani,,,,
mls_2026,2026-03-01,,Real Salt Lake,Seattle Sounders FC,2,1,72,,substitution,,True,,,S. Solans,Z. Booth,,,,
mls_2026,2026-03-01,,Real Salt Lake,Seattle Sounders FC,2,1,81,,substitution,,False,,,P. Arriola,H. Dotson,,,,
mls_2026,2026-03-01,,Real Salt Lake,Seattle Sounders FC,2,1,82,,substitution,,True,,,D. Marczuk,A. Piol,,,,
mls_2026,2026-03-01,,Real Salt Lake,Seattle Sounders FC,2,1,90,,card,D. Marczuk,True,yellow,,,,,,,
mls_2026,2026-03-01,,Real Salt Lake,Seattle Sounders FC,2,1,90,,substitution,,False,,,N. Petković,A. Rusnák,,,,
mls_2026,2026-03-01,,San Jose Earthquakes,Atlanta United,2,0,16,,card,E. L. Lath,False,yellow,,,,,,,
mls_2026,2026-03-01,,San Jose Earthquakes,Atlanta United,2,0,24,,goal,P. Judd,True,,,,,,,1,0
mls_2026,2026-03-01,,San Jose Earthquakes,Atlanta United,2,0,39,,card,C. Sanchez,False,yellow,,,,,,,
mls_2026,2026-03-01,,San Jose Earthquakes,Atlanta United,2,0,52,,card,R. Hernández,False,yellow,,,,,,,
mls_2026,2026-03-01,,San Jose Earthquakes,Atlanta United,2,0,60,,substitution,,False,,,T. Muyumba,R. Hernández,,,,
mls_2026,2026-03-01,,San Jose Earthquakes,Atlanta United,2,0,60,,substitution,,False,,,A. Miranchuk,S. Lobjanidze,,,,
mls_2026,2026-03-01,,San Jose Earthquakes,Atlanta United,2,0,61,,substitution,,True,,,T. Werner,P. Judd,,,,
mls_2026,2026-03-01,,San Jose Earthquakes,Atlanta United,2,0,70,,substitution,,False,,,P. Amador,C. Sanchez,,,,
mls_2026,2026-03-01,,San Jose Earthquakes,Atlanta United,2,0,77,,substitution,,True,,,J. Skahan,J. Ricketts,,,,
mls_2026,2026-03-01,,San Jose Earthquakes,Atlanta United,2,0,77,,substitution,,True,,,J. Gonzalez,B. Leroux,,,,
mls_2026,2026-03-01,,San Jose Earthquakes,Atlanta United,2,0,79,,goal,O. Bouda,True,,,,,,,2,0
mls_2026,2026-03-01,,San Jose Earthquakes,Atlanta United,2,0,90,,substitution,,True,,,P. Marie,N. Tsakiris,,,,
mls_2026,2026-03-01,,San Jose Earthquakes,Atlanta United,2,0,90,,substitution,,True,,,N. Fernandez,O. Bouda,,,,
mls_2026,2026-03-01,,San Jose Earthquakes,Atlanta United,2,0,90,,card,D. Jones,True,yellow,,,,,,,
mls_2026,2026-03-01,,Sporting Kansas City,Columbus Crew,2,2,15,,card,M. Herrera,False,yellow,,,,,,,
mls_2026,2026-03-01,,Sporting Kansas City,Columbus Crew,2,2,33,,goal,W. Abou Ali,False,,,,,,,0,1
mls_2026,2026-03-01,,Sporting Kansas City,Columbus Crew,2,2,44,,card,J. Bartlett,True,yellow,,,,,,,
mls_2026,2026-03-01,,Sporting Kansas City,Columbus Crew,2,2,48,,goal,D. Joveljić,True,,,,,,,1,1
mls_2026,2026-03-01,,Sporting Kansas City,Columbus Crew,2,2,64,,substitution,,False,,,S. T. Bangoura,T. Habroune,,,,
mls_2026,2026-03-01,,Sporting Kansas City,Columbus Crew,2,2,64,,substitution,,False,,,H. Picard,D. Gazdag,,,,
mls_2026,2026-03-01,,Sporting Kansas City,Columbus Crew,2,2,72,,goal,D. Joveljić,True,,,,,,,2,1
mls_2026,2026-03-01,,Sporting Kansas City,Columbus Crew,2,2,79,,card,S. Zawadzki,False,yellow,,,,,,,
mls_2026,2026-03-01,,Sporting Kansas City,Columbus Crew,2,2,81,,substitution,,False,,,J. Thiaré,S. Moreira,,,,
mls_2026,2026-03-01,,Sporting Kansas City,Columbus Crew,2,2,81,,substitution,,True,,,S. Afrifa,C. Harris,,,,
mls_2026,2026-03-01,,Sporting Kansas City,Columbus Crew,2,2,82,,goal,D. Rossi,False,,,,,,,2,2
mls_2026,2026-03-01,,Sporting Kansas City,Columbus Crew,2,2,90,,substitution,,True,,,T. Calheira,M. S. Suleymanov,,,,
mls_2026,2026-03-01,,Sporting Kansas City,Columbus Crew,2,2,90,,substitution,,True,,,K. Agyabeng,J. Bartlett,,,,
mls_2026,2026-03-01,,Sporting Kansas City,Columbus Crew,2,2,90,,substitution,,True,,,J. Miller,I. James,,,,
mls_2026,2026-03-01,,Vancouver Whitecaps,Toronto FC,3,0,25,,goal,T. Müller,True,,,,,,,1,0
mls_2026,2026-03-01,,Vancouver Whitecaps,Toronto FC,3,0,37,,goal,T. Müller,True,,,,,,,2,0
mls_2026,2026-03-01,,Vancouver Whitecaps,Toronto FC,3,0,45,,goal,B. White,True,,,,,,,3,0
mls_2026,2026-03-01,,Vancouver Whitecaps,Toronto FC,3,0,46,,substitution,,False,,,R. Edwards,K. Franklin,,,,
mls_2026,2026-03-01,,Vancouver Whitecaps,Toronto FC,3,0,46,,substitution,,False,,,Z. Monlouis,K. Thompson,,,,
mls_2026,2026-03-01,,Vancouver Whitecaps,Toronto FC,3,0,66,,card,É. Ocampo,True,yellow,,,,,,,
mls_2026,2026-03-01,,Vancouver Whitecaps,Toronto FC,3,0,71,,substitution,,True,,,C. T. Sabaly,A. Jackson,,,,
mls_2026,2026-03-01,,Vancouver Whitecaps,Toronto FC,3,0,71,,substitution,,True,,,T. Johnson,É. Ocampo,,,,
mls_2026,2026-03-01,,Vancouver Whitecaps,Toronto FC,3,0,71,,substitution,,True,,,J. Ngando,T. Müller,,,,
mls_2026,2026-03-01,,Vancouver Whitecaps,Toronto FC,3,0,83,,substitution,,False,,,M. Henry,D. Sallói,,,,
mls_2026,2026-03-01,,Vancouver Whitecaps,Toronto FC,3,0,83,,substitution,,False,,,E. Aristizábal,D. E. Junior,,,,
mls_2026,2026-03-01,,Vancouver Whitecaps,Toronto FC,3,0,83,,substitution,,True,,,R. Elloumi,B. White,,,,
mls_2026,2026-03-01,,Vancouver Whitecaps,Toronto FC,3,0,87,,substitution,,True,,,O. Larraz,S. Berhalter,,,,
mls_2026,2026-03-02,,Orlando City SC,Inter Miami CF,2,4,0,,card,O. Pareja,True,yellow,Argument,,,,,,
mls_2026,2026-03-02,,Orlando City SC,Inter Miami CF,2,4,18,,goal,M. Pašalić,True,,,,,,,1,0
mls_2026,2026-03-02,,Orlando City SC,Inter Miami CF,2,4,24,,goal,M. Ojeda,True,,,,,,,2,0
mls_2026,2026-03-02,,Orlando City SC,Inter Miami CF,2,4,45,,period,,,,,,,HT,,2,0
mls_2026,2026-03-02,,Orlando City SC,Inter Miami CF,2,4,45,4,card,T. Allende,False,yellow,Argument,,,,,,
mls_2026,2026-03-02,,Orlando City SC,Inter Miami CF,2,4,45,4,card,N. Miller,True,yellow,Argument,,,,,,
mls_2026,2026-03-02,,Orlando City SC,Inter Miami CF,2,4,45,,card,C. Guske,True,yellow,Foul,,,,,,
mls_2026,2026-03-02,,Orlando City SC,Inter Miami CF,2,4,45,,injuryTime,,,,,,,,2,,
mls_2026,2026-03-02,,Orlando City SC,Inter Miami CF,2,4,46,,substitution,,False,,,M. Silvetti,N. Allen,,,,
mls_2026,2026-03-02,,Orlando City SC,Inter Miami CF,2,4,49,,goal,M. Silvetti,False,,,,,,,2,1
mls_2026,2026-03-02,,Orlando City SC,Inter Miami CF,2,4,57,,goal,L. Messi,False,,,,,,,2,2
mls_2026,2026-03-02,,Orlando City SC,Inter Miami CF,2,4,59,,substitution,,True,,,Iago,N. Miller,,,,
mls_2026,2026-03-02,,Orlando City SC,Inter Miami CF,2,4,66,,substitution,,True,,,T. Spicer,D. McGuire,,,,
mls_2026,2026-03-02,,Orlando City SC,Inter Miami CF,2,4,71,,card,G. Dorsey,True,yellow,Argument,,,,,,
mls_2026,2026-03-02,,Orlando City SC,Inter Miami CF,2,4,74,,card,M. Pašalić,True,yellow,Argument,,,,,,
mls_2026,2026-03-02,,Orlando City SC,Inter Miami CF,2,4,79,,substitution,,True,,,T. Souza,M. Pašalić,,,,
mls_2026,2026-03-02,,Orlando City SC,Inter Miami CF,2,4,79,,substitution,,True,,,E. Atuesta,I. Angulo,,,,
mls_2026,2026-03-02,,Orlando City SC,Inter Miami CF,2,4,85,,goal,T. Segovia,False,,,,,,,2,3
mls_2026,2026-03-02,,Orlando City SC,Inter Miami CF,2,4,88,,card,C. Guske,True,yellowRed,Foul,,,,,,
mls_2026,2026-03-02,,Orlando City SC,Inter Miami CF,2,4,90,,period,,,,,,,FT,,2,4
mls_2026,2026-03-02,,Orlando City SC,Inter Miami CF,2,4,90,8,card,R. De Paul,False,yellow,Argument,,,,,,
mls_2026,2026-03-02,,Orlando City SC,Inter Miami CF,2,4,90,3,card,T. Segovia,False,yellow,Time wasting,,,,,,
mls_2026,2026-03-02,,Orlando City SC,Inter Miami CF,2,4,90,2,substitution,,False,,,G. Luján,T. Allende,,,,
mls_2026,2026-03-02,,Orlando City SC,Inter Miami CF,2,4,90,,goal,L. Messi,False,,,,,,,2,4
mls_2026,2026-03-02,,Orlando City SC,Inter Miami CF,2,4,90,,injuryTime,,,,,,,,10,,
mls_2026,2026-03-02,,San Diego FC,St.Louis City,2,0,3,,goal,A. Dreyer,True,,,,,,,1,0
mls_2026,2026-03-02,,San Diego FC,St.Louis City,2,0,45,,card,C. Durkin,False,yellow,,,,,,,
mls_2026,2026-03-02,,San Diego FC,St.Louis City,2,0,46,,substitution,,False,,,T. Totland,R. Santos,,,,
mls_2026,2026-03-02,,San Diego FC,St.Louis City,2,0,54,,goal,M. Ingvartsen,True,,,,,,,2,0
mls_2026,2026-03-02,,San Diego FC,St.Louis City,2,0,58,,substitution,,False,,,B. McSorley,M. Perez,,,,
mls_2026,2026-03-02,,San Diego FC,St.Louis City,2,0,58,,substitution,,False,,,C. Pompeu,S. Jeong,,,,
mls_2026,2026-03-02,,San Diego FC,St.Louis City,2,0,64,,substitution,,False,,,C. Teuchert,S. Becher,,,,
mls_2026,2026-03-02,,San Diego FC,St.Louis City,2,0,64,,substitution,,True,,,P. Soma,A. Godoy,,,,
mls_2026,2026-03-02,,San Diego FC,St.Louis City,2,0,72,,substitution,,False,,,L. MacNaughton,T. Totland,,,,
mls_2026,2026-03-02,,San Diego FC,St.Louis City,2,0,79,,substitution,,True,,,B. Duke,O. Valakari,,,,
mls_2026,2026-03-02,,San Diego FC,St.Louis City,2,0,79,,substitution,,True,,,A. Mighten,M. Ingvartsen,,,,
mls_2026,2026-03-02,,San Diego FC,St.Louis City,2,0,89,,substitution,,True,,,B. Zamblé,A. Pellegrino,,,,
mls_2026,2026-03-02,,San Diego FC,St.Louis City,2,0,89,,substitution,,True,,,I. Pilcher,M. Duah,,,,
mls_2026,2026-03-07,,DC United,Inter Miami CF,1,2,17,,goal,R. de Paul,False,,,,,,,0,1
mls_2026,2026-03-07,,DC United,Inter Miami CF,1,2,27,,goal,L. Messi,False,,,,,,,0,2
mls_2026,2026-03-07,,DC United,Inter Miami CF,1,2,58,,card,Peglow,True,yellow,,,,,,,
mls_2026,2026-03-07,,DC United,Inter Miami CF,1,2,61,,substitution,,True,,,N. Markovic,B. Servania,,,,
mls_2026,2026-03-07,,DC United,Inter Miami CF,1,2,61,,substitution,,True,,,L. Munteanu,Gabriel Pirani,,,,
mls_2026,2026-03-07,,DC United,Inter Miami CF,1,2,71,,substitution,,False,,,T. Allende,M. Silvetti,,,,
mls_2026,2026-03-07,,DC United,Inter Miami CF,1,2,75,,goal,T. Baribo,True,,,,,,,1,2
mls_2026,2026-03-07,,DC United,Inter Miami CF,1,2,82,,substitution,,True,,,C. Clark,J. Hopkins,,,,
mls_2026,2026-03-07,,DC United,Inter Miami CF,1,2,86,,card,D. St. Clair,False,yellow,,,,,,,
mls_2026,2026-03-07,,DC United,Inter Miami CF,1,2,88,,substitution,,False,,,G. Luján,T. Segovia,,,,
mls_2026,2026-03-07,,DC United,Inter Miami CF,1,2,90,,substitution,,True,,,J. Murrell,M. Peltola,,,,
mls_2026,2026-03-07,,New York City FC,Orlando City SC,5,0,16,,card,M. Crépeau,False,red,,,,,,,
mls_2026,2026-03-07,,New York City FC,Orlando City SC,5,0,19,,substitution,,False,,,J. Otero,T. Spicer,,,,
mls_2026,2026-03-07,,New York City FC,Orlando City SC,5,0,21,,goal,A. Ojeda,True,,,,,,,1,0
mls_2026,2026-03-07,,New York City FC,Orlando City SC,5,0,42,,goal,N. Fernández,True,,,,,,,2,0
mls_2026,2026-03-07,,New York City FC,Orlando City SC,5,0,45,,goal,M. Moralez,True,,,,,,,3,0
mls_2026,2026-03-07,,New York City FC,Orlando City SC,5,0,46,,substitution,,False,,,A. Marín,T. Reid-Brown,,,,
mls_2026,2026-03-07,,New York City FC,Orlando City SC,5,0,46,,substitution,,False,,,D. McGuire,L. Otávio,,,,
mls_2026,2026-03-07,,New York City FC,Orlando City SC,5,0,49,,goal,K. Parks,True,,,,,,,4,0
mls_2026,2026-03-07,,New York City FC,Orlando City SC,5,0,54,,goal,K. Parks,True,,,,,,,5,0
mls_2026,2026-03-07,,New York City FC,Orlando City SC,5,0,62,,substitution,,False,,,E. Atuesta,M. Ojeda,,,,
mls_2026,2026-03-07,,New York City FC,Orlando City SC,5,0,62,,substitution,,True,,,T. Magno,M. Moralez,,,,
mls_2026,2026-03-07,,New York City FC,Orlando City SC,5,0,7,,card,T. Reid-Brown,False,yellow,,,,,,,
mls_2026,2026-03-07,,New York City FC,Orlando City SC,5,0,71,,substitution,,True,,,S. Tanasijević,T. Martins,,,,
mls_2026,2026-03-07,,New York City FC,Orlando City SC,5,0,71,,substitution,,True,,,Raul Gustavo,K. Parks,,,,
mls_2026,2026-03-07,,New York City FC,Orlando City SC,5,0,71,,substitution,,True,,,M. Carrizo,A. Ojeda,,,,
mls_2026,2026-03-07,,New York City FC,Orlando City SC,5,0,78,,substitution,,False,,,T. Souza,M. Pašalić,,,,
mls_2026,2026-03-07,,New York City FC,Orlando City SC,5,0,87,,substitution,,True,,,S. Garfield-Reid,N. Fernández,,,,
mls_2026,2026-03-08,,Atlanta United,Real Salt Lake,2,3,17,,card,A. Hezarkhani,False,yellow,,,,,,,
mls_2026,2026-03-08,,Atlanta United,Real Salt Lake,2,3,23,,goal,S. Solans,False,,,,,,,0,1
mls_2026,2026-03-08,,Atlanta United,Real Salt Lake,2,3,27,,goal,A. Hezarkhani,False,,,,,,,0,2
mls_2026,2026-03-08,,Atlanta United,Real Salt Lake,2,3,38,,goal,A. Miranchuk,True,,,,,,,1,2
mls_2026,2026-03-08,,Atlanta United,Real Salt Lake,2,3,40,,goal,Z. Gozo,False,,,,,,,1,3
mls_2026,2026-03-08,,Atlanta United,Real Salt Lake,2,3,43,,card,C. Sanchez,True,yellow,,,,,,,
mls_2026,2026-03-08,,Atlanta United,Real Salt Lake,2,3,44,,card,L. Moisa,False,yellow,,,,,,,
mls_2026,2026-03-08,,Atlanta United,Real Salt Lake,2,3,45,,card,J. Berrocal,True,yellow,,,,,,,
mls_2026,2026-03-08,,Atlanta United,Real Salt Lake,2,3,46,,substitution,,False,,,G. Dillon,L. Moisa,,,,
mls_2026,2026-03-08,,Atlanta United,Real Salt Lake,2,3,59,,substitution,,True,,,M. Galarza,C. Sanchez,,,,
mls_2026,2026-03-08,,Atlanta United,Real Salt Lake,2,3,62,,substitution,,False,,,D. Marczuk,A. Hezarkhani,,,,
mls_2026,2026-03-08,,Atlanta United,Real Salt Lake,2,3,73,,goal,A. Miranchuk,True,,,,,,,2,3
mls_2026,2026-03-08,,Atlanta United,Real Salt Lake,2,3,79,,substitution,,True,,,S. Lobjanidze,S. Alzate,,,,
mls_2026,2026-03-08,,Atlanta United,Real Salt Lake,2,3,79,,substitution,,True,,,M. Edwards,T. Jacob,,,,
mls_2026,2026-03-08,,Atlanta United,Real Salt Lake,2,3,82,,substitution,,False,,,J. Barea,S. Solans,,,,
mls_2026,2026-03-08,,Atlanta United,Real Salt Lake,2,3,82,,substitution,,False,,,Z. Booth,M. Guilavogui,,,,
mls_2026,2026-03-08,,Atlanta United,Real Salt Lake,2,3,85,,substitution,,False,,,S. Junqua,P. Quinton,,,,
mls_2026,2026-03-08,,Atlanta United,Real Salt Lake,2,3,86,,substitution,,True,,,S. Santos,E. Mihaj,,,,
mls_2026,2026-03-08,,Atlanta United,Real Salt Lake,2,3,90,,card,Z. Gozo,False,yellow,,,,,,,
mls_2026,2026-03-08,,Charlotte FC,Austin FC,3,1,18,,card,W. Zaha,True,yellow,,,,,,,
mls_2026,2026-03-08,,Charlotte FC,Austin FC,3,1,25,,card,Guilherme Biro,False,red,,,,,,,
mls_2026,2026-03-08,,Charlotte FC,Austin FC,3,1,28,,substitution,,False,,,J. Bell,J. Nelson,,,,
mls_2026,2026-03-08,,Charlotte FC,Austin FC,3,1,29,,goal,I. Toklomati Jorno,True,,,,,,,1,0
mls_2026,2026-03-08,,Charlotte FC,Austin FC,3,1,31,,goal,A. Morrison,False,,,,,,,1,1
mls_2026,2026-03-08,,Charlotte FC,Austin FC,3,1,36,,substitution,,False,,,N. Dubersarsky,D. Pereira,,,,
mls_2026,2026-03-08,,Charlotte FC,Austin FC,3,1,58,,card,M. Uzuni,False,yellow,,,,,,,
mls_2026,2026-03-08,,Charlotte FC,Austin FC,3,1,64,,card,L. Abada,True,yellow,,,,,,,
mls_2026,2026-03-08,,Charlotte FC,Austin FC,3,1,68,,goal,P. Biel,True,,,,,,,2,1
mls_2026,2026-03-08,,Charlotte FC,Austin FC,3,1,69,,substitution,,True,,,K. C. Vargas,L. Abada,,,,
mls_2026,2026-03-08,,Charlotte FC,Austin FC,3,1,69,,substitution,,True,,,L. D. L. Torre,B. Bronico,,,,
mls_2026,2026-03-08,,Charlotte FC,Austin FC,3,1,74,,substitution,,False,,,C. Fodrey,J. Rosales,,,,
mls_2026,2026-03-08,,Charlotte FC,Austin FC,3,1,74,,substitution,,False,,,B. Sabović,I. Sánchez,,,,
mls_2026,2026-03-08,,Charlotte FC,Austin FC,3,1,75,,substitution,,False,,,C. Ramirez,M. Uzuni,,,,
mls_2026,2026-03-08,,Charlotte FC,Austin FC,3,1,90,,substitution,,True,,,A. John,A. Westwood,,,,
mls_2026,2026-03-08,,Charlotte FC,Austin FC,3,1,90,,goal,P. Biel,True,,,,,,,3,1
mls_2026,2026-03-08,,Colorado Rapids,LA Galaxy,4,1,23,,goal,D. Yapi,True,,,,,,,1,0
mls_2026,2026-03-08,,Colorado Rapids,LA Galaxy,4,1,45,,card,G. Pec,False,yellow,,,,,,,
mls_2026,2026-03-08,,Colorado Rapids,LA Galaxy,4,1,50,,substitution,,False,,,M. Cuevas,J. Paintsil,,,,
mls_2026,2026-03-08,,Colorado Rapids,LA Galaxy,4,1,56,,goal,J. Klauss,False,,,,,,,1,1
mls_2026,2026-03-08,,Colorado Rapids,LA Galaxy,4,1,58,,substitution,,True,,,W. Frederick,J. Atencio,,,,
mls_2026,2026-03-08,,Colorado Rapids,LA Galaxy,4,1,58,,substitution,,True,,,T. Ku-DiPietro,D. Sealy,,,,
mls_2026,2026-03-08,,Colorado Rapids,LA Galaxy,4,1,58,,substitution,,True,,,C. Ronan,H. Ojediran,,,,
mls_2026,2026-03-08,,Colorado Rapids,LA Galaxy,4,1,59,,card,G. Pec,False,yellowRed,,,,,,,
mls_2026,2026-03-08,,Colorado Rapids,LA Galaxy,4,1,65,,substitution,,True,,,K. Rosenberry,R. Cannon,,,,
mls_2026,2026-03-08,,Colorado Rapids,LA Galaxy,4,1,68,,substitution,,True,,,A. Manyoma,C. Ronan,,,,
mls_2026,2026-03-08,,Colorado Rapids,LA Galaxy,4,1,71,,substitution,,False,,,M. Nascimento,J. Klauss,,,,
mls_2026,2026-03-08,,Colorado Rapids,LA Galaxy,4,1,71,,substitution,,False,,,E. Thommy,M. Reus,,,,
mls_2026,2026-03-08,,Colorado Rapids,LA Galaxy,4,1,75,,goal,A. Manyoma,True,,,,,,,2,1
mls_2026,2026-03-08,,Colorado Rapids,LA Galaxy,4,1,81,,substitution,,False,,,J. Nelson,J. Aude,,,,
mls_2026,2026-03-08,,Colorado Rapids,LA Galaxy,4,1,81,,substitution,,False,,,L. Sanabria,M. Yamane,,,,
mls_2026,2026-03-08,,Colorado Rapids,LA Galaxy,4,1,85,,goal,R. Navarro,True,,,,,,,3,1
mls_2026,2026-03-08,,Colorado Rapids,LA Galaxy,4,1,88,,card,J. Glesnes,False,yellow,,,,,,,
mls_2026,2026-03-08,,Colorado Rapids,LA Galaxy,4,1,89,,goal,R. Navarro,True,,,,,,,4,1
mls_2026,2026-03-08,,Columbus Crew,Chicago Fire,0,0,14,,card,M. Amundsen,True,yellow,,,,,,,
mls_2026,2026-03-08,,Columbus Crew,Chicago Fire,0,0,28,,substitution,,False,,,D. Borso,L. Barroso,,,,
mls_2026,2026-03-08,,Columbus Crew,Chicago Fire,0,0,55,,substitution,,False,,,D. T. D'Avilla,M. Pineda,,,,
mls_2026,2026-03-08,,Columbus Crew,Chicago Fire,0,0,55,,substitution,,False,,,R. Lod,C. Mueller,,,,
mls_2026,2026-03-08,,Columbus Crew,Chicago Fire,0,0,61,,card,J. Waterman,False,yellow,,,,,,,
mls_2026,2026-03-08,,Columbus Crew,Chicago Fire,0,0,73,,substitution,,True,,,H. Picard,A. Sejdic,,,,
mls_2026,2026-03-08,,Columbus Crew,Chicago Fire,0,0,77,,card,P. Zinckernagel,False,yellow,,,,,,,
mls_2026,2026-03-08,,Columbus Crew,Chicago Fire,0,0,82,,card,A. Salétros,False,yellow,,,,,,,
mls_2026,2026-03-08,,Columbus Crew,Chicago Fire,0,0,87,,card,S. Zawadzki,True,yellow,,,,,,,
mls_2026,2026-03-08,,Columbus Crew,Chicago Fire,0,0,90,,substitution,,False,,,J. Shokalook,P. Zinckernagel,,,,
mls_2026,2026-03-08,,Columbus Crew,Chicago Fire,0,0,90,,card,J. Bamba,False,yellow,,,,,,,
mls_2026,2026-03-08,,FC Cincinnati,Toronto FC,0,1,16,,card,E. Echenique,True,yellow,,,,,,,
mls_2026,2026-03-08,,FC Cincinnati,Toronto FC,0,1,25,,card,B. Kuscevic,False,yellow,,,,,,,
mls_2026,2026-03-08,,FC Cincinnati,Toronto FC,0,1,63,,substitution,,True,,,S. Gidi,G. Valenzuela,,,,
mls_2026,2026-03-08,,FC Cincinnati,Toronto FC,0,1,63,,substitution,,True,,,A. Jabbari,T. Barlow,,,,
mls_2026,2026-03-08,,FC Cincinnati,Toronto FC,0,1,65,,substitution,,False,,,D. E. Junior,R. Edwards,,,,
mls_2026,2026-03-08,,FC Cincinnati,Toronto FC,0,1,73,,card,J. Cifuentes,False,yellow,,,,,,,
mls_2026,2026-03-08,,FC Cincinnati,Toronto FC,0,1,73,,substitution,,False,,,L. Stefanovic,W. Zimmerman,,,,
mls_2026,2026-03-08,,FC Cincinnati,Toronto FC,0,1,73,,substitution,,False,,,D. Kerr,E. Aristizábal,,,,
mls_2026,2026-03-08,,FC Cincinnati,Toronto FC,0,1,74,,substitution,,True,,,Evander,E. Echenique,,,,
mls_2026,2026-03-08,,FC Cincinnati,Toronto FC,0,1,81,,card,N. Hagglund,True,yellow,,,,,,,
mls_2026,2026-03-08,,FC Cincinnati,Toronto FC,0,1,85,,goal,D. Sallói,False,,,,,,,0,1
mls_2026,2026-03-08,,FC Cincinnati,Toronto FC,0,1,87,,substitution,,True,,,K. Smith,N. Hagglund,,,,
mls_2026,2026-03-08,,FC Cincinnati,Toronto FC,0,1,87,,substitution,,True,,,T. L. Hadebe,G. Flores,,,,
mls_2026,2026-03-08,,FC Cincinnati,Toronto FC,0,1,90,,substitution,,False,,,A. Coello,Đ. Mihailović,,,,
mls_2026,2026-03-08,,FC Cincinnati,Toronto FC,0,1,90,,substitution,,True,,,K. M. Dem,B. Ramírez,,,,
mls_2026,2026-03-08,,Los Angeles FC,FC Dallas,1,0,10,,card,H. M. Son,True,yellow,,,,,,,
mls_2026,2026-03-08,,Los Angeles FC,FC Dallas,1,0,45,,card,S. Moore,False,yellow,,,,,,,
mls_2026,2026-03-08,,Los Angeles FC,FC Dallas,1,0,55,,goal,D. M. Morales,True,,,,,,,1,0
mls_2026,2026-03-08,,Los Angeles FC,FC Dallas,1,0,59,,card,Ramiro,False,yellow,,,,,,,
mls_2026,2026-03-08,,Los Angeles FC,FC Dallas,1,0,73,,substitution,,False,,,Kaick,J. Valiente,,,,
mls_2026,2026-03-08,,Los Angeles FC,FC Dallas,1,0,73,,substitution,,False,,,R. Louis,L. Farrington,,,,
mls_2026,2026-03-08,,Los Angeles FC,FC Dallas,1,0,73,,substitution,,True,,,A. Boudri,T. Tillman,,,,
mls_2026,2026-03-08,,Los Angeles FC,FC Dallas,1,0,78,,substitution,,False,,,P. Delgado,Ramiro,,,,
mls_2026,2026-03-08,,Los Angeles FC,FC Dallas,1,0,80,,substitution,,True,,,T. Boyd,D. M. Morales,,,,
mls_2026,2026-03-08,,Los Angeles FC,FC Dallas,1,0,82,,card,T. Boyd,True,yellow,,,,,,,
mls_2026,2026-03-08,,Los Angeles FC,FC Dallas,1,0,89,,substitution,,True,,,M. Choinière,D. Bouanga,,,,
mls_2026,2026-03-08,,Los Angeles FC,FC Dallas,1,0,89,,substitution,,False,,,R. Binyamin,C. Cappis,,,,
mls_2026,2026-03-08,,Los Angeles FC,FC Dallas,1,0,90,,substitution,,False,,,L. D. Deedson,O. Urhoghide,,,,
mls_2026,2026-03-08,,Nashville SC,Minnesota United,3,1,26,,goal,S. Surridge,True,,,,,,,1,0
mls_2026,2026-03-08,,Nashville SC,Minnesota United,3,1,33,,goal,C. Espinoza,True,,,,,,,2,0
mls_2026,2026-03-08,,Nashville SC,Minnesota United,3,1,35,,goal,N. Triantis,False,,,,,,,2,1
mls_2026,2026-03-08,,Nashville SC,Minnesota United,3,1,47,,goal,S. Surridge,True,,,,,,,3,1
mls_2026,2026-03-08,,Nashville SC,Minnesota United,3,1,62,,substitution,,True,,,J. Bauer,D. Lovitz,,,,
mls_2026,2026-03-08,,Nashville SC,Minnesota United,3,1,66,,substitution,,False,,,J. Gressel,B. Hlongwane,,,,
mls_2026,2026-03-08,,Nashville SC,Minnesota United,3,1,75,,substitution,,False,,,K. Duncan,A. Markanich,,,,
mls_2026,2026-03-08,,Nashville SC,Minnesota United,3,1,75,,substitution,,False,,,M. Dieng,N. Triantis,,,,
mls_2026,2026-03-08,,Nashville SC,Minnesota United,3,1,78,,substitution,,True,,,R. Baker-Whiting,A. Najar,,,,
mls_2026,2026-03-08,,Nashville SC,Minnesota United,3,1,78,,substitution,,True,,,W. Madrigal,C. Espinoza,,,,
mls_2026,2026-03-08,,Nashville SC,Minnesota United,3,1,80,,card,J. Palacios,True,yellow,,,,,,,
mls_2026,2026-03-08,,Nashville SC,Minnesota United,3,1,86,,substitution,,False,,,D. Taylor,D. Padelford,,,,
mls_2026,2026-03-08,,Nashville SC,Minnesota United,3,1,86,,substitution,,False,,,O. Gene,W. Trapp,,,,
mls_2026,2026-03-08,,Nashville SC,Minnesota United,3,1,86,,substitution,,True,,,A. Qasem,H. Mukhtar,,,,
mls_2026,2026-03-08,,Nashville SC,Minnesota United,3,1,86,,substitution,,True,,,W. Pacius,S. Surridge,,,,
mls_2026,2026-03-08,,Nashville SC,Minnesota United,3,1,89,,card,J. Gressel,False,yellow,,,,,,,
mls_2026,2026-03-08,,New York Red Bulls,CF Montréal,0,3,44,,goal,W. Carmona,False,,,,,,,0,2
mls_2026,2026-03-08,,New York Red Bulls,CF Montréal,0,3,50,,card,J. Che,True,yellow,,,,,,,
mls_2026,2026-03-08,,New York Red Bulls,CF Montréal,0,3,61,,substitution,,False,,,D. Rios,P. Owusu,,,,
mls_2026,2026-03-08,,New York Red Bulls,CF Montréal,0,3,61,,substitution,,False,,,N. Streit,I. Jaime,,,,
mls_2026,2026-03-08,,New York Red Bulls,CF Montréal,0,3,61,,substitution,,False,,,B. Hidalgo,T. Avilés,,,,
mls_2026,2026-03-08,,New York Red Bulls,CF Montréal,0,3,61,,substitution,,True,,,R. Mosquera,E. M. Choupo-Moting,,,,
mls_2026,2026-03-08,,New York Red Bulls,CF Montréal,0,3,61,,substitution,,True,,,J. Mina,M. D. Santos,,,,
mls_2026,2026-03-08,,New York Red Bulls,CF Montréal,0,3,68,,goal,W. Carmona,False,,,,,,,0,3
mls_2026,2026-03-08,,New York Red Bulls,CF Montréal,0,3,77,,substitution,,True,,,O. Valencia,J. Marshall-Rutty,,,,
mls_2026,2026-03-08,,New York Red Bulls,CF Montréal,0,3,8,,goal,P. Owusu,False,,,,,,,0,1
mls_2026,2026-03-08,,New York Red Bulls,CF Montréal,0,3,81,,substitution,,False,,,S. Piette,W. Carmona,,,,
mls_2026,2026-03-08,,New York Red Bulls,CF Montréal,0,3,85,,substitution,,True,,,R. Mitchell,J. Hall,,,,
mls_2026,2026-03-08,,New York Red Bulls,CF Montréal,0,3,86,,substitution,,False,,,O. Escobar,M. Longstaff,,,,
mls_2026,2026-03-08,,New York Red Bulls,CF Montréal,0,3,86,,substitution,,True,,,A. Rojas,C. Cowell,,,,
mls_2026,2026-03-08,,Philadelphia Union,San Jose Earthquakes,0,1,15,,card,B. Kikanović,False,yellow,,,,,,,
mls_2026,2026-03-08,,Philadelphia Union,San Jose Earthquakes,0,1,20,,card,J. Lukić,True,yellow,,,,,,,
mls_2026,2026-03-08,,Philadelphia Union,San Jose Earthquakes,0,1,46,,substitution,,True,,,E. Alladoh,A. Anello,,,,
mls_2026,2026-03-08,,Philadelphia Union,San Jose Earthquakes,0,1,46,,substitution,,False,,,T. Werner,J. Ricketts,,,,
mls_2026,2026-03-08,,Philadelphia Union,San Jose Earthquakes,0,1,59,,goal,O. Bouda,False,,,,,,,0,1
mls_2026,2026-03-08,,Philadelphia Union,San Jose Earthquakes,0,1,60,,substitution,,True,,,J. Bueno,J. Lukić,,,,
mls_2026,2026-03-08,,Philadelphia Union,San Jose Earthquakes,0,1,65,,card,N. Harriel,True,yellow,,,,,,,
mls_2026,2026-03-08,,Philadelphia Union,San Jose Earthquakes,0,1,74,,substitution,,True,,,A. Bedoya,M. Iloski,,,,
mls_2026,2026-03-08,,Philadelphia Union,San Jose Earthquakes,0,1,74,,substitution,,True,,,S. Kornzeniowski,B. Damiani,,,,
mls_2026,2026-03-08,,Philadelphia Union,San Jose Earthquakes,0,1,75,,card,P. Judd,False,yellow,,,,,,,
mls_2026,2026-03-08,,Philadelphia Union,San Jose Earthquakes,0,1,82,,substitution,,False,,,J. Skahan,P. Judd,,,,
mls_2026,2026-03-08,,Philadelphia Union,San Jose Earthquakes,0,1,82,,substitution,,False,,,I. Harkes,B. Leroux,,,,
mls_2026,2026-03-08,,Philadelphia Union,San Jose Earthquakes,0,1,82,,substitution,,True,,,B. Bender,G. Sequera,,,,
mls_2026,2026-03-08,,Philadelphia Union,San Jose Earthquakes,0,1,88,,card,E. Alladoh,True,yellow,,,,,,,
mls_2026,2026-03-08,,Portland Timbers,Vancouver Whitecaps,1,4,17,,card,É. Ocampo,False,yellow,,,,,,,
mls_2026,2026-03-08,,Portland Timbers,Vancouver Whitecaps,1,4,21,,goal,B. White,False,,,,,,,0,1
mls_2026,2026-03-08,,Portland Timbers,Vancouver Whitecaps,1,4,49,,goal,T. Blackmon,False,,,,,,,0,2
mls_2026,2026-03-08,,Portland Timbers,Vancouver Whitecaps,1,4,54,,substitution,,True,,,G. Guerra,K. Kelsy,,,,
mls_2026,2026-03-08,,Portland Timbers,Vancouver Whitecaps,1,4,55,,substitution,,False,,,E. Sabbi,J. Badwal,,,,
mls_2026,2026-03-08,,Portland Timbers,Vancouver Whitecaps,1,4,59,,card,K. Velde,True,yellow,,,,,,,
mls_2026,2026-03-08,,Portland Timbers,Vancouver Whitecaps,1,4,62,,substitution,,True,,,A. Lassiter,A. Aravena,,,,
mls_2026,2026-03-08,,Portland Timbers,Vancouver Whitecaps,1,4,63,,goal,S. Berhalter,False,,,,,,,0,3
mls_2026,2026-03-08,,Portland Timbers,Vancouver Whitecaps,1,4,67,,card,I. Smith,True,yellow,,,,,,,
mls_2026,2026-03-08,,Portland Timbers,Vancouver Whitecaps,1,4,69,,substitution,,False,,,K. Cabrera,A. Jackson,,,,
mls_2026,2026-03-08,,Portland Timbers,Vancouver Whitecaps,1,4,69,,substitution,,False,,,M. Laborda,É. Ocampo,,,,
mls_2026,2026-03-08,,Portland Timbers,Vancouver Whitecaps,1,4,69,,substitution,,False,,,O. Larraz,A. Cubas,,,,
mls_2026,2026-03-08,,Portland Timbers,Vancouver Whitecaps,1,4,7,,card,K. Kelsy,True,yellow,,,,,,,
mls_2026,2026-03-08,,Portland Timbers,Vancouver Whitecaps,1,4,72,,goal,E. Izoita,True,,,,,,,1,3
mls_2026,2026-03-08,,Portland Timbers,Vancouver Whitecaps,1,4,77,,card,E. Sabbi,False,yellow,,,,,,,
mls_2026,2026-03-08,,Portland Timbers,Vancouver Whitecaps,1,4,81,,substitution,,True,,,F. Mora,B. Bye,,,,
mls_2026,2026-03-08,,Portland Timbers,Vancouver Whitecaps,1,4,83,,card,O. Larraz,False,yellow,,,,,,,
mls_2026,2026-03-08,,Portland Timbers,Vancouver Whitecaps,1,4,87,,goal,B. White,False,,,,,,,1,4
mls_2026,2026-03-08,,Portland Timbers,Vancouver Whitecaps,1,4,90,,substitution,,False,,,M. Gherasimencov,T. Johnson,,,,
mls_2026,2026-03-08,,Sporting Kansas City,San Diego FC,0,1,27,,card,L. Bombino,False,yellow,,,,,,,
mls_2026,2026-03-08,,Sporting Kansas City,San Diego FC,0,1,36,,card,J. Miller,True,yellow,,,,,,,
mls_2026,2026-03-08,,Sporting Kansas City,San Diego FC,0,1,38,,card,M. García,True,yellow,,,,,,,
mls_2026,2026-03-08,,Sporting Kansas City,San Diego FC,0,1,39,,goal,A. Dreyer,False,,,,,,,0,1
mls_2026,2026-03-08,,Sporting Kansas City,San Diego FC,0,1,64,,substitution,,False,,,D. Vazquez,P. Soma,,,,
mls_2026,2026-03-08,,Sporting Kansas City,San Diego FC,0,1,64,,substitution,,False,,,O. Verhoeven,L. Bombino,,,,
mls_2026,2026-03-08,,Sporting Kansas City,San Diego FC,0,1,71,,substitution,,True,,,S. Afrifa,J. Bartlett,,,,
mls_2026,2026-03-08,,Sporting Kansas City,San Diego FC,0,1,75,,card,M. Duah,False,yellow,,,,,,,
mls_2026,2026-03-08,,Sporting Kansas City,San Diego FC,0,1,76,,substitution,,False,,,L. Morgan,M. Ingvartsen,,,,
mls_2026,2026-03-08,,Sporting Kansas City,San Diego FC,0,1,78,,card,C. McVey,False,yellow,,,,,,,
mls_2026,2026-03-08,,Sporting Kansas City,San Diego FC,0,1,79,,substitution,,True,,,T. Calheira,C. Harris,,,,
mls_2026,2026-03-08,,Sporting Kansas City,San Diego FC,0,1,79,,substitution,,True,,,K. Agyabeng,M. S. Suleymanov,,,,
mls_2026,2026-03-08,,Sporting Kansas City,San Diego FC,0,1,80,,card,D. Vazquez,False,yellow,,,,,,,
mls_2026,2026-03-08,,Sporting Kansas City,San Diego FC,0,1,81,,card,J. Davis,True,yellow,,,,,,,
mls_2026,2026-03-08,,Sporting Kansas City,San Diego FC,0,1,90,,substitution,,False,,,A. Godoy,O. Valakari,,,,
mls_2026,2026-03-08,,Sporting Kansas City,San Diego FC,0,1,90,,substitution,,False,,,I. Pilcher,A. Pellegrino,,,,
mls_2026,2026-03-08,,Sporting Kansas City,San Diego FC,0,1,90,,substitution,,True,,,S. Donovan,J. Davis,,,,
mls_2026,2026-03-08,,St.Louis City,Seattle Sounders FC,0,1,23,,substitution,,False,,,K. Kossa-Rienzi,Y. Gómez,,,,
mls_2026,2026-03-08,,St.Louis City,Seattle Sounders FC,0,1,33,,card,C. Durkin,True,yellow,,,,,,,
mls_2026,2026-03-08,,St.Louis City,Seattle Sounders FC,0,1,44,,card,A. Roldán,False,yellow,,,,,,,
mls_2026,2026-03-08,,St.Louis City,Seattle Sounders FC,0,1,47,,goal,K. Kossa-Rienzi,False,,,,,,,0,1
mls_2026,2026-03-08,,St.Louis City,Seattle Sounders FC,0,1,57,,substitution,,True,,,S. Córdova,C. Teuchert,,,,
mls_2026,2026-03-08,,St.Louis City,Seattle Sounders FC,0,1,64,,substitution,,False,,,P. Arriola,J. Ferreira,,,,
mls_2026,2026-03-08,,St.Louis City,Seattle Sounders FC,0,1,64,,substitution,,False,,,D. Musovski,O. D. Rosario,,,,
mls_2026,2026-03-08,,St.Louis City,Seattle Sounders FC,0,1,74,,card,H. Dotson,False,yellow,,,,,,,
mls_2026,2026-03-08,,St.Louis City,Seattle Sounders FC,0,1,78,,substitution,,True,,,B. McSorley,S. Becher,,,,
mls_2026,2026-03-08,,St.Louis City,Seattle Sounders FC,0,1,80,,card,P. Arriola,False,yellow,,,,,,,
mls_2026,2026-03-08,,St.Louis City,Seattle Sounders FC,0,1,85,,substitution,,False,,,N. Petković,A. Rusnák,,,,
mls_2026,2026-03-08,,St.Louis City,Seattle Sounders FC,0,1,85,,substitution,,False,,,C. Baker,S. Brunell,,,,
mls_2026,2026-03-08,,St.Louis City,Seattle Sounders FC,0,1,88,,substitution,,True,,,S. Jeong,C. Wallem,,,,
mls_2026,2026-03-14,,Atlanta United,Philadelphia Union,3,1,0,,card,G. Martino,True,yellow,Argument,,,,,,
mls_2026,2026-03-14,,Atlanta United,Philadelphia Union,3,1,16,,varDecision,S. Gregersen,True,,,,,,,,
mls_2026,2026-03-14,,Atlanta United,Philadelphia Union,3,1,28,,goal,E. Latte Lath,True,,,,,,,1,0
mls_2026,2026-03-14,,Atlanta United,Philadelphia Union,3,1,40,,card,E. Báez,True,yellow,Foul,,,,,,
mls_2026,2026-03-14,,Atlanta United,Philadelphia Union,3,1,45,,period,,,,,,,HT,,1,0
mls_2026,2026-03-14,,Atlanta United,Philadelphia Union,3,1,45,1,card,S. Gregersen,True,yellow,Foul,,,,,,
mls_2026,2026-03-14,,Atlanta United,Philadelphia Union,3,1,45,,injuryTime,,,,,,,,8,,
mls_2026,2026-03-14,,Atlanta United,Philadelphia Union,3,1,47,,goal,T. Jacob,True,,,,,,,2,0
mls_2026,2026-03-14,,Atlanta United,Philadelphia Union,3,1,49,,card,M. Galarza,True,yellow,,,,,,,
mls_2026,2026-03-14,,Atlanta United,Philadelphia Union,3,1,57,,substitution,,False,,,A. Bedoya,M. Iloski,,,,
mls_2026,2026-03-14,,Atlanta United,Philadelphia Union,3,1,57,,substitution,,False,,,A. Anello,I. Vassilev,,,,
mls_2026,2026-03-14,,Atlanta United,Philadelphia Union,3,1,57,,substitution,,False,,,E. Alladoh,S. Kornzeniowski,,,,
mls_2026,2026-03-14,,Atlanta United,Philadelphia Union,3,1,68,,goal,A. Miranchuk,True,,,,,,,3,0
mls_2026,2026-03-14,,Atlanta United,Philadelphia Union,3,1,69,,substitution,,True,,,S. Alzate,M. Galarza,,,,
mls_2026,2026-03-14,,Atlanta United,Philadelphia Union,3,1,69,,substitution,,True,,,F. Picault,E. Latte Lath,,,,
mls_2026,2026-03-14,,Atlanta United,Philadelphia Union,3,1,77,,substitution,,False,,,J. Sery Larsen,P. N. Ossibadjouo,,,,
mls_2026,2026-03-14,,Atlanta United,Philadelphia Union,3,1,78,,substitution,,True,,,S. Lobzhanidze,A. Miranchuk,,,,
mls_2026,2026-03-14,,Atlanta United,Philadelphia Union,3,1,81,,substitution,,False,,,J. Bueno,D. Jean Jacques,,,,
mls_2026,2026-03-14,,Atlanta United,Philadelphia Union,3,1,85,,card,T. Jacob,True,yellow,Foul,,,,,,
mls_2026,2026-03-14,,Atlanta United,Philadelphia Union,3,1,87,,substitution,,True,,,M. Edwards,C. Sanchez,,,,
mls_2026,2026-03-14,,Atlanta United,Philadelphia Union,3,1,87,,goal,A. Anello,False,,,,,,,3,1
mls_2026,2026-03-14,,Atlanta United,Philadelphia Union,3,1,88,,substitution,,True,,,P. Amador,M. Almirón,,,,
mls_2026,2026-03-14,,Atlanta United,Philadelphia Union,3,1,90,,period,,,,,,,FT,,3,1
mls_2026,2026-03-14,,Atlanta United,Philadelphia Union,3,1,90,,injuryTime,,,,,,,,7,,
mls_2026,2026-03-14,,Charlotte FC,Inter Miami CF,0,0,0,,card,J. Mascherano,False,red,Argument,,,,,,
mls_2026,2026-03-14,,Charlotte FC,Inter Miami CF,0,0,0,,card,J. Mascherano,False,yellow,Argument,,,,,,
mls_2026,2026-03-14,,Charlotte FC,Inter Miami CF,0,0,32,,card,W. Zaha,True,yellow,Argument,,,,,,
mls_2026,2026-03-14,,Charlotte FC,Inter Miami CF,0,0,38,,card,A. Westwood,True,yellow,Argument,,,,,,
mls_2026,2026-03-14,,Charlotte FC,Inter Miami CF,0,0,45,,period,,,,,,,HT,,0,0
mls_2026,2026-03-14,,Charlotte FC,Inter Miami CF,0,0,45,,injuryTime,,,,,,,,8,,
mls_2026,2026-03-14,,Charlotte FC,Inter Miami CF,0,0,6,,card,M. Silvetti,False,yellow,Foul,,,,,,
mls_2026,2026-03-14,,Charlotte FC,Inter Miami CF,0,0,68,,substitution,,False,,,E. Abadia-Reda,S. Reguilón,,,,
mls_2026,2026-03-14,,Charlotte FC,Inter Miami CF,0,0,68,,substitution,,False,,,Shaw,D. Ruíz,,,,
mls_2026,2026-03-14,,Charlotte FC,Inter Miami CF,0,0,71,,substitution,,True,,,K. C. Vargas,L. Abada,,,,
mls_2026,2026-03-14,,Charlotte FC,Inter Miami CF,0,0,71,,substitution,,True,,,D. Diani,B. Bronico,,,,
mls_2026,2026-03-14,,Charlotte FC,Inter Miami CF,0,0,73,,substitution,,False,,,T. Segovia,D. Ayala,,,,
mls_2026,2026-03-14,,Charlotte FC,Inter Miami CF,0,0,73,,substitution,,False,,,G. Berterame,S. Morales,,,,
mls_2026,2026-03-14,,Charlotte FC,Inter Miami CF,0,0,75,,card,T. Segovia,False,yellow,,,,,,,
mls_2026,2026-03-14,,Charlotte FC,Inter Miami CF,0,0,77,,card,H. Toffolo,True,yellow,Foul,,,,,,
mls_2026,2026-03-14,,Charlotte FC,Inter Miami CF,0,0,80,,substitution,,False,,,T. Allende,D. Pinter,,,,
mls_2026,2026-03-14,,Charlotte FC,Inter Miami CF,0,0,82,,substitution,,True,,,A. Goodwin,I. Toklomati,,,,
mls_2026,2026-03-14,,Charlotte FC,Inter Miami CF,0,0,82,,substitution,,True,,,T. Smalls,W. Zaha,,,,
mls_2026,2026-03-14,,Charlotte FC,Inter Miami CF,0,0,90,,period,,,,,,,FT,,0,0
mls_2026,2026-03-14,,Charlotte FC,Inter Miami CF,0,0,90,,injuryTime,,,,,,,,5,,
mls_2026,2026-03-14,,Columbus Crew,Nashville SC,0,1,41,,card,A. Qasem,False,yellow,,,,,,,
mls_2026,2026-03-14,,Columbus Crew,Nashville SC,0,1,42,,card,W. Pacius,False,yellow,,,,,,,
mls_2026,2026-03-14,,Columbus Crew,Nashville SC,0,1,46,,substitution,,False,,,S. Surridge,W. Pacius,,,,
mls_2026,2026-03-14,,Columbus Crew,Nashville SC,0,1,46,,substitution,,False,,,H. Mukhtar,A. Qasem,,,,
mls_2026,2026-03-14,,Columbus Crew,Nashville SC,0,1,51,,card,M. Amundsen,True,yellow,,,,,,,
mls_2026,2026-03-14,,Columbus Crew,Nashville SC,0,1,61,,substitution,,False,,,P. Yazbek,B. Acosta,,,,
mls_2026,2026-03-14,,Columbus Crew,Nashville SC,0,1,64,,substitution,,True,,,D. Chambost,A. Gomes,,,,
mls_2026,2026-03-14,,Columbus Crew,Nashville SC,0,1,67,,substitution,,False,,,C. Espinoza,W. Madrigal,,,,
mls_2026,2026-03-14,,Columbus Crew,Nashville SC,0,1,72,,card,J. Bauer,False,yellow,,,,,,,
mls_2026,2026-03-14,,Columbus Crew,Nashville SC,0,1,77,,substitution,,False,,,A. Najar,J. Bauer,,,,
mls_2026,2026-03-14,,Columbus Crew,Nashville SC,0,1,77,,substitution,,True,,,J. Thiaré,T. Habroune,,,,
mls_2026,2026-03-14,,Columbus Crew,Nashville SC,0,1,87,,card,A. Najar,False,yellow,,,,,,,
mls_2026,2026-03-14,,Columbus Crew,Nashville SC,0,1,88,,substitution,,True,,,H. Picard,M. Arfsten,,,,
mls_2026,2026-03-14,,Columbus Crew,Nashville SC,0,1,9,,card,J. Maher,False,yellow,,,,,,,
mls_2026,2026-03-14,,Columbus Crew,Nashville SC,0,1,90,,goal,H. Mukhtar,False,,,,,,,0,1
mls_2026,2026-03-14,,New York City FC,Colorado Rapids,3,1,21,,goal,N. Fernández,True,,,,,,,1,0
mls_2026,2026-03-14,,New York City FC,Colorado Rapids,3,1,31,,card,N. Fernández,True,yellow,,,,,,,
mls_2026,2026-03-14,,New York City FC,Colorado Rapids,3,1,39,,card,A. O'Neill,True,yellow,,,,,,,
mls_2026,2026-03-14,,New York City FC,Colorado Rapids,3,1,42,,card,D. Yapi,False,yellow,,,,,,,
mls_2026,2026-03-14,,New York City FC,Colorado Rapids,3,1,45,,goal,D. Yapi,False,,,,,,,2,1
mls_2026,2026-03-14,,New York City FC,Colorado Rapids,3,1,45,,goal,N. Fernández,True,,,,,,,2,0
mls_2026,2026-03-14,,New York City FC,Colorado Rapids,3,1,55,,substitution,,False,,,D. Sealy,A. Manyoma,,,,
mls_2026,2026-03-14,,New York City FC,Colorado Rapids,3,1,55,,substitution,,False,,,T. Ku-DiPietro,W. Frederick,,,,
mls_2026,2026-03-14,,New York City FC,Colorado Rapids,3,1,63,,substitution,,True,,,T. Magno,K. Parks,,,,
mls_2026,2026-03-14,,New York City FC,Colorado Rapids,3,1,69,,substitution,,False,,,J. Atencio,H. Ojediran,,,,
mls_2026,2026-03-14,,New York City FC,Colorado Rapids,3,1,76,,substitution,,True,,,Raul Gustavo,A. Ojeda,,,,
mls_2026,2026-03-14,,New York City FC,Colorado Rapids,3,1,8,,card,H. Ojediran,False,yellow,,,,,,,
mls_2026,2026-03-14,,New York City FC,Colorado Rapids,3,1,82,,substitution,,False,,,M. Navarro,J. Travis,,,,
mls_2026,2026-03-14,,New York City FC,Colorado Rapids,3,1,82,,substitution,,False,,,M. B. Diop,K. Rosenberry,,,,
mls_2026,2026-03-14,,New York City FC,Colorado Rapids,3,1,85,,goal,T. Magno,True,,,,,,,3,1
mls_2026,2026-03-14,,New York City FC,Colorado Rapids,3,1,89,,substitution,,True,,,J. Shore,N. Fernández,,,,
mls_2026,2026-03-14,,Orlando City SC,CF Montréal,2,1,18,,goal,D. McGuire,True,,,,,,,1,0
mls_2026,2026-03-14,,Orlando City SC,CF Montréal,2,1,24,,goal,P. Owusu,False,,,,,,,1,1
mls_2026,2026-03-14,,Orlando City SC,CF Montréal,2,1,31,,goal,M. Ojeda,True,,,,,,,2,1
mls_2026,2026-03-14,,Orlando City SC,CF Montréal,2,1,33,,card,E. Atuesta,True,yellow,,,,,,,
mls_2026,2026-03-14,,Orlando City SC,CF Montréal,2,1,46,,substitution,,False,,,B. Hidalgo,B. Vera,,,,
mls_2026,2026-03-14,,Orlando City SC,CF Montréal,2,1,57,,substitution,,False,,,S. Piette,M. Longstaff,,,,
mls_2026,2026-03-14,,Orlando City SC,CF Montréal,2,1,57,,substitution,,False,,,I. Jaime,D. D. Þórhallsson,,,,
mls_2026,2026-03-14,,Orlando City SC,CF Montréal,2,1,61,,substitution,,True,,,Z. Taifi,D. McGuire,,,,
mls_2026,2026-03-14,,Orlando City SC,CF Montréal,2,1,61,,substitution,,True,,,C. Guske,E. Atuesta,,,,
mls_2026,2026-03-14,,Orlando City SC,CF Montréal,2,1,71,,substitution,,True,,,T. Spicer,M. Pašalić,,,,
mls_2026,2026-03-14,,Orlando City SC,CF Montréal,2,1,76,,substitution,,False,,,N. Streit,H. Synchuk,,,,
mls_2026,2026-03-14,,Orlando City SC,CF Montréal,2,1,83,,substitution,,False,,,O. Escobar,E. Morales,,,,
mls_2026,2026-03-14,,Orlando City SC,CF Montréal,2,1,84,,substitution,,True,,,P. Leão,M. Ojeda,,,,
mls_2026,2026-03-14,,Orlando City SC,CF Montréal,2,1,84,,substitution,,True,,,T. Reid-Brown,G. Dorsey,,,,
mls_2026,2026-03-14,,Orlando City SC,CF Montréal,2,1,90,,card,I. Jaime,False,yellow,,,,,,,
mls_2026,2026-03-14,,Toronto FC,New York Red Bulls,1,1,22,,card,M. D. Santos,False,yellow,,,,,,,
mls_2026,2026-03-14,,Toronto FC,New York Red Bulls,1,1,32,,card,R. Voloder,False,yellow,,,,,,,
mls_2026,2026-03-14,,Toronto FC,New York Red Bulls,1,1,38,,card,J. Cifuentes,True,yellow,,,,,,,
mls_2026,2026-03-14,,Toronto FC,New York Red Bulls,1,1,43,,goal,D. Sallói,True,,,,,,,1,0
mls_2026,2026-03-14,,Toronto FC,New York Red Bulls,1,1,46,,substitution,,True,,,D. Kerr,E. Aristizábal,,,,
mls_2026,2026-03-14,,Toronto FC,New York Red Bulls,1,1,46,,substitution,,True,,,D. E. Junior,Z. Monlouis,,,,
mls_2026,2026-03-14,,Toronto FC,New York Red Bulls,1,1,66,,substitution,,False,,,T. Rosborough,M. Sofo,,,,
mls_2026,2026-03-14,,Toronto FC,New York Red Bulls,1,1,70,,substitution,,True,,,J. Sargent,J. Cifuentes,,,,
mls_2026,2026-03-14,,Toronto FC,New York Red Bulls,1,1,77,,substitution,,False,,,O. Valencia,M. D. Santos,,,,
mls_2026,2026-03-14,,Toronto FC,New York Red Bulls,1,1,77,,substitution,,False,,,E. M. Choupo-Moting,R. Donkor,,,,
mls_2026,2026-03-14,,Toronto FC,New York Red Bulls,1,1,82,,substitution,,True,,,K. Franklin,R. Edwards,,,,
mls_2026,2026-03-14,,Toronto FC,New York Red Bulls,1,1,87,,substitution,,True,,,A. Coello,Đ. Mihailović,,,,
mls_2026,2026-03-14,,Toronto FC,New York Red Bulls,1,1,90,,goal,E. M. Choupo-Moting,False,,,,,,,1,1
mls_2026,2026-03-14,,Toronto FC,New York Red Bulls,1,1,90,,substitution,,False,,,T. Parker,J. Che,,,,
mls_2026,2026-03-15,,Chicago Fire,DC United,1,2,24,,card,P. Zinckernagel,True,yellow,,,,,,,
mls_2026,2026-03-15,,Chicago Fire,DC United,1,2,34,,card,J. Hopkins,False,yellow,,,,,,,
mls_2026,2026-03-15,,Chicago Fire,DC United,1,2,56,,card,J. Elliott,True,yellow,,,,,,,
mls_2026,2026-03-15,,Chicago Fire,DC United,1,2,64,,card,D. T. D'Avilla,True,yellow,,,,,,,
mls_2026,2026-03-15,,Chicago Fire,DC United,1,2,65,,substitution,,True,,,J. Waterman,J. Elliott,,,,
mls_2026,2026-03-15,,Chicago Fire,DC United,1,2,65,,substitution,,True,,,M. Haile-Selassie,R. Lod,,,,
mls_2026,2026-03-15,,Chicago Fire,DC United,1,2,65,,substitution,,True,,,M. Pineda,D. T. D'Avilla,,,,
mls_2026,2026-03-15,,Chicago Fire,DC United,1,2,78,,substitution,,False,,,C. Clark,Gabriel Pirani,,,,
mls_2026,2026-03-15,,Chicago Fire,DC United,1,2,81,,goal,H. Cuypers,True,,,,,,,1,0
mls_2026,2026-03-15,,Chicago Fire,DC United,1,2,84,,goal,M. Peltola,False,,,,,,,1,1
mls_2026,2026-03-15,,Chicago Fire,DC United,1,2,86,,substitution,,False,,,J. Murrell,Peglow,,,,
mls_2026,2026-03-15,,Chicago Fire,DC United,1,2,90,,substitution,,True,,,D. Borso,L. Barroso,,,,
mls_2026,2026-03-15,,Chicago Fire,DC United,1,2,90,,substitution,,True,,,V. Radojević,J. Dean,,,,
mls_2026,2026-03-15,,Chicago Fire,DC United,1,2,90,,substitution,,False,,,S. Nealis,B. Servania,,,,
mls_2026,2026-03-15,,Chicago Fire,DC United,1,2,90,,goal,T. Baribo,False,,,,,,,1,2
mls_2026,2026-03-15,,FC Dallas,San Diego FC,3,3,21,,goal,O. Valakari,False,,,,,,,0,1
mls_2026,2026-03-15,,FC Dallas,San Diego FC,3,3,22,,card,C. Cappis,True,yellow,,,,,,,
mls_2026,2026-03-15,,FC Dallas,San Diego FC,3,3,30,,card,H. Johansson,True,yellow,,,,,,,
mls_2026,2026-03-15,,FC Dallas,San Diego FC,3,3,31,,goal,M. Ingvartsen,False,,,,,,,0,2
mls_2026,2026-03-15,,FC Dallas,San Diego FC,3,3,39,,card,P. Soma,False,yellow,,,,,,,
mls_2026,2026-03-15,,FC Dallas,San Diego FC,3,3,41,,goal,P. Musa,True,,,,,,,1,2
mls_2026,2026-03-15,,FC Dallas,San Diego FC,3,3,46,,substitution,,False,,,O. Verhoeven,I. Pilcher,,,,
mls_2026,2026-03-15,,FC Dallas,San Diego FC,3,3,46,,substitution,,False,,,J. Tverskov,P. Soma,,,,
mls_2026,2026-03-15,,FC Dallas,San Diego FC,3,3,51,,goal,O. Valakari,False,,,,,,,1,3
mls_2026,2026-03-15,,FC Dallas,San Diego FC,3,3,54,,goal,P. Musa,True,,,,,,,2,3
mls_2026,2026-03-15,,FC Dallas,San Diego FC,3,3,58,,substitution,,False,,,A. Pellegrino,A. Mighten,,,,
mls_2026,2026-03-15,,FC Dallas,San Diego FC,3,3,58,,substitution,,False,,,A. Dreyer,D. Vazquez,,,,
mls_2026,2026-03-15,,FC Dallas,San Diego FC,3,3,68,,substitution,,True,,,L. Farrington,C. Cappis,,,,
mls_2026,2026-03-15,,FC Dallas,San Diego FC,3,3,71,,substitution,,False,,,C. McVey,O. G. Søe,,,,
mls_2026,2026-03-15,,FC Dallas,San Diego FC,3,3,77,,substitution,,True,,,P. Delgado,Ramiro,,,,
mls_2026,2026-03-15,,FC Dallas,San Diego FC,3,3,77,,substitution,,True,,,L. D. Deedson,J. Valiente,,,,
mls_2026,2026-03-15,,FC Dallas,San Diego FC,3,3,85,,substitution,,True,,,R. Binyamin,S. Ibeagha,,,,
mls_2026,2026-03-15,,FC Dallas,San Diego FC,3,3,86,,card,L. Bombino,False,yellow,,,,,,,
mls_2026,2026-03-15,,FC Dallas,San Diego FC,3,3,90,,card,L. Farrington,True,yellow,,,,,,,
mls_2026,2026-03-15,,FC Dallas,San Diego FC,3,3,90,,goal,P. Musa,True,,,,,,,3,3
mls_2026,2026-03-15,,Houston Dynamo,Portland Timbers,3,2,0,,card,B. Olsen,True,yellow,Argument,,,,,,
mls_2026,2026-03-15,,Houston Dynamo,Portland Timbers,3,2,24,,card,K. Miller,False,yellow,Foul,,,,,,
mls_2026,2026-03-15,,Houston Dynamo,Portland Timbers,3,2,45,,period,,,,,,,HT,,0,1
mls_2026,2026-03-15,,Houston Dynamo,Portland Timbers,3,2,45,5,card,A. Lassiter,False,yellow,,,,,,,
mls_2026,2026-03-15,,Houston Dynamo,Portland Timbers,3,2,45,4,goal,G. Guerra,False,,,,,,,0,1
mls_2026,2026-03-15,,Houston Dynamo,Portland Timbers,3,2,45,1,card,E. Ponce,True,yellow,,,,,,,
mls_2026,2026-03-15,,Houston Dynamo,Portland Timbers,3,2,45,,injuryTime,,,,,,,,6,,
mls_2026,2026-03-15,,Houston Dynamo,Portland Timbers,3,2,45,,varDecision,F. Surman,False,,,,,,,,
mls_2026,2026-03-15,,Houston Dynamo,Portland Timbers,3,2,46,,substitution,,True,,,H. Herrera,E. Ponce,,,,
mls_2026,2026-03-15,,Houston Dynamo,Portland Timbers,3,2,58,,card,J. Fory,False,yellow,Foul,,,,,,
mls_2026,2026-03-15,,Houston Dynamo,Portland Timbers,3,2,62,,goal,Guilherme,True,,,,,,,1,1
mls_2026,2026-03-15,,Houston Dynamo,Portland Timbers,3,2,63,,substitution,,False,,,J. Ortíz,D. Da Costa,,,,
mls_2026,2026-03-15,,Houston Dynamo,Portland Timbers,3,2,69,,substitution,,True,,,A. Resch,D. Samassékou,,,,
mls_2026,2026-03-15,,Houston Dynamo,Portland Timbers,3,2,70,,substitution,,True,,,O. Lingr,L. Halter,,,,
mls_2026,2026-03-15,,Houston Dynamo,Portland Timbers,3,2,71,,substitution,,False,,,F. Mora,A. Lassiter,,,,
mls_2026,2026-03-15,,Houston Dynamo,Portland Timbers,3,2,71,,substitution,,False,,,I. Smith,A. Aravena,,,,
mls_2026,2026-03-15,,Houston Dynamo,Portland Timbers,3,2,77,,goal,F. Andrade,True,,,,,,,2,1
mls_2026,2026-03-15,,Houston Dynamo,Portland Timbers,3,2,79,,goal,K. Velde,False,,,,,,,2,2
mls_2026,2026-03-15,,Houston Dynamo,Portland Timbers,3,2,81,,substitution,,True,,,N. Markanich,D. Holmes,,,,
mls_2026,2026-03-15,,Houston Dynamo,Portland Timbers,3,2,85,,card,F. Mora,False,yellow,Foul,,,,,,
mls_2026,2026-03-15,,Houston Dynamo,Portland Timbers,3,2,90,,period,,,,,,,FT,,3,2
mls_2026,2026-03-15,,Houston Dynamo,Portland Timbers,3,2,90,15,goal,M. Bogusz,True,,,,,,,3,2
mls_2026,2026-03-15,,Houston Dynamo,Portland Timbers,3,2,90,13,card,Guilherme,True,yellow,Foul,,,,,,
mls_2026,2026-03-15,,Houston Dynamo,Portland Timbers,3,2,90,10,substitution,,False,,,K. Kelsy,G. Guerra,,,,
mls_2026,2026-03-15,,Houston Dynamo,Portland Timbers,3,2,90,8,substitution,,True,,,I. Aliyu,L. Ennali,,,,
mls_2026,2026-03-15,,Houston Dynamo,Portland Timbers,3,2,90,3,card,N. Markanich,True,red,Foul,,,,,,
mls_2026,2026-03-15,,Houston Dynamo,Portland Timbers,3,2,90,,injuryTime,,,,,,,,9,,
mls_2026,2026-03-15,,LA Galaxy,Sporting Kansas City,1,2,45,,goal,D. Joveljić,False,,,,,,,0,1
mls_2026,2026-03-15,,LA Galaxy,Sporting Kansas City,1,2,63,,substitution,,True,,,M. Nascimento,J. Klauss,,,,
mls_2026,2026-03-15,,LA Galaxy,Sporting Kansas City,1,2,63,,substitution,,True,,,R. Ramos,E. Thommy,,,,
mls_2026,2026-03-15,,LA Galaxy,Sporting Kansas City,1,2,63,,substitution,,True,,,M. Cuevas,M. Yamane,,,,
mls_2026,2026-03-15,,LA Galaxy,Sporting Kansas City,1,2,69,,card,W. Meyer,False,yellow,,,,,,,
mls_2026,2026-03-15,,LA Galaxy,Sporting Kansas City,1,2,71,,substitution,,False,,,S. Afrifa,C. Harris,,,,
mls_2026,2026-03-15,,LA Galaxy,Sporting Kansas City,1,2,74,,goal,L. B. Johnsen,False,,,,,,,0,2
mls_2026,2026-03-15,,LA Galaxy,Sporting Kansas City,1,2,78,,card,E. Cerrillo,True,yellow,,,,,,,
mls_2026,2026-03-15,,LA Galaxy,Sporting Kansas City,1,2,79,,substitution,,True,,,L. Sanabria,E. Wynder,,,,
mls_2026,2026-03-15,,LA Galaxy,Sporting Kansas City,1,2,79,,substitution,,True,,,J. Nelson,J. Aude,,,,
mls_2026,2026-03-15,,LA Galaxy,Sporting Kansas City,1,2,82,,goal,M. Reus,True,,,,,,,1,2
mls_2026,2026-03-15,,LA Galaxy,Sporting Kansas City,1,2,88,,substitution,,False,,,J. Miller,J. Davis,,,,
mls_2026,2026-03-15,,Los Angeles FC,St.Louis City,2,0,46,,substitution,,True,,,T. Boyd,D. M. Morales,,,,
mls_2026,2026-03-15,,Los Angeles FC,St.Louis City,2,0,46,,substitution,,True,,,T. Tillman,M. Delgado,,,,
mls_2026,2026-03-15,,Los Angeles FC,St.Louis City,2,0,46,,substitution,,False,,,S. Córdova,C. Teuchert,,,,
mls_2026,2026-03-15,,Los Angeles FC,St.Louis City,2,0,71,,substitution,,True,,,A. Boudri,H. M. Son,,,,
mls_2026,2026-03-15,,Los Angeles FC,St.Louis City,2,0,73,,goal,M. Choinière,True,,,,,,,1,0
mls_2026,2026-03-15,,Los Angeles FC,St.Louis City,2,0,77,,substitution,,False,,,B. McSorley,S. Becher,,,,
mls_2026,2026-03-15,,Los Angeles FC,St.Louis City,2,0,81,,goal,M. Choinière,True,,,,,,,2,0
mls_2026,2026-03-15,,Los Angeles FC,St.Louis City,2,0,82,,substitution,,False,,,S. Jeong,R. Santos,,,,
mls_2026,2026-03-15,,Los Angeles FC,St.Louis City,2,0,82,,substitution,,False,,,C. Pompeu,D. Edelman,,,,
mls_2026,2026-03-15,,Los Angeles FC,St.Louis City,2,0,86,,substitution,,True,,,J. Terry,D. Bouanga,,,,
mls_2026,2026-03-15,,Los Angeles FC,St.Louis City,2,0,88,,substitution,,True,,,R. Hollingshead,R. Raposo,,,,
mls_2026,2026-03-15,,Los Angeles FC,St.Louis City,2,0,90,,substitution,,False,,,M. Joyner,C. Wallem,,,,
mls_2026,2026-03-15,,New England Revolution,FC Cincinnati,6,1,16,,card,L. Langoni,True,yellow,,,,,,,
mls_2026,2026-03-15,,New England Revolution,FC Cincinnati,6,1,19,,goal,G. Valenzuela,False,,,,,,,0,1
mls_2026,2026-03-15,,New England Revolution,FC Cincinnati,6,1,24,,card,B. Ramírez,False,yellow,,,,,,,
mls_2026,2026-03-15,,New England Revolution,FC Cincinnati,6,1,25,,goal,B. Ceballos,True,,,,,,,1,1
mls_2026,2026-03-15,,New England Revolution,FC Cincinnati,6,1,28,,card,B. Ceballos,True,yellow,,,,,,,
mls_2026,2026-03-15,,New England Revolution,FC Cincinnati,6,1,31,,goal,D. Turgeman,True,,,,,,,2,1
mls_2026,2026-03-15,,New England Revolution,FC Cincinnati,6,1,38,,card,A. Jabbari,False,yellow,,,,,,,
mls_2026,2026-03-15,,New England Revolution,FC Cincinnati,6,1,45,,goal,B. Ceballos,True,,,,,,,3,1
mls_2026,2026-03-15,,New England Revolution,FC Cincinnati,6,1,46,,substitution,,False,,,E. Echenique,B. Ramírez,,,,
mls_2026,2026-03-15,,New England Revolution,FC Cincinnati,6,1,46,,substitution,,False,,,T. Barlow,A. Jabbari,,,,
mls_2026,2026-03-15,,New England Revolution,FC Cincinnati,6,1,46,,substitution,,False,,,K. Denkey,O. Nwobodo,,,,
mls_2026,2026-03-15,,New England Revolution,FC Cincinnati,6,1,53,,goal,A. Yusuf,True,,,,,,,4,1
mls_2026,2026-03-15,,New England Revolution,FC Cincinnati,6,1,59,,card,M. Polster,True,yellow,,,,,,,
mls_2026,2026-03-15,,New England Revolution,FC Cincinnati,6,1,61,,substitution,,False,,,M. Miazga,M. Robinson,,,,
mls_2026,2026-03-15,,New England Revolution,FC Cincinnati,6,1,69,,card,G. Valenzuela,False,red,,,,,,,
mls_2026,2026-03-15,,New England Revolution,FC Cincinnati,6,1,73,,substitution,,True,,,E. Kohler,I. Feingold,,,,
mls_2026,2026-03-15,,New England Revolution,FC Cincinnati,6,1,73,,substitution,,True,,,G. Yow,L. Langoni,,,,
mls_2026,2026-03-15,,New England Revolution,FC Cincinnati,6,1,82,,substitution,,False,,,A. Powell,K. Smith,,,,
mls_2026,2026-03-15,,New England Revolution,FC Cincinnati,6,1,86,,substitution,,True,,,P. Miller,M. Polster,,,,
mls_2026,2026-03-15,,New England Revolution,FC Cincinnati,6,1,87,,goal,G. Yow,True,,,,,,,5,1
mls_2026,2026-03-15,,New England Revolution,FC Cincinnati,6,1,88,,substitution,,True,,,D. Fagúndez,C. Gil,,,,
mls_2026,2026-03-15,,New England Revolution,FC Cincinnati,6,1,88,,substitution,,True,,,J. Yueill,A. Yusuf,,,,
mls_2026,2026-03-15,,New England Revolution,FC Cincinnati,6,1,89,,goal,P. Miller,True,,,,,,,6,1
mls_2026,2026-03-15,,Real Salt Lake,Austin FC,2,1,18,,goal,J. Bell,False,,,,,,,0,1
mls_2026,2026-03-15,,Real Salt Lake,Austin FC,2,1,24,,goal,O. Svatok,True,,,,,,,1,1
mls_2026,2026-03-15,,Real Salt Lake,Austin FC,2,1,39,,card,M. Guilavogui,True,yellow,,,,,,,
mls_2026,2026-03-15,,Real Salt Lake,Austin FC,2,1,51,,card,J. Nelson,False,yellow,,,,,,,
mls_2026,2026-03-15,,Real Salt Lake,Austin FC,2,1,59,,substitution,,False,,,J. Alastuey,J. Nelson,,,,
mls_2026,2026-03-15,,Real Salt Lake,Austin FC,2,1,6,,card,J. Gallagher,False,yellow,,,,,,,
mls_2026,2026-03-15,,Real Salt Lake,Austin FC,2,1,70,,substitution,,False,,,B. Sabović,N. Dubersarsky,,,,
mls_2026,2026-03-15,,Real Salt Lake,Austin FC,2,1,70,,substitution,,False,,,M. Đorđević,J. Bell,,,,
mls_2026,2026-03-15,,Real Salt Lake,Austin FC,2,1,71,,substitution,,True,,,D. Luna,A. Hezarkhani,,,,
mls_2026,2026-03-15,,Real Salt Lake,Austin FC,2,1,71,,substitution,,True,,,V. Olatunji,S. Solans,,,,
mls_2026,2026-03-15,,Real Salt Lake,Austin FC,2,1,75,,card,B. Stuver,False,yellow,,,,,,,
mls_2026,2026-03-15,,Real Salt Lake,Austin FC,2,1,81,,substitution,,True,,,S. Spierings,G. Dillon,,,,
mls_2026,2026-03-15,,Real Salt Lake,Austin FC,2,1,88,,goal,S. Spierings,True,,,,,,,2,1
mls_2026,2026-03-15,,Real Salt Lake,Austin FC,2,1,90,,card,I. Sánchez,False,yellow,,,,,,,
mls_2026,2026-03-15,,Real Salt Lake,Austin FC,2,1,90,,substitution,,False,,,C. Ramirez,B. Hines-Ike,,,,
mls_2026,2026-03-15,,San Jose Earthquakes,Seattle Sounders FC,0,1,10,,card,N. Tolo,False,yellow,,,,,,,
mls_2026,2026-03-15,,San Jose Earthquakes,Seattle Sounders FC,0,1,20,,goal,P. Rothrock,False,,,,,,,0,1
mls_2026,2026-03-15,,San Jose Earthquakes,Seattle Sounders FC,0,1,46,,card,N. Petković,False,yellow,,,,,,,
mls_2026,2026-03-15,,San Jose Earthquakes,Seattle Sounders FC,0,1,46,,substitution,,False,,,A. Rusnák,J. Ferreira,,,,
mls_2026,2026-03-15,,San Jose Earthquakes,Seattle Sounders FC,0,1,56,,card,D. Musovski,False,yellow,,,,,,,
mls_2026,2026-03-15,,San Jose Earthquakes,Seattle Sounders FC,0,1,57,,substitution,,True,,,V. Costa,D. Jones,,,,
mls_2026,2026-03-15,,San Jose Earthquakes,Seattle Sounders FC,0,1,59,,card,P. Kingston,False,yellow,,,,,,,
mls_2026,2026-03-15,,San Jose Earthquakes,Seattle Sounders FC,0,1,65,,substitution,,False,,,A. Roldán,N. Petković,,,,
mls_2026,2026-03-15,,San Jose Earthquakes,Seattle Sounders FC,0,1,65,,substitution,,False,,,C. Roldán,G. Minoungou,,,,
mls_2026,2026-03-15,,San Jose Earthquakes,Seattle Sounders FC,0,1,65,,substitution,,False,,,O. D. Rosario,D. Musovski,,,,
mls_2026,2026-03-15,,San Jose Earthquakes,Seattle Sounders FC,0,1,77,,substitution,,True,,,J. Skahan,O. Bouda,,,,
mls_2026,2026-03-15,,San Jose Earthquakes,Seattle Sounders FC,0,1,77,,substitution,,True,,,N. Fernandez,B. Leroux,,,,
mls_2026,2026-03-15,,San Jose Earthquakes,Seattle Sounders FC,0,1,86,,substitution,,False,,,S. Brunell,P. Kingston,,,,
mls_2026,2026-03-15,,San Jose Earthquakes,Seattle Sounders FC,0,1,86,,card,N. Tsakiris,True,yellow,,,,,,,
mls_2026,2026-03-15,,San Jose Earthquakes,Seattle Sounders FC,0,1,90,,substitution,,True,,,P. Marie,B. Kikanović,,,,
mls_2026,2026-03-15,,Vancouver Whitecaps,Minnesota United,6,0,13,,goal,B. White,True,,,,,,,2,0
mls_2026,2026-03-15,,Vancouver Whitecaps,Minnesota United,6,0,22,,goal,M. Laborda,True,,,,,,,3,0
mls_2026,2026-03-15,,Vancouver Whitecaps,Minnesota United,6,0,43,,goal,E. Sabbi,True,,,,,,,4,0
mls_2026,2026-03-15,,Vancouver Whitecaps,Minnesota United,6,0,45,,card,J. Díaz,False,yellow,,,,,,,
mls_2026,2026-03-15,,Vancouver Whitecaps,Minnesota United,6,0,46,,substitution,,False,,,B. Hlongwane,K. Duncan,,,,
mls_2026,2026-03-15,,Vancouver Whitecaps,Minnesota United,6,0,46,,substitution,,False,,,D. Taylor,C. Harvey,,,,
mls_2026,2026-03-15,,Vancouver Whitecaps,Minnesota United,6,0,54,,goal,B. White,True,,,,,,,5,0
mls_2026,2026-03-15,,Vancouver Whitecaps,Minnesota United,6,0,64,,substitution,,False,,,J. Rodríguez,T. Chancalay,,,,
mls_2026,2026-03-15,,Vancouver Whitecaps,Minnesota United,6,0,64,,card,A. Cubas,True,yellow,,,,,,,
mls_2026,2026-03-15,,Vancouver Whitecaps,Minnesota United,6,0,65,,substitution,,True,,,C. T. Sabaly,É. Ocampo,,,,
mls_2026,2026-03-15,,Vancouver Whitecaps,Minnesota United,6,0,65,,substitution,,True,,,S. Schonlau,E. Sabbi,,,,
mls_2026,2026-03-15,,Vancouver Whitecaps,Minnesota United,6,0,65,,substitution,,True,,,O. Larraz,S. Berhalter,,,,
mls_2026,2026-03-15,,Vancouver Whitecaps,Minnesota United,6,0,65,,substitution,,False,,,O. Gene,N. Triantis,,,,
mls_2026,2026-03-15,,Vancouver Whitecaps,Minnesota United,6,0,73,,card,D. Taylor,False,yellow,,,,,,,
mls_2026,2026-03-15,,Vancouver Whitecaps,Minnesota United,6,0,74,,goal,C. T. Sabaly,True,,,,,,,6,0
mls_2026,2026-03-15,,Vancouver Whitecaps,Minnesota United,6,0,77,,substitution,,True,,,R. Elloumi,B. White,,,,
mls_2026,2026-03-15,,Vancouver Whitecaps,Minnesota United,6,0,77,,substitution,,True,,,T. Müller,A. Jackson,,,,
mls_2026,2026-03-15,,Vancouver Whitecaps,Minnesota United,6,0,8,,goal,S. Berhalter,True,,,,,,,1,0
mls_2026,2026-03-15,,Vancouver Whitecaps,Minnesota United,6,0,82,,substitution,,False,,,A. Markanich,D. Padelford,,,,
mls_2026,2026-03-21,,Atlanta United,DC United,0,0,60,,card,T. Muyumba,True,yellow,,,,,,,
mls_2026,2026-03-21,,Atlanta United,DC United,0,0,65,,substitution,,True,,,S. Alzate,C. Sanchez,,,,
mls_2026,2026-03-21,,Atlanta United,DC United,0,0,67,,substitution,,False,,,C. Clark,Peglow,,,,
mls_2026,2026-03-21,,Atlanta United,DC United,0,0,68,,card,L. Bartlett,False,yellow,,,,,,,
mls_2026,2026-03-21,,Atlanta United,DC United,0,0,74,,substitution,,True,,,S. Lobjanidze,M. Galarza,,,,
mls_2026,2026-03-21,,Atlanta United,DC United,0,0,78,,substitution,,False,,,H. Kijima,Gabriel Pirani,,,,
mls_2026,2026-03-21,,Atlanta United,DC United,0,0,78,,substitution,,False,,,G. Turner,J. Hopkins,,,,
mls_2026,2026-03-21,,Atlanta United,DC United,0,0,88,,substitution,,True,,,P. Amador,E. Báez,,,,
mls_2026,2026-03-21,,Atlanta United,DC United,0,0,88,,substitution,,True,,,F. Picault,A. Miranchuk,,,,
mls_2026,2026-03-21,,Atlanta United,DC United,0,0,89,,substitution,,False,,,S. Nealis,B. Servania,,,,
mls_2026,2026-03-21,,Charlotte FC,New York Red Bulls,6,1,14,,goal,I. Toklomati Jorno,True,,,,,,,1,0
mls_2026,2026-03-21,,Charlotte FC,New York Red Bulls,6,1,19,,card,D. Diani,True,yellow,,,,,,,
mls_2026,2026-03-21,,Charlotte FC,New York Red Bulls,6,1,46,,goal,K. C. Vargas,True,,,,,,,2,0
mls_2026,2026-03-21,,Charlotte FC,New York Red Bulls,6,1,46,,substitution,,False,,,O. Valencia,M. D. Santos,,,,
mls_2026,2026-03-21,,Charlotte FC,New York Red Bulls,6,1,52,,card,G. Berggren,False,red,,,,,,,
mls_2026,2026-03-21,,Charlotte FC,New York Red Bulls,6,1,54,,goal,P. Biel,True,,,,,,,3,0
mls_2026,2026-03-21,,Charlotte FC,New York Red Bulls,6,1,56,,substitution,,False,,,M. Sofo,C. Cowell,,,,
mls_2026,2026-03-21,,Charlotte FC,New York Red Bulls,6,1,56,,substitution,,False,,,T. Parker,A. Mehmeti,,,,
mls_2026,2026-03-21,,Charlotte FC,New York Red Bulls,6,1,66,,substitution,,True,,,L. Abada,K. C. Vargas,,,,
mls_2026,2026-03-21,,Charlotte FC,New York Red Bulls,6,1,66,,substitution,,True,,,L. D. L. Torre,D. Diani,,,,
mls_2026,2026-03-21,,Charlotte FC,New York Red Bulls,6,1,68,,goal,W. Zaha,True,,,,,,,4,0
mls_2026,2026-03-21,,Charlotte FC,New York Red Bulls,6,1,75,,substitution,,True,,,A. Goodwin,I. Toklomati Jorno,,,,
mls_2026,2026-03-21,,Charlotte FC,New York Red Bulls,6,1,75,,substitution,,True,,,D. Schnegg,H. Toffolo,,,,
mls_2026,2026-03-21,,Charlotte FC,New York Red Bulls,6,1,76,,card,R. Donkor,False,yellow,,,,,,,
mls_2026,2026-03-21,,Charlotte FC,New York Red Bulls,6,1,77,,goal,A. Goodwin,True,,,,,,,5,0
mls_2026,2026-03-21,,Charlotte FC,New York Red Bulls,6,1,77,,substitution,,False,,,T. Rosborough,J. Ruvalcaba,,,,
mls_2026,2026-03-21,,Charlotte FC,New York Red Bulls,6,1,81,,goal,J. Hall,False,,,,,,,5,1
mls_2026,2026-03-21,,Charlotte FC,New York Red Bulls,6,1,85,,substitution,,True,,,B. Bronico,P. Biel,,,,
mls_2026,2026-03-21,,Charlotte FC,New York Red Bulls,6,1,90,,goal,A. Goodwin,True,,,,,,,6,1
mls_2026,2026-03-21,,Nashville SC,Orlando City SC,5,0,26,,card,N. Miller,False,yellow,,,,,,,
mls_2026,2026-03-21,,Nashville SC,Orlando City SC,5,0,28,,goal,S. Surridge,True,,,,,,,2,0
mls_2026,2026-03-21,,Nashville SC,Orlando City SC,5,0,46,,substitution,,False,,,C. Guske,L. Otávio,,,,
mls_2026,2026-03-21,,Nashville SC,Orlando City SC,5,0,5,,goal,C. Espinoza,True,,,,,,,1,0
mls_2026,2026-03-21,,Nashville SC,Orlando City SC,5,0,55,,goal,S. Surridge,True,,,,,,,3,0
mls_2026,2026-03-21,,Nashville SC,Orlando City SC,5,0,59,,substitution,,False,,,T. Souza,D. McGuire,,,,
mls_2026,2026-03-21,,Nashville SC,Orlando City SC,5,0,59,,substitution,,False,,,Z. Taifi,A. Marín,,,,
mls_2026,2026-03-21,,Nashville SC,Orlando City SC,5,0,61,,substitution,,True,,,A. Qasem,A. Muyl,,,,
mls_2026,2026-03-21,,Nashville SC,Orlando City SC,5,0,67,,goal,S. Surridge,True,,,,,,,4,0
mls_2026,2026-03-21,,Nashville SC,Orlando City SC,5,0,68,,substitution,,True,,,W. Madrigal,C. Espinoza,,,,
mls_2026,2026-03-21,,Nashville SC,Orlando City SC,5,0,68,,substitution,,True,,,M. Corcoran,P. Yazbek,,,,
mls_2026,2026-03-21,,Nashville SC,Orlando City SC,5,0,72,,substitution,,False,,,Y. Tsukada,G. Dorsey,,,,
mls_2026,2026-03-21,,Nashville SC,Orlando City SC,5,0,73,,card,Iago,False,yellow,,,,,,,
mls_2026,2026-03-21,,Nashville SC,Orlando City SC,5,0,78,,substitution,,True,,,W. Pacius,S. Surridge,,,,
mls_2026,2026-03-21,,Nashville SC,Orlando City SC,5,0,78,,substitution,,True,,,D. Lovitz,R. Baker-Whiting,,,,
mls_2026,2026-03-21,,Nashville SC,Orlando City SC,5,0,80,,goal,W. Madrigal,True,,,,,,,5,0
mls_2026,2026-03-21,,Nashville SC,Orlando City SC,5,0,83,,card,A. Najar,True,yellow,,,,,,,
mls_2026,2026-03-21,,Philadelphia Union,Chicago Fire,1,2,23,,card,D. T. D'Avilla,False,yellow,,,,,,,
mls_2026,2026-03-21,,Philadelphia Union,Chicago Fire,1,2,31,,substitution,,False,,,M. Haile-Selassie,P. Zinckernagel,,,,
mls_2026,2026-03-21,,Philadelphia Union,Chicago Fire,1,2,37,,card,P. N. Ossibadjouo,True,yellow,,,,,,,
mls_2026,2026-03-21,,Philadelphia Union,Chicago Fire,1,2,45,,goal,M. Iloski,True,,,,,,,1,1
mls_2026,2026-03-21,,Philadelphia Union,Chicago Fire,1,2,45,,goal,H. Cuypers,False,,,,,,,0,1
mls_2026,2026-03-21,,Philadelphia Union,Chicago Fire,1,2,46,,substitution,,False,,,V. Radojević,A. Gutman,,,,
mls_2026,2026-03-21,,Philadelphia Union,Chicago Fire,1,2,46,,substitution,,True,,,J. Lukić,J. Bueno,,,,
mls_2026,2026-03-21,,Philadelphia Union,Chicago Fire,1,2,58,,goal,J. Bamba,False,,,,,,,1,2
mls_2026,2026-03-21,,Philadelphia Union,Chicago Fire,1,2,62,,substitution,,True,,,I. Vassilev,A. Bedoya,,,,
mls_2026,2026-03-21,,Philadelphia Union,Chicago Fire,1,2,62,,substitution,,True,,,M. Jakupovic,C. Sullivan,,,,
mls_2026,2026-03-21,,Philadelphia Union,Chicago Fire,1,2,66,,substitution,,True,,,J. Rafanello,D. J. Jacques,,,,
mls_2026,2026-03-21,,Philadelphia Union,Chicago Fire,1,2,76,,substitution,,True,,,B. Bender,P. N. Ossibadjouo,,,,
mls_2026,2026-03-21,,Philadelphia Union,Chicago Fire,1,2,8,,card,R. Lod,False,yellow,,,,,,,
mls_2026,2026-03-21,,Philadelphia Union,Chicago Fire,1,2,87,,card,V. Radojević,False,yellow,,,,,,,
mls_2026,2026-03-21,,Philadelphia Union,Chicago Fire,1,2,89,,substitution,,False,,,J. Dean,J. Bamba,,,,
mls_2026,2026-03-21,,Philadelphia Union,Chicago Fire,1,2,89,,substitution,,False,,,J. Shokalook,R. Lod,,,,
mls_2026,2026-03-21,,Toronto FC,Columbus Crew,2,1,4,,goal,W. Abou Ali,False,,,,,,,0,1
mls_2026,2026-03-21,,Toronto FC,Columbus Crew,2,1,45,,card,D. Chambost,False,yellow,,,,,,,
mls_2026,2026-03-21,,Toronto FC,Columbus Crew,2,1,46,,substitution,,True,,,Đ. Mihailović,J. Sargent,,,,
mls_2026,2026-03-21,,Toronto FC,Columbus Crew,2,1,56,,goal,J. Cifuentes,True,,,,,,,1,1
mls_2026,2026-03-21,,Toronto FC,Columbus Crew,2,1,66,,substitution,,False,,,J. Thiaré,T. Habroune,,,,
mls_2026,2026-03-21,,Toronto FC,Columbus Crew,2,1,66,,substitution,,False,,,R. Camacho,D. Chambost,,,,
mls_2026,2026-03-21,,Toronto FC,Columbus Crew,2,1,7,,card,M. Herrera,False,yellow,,,,,,,
mls_2026,2026-03-21,,Toronto FC,Columbus Crew,2,1,75,,substitution,,True,,,E. Aristizábal,D. Kerr,,,,
mls_2026,2026-03-21,,Toronto FC,Columbus Crew,2,1,75,,substitution,,True,,,M. Henry,J. Cifuentes,,,,
mls_2026,2026-03-21,,Toronto FC,Columbus Crew,2,1,81,,substitution,,False,,,H. Picard,M. Arfsten,,,,
mls_2026,2026-03-21,,Toronto FC,Columbus Crew,2,1,83,,goal,W. Zimmerman,True,,,,,,,2,1
mls_2026,2026-03-21,,Toronto FC,Columbus Crew,2,1,87,,card,W. Zimmerman,True,yellow,,,,,,,
mls_2026,2026-03-21,,Toronto FC,Columbus Crew,2,1,88,,substitution,,False,,,N. Akhundzade,A. Gomes,,,,
mls_2026,2026-03-21,,Toronto FC,Columbus Crew,2,1,88,,substitution,,False,,,S. T. Bangoura,D. Rossi,,,,
mls_2026,2026-03-21,,Toronto FC,Columbus Crew,2,1,90,,card,J. Thiaré,False,yellow,,,,,,,
mls_2026,2026-03-21,,Toronto FC,Columbus Crew,2,1,90,,substitution,,True,,,Z. Monlouis,A. Coello,,,,
mls_2026,2026-03-22,,Austin FC,Los Angeles FC,0,0,26,,card,T. Tillman,False,yellow,,,,,,,
mls_2026,2026-03-22,,Austin FC,Los Angeles FC,0,0,41,,card,E. Segura,False,yellow,,,,,,,
mls_2026,2026-03-22,,Austin FC,Los Angeles FC,0,0,45,,card,J. Bell,True,yellow,,,,,,,
mls_2026,2026-03-22,,Austin FC,Los Angeles FC,0,0,65,,card,M. Uzuni,True,yellow,,,,,,,
mls_2026,2026-03-22,,Austin FC,Los Angeles FC,0,0,69,,substitution,,True,,,Guilherme Biro,J. Bell,,,,
mls_2026,2026-03-22,,Austin FC,Los Angeles FC,0,0,70,,substitution,,True,,,B. Sabović,I. Sánchez,,,,
mls_2026,2026-03-22,,Austin FC,Los Angeles FC,0,0,73,,substitution,,False,,,A. Boudri,D. M. Morales,,,,
mls_2026,2026-03-22,,Austin FC,Los Angeles FC,0,0,73,,substitution,,False,,,T. Boyd,T. Tillman,,,,
mls_2026,2026-03-22,,Austin FC,Los Angeles FC,0,0,78,,substitution,,False,,,R. Hollingshead,S. Palencia,,,,
mls_2026,2026-03-22,,Austin FC,Los Angeles FC,0,0,78,,substitution,,True,,,M. Desler,J. Gallagher,,,,
mls_2026,2026-03-22,,Austin FC,Los Angeles FC,0,0,78,,substitution,,True,,,C. Fodrey,C. Ramirez,,,,
mls_2026,2026-03-22,,Austin FC,Los Angeles FC,0,0,84,,card,M. Desler,True,yellow,,,,,,,
mls_2026,2026-03-22,,Austin FC,Los Angeles FC,0,0,87,,substitution,,True,,,Ž. Kolmanič,N. Dubersarsky,,,,
mls_2026,2026-03-22,,FC Cincinnati,CF Montréal,4,3,40,,goal,E. Echenique,True,,,,,,,1,1
mls_2026,2026-03-22,,FC Cincinnati,CF Montréal,4,3,45,,goal,P. Owusu,False,,,,,,,1,2
mls_2026,2026-03-22,,FC Cincinnati,CF Montréal,4,3,47,,card,H. Synchuk,False,yellow,,,,,,,
mls_2026,2026-03-22,,FC Cincinnati,CF Montréal,4,3,52,,goal,A. Jabbari,True,,,,,,,2,2
mls_2026,2026-03-22,,FC Cincinnati,CF Montréal,4,3,57,,substitution,,False,,,K. Opoku,H. Synchuk,,,,
mls_2026,2026-03-22,,FC Cincinnati,CF Montréal,4,3,58,,substitution,,False,,,D. D. Þórhallsson,I. Jaime,,,,
mls_2026,2026-03-22,,FC Cincinnati,CF Montréal,4,3,6,,goal,W. Carmona,False,,,,,,,0,1
mls_2026,2026-03-22,,FC Cincinnati,CF Montréal,4,3,60,,card,M. Robinson,True,red,,,,,,,
mls_2026,2026-03-22,,FC Cincinnati,CF Montréal,4,3,62,,card,M. Miazga,True,yellow,,,,,,,
mls_2026,2026-03-22,,FC Cincinnati,CF Montréal,4,3,64,,goal,P. Owusu,False,,,,,,,2,3
mls_2026,2026-03-22,,FC Cincinnati,CF Montréal,4,3,65,,substitution,,True,,,N. Hagglund,A. Jabbari,,,,
mls_2026,2026-03-22,,FC Cincinnati,CF Montréal,4,3,65,,substitution,,True,,,T. L. Hadebe,M. Miazga,,,,
mls_2026,2026-03-22,,FC Cincinnati,CF Montréal,4,3,66,,card,O. Nwobodo,True,yellow,,,,,,,
mls_2026,2026-03-22,,FC Cincinnati,CF Montréal,4,3,74,,substitution,,False,,,S. Piette,W. Carmona,,,,
mls_2026,2026-03-22,,FC Cincinnati,CF Montréal,4,3,74,,substitution,,False,,,D. Rios,P. Owusu,,,,
mls_2026,2026-03-22,,FC Cincinnati,CF Montréal,4,3,77,,substitution,,True,,,T. Barlow,P. Bucha,,,,
mls_2026,2026-03-22,,FC Cincinnati,CF Montréal,4,3,77,,substitution,,True,,,S. Gidi,A. Powell,,,,
mls_2026,2026-03-22,,FC Cincinnati,CF Montréal,4,3,80,,goal,T. Barlow,True,,,,,,,3,3
mls_2026,2026-03-22,,FC Cincinnati,CF Montréal,4,3,83,,card,T. L. Hadebe,True,yellow,,,,,,,
mls_2026,2026-03-22,,FC Cincinnati,CF Montréal,4,3,84,,substitution,,False,,,O. Escobar,M. Longstaff,,,,
mls_2026,2026-03-22,,FC Cincinnati,CF Montréal,4,3,88,,substitution,,True,,,S. Jimenez,O. Nwobodo,,,,
mls_2026,2026-03-22,,FC Cincinnati,CF Montréal,4,3,90,,card,K. Denkey,True,yellow,,,,,,,
mls_2026,2026-03-22,,FC Cincinnati,CF Montréal,4,3,90,,goal,K. Denkey,True,,,,,,,4,3
mls_2026,2026-03-22,,FC Dallas,Houston Dynamo,4,3,14,,goal,L. Farrington,True,,,,,,,2,0
mls_2026,2026-03-22,,FC Dallas,Houston Dynamo,4,3,19,,card,O. Urhoghide,True,yellow,,,,,,,
mls_2026,2026-03-22,,FC Dallas,Houston Dynamo,4,3,29,,goal,Guilherme,False,,,,,,,2,1
mls_2026,2026-03-22,,FC Dallas,Houston Dynamo,4,3,31,,goal,E. Sviatchenko,False,,,,,,,2,2
mls_2026,2026-03-22,,FC Dallas,Houston Dynamo,4,3,33,,goal,L. Ennali,False,,,,,,,2,3
mls_2026,2026-03-22,,FC Dallas,Houston Dynamo,4,3,38,,card,E. Ponce,False,yellow,,,,,,,
mls_2026,2026-03-22,,FC Dallas,Houston Dynamo,4,3,45,,card,E. Sviatchenko,False,yellow,,,,,,,
mls_2026,2026-03-22,,FC Dallas,Houston Dynamo,4,3,46,,card,D. Holmes,False,yellow,,,,,,,
mls_2026,2026-03-22,,FC Dallas,Houston Dynamo,4,3,46,,substitution,,True,,,P. Musa,C. Cappis,,,,
mls_2026,2026-03-22,,FC Dallas,Houston Dynamo,4,3,54,,goal,D. Holmes,True,,,,,,,3,3
mls_2026,2026-03-22,,FC Dallas,Houston Dynamo,4,3,57,,card,Kaick,True,yellow,,,,,,,
mls_2026,2026-03-22,,FC Dallas,Houston Dynamo,4,3,6,,goal,L. Farrington,True,,,,,,,1,0
mls_2026,2026-03-22,,FC Dallas,Houston Dynamo,4,3,67,,substitution,,False,,,I. Aliyu,D. Holmes,,,,
mls_2026,2026-03-22,,FC Dallas,Houston Dynamo,4,3,67,,substitution,,False,,,O. Lingr,E. Ponce,,,,
mls_2026,2026-03-22,,FC Dallas,Houston Dynamo,4,3,68,,card,E. Sviatchenko,False,yellowRed,,,,,,,
mls_2026,2026-03-22,,FC Dallas,Houston Dynamo,4,3,74,,substitution,,True,,,R. Binyamin,Kaick,,,,
mls_2026,2026-03-22,,FC Dallas,Houston Dynamo,4,3,74,,substitution,,True,,,P. Delgado,N. Norris,,,,
mls_2026,2026-03-22,,FC Dallas,Houston Dynamo,4,3,74,,substitution,,False,,,A. Resch,L. Ennali,,,,
mls_2026,2026-03-22,,FC Dallas,Houston Dynamo,4,3,86,,substitution,,False,,,A. Bouzat,H. Herrera,,,,
mls_2026,2026-03-22,,FC Dallas,Houston Dynamo,4,3,86,,goal,P. Musa,True,,,,,,,4,3
mls_2026,2026-03-22,,FC Dallas,Houston Dynamo,4,3,90,,substitution,,True,,,S. Ibeagha,L. Farrington,,,,
mls_2026,2026-03-22,,Minnesota United,Seattle Sounders FC,0,0,22,,substitution,,False,,,J. Ragen,A. Roldán,,,,
mls_2026,2026-03-22,,Minnesota United,Seattle Sounders FC,0,0,38,,card,A. Lopez,False,yellow,,,,,,,
mls_2026,2026-03-22,,Minnesota United,Seattle Sounders FC,0,0,38,,card,N. Petković,False,yellow,,,,,,,
mls_2026,2026-03-22,,Minnesota United,Seattle Sounders FC,0,0,47,,card,J. Díaz,True,yellow,,,,,,,
mls_2026,2026-03-22,,Minnesota United,Seattle Sounders FC,0,0,64,,substitution,,False,,,S. Brunell,N. Petković,,,,
mls_2026,2026-03-22,,Minnesota United,Seattle Sounders FC,0,0,65,,substitution,,False,,,J. Ferreira,G. Minoungou,,,,
mls_2026,2026-03-22,,Minnesota United,Seattle Sounders FC,0,0,65,,substitution,,False,,,J. Morris,O. D. Rosario,,,,
mls_2026,2026-03-22,,Minnesota United,Seattle Sounders FC,0,0,67,,card,J. Ragen,False,yellow,,,,,,,
mls_2026,2026-03-22,,Minnesota United,Seattle Sounders FC,0,0,72,,substitution,,True,,,B. Hlongwane,K. Duncan,,,,
mls_2026,2026-03-22,,Minnesota United,Seattle Sounders FC,0,0,77,,substitution,,True,,,D. Padelford,N. Romero,,,,
mls_2026,2026-03-22,,Minnesota United,Seattle Sounders FC,0,0,77,,substitution,,True,,,M. Dieng,K. Yeboah,,,,
mls_2026,2026-03-22,,Minnesota United,Seattle Sounders FC,0,0,77,,substitution,,True,,,J. Rodríguez,T. Chancalay,,,,
mls_2026,2026-03-22,,Minnesota United,Seattle Sounders FC,0,0,90,,substitution,,True,,,O. Gene,N. Triantis,,,,
mls_2026,2026-03-22,,New York City FC,Inter Miami CF,2,3,17,,goal,N. Fernández,True,,,,,,,1,1
mls_2026,2026-03-22,,New York City FC,Inter Miami CF,2,3,3,,goal,G. Luján,False,,,,,,,0,1
mls_2026,2026-03-22,,New York City FC,Inter Miami CF,2,3,38,,card,G. Luján,False,yellow,Foul,,,,,,
mls_2026,2026-03-22,,New York City FC,Inter Miami CF,2,3,45,,period,,,,,,,HT,,1,1
mls_2026,2026-03-22,,New York City FC,Inter Miami CF,2,3,45,,injuryTime,,,,,,,,2,,
mls_2026,2026-03-22,,New York City FC,Inter Miami CF,2,3,53,,card,Micael,False,yellow,Argument,,,,,,
mls_2026,2026-03-22,,New York City FC,Inter Miami CF,2,3,55,,card,I. Fray,False,yellow,Time wasting,,,,,,
mls_2026,2026-03-22,,New York City FC,Inter Miami CF,2,3,59,,goal,A. Ojeda,True,,,,,,,2,1
mls_2026,2026-03-22,,New York City FC,Inter Miami CF,2,3,61,,goal,L. Messi,False,,,,,,,2,2
mls_2026,2026-03-22,,New York City FC,Inter Miami CF,2,3,61,,card,M. Moralez,True,yellow,,,,,,,
mls_2026,2026-03-22,,New York City FC,Inter Miami CF,2,3,63,,substitution,,False,,,D. Pinter,T. Allende,,,,
mls_2026,2026-03-22,,New York City FC,Inter Miami CF,2,3,74,,goal,Micael,False,,,,,,,2,3
mls_2026,2026-03-22,,New York City FC,Inter Miami CF,2,3,75,,substitution,,True,,,J. Shore,K. Parks,,,,
mls_2026,2026-03-22,,New York City FC,Inter Miami CF,2,3,77,,substitution,,False,,,D. Ruíz,M. Silvetti,,,,
mls_2026,2026-03-22,,New York City FC,Inter Miami CF,2,3,77,,substitution,,False,,,G. Berterame,Y. Bright,,,,
mls_2026,2026-03-22,,New York City FC,Inter Miami CF,2,3,77,,substitution,,False,,,F. Mura,I. Fray,,,,
mls_2026,2026-03-22,,New York City FC,Inter Miami CF,2,3,81,,substitution,,True,,,T. Magno,H. Wolf,,,,
mls_2026,2026-03-22,,New York City FC,Inter Miami CF,2,3,86,,substitution,,True,,,S. Garfield-Reid,A. Ojeda,,,,
mls_2026,2026-03-22,,New York City FC,Inter Miami CF,2,3,86,,substitution,,True,,,A. Baiera,T. Gray,,,,
mls_2026,2026-03-22,,New York City FC,Inter Miami CF,2,3,90,,period,,,,,,,FT,,2,3
mls_2026,2026-03-22,,New York City FC,Inter Miami CF,2,3,90,,injuryTime,,,,,,,,6,,
mls_2026,2026-03-22,,New York City FC,Inter Miami CF,2,3,90,,card,L. Stillitano,False,yellow,Argument,,,,,,
mls_2026,2026-03-22,,Portland Timbers,LA Galaxy,1,1,13,,goal,K. Velde,True,,,,,,,1,0
mls_2026,2026-03-22,,Portland Timbers,LA Galaxy,1,1,19,,card,K. Miller,True,red,,,,,,,
mls_2026,2026-03-22,,Portland Timbers,LA Galaxy,1,1,23,,substitution,,True,,,A. Bonetig,K. Kelsy,,,,
mls_2026,2026-03-22,,Portland Timbers,LA Galaxy,1,1,30,,goal,J. Klauss,False,,,,,,,1,1
mls_2026,2026-03-22,,Portland Timbers,LA Galaxy,1,1,61,,card,B. Bye,True,yellow,,,,,,,
mls_2026,2026-03-22,,Portland Timbers,LA Galaxy,1,1,62,,substitution,,False,,,H. Miller,E. Thommy,,,,
mls_2026,2026-03-22,,Portland Timbers,LA Galaxy,1,1,62,,substitution,,False,,,M. Cuevas,M. Yamane,,,,
mls_2026,2026-03-22,,Portland Timbers,LA Galaxy,1,1,68,,substitution,,True,,,I. Smith,D. P. d. Costa,,,,
mls_2026,2026-03-22,,Portland Timbers,LA Galaxy,1,1,68,,substitution,,True,,,A. Aravena,K. Velde,,,,
mls_2026,2026-03-22,,Portland Timbers,LA Galaxy,1,1,72,,substitution,,False,,,M. Nascimento,E. Wynder,,,,
mls_2026,2026-03-22,,Portland Timbers,LA Galaxy,1,1,75,,substitution,,False,,,L. Sanabria,J. Aude,,,,
mls_2026,2026-03-22,,Portland Timbers,LA Galaxy,1,1,77,,card,I. Smith,True,yellow,,,,,,,
mls_2026,2026-03-22,,Portland Timbers,LA Galaxy,1,1,80,,card,A. Bonetig,True,yellow,,,,,,,
mls_2026,2026-03-22,,Portland Timbers,LA Galaxy,1,1,84,,substitution,,True,,,F. Mora,A. Alves,,,,
mls_2026,2026-03-22,,Portland Timbers,LA Galaxy,1,1,90,,card,L. Sanabria,False,yellow,,,,,,,
mls_2026,2026-03-22,,San Diego FC,Real Salt Lake,2,2,17,,goal,S. Solans,False,,,,,,,0,1
mls_2026,2026-03-22,,San Diego FC,Real Salt Lake,2,2,27,,goal,M. Ingvartsen,True,,,,,,,1,1
mls_2026,2026-03-22,,San Diego FC,Real Salt Lake,2,2,40,,card,N. Caliskan,False,yellow,,,,,,,
mls_2026,2026-03-22,,San Diego FC,Real Salt Lake,2,2,46,,substitution,,False,,,D. Luna,A. Hezarkhani,,,,
mls_2026,2026-03-22,,San Diego FC,Real Salt Lake,2,2,49,,card,G. Dillon,False,yellow,,,,,,,
mls_2026,2026-03-22,,San Diego FC,Real Salt Lake,2,2,56,,goal,A. Dreyer,True,,,,,,,2,1
mls_2026,2026-03-22,,San Diego FC,Real Salt Lake,2,2,63,,substitution,,True,,,W. Eisner,O. Verhoeven,,,,
mls_2026,2026-03-22,,San Diego FC,Real Salt Lake,2,2,63,,substitution,,True,,,A. Godoy,D. Vazquez,,,,
mls_2026,2026-03-22,,San Diego FC,Real Salt Lake,2,2,67,,substitution,,False,,,V. Olatunji,S. Solans,,,,
mls_2026,2026-03-22,,San Diego FC,Real Salt Lake,2,2,67,,substitution,,False,,,S. Spierings,G. Dillon,,,,
mls_2026,2026-03-22,,San Diego FC,Real Salt Lake,2,2,74,,substitution,,True,,,L. Morgan,A. Pellegrino,,,,
mls_2026,2026-03-22,,San Diego FC,Real Salt Lake,2,2,85,,goal,V. Olatunji,False,,,,,,,2,2
mls_2026,2026-03-22,,San Diego FC,Real Salt Lake,2,2,85,,card,C. McVey,True,yellow,,,,,,,
mls_2026,2026-03-22,,San Diego FC,Real Salt Lake,2,2,87,,card,A. Godoy,True,yellow,,,,,,,
mls_2026,2026-03-22,,San Diego FC,Real Salt Lake,2,2,89,,card,C. McVey,True,yellowRed,,,,,,,
mls_2026,2026-03-22,,San Diego FC,Real Salt Lake,2,2,90,,substitution,,True,,,O. G. Søe,O. Valakari,,,,
mls_2026,2026-03-22,,Sporting Kansas City,Colorado Rapids,1,4,12,,goal,P. Aaronson,False,,,,,,,0,1
mls_2026,2026-03-22,,Sporting Kansas City,Colorado Rapids,1,4,38,,card,J. Miller,True,yellow,,,,,,,
mls_2026,2026-03-22,,Sporting Kansas City,Colorado Rapids,1,4,39,,card,L. Herrington,False,yellow,,,,,,,
mls_2026,2026-03-22,,Sporting Kansas City,Colorado Rapids,1,4,42,,card,R. Holding,False,yellow,,,,,,,
mls_2026,2026-03-22,,Sporting Kansas City,Colorado Rapids,1,4,44,,goal,M. S. Suleymanov,True,,,,,,,1,1
mls_2026,2026-03-22,,Sporting Kansas City,Colorado Rapids,1,4,45,,goal,W. Frederick,False,,,,,,,1,2
mls_2026,2026-03-22,,Sporting Kansas City,Colorado Rapids,1,4,5,,card,M. García,True,yellow,,,,,,,
mls_2026,2026-03-22,,Sporting Kansas City,Colorado Rapids,1,4,52,,substitution,,True,,,K. Agyabeng,W. Meyer,,,,
mls_2026,2026-03-22,,Sporting Kansas City,Colorado Rapids,1,4,60,,card,M. Navarro,False,yellow,,,,,,,
mls_2026,2026-03-22,,Sporting Kansas City,Colorado Rapids,1,4,61,,substitution,,False,,,J. Atencio,D. Yapi,,,,
mls_2026,2026-03-22,,Sporting Kansas City,Colorado Rapids,1,4,70,,substitution,,False,,,N. Cobb,R. Holding,,,,
mls_2026,2026-03-22,,Sporting Kansas City,Colorado Rapids,1,4,70,,substitution,,True,,,S. Afrifa,M. S. Suleymanov,,,,
mls_2026,2026-03-22,,Sporting Kansas City,Colorado Rapids,1,4,71,,goal,R. Navarro,False,,,,,,,1,3
mls_2026,2026-03-22,,Sporting Kansas City,Colorado Rapids,1,4,75,,goal,P. Aaronson,False,,,,,,,1,4
mls_2026,2026-03-22,,Sporting Kansas City,Colorado Rapids,1,4,77,,card,J. Bartlett,True,yellow,,,,,,,
mls_2026,2026-03-22,,Sporting Kansas City,Colorado Rapids,1,4,79,,substitution,,False,,,A. Manyoma,P. Aaronson,,,,
mls_2026,2026-03-22,,Sporting Kansas City,Colorado Rapids,1,4,79,,substitution,,False,,,K. Rosenberry,J. Travis,,,,
mls_2026,2026-03-22,,Sporting Kansas City,Colorado Rapids,1,4,84,,substitution,,True,,,T. Calheira,J. Bartlett,,,,
mls_2026,2026-03-22,,Sporting Kansas City,Colorado Rapids,1,4,84,,substitution,,True,,,J. Reynolds,C. Harris,,,,
mls_2026,2026-03-22,,St.Louis City,New England Revolution,3,1,0,,card,Y. Damet,True,yellow,Argument,,,,,,
mls_2026,2026-03-22,,St.Louis City,New England Revolution,3,1,14,,goal,I. Feingold,False,,,,,,,0,1
mls_2026,2026-03-22,,St.Louis City,New England Revolution,3,1,29,,goal,S. Becher,True,,,,,,,1,1
mls_2026,2026-03-22,,St.Louis City,New England Revolution,3,1,38,,card,R. Santos,True,yellow,Foul,,,,,,
mls_2026,2026-03-22,,St.Louis City,New England Revolution,3,1,45,,period,,,,,,,HT,,2,1
mls_2026,2026-03-22,,St.Louis City,New England Revolution,3,1,45,3,goal,C. Durkin,True,,,,,,,2,1
mls_2026,2026-03-22,,St.Louis City,New England Revolution,3,1,45,,injuryTime,,,,,,,,4,,
mls_2026,2026-03-22,,St.Louis City,New England Revolution,3,1,51,,card,B. Ceballos,False,yellow,Foul,,,,,,
mls_2026,2026-03-22,,St.Louis City,New England Revolution,3,1,59,,substitution,,False,,,L. Campana,D. Turgeman,,,,
mls_2026,2026-03-22,,St.Louis City,New England Revolution,3,1,59,,substitution,,False,,,G. Yow,L. Langoni,,,,
mls_2026,2026-03-22,,St.Louis City,New England Revolution,3,1,66,,card,M. Fofana,False,yellow,Foul,,,,,,
mls_2026,2026-03-22,,St.Louis City,New England Revolution,3,1,73,,substitution,,False,,,D. Fagúndez,W. Sands,,,,
mls_2026,2026-03-22,,St.Louis City,New England Revolution,3,1,73,,substitution,,False,,,P. Miller,B. Raines,,,,
mls_2026,2026-03-22,,St.Louis City,New England Revolution,3,1,73,,substitution,,True,,,S. Córdova,C. Pompeu,,,,
mls_2026,2026-03-22,,St.Louis City,New England Revolution,3,1,78,,substitution,,False,,,J. Yueill,L. Campana,,,,
mls_2026,2026-03-22,,St.Louis City,New England Revolution,3,1,83,,goal,M. Hartel,True,,,,,,,3,1
mls_2026,2026-03-22,,St.Louis City,New England Revolution,3,1,88,,card,J. Orozco,True,yellow,Foul,,,,,,
mls_2026,2026-03-22,,St.Louis City,New England Revolution,3,1,89,,substitution,,True,,,L. MacNaughton,D. Polvara,,,,
mls_2026,2026-03-22,,St.Louis City,New England Revolution,3,1,90,,period,,,,,,,FT,,3,1
mls_2026,2026-03-22,,St.Louis City,New England Revolution,3,1,90,10,card,R. Bürki,True,yellow,Time wasting,,,,,,
mls_2026,2026-03-22,,St.Louis City,New England Revolution,3,1,90,8,substitution,,True,,,M. Mbacke,J. Orozco,,,,
mls_2026,2026-03-22,,St.Louis City,New England Revolution,3,1,90,,injuryTime,,,,,,,,9,,
mls_2026,2026-03-22,,Vancouver Whitecaps,San Jose Earthquakes,0,1,0,,card,T. Werner,False,yellow,Argument,,,,,,
mls_2026,2026-03-22,,Vancouver Whitecaps,San Jose Earthquakes,0,1,45,,period,,,,,,,HT,,0,1
mls_2026,2026-03-22,,Vancouver Whitecaps,San Jose Earthquakes,0,1,45,2,goal,B. Leroux,False,,,,,,,0,1
mls_2026,2026-03-22,,Vancouver Whitecaps,San Jose Earthquakes,0,1,45,,injuryTime,,,,,,,,2,,
mls_2026,2026-03-22,,Vancouver Whitecaps,San Jose Earthquakes,0,1,46,,substitution,,False,,,I. Harkes,R. Vieira,,,,
mls_2026,2026-03-22,,Vancouver Whitecaps,San Jose Earthquakes,0,1,46,,substitution,,True,,,T. Müller,C. T. Sabaly,,,,
mls_2026,2026-03-22,,Vancouver Whitecaps,San Jose Earthquakes,0,1,50,,card,D. Jones,False,yellow,Foul,,,,,,
mls_2026,2026-03-22,,Vancouver Whitecaps,San Jose Earthquakes,0,1,54,,substitution,,False,,,V. Costa,D. Jones,,,,
mls_2026,2026-03-22,,Vancouver Whitecaps,San Jose Earthquakes,0,1,54,,substitution,,False,,,T. Werner,J. Ricketts,,,,
mls_2026,2026-03-22,,Vancouver Whitecaps,San Jose Earthquakes,0,1,60,,card,J. Ngando,True,yellow,Foul,,,,,,
mls_2026,2026-03-22,,Vancouver Whitecaps,San Jose Earthquakes,0,1,65,,substitution,,True,,,J. Badwal,J. Ngando,,,,
mls_2026,2026-03-22,,Vancouver Whitecaps,San Jose Earthquakes,0,1,75,,substitution,,True,,,K. Cabrera,A. Jackson,,,,
mls_2026,2026-03-22,,Vancouver Whitecaps,San Jose Earthquakes,0,1,75,,substitution,,True,,,S. Berhalter,O. Larraz,,,,
mls_2026,2026-03-22,,Vancouver Whitecaps,San Jose Earthquakes,0,1,82,,substitution,,False,,,D. Romney,O. Bouda,,,,
mls_2026,2026-03-22,,Vancouver Whitecaps,San Jose Earthquakes,0,1,82,,substitution,,False,,,J. Gonzalez,B. Leroux,,,,
mls_2026,2026-03-22,,Vancouver Whitecaps,San Jose Earthquakes,0,1,86,,substitution,,True,,,R. Elloumi,M. Gherasimencov,,,,
mls_2026,2026-03-22,,Vancouver Whitecaps,San Jose Earthquakes,0,1,90,,period,,,,,,,FT,,0,1
mls_2026,2026-03-22,,Vancouver Whitecaps,San Jose Earthquakes,0,1,90,6,card,P. Judd,False,yellow,Foul,,,,,,
mls_2026,2026-03-22,,Vancouver Whitecaps,San Jose Earthquakes,0,1,90,,injuryTime,,,,,,,,6,,
mls_2026,2026-04-04,,Atlanta United,Columbus Crew,1,3,0,,card,H. Rydstrom,False,yellow,Argument,,,,,,
mls_2026,2026-04-04,,Atlanta United,Columbus Crew,1,3,0,,card,D. Chambost,False,yellow,Argument,,,,,,
mls_2026,2026-04-04,,Atlanta United,Columbus Crew,1,3,0,,card,G. Martino,True,red,Argument,,,,,,
mls_2026,2026-04-04,,Atlanta United,Columbus Crew,1,3,0,,card,G. Martino,True,yellow,Argument,,,,,,
mls_2026,2026-04-04,,Atlanta United,Columbus Crew,1,3,45,,period,,,,,,,HT,,0,0
mls_2026,2026-04-04,,Atlanta United,Columbus Crew,1,3,45,,injuryTime,,,,,,,,2,,
mls_2026,2026-04-04,,Atlanta United,Columbus Crew,1,3,48,,goal,W. Abou Ali,False,,,,,,,0,1
mls_2026,2026-04-04,,Atlanta United,Columbus Crew,1,3,53,,goal,W. Abou Ali,False,,,,,,,0,2
mls_2026,2026-04-04,,Atlanta United,Columbus Crew,1,3,58,,substitution,,True,,,A. Fortune,T. Muyumba,,,,
mls_2026,2026-04-04,,Atlanta United,Columbus Crew,1,3,58,,substitution,,True,,,C. Sanchez,W. Reilly,,,,
mls_2026,2026-04-04,,Atlanta United,Columbus Crew,1,3,60,,goal,A. Miranchuk,True,,,,,,,1,2
mls_2026,2026-04-04,,Atlanta United,Columbus Crew,1,3,61,,goal,M. Arfsten,False,,,,,,,1,3
mls_2026,2026-04-04,,Atlanta United,Columbus Crew,1,3,68,,substitution,,False,,,T. Habroune,A. Gomes,,,,
mls_2026,2026-04-04,,Atlanta United,Columbus Crew,1,3,68,,substitution,,False,,,H. Picard,M. Arfsten,,,,
mls_2026,2026-04-04,,Atlanta United,Columbus Crew,1,3,74,,substitution,,True,,,M. Edwards,T. Jacob,,,,
mls_2026,2026-04-04,,Atlanta United,Columbus Crew,1,3,74,,substitution,,True,,,S. Lobzhanidze,S. Alzate,,,,
mls_2026,2026-04-04,,Atlanta United,Columbus Crew,1,3,85,,substitution,,False,,,S. T. Bangoura,D. Chambost,,,,
mls_2026,2026-04-04,,Atlanta United,Columbus Crew,1,3,86,,substitution,,False,,,J. Thiaré,D. Rossi,,,,
mls_2026,2026-04-04,,Atlanta United,Columbus Crew,1,3,90,,period,,,,,,,FT,,1,3
mls_2026,2026-04-04,,Atlanta United,Columbus Crew,1,3,90,2,card,E. Báez,True,yellow,Foul,,,,,,
mls_2026,2026-04-04,,Atlanta United,Columbus Crew,1,3,90,,card,E. Mihaj,True,yellow,Foul,,,,,,
mls_2026,2026-04-04,,Atlanta United,Columbus Crew,1,3,90,,substitution,,False,,,N. Akhundzade,A. Herrera,,,,
mls_2026,2026-04-04,,Atlanta United,Columbus Crew,1,3,90,,injuryTime,,,,,,,,11,,
mls_2026,2026-04-04,,Charlotte FC,Philadelphia Union,2,1,12,,card,F. Westfield,False,yellow,,,,,,,
mls_2026,2026-04-04,,Charlotte FC,Philadelphia Union,2,1,19,,card,D. Diani,True,yellow,,,,,,,
mls_2026,2026-04-04,,Charlotte FC,Philadelphia Union,2,1,30,,goal,A. Westwood,True,,,,,,,1,0
mls_2026,2026-04-04,,Charlotte FC,Philadelphia Union,2,1,42,,card,W. Zaha,True,yellow,,,,,,,
mls_2026,2026-04-04,,Charlotte FC,Philadelphia Union,2,1,45,,period,,,,,,,HT,,1,0
mls_2026,2026-04-04,,Charlotte FC,Philadelphia Union,2,1,45,2,card,B. Damiani,False,yellow,,,,,,,
mls_2026,2026-04-04,,Charlotte FC,Philadelphia Union,2,1,45,,injuryTime,,,,,,,,2,,
mls_2026,2026-04-04,,Charlotte FC,Philadelphia Union,2,1,64,,substitution,,False,,,J. Bueno,E. Alladoh,,,,
mls_2026,2026-04-04,,Charlotte FC,Philadelphia Union,2,1,65,,substitution,,True,,,L. D. L. Torre,D. Diani,,,,
mls_2026,2026-04-04,,Charlotte FC,Philadelphia Union,2,1,65,,substitution,,True,,,L. Abada,K. C. Vargas,,,,
mls_2026,2026-04-04,,Charlotte FC,Philadelphia Union,2,1,76,,card,N. Harriel,False,yellow,,,,,,,
mls_2026,2026-04-04,,Charlotte FC,Philadelphia Union,2,1,77,,substitution,,False,,,C. Sullivan,I. Vassilev,,,,
mls_2026,2026-04-04,,Charlotte FC,Philadelphia Union,2,1,78,,goal,D. Jean Jacques,False,,,,,,,1,1
mls_2026,2026-04-04,,Charlotte FC,Philadelphia Union,2,1,80,,goal,W. Zaha,True,,,,,,,2,1
mls_2026,2026-04-04,,Charlotte FC,Philadelphia Union,2,1,83,,substitution,,False,,,M. Jakupovic,B. Damiani,,,,
mls_2026,2026-04-04,,Charlotte FC,Philadelphia Union,2,1,83,,card,A. Morrison,True,yellow,,,,,,,
mls_2026,2026-04-04,,Charlotte FC,Philadelphia Union,2,1,84,,substitution,,False,,,P. N. Ossibadjouo,J. Sery Larsen,,,,
mls_2026,2026-04-04,,Charlotte FC,Philadelphia Union,2,1,84,,substitution,,False,,,S. Kornzeniowski,M. Iloski,,,,
mls_2026,2026-04-04,,Charlotte FC,Philadelphia Union,2,1,87,,card,K. Kahlina,True,yellow,,,,,,,
mls_2026,2026-04-04,,Charlotte FC,Philadelphia Union,2,1,90,,period,,,,,,,FT,,2,1
mls_2026,2026-04-04,,Charlotte FC,Philadelphia Union,2,1,90,1,card,C. Sullivan,False,yellow,,,,,,,
mls_2026,2026-04-04,,Charlotte FC,Philadelphia Union,2,1,90,,substitution,,True,,,A. Goodwin,I. Toklomati,,,,
mls_2026,2026-04-04,,Charlotte FC,Philadelphia Union,2,1,90,,substitution,,True,,,B. Bronico,P. Biel,,,,
mls_2026,2026-04-04,,Charlotte FC,Philadelphia Union,2,1,90,,injuryTime,,,,,,,,7,,
mls_2026,2026-04-04,,DC United,FC Dallas,0,4,16,,goal,L. Farrington,False,,,,,,,0,1
mls_2026,2026-04-04,,DC United,FC Dallas,0,4,45,,period,,,,,,,HT,,0,2
mls_2026,2026-04-04,,DC United,FC Dallas,0,4,45,1,goal,P. Delgado,False,,,,,,,0,2
mls_2026,2026-04-04,,DC United,FC Dallas,0,4,45,,card,L. Bartlett,True,yellow,,,,,,,
mls_2026,2026-04-04,,DC United,FC Dallas,0,4,45,,injuryTime,,,,,,,,1,,
mls_2026,2026-04-04,,DC United,FC Dallas,0,4,60,,substitution,,True,,,A. Herrera,S. Nealis,,,,
mls_2026,2026-04-04,,DC United,FC Dallas,0,4,61,,substitution,,True,,,L. Munteanu,J. Hopkins,,,,
mls_2026,2026-04-04,,DC United,FC Dallas,0,4,67,,card,N. Norris,False,yellow,,,,,,,
mls_2026,2026-04-04,,DC United,FC Dallas,0,4,67,,substitution,,False,,,C. Cappis,P. Delgado,,,,
mls_2026,2026-04-04,,DC United,FC Dallas,0,4,68,,substitution,,True,,,J. Murrell,T. Baribo,,,,
mls_2026,2026-04-04,,DC United,FC Dallas,0,4,71,,substitution,,False,,,J. Valiente,N. Norris,,,,
mls_2026,2026-04-04,,DC United,FC Dallas,0,4,78,,goal,O. Urhoghide,False,,,,,,,0,3
mls_2026,2026-04-04,,DC United,FC Dallas,0,4,82,,substitution,,True,,,J. Stroud,B. Servania,,,,
mls_2026,2026-04-04,,DC United,FC Dallas,0,4,82,,substitution,,True,,,C. Clark,Gabriel Pirani,,,,
mls_2026,2026-04-04,,DC United,FC Dallas,0,4,83,,card,A. Herrera,True,yellow,,,,,,,
mls_2026,2026-04-04,,DC United,FC Dallas,0,4,85,,substitution,,False,,,R. Binyamin,Kaick,,,,
mls_2026,2026-04-04,,DC United,FC Dallas,0,4,85,,substitution,,False,,,S. Sarver,Ramiro,,,,
mls_2026,2026-04-04,,DC United,FC Dallas,0,4,85,,substitution,,False,,,S. Moreno,L. Farrington,,,,
mls_2026,2026-04-04,,DC United,FC Dallas,0,4,90,,period,,,,,,,FT,,0,4
mls_2026,2026-04-04,,DC United,FC Dallas,0,4,90,1,goal,P. Musa,False,,,,,,,0,4
mls_2026,2026-04-04,,DC United,FC Dallas,0,4,90,,injuryTime,,,,,,,,5,,
mls_2026,2026-04-04,,Inter Miami CF,Austin FC,2,2,10,,goal,L. Messi,True,,,,,,,1,1
mls_2026,2026-04-04,,Inter Miami CF,Austin FC,2,2,43,,card,M. Falcón,True,yellow,,,,,,,
mls_2026,2026-04-04,,Inter Miami CF,Austin FC,2,2,45,,period,,,,,,,HT,,1,1
mls_2026,2026-04-04,,Inter Miami CF,Austin FC,2,2,45,,injuryTime,,,,,,,,3,,
mls_2026,2026-04-04,,Inter Miami CF,Austin FC,2,2,46,,substitution,,False,,,J. Nelson,F. Torres,,,,
mls_2026,2026-04-04,,Inter Miami CF,Austin FC,2,2,46,,substitution,,True,,,G. Luján,I. Fray,,,,
mls_2026,2026-04-04,,Inter Miami CF,Austin FC,2,2,53,,goal,J. Nelson,False,,,,,,,1,2
mls_2026,2026-04-04,,Inter Miami CF,Austin FC,2,2,58,,substitution,,True,,,G. Berterame,N. Allen,,,,
mls_2026,2026-04-04,,Inter Miami CF,Austin FC,2,2,58,,substitution,,True,,,Y. Bright,D. Ayala,,,,
mls_2026,2026-04-04,,Inter Miami CF,Austin FC,2,2,6,,goal,Guilherme Biro,False,,,,,,,0,1
mls_2026,2026-04-04,,Inter Miami CF,Austin FC,2,2,60,,card,Y. Bright,True,yellow,,,,,,,
mls_2026,2026-04-04,,Inter Miami CF,Austin FC,2,2,68,,substitution,,False,,,J. Bell,Guilherme Biro,,,,
mls_2026,2026-04-04,,Inter Miami CF,Austin FC,2,2,68,,substitution,,False,,,B. Sabović,I. Sánchez,,,,
mls_2026,2026-04-04,,Inter Miami CF,Austin FC,2,2,73,,substitution,,True,,,L. Suárez,T. Segovia,,,,
mls_2026,2026-04-04,,Inter Miami CF,Austin FC,2,2,76,,substitution,,False,,,C. Fodrey,C. Ramirez,,,,
mls_2026,2026-04-04,,Inter Miami CF,Austin FC,2,2,80,,substitution,,False,,,Ž. Kolmanič,J. Rosales,,,,
mls_2026,2026-04-04,,Inter Miami CF,Austin FC,2,2,81,,goal,L. Suárez,True,,,,,,,2,2
mls_2026,2026-04-04,,Inter Miami CF,Austin FC,2,2,87,,substitution,,True,,,D. Pinter,M. Silvetti,,,,
mls_2026,2026-04-04,,Inter Miami CF,Austin FC,2,2,90,,period,,,,,,,FT,,2,2
mls_2026,2026-04-04,,Inter Miami CF,Austin FC,2,2,90,,injuryTime,,,,,,,,5,,
mls_2026,2026-04-04,,New England Revolution,CF Montréal,3,0,0,,card,M. Mitrovic,True,red,Argument,,,,,,
mls_2026,2026-04-04,,New England Revolution,CF Montréal,3,0,27,,card,B. Raines,True,yellow,Foul,,,,,,
mls_2026,2026-04-04,,New England Revolution,CF Montréal,3,0,33,,card,W. Sands,True,yellow,Foul,,,,,,
mls_2026,2026-04-04,,New England Revolution,CF Montréal,3,0,38,,substitution,,True,,,A. Yusuf,M. Polster,,,,
mls_2026,2026-04-04,,New England Revolution,CF Montréal,3,0,45,,period,,,,,,,HT,,1,0
mls_2026,2026-04-04,,New England Revolution,CF Montréal,3,0,45,,injuryTime,,,,,,,,6,,
mls_2026,2026-04-04,,New England Revolution,CF Montréal,3,0,46,,substitution,,False,,,H. Synchuk,D. D. Þórhallsson,,,,
mls_2026,2026-04-04,,New England Revolution,CF Montréal,3,0,53,,card,H. Synchuk,False,yellow,Foul,,,,,,
mls_2026,2026-04-04,,New England Revolution,CF Montréal,3,0,6,,goal,L. Langoni,True,,,,,,,1,0
mls_2026,2026-04-04,,New England Revolution,CF Montréal,3,0,63,,substitution,,True,,,P. Miller,G. Yow,,,,
mls_2026,2026-04-04,,New England Revolution,CF Montréal,3,0,64,,card,W. Carmona,False,yellow,Foul,,,,,,
mls_2026,2026-04-04,,New England Revolution,CF Montréal,3,0,69,,card,B. Craig,False,yellow,Foul,,,,,,
mls_2026,2026-04-04,,New England Revolution,CF Montréal,3,0,77,,goal,M. Fofana,True,,,,,,,2,0
mls_2026,2026-04-04,,New England Revolution,CF Montréal,3,0,79,,substitution,,False,,,N. Streit,B. Craig,,,,
mls_2026,2026-04-04,,New England Revolution,CF Montréal,3,0,79,,substitution,,False,,,O. Escobar,W. Carmona,,,,
mls_2026,2026-04-04,,New England Revolution,CF Montréal,3,0,85,,substitution,,True,,,J. Yueill,L. Langoni,,,,
mls_2026,2026-04-04,,New England Revolution,CF Montréal,3,0,90,,period,,,,,,,FT,,3,0
mls_2026,2026-04-04,,New England Revolution,CF Montréal,3,0,90,4,goal,P. Miller,True,,,,,,,3,0
mls_2026,2026-04-04,,New England Revolution,CF Montréal,3,0,90,,injuryTime,,,,,,,,3,,
mls_2026,2026-04-04,,New York City FC,St.Louis City,1,1,43,,card,D. Edelman,False,yellow,,,,,,,
mls_2026,2026-04-04,,New York City FC,St.Louis City,1,1,45,,period,,,,,,,HT,,0,0
mls_2026,2026-04-04,,New York City FC,St.Louis City,1,1,50,,goal,H. Wolf,True,,,,,,,1,0
mls_2026,2026-04-04,,New York City FC,St.Louis City,1,1,56,,card,J. Orozco,False,yellow,,,,,,,
mls_2026,2026-04-04,,New York City FC,St.Louis City,1,1,58,,card,H. Wolf,True,yellow,,,,,,,
mls_2026,2026-04-04,,New York City FC,St.Louis City,1,1,61,,card,D. Polvara,False,yellow,,,,,,,
mls_2026,2026-04-04,,New York City FC,St.Louis City,1,1,65,,substitution,,False,,,M. Perez,C. Durkin,,,,
mls_2026,2026-04-04,,New York City FC,St.Louis City,1,1,71,,substitution,,False,,,L. MacNaughton,D. Edelman,,,,
mls_2026,2026-04-04,,New York City FC,St.Louis City,1,1,71,,substitution,,False,,,C. Teuchert,S. Córdova,,,,
mls_2026,2026-04-04,,New York City FC,St.Louis City,1,1,75,,substitution,,True,,,Raul Gustavo,T. Gray,,,,
mls_2026,2026-04-04,,New York City FC,St.Louis City,1,1,75,,substitution,,True,,,J. Shore,K. Parks,,,,
mls_2026,2026-04-04,,New York City FC,St.Louis City,1,1,80,,substitution,,False,,,B. McSorley,S. Becher,,,,
mls_2026,2026-04-04,,New York City FC,St.Louis City,1,1,80,,substitution,,False,,,M. Joyner,R. Santos,,,,
mls_2026,2026-04-04,,New York City FC,St.Louis City,1,1,88,,substitution,,True,,,N. Cavallo,A. O'Neill,,,,
mls_2026,2026-04-04,,New York City FC,St.Louis City,1,1,88,,substitution,,True,,,T. Magno,A. Ojeda,,,,
mls_2026,2026-04-04,,New York City FC,St.Louis City,1,1,90,,period,,,,,,,FT,,1,1
mls_2026,2026-04-04,,New York City FC,St.Louis City,1,1,90,5,goal,B. McSorley,False,,,,,,,1,1
mls_2026,2026-04-04,,New York City FC,St.Louis City,1,1,90,,injuryTime,,,,,,,,7,,
mls_2026,2026-04-04,,New York Red Bulls,FC Cincinnati,4,2,12,,goal,J. Hall,True,,,,,,,1,0
mls_2026,2026-04-04,,New York Red Bulls,FC Cincinnati,4,2,17,,goal,P. Bucha,False,,,,,,,1,1
mls_2026,2026-04-04,,New York Red Bulls,FC Cincinnati,4,2,37,,card,B. Ramírez,False,yellow,,,,,,,
mls_2026,2026-04-04,,New York Red Bulls,FC Cincinnati,4,2,45,,period,,,,,,,HT,,1,1
mls_2026,2026-04-04,,New York Red Bulls,FC Cincinnati,4,2,45,,injuryTime,,,,,,,,3,,
mls_2026,2026-04-04,,New York Red Bulls,FC Cincinnati,4,2,48,,goal,E. Forsberg,True,,,,,,,2,1
mls_2026,2026-04-04,,New York Red Bulls,FC Cincinnati,4,2,57,,card,R. Donkor,True,yellow,,,,,,,
mls_2026,2026-04-04,,New York Red Bulls,FC Cincinnati,4,2,65,,goal,K. Smith,True,,,,,,,3,1
mls_2026,2026-04-04,,New York Red Bulls,FC Cincinnati,4,2,67,,substitution,,False,,,T. Anunga,S. Gidi,,,,
mls_2026,2026-04-04,,New York Red Bulls,FC Cincinnati,4,2,70,,substitution,,True,,,O. Valencia,M. D. Santos,,,,
mls_2026,2026-04-04,,New York Red Bulls,FC Cincinnati,4,2,70,,substitution,,True,,,T. Rosborough,C. Cowell,,,,
mls_2026,2026-04-04,,New York Red Bulls,FC Cincinnati,4,2,72,,goal,K. Smith,False,,,,,,,3,2
mls_2026,2026-04-04,,New York Red Bulls,FC Cincinnati,4,2,75,,substitution,,False,,,T. Hadebe,N. Hagglund,,,,
mls_2026,2026-04-04,,New York Red Bulls,FC Cincinnati,4,2,75,,substitution,,False,,,A. Powell,K. Smith,,,,
mls_2026,2026-04-04,,New York Red Bulls,FC Cincinnati,4,2,75,,substitution,,False,,,K. M. Dem,T. Barlow,,,,
mls_2026,2026-04-04,,New York Red Bulls,FC Cincinnati,4,2,80,,card,M. Miazga,False,yellow,,,,,,,
mls_2026,2026-04-04,,New York Red Bulls,FC Cincinnati,4,2,80,,substitution,,True,,,M. Sofo,J. Ruvalcaba,,,,
mls_2026,2026-04-04,,New York Red Bulls,FC Cincinnati,4,2,80,,substitution,,True,,,N. Benedetti,A. Mehmeti,,,,
mls_2026,2026-04-04,,New York Red Bulls,FC Cincinnati,4,2,83,,card,O. Valencia,True,yellow,,,,,,,
mls_2026,2026-04-04,,New York Red Bulls,FC Cincinnati,4,2,84,,substitution,,False,,,A. Jabbari,M. Miazga,,,,
mls_2026,2026-04-04,,New York Red Bulls,FC Cincinnati,4,2,86,,substitution,,True,,,E. M. Choupo-Moting,E. Forsberg,,,,
mls_2026,2026-04-04,,New York Red Bulls,FC Cincinnati,4,2,90,,period,,,,,,,FT,,4,2
mls_2026,2026-04-04,,New York Red Bulls,FC Cincinnati,4,2,90,5,card,A. Powell,False,red,,,,,,,
mls_2026,2026-04-04,,New York Red Bulls,FC Cincinnati,4,2,90,3,goal,M. Sofo,True,,,,,,,4,2
mls_2026,2026-04-04,,New York Red Bulls,FC Cincinnati,4,2,90,,injuryTime,,,,,,,,5,,
mls_2026,2026-04-04,,Real Salt Lake,Sporting Kansas City,3,1,4,,goal,D. Luna,True,,,,,,,1,0
mls_2026,2026-04-04,,Real Salt Lake,Sporting Kansas City,3,1,45,,period,,,,,,,HT,,1,0
mls_2026,2026-04-04,,Real Salt Lake,Sporting Kansas City,3,1,45,,varDecision,S. Solans,True,,,,,,,,
mls_2026,2026-04-04,,Real Salt Lake,Sporting Kansas City,3,1,45,,injuryTime,,,,,,,,4,,
mls_2026,2026-04-04,,Real Salt Lake,Sporting Kansas City,3,1,46,,substitution,,False,,,D. Borges,E. Bartlow,,,,
mls_2026,2026-04-04,,Real Salt Lake,Sporting Kansas City,3,1,55,,goal,S. Solans,True,,,,,,,2,0
mls_2026,2026-04-04,,Real Salt Lake,Sporting Kansas City,3,1,59,,goal,D. Joveljić,False,,,,,,,2,1
mls_2026,2026-04-04,,Real Salt Lake,Sporting Kansas City,3,1,64,,substitution,,False,,,Z. Bassong,I. James,,,,
mls_2026,2026-04-04,,Real Salt Lake,Sporting Kansas City,3,1,64,,substitution,,False,,,J. Bartlett,J. Reynolds,,,,
mls_2026,2026-04-04,,Real Salt Lake,Sporting Kansas City,3,1,72,,substitution,,True,,,S. Junqua,A. Katranis,,,,
mls_2026,2026-04-04,,Real Salt Lake,Sporting Kansas City,3,1,72,,substitution,,True,,,V. Olatunji,S. Solans,,,,
mls_2026,2026-04-04,,Real Salt Lake,Sporting Kansas City,3,1,74,,substitution,,False,,,S. Afrifa,C. Harris,,,,
mls_2026,2026-04-04,,Real Salt Lake,Sporting Kansas City,3,1,82,,goal,Z. Gozo,True,,,,,,,3,1
mls_2026,2026-04-04,,Real Salt Lake,Sporting Kansas City,3,1,84,,substitution,,True,,,D. Marczuk,D. Luna,,,,
mls_2026,2026-04-04,,Real Salt Lake,Sporting Kansas City,3,1,84,,substitution,,True,,,G. Dillon,S. Spierings,,,,
mls_2026,2026-04-04,,Real Salt Lake,Sporting Kansas City,3,1,88,,card,M. Guilavogui,True,yellow,,,,,,,
mls_2026,2026-04-04,,Real Salt Lake,Sporting Kansas City,3,1,90,,period,,,,,,,FT,,3,1
mls_2026,2026-04-04,,Real Salt Lake,Sporting Kansas City,3,1,90,2,substitution,,True,,,J. Barea,Z. Gozo,,,,
mls_2026,2026-04-04,,Real Salt Lake,Sporting Kansas City,3,1,90,,injuryTime,,,,,,,,5,,
mls_2026,2026-04-04,,Toronto FC,Colorado Rapids,3,2,0,,card,M. Wells,False,yellow,Argument,,,,,,
mls_2026,2026-04-04,,Toronto FC,Colorado Rapids,3,2,33,,varDecision,J. Travis,False,,,,,,,,
mls_2026,2026-04-04,,Toronto FC,Colorado Rapids,3,2,35,,card,J. Travis,False,red,Foul,,,,,,
mls_2026,2026-04-04,,Toronto FC,Colorado Rapids,3,2,36,,substitution,,False,,,K. Rosenberry,D. Sealy,,,,
mls_2026,2026-04-04,,Toronto FC,Colorado Rapids,3,2,41,,card,W. Zimmerman,True,yellow,Foul,,,,,,
mls_2026,2026-04-04,,Toronto FC,Colorado Rapids,3,2,45,,period,,,,,,,HT,,0,0
mls_2026,2026-04-04,,Toronto FC,Colorado Rapids,3,2,45,,injuryTime,,,,,,,,5,,
mls_2026,2026-04-04,,Toronto FC,Colorado Rapids,3,2,48,,varDecision,R. Edwards,True,,,,,,,,
mls_2026,2026-04-04,,Toronto FC,Colorado Rapids,3,2,49,,card,R. Edwards,True,red,Professional foul last man,,,,,,
mls_2026,2026-04-04,,Toronto FC,Colorado Rapids,3,2,51,,goal,P. Aaronson,False,,,,,,,0,1
mls_2026,2026-04-04,,Toronto FC,Colorado Rapids,3,2,52,,substitution,,True,,,M. Pereira,D. Kerr,,,,
mls_2026,2026-04-04,,Toronto FC,Colorado Rapids,3,2,54,,goal,K. Rosenberry,False,,,,,,,0,2
mls_2026,2026-04-04,,Toronto FC,Colorado Rapids,3,2,56,,substitution,,True,,,Z. Monlouis,W. Zimmerman,,,,
mls_2026,2026-04-04,,Toronto FC,Colorado Rapids,3,2,64,,card,M. Navarro,False,yellow,Time wasting,,,,,,
mls_2026,2026-04-04,,Toronto FC,Colorado Rapids,3,2,65,,goal,R. Laryea,True,,,,,,,1,2
mls_2026,2026-04-04,,Toronto FC,Colorado Rapids,3,2,69,,card,Z. Monlouis,True,yellow,Foul,,,,,,
mls_2026,2026-04-04,,Toronto FC,Colorado Rapids,3,2,73,,card,J. Atencio,False,yellow,Foul,,,,,,
mls_2026,2026-04-04,,Toronto FC,Colorado Rapids,3,2,74,,card,M. Navarro,False,yellowRed,Foul,,,,,,
mls_2026,2026-04-04,,Toronto FC,Colorado Rapids,3,2,74,,substitution,,False,,,A. Manyoma,J. Atencio,,,,
mls_2026,2026-04-04,,Toronto FC,Colorado Rapids,3,2,77,,goal,Z. Steffen,True,,,,,,,2,2
mls_2026,2026-04-04,,Toronto FC,Colorado Rapids,3,2,84,,substitution,,False,,,D. Yapi,R. Navarro,,,,
mls_2026,2026-04-04,,Toronto FC,Colorado Rapids,3,2,84,,substitution,,False,,,N. Cobb,P. Aaronson,,,,
mls_2026,2026-04-04,,Toronto FC,Colorado Rapids,3,2,84,,substitution,,False,,,I. Murphy,A. Manyoma,,,,
mls_2026,2026-04-04,,Toronto FC,Colorado Rapids,3,2,85,,goal,J. Sargent,True,,,,,,,3,2
mls_2026,2026-04-04,,Toronto FC,Colorado Rapids,3,2,86,,card,R. Laryea,True,yellow,Time wasting,,,,,,
mls_2026,2026-04-04,,Toronto FC,Colorado Rapids,3,2,89,,card,N. Cobb,False,yellow,Foul,,,,,,
mls_2026,2026-04-04,,Toronto FC,Colorado Rapids,3,2,90,,period,,,,,,,FT,,3,2
mls_2026,2026-04-04,,Toronto FC,Colorado Rapids,3,2,90,2,card,H. Ojediran,False,yellow,Foul,,,,,,
mls_2026,2026-04-04,,Toronto FC,Colorado Rapids,3,2,90,,substitution,,True,,,E. Aristizábal,J. Sargent,,,,
mls_2026,2026-04-04,,Toronto FC,Colorado Rapids,3,2,90,,injuryTime,,,,,,,,12,,
mls_2026,2026-04-05,,Chicago Fire,Nashville SC,1,0,1,,goal,P. Zinckernagel,True,,,,,,,1,0
mls_2026,2026-04-05,,Chicago Fire,Nashville SC,1,0,45,,period,,,,,,,HT,,1,0
mls_2026,2026-04-05,,Chicago Fire,Nashville SC,1,0,45,,injuryTime,,,,,,,,1,,
mls_2026,2026-04-05,,Chicago Fire,Nashville SC,1,0,61,,substitution,,False,,,P. Yazbek,M. Corcoran,,,,
mls_2026,2026-04-05,,Chicago Fire,Nashville SC,1,0,61,,substitution,,False,,,W. Madrigal,A. Muyl,,,,
mls_2026,2026-04-05,,Chicago Fire,Nashville SC,1,0,62,,substitution,,True,,,C. Cupps,J. Elliott,,,,
mls_2026,2026-04-05,,Chicago Fire,Nashville SC,1,0,72,,card,A. Salétros,True,yellow,,,,,,,
mls_2026,2026-04-05,,Chicago Fire,Nashville SC,1,0,78,,substitution,,False,,,R. Baker-Whiting,D. Lovitz,,,,
mls_2026,2026-04-05,,Chicago Fire,Nashville SC,1,0,78,,substitution,,False,,,A. Qasem,C. Espinoza,,,,
mls_2026,2026-04-05,,Chicago Fire,Nashville SC,1,0,78,,card,D. T. D'Avilla,True,yellow,,,,,,,
mls_2026,2026-04-05,,Chicago Fire,Nashville SC,1,0,80,,card,E. Tagseth,False,yellow,,,,,,,
mls_2026,2026-04-05,,Chicago Fire,Nashville SC,1,0,81,,substitution,,True,,,J. Shokalook,M. Haile-Selassie,,,,
mls_2026,2026-04-05,,Chicago Fire,Nashville SC,1,0,89,,substitution,,False,,,W. Pacius,E. Tagseth,,,,
mls_2026,2026-04-05,,Chicago Fire,Nashville SC,1,0,90,,period,,,,,,,FT,,1,0
mls_2026,2026-04-05,,Chicago Fire,Nashville SC,1,0,90,1,substitution,,True,,,V. Radojević,P. Zinckernagel,,,,
mls_2026,2026-04-05,,Chicago Fire,Nashville SC,1,0,90,,injuryTime,,,,,,,,7,,
mls_2026,2026-04-05,,Houston Dynamo,Seattle Sounders FC,0,1,38,,card,F. Andrade,True,yellow,,,,,,,
mls_2026,2026-04-05,,Houston Dynamo,Seattle Sounders FC,0,1,45,,period,,,,,,,HT,,0,0
mls_2026,2026-04-05,,Houston Dynamo,Seattle Sounders FC,0,1,46,,substitution,,True,,,A. Resch,F. Negri,,,,
mls_2026,2026-04-05,,Houston Dynamo,Seattle Sounders FC,0,1,54,,card,P. Rothrock,False,yellow,,,,,,,
mls_2026,2026-04-05,,Houston Dynamo,Seattle Sounders FC,0,1,61,,substitution,,False,,,J. Morris,D. Musovski,,,,
mls_2026,2026-04-05,,Houston Dynamo,Seattle Sounders FC,0,1,61,,substitution,,False,,,H. Dotson,P. Arriola,,,,
mls_2026,2026-04-05,,Houston Dynamo,Seattle Sounders FC,0,1,61,,substitution,,False,,,A. Rusnák,J. Ferreira,,,,
mls_2026,2026-04-05,,Houston Dynamo,Seattle Sounders FC,0,1,72,,card,J. Ragen,False,yellow,,,,,,,
mls_2026,2026-04-05,,Houston Dynamo,Seattle Sounders FC,0,1,75,,substitution,,True,,,O. Lingr,D. Holmes,,,,
mls_2026,2026-04-05,,Houston Dynamo,Seattle Sounders FC,0,1,81,,substitution,,False,,,P. Kingston,S. Brunell,,,,
mls_2026,2026-04-05,,Houston Dynamo,Seattle Sounders FC,0,1,83,,goal,P. Rothrock,False,,,,,,,0,1
mls_2026,2026-04-05,,Houston Dynamo,Seattle Sounders FC,0,1,88,,substitution,,False,,,A. Roldán,P. Rothrock,,,,
mls_2026,2026-04-05,,Houston Dynamo,Seattle Sounders FC,0,1,88,,substitution,,True,,,H. Herrera,D. Samassékou,,,,
mls_2026,2026-04-05,,Houston Dynamo,Seattle Sounders FC,0,1,88,,substitution,,True,,,I. Aliyu,L. Ennali,,,,
mls_2026,2026-04-05,,Houston Dynamo,Seattle Sounders FC,0,1,90,,period,,,,,,,FT,,0,1
mls_2026,2026-04-05,,Houston Dynamo,Seattle Sounders FC,0,1,90,2,substitution,,True,,,S. Vines,A. Resch,,,,
mls_2026,2026-04-05,,Houston Dynamo,Seattle Sounders FC,0,1,90,,injuryTime,,,,,,,,6,,
mls_2026,2026-04-05,,LA Galaxy,Minnesota United,1,2,44,,card,A. Markanich,False,yellow,,,,,,,
mls_2026,2026-04-05,,LA Galaxy,Minnesota United,1,2,45,,period,,,,,,,HT,,0,0
mls_2026,2026-04-05,,LA Galaxy,Minnesota United,1,2,45,,injuryTime,,,,,,,,2,,
mls_2026,2026-04-05,,LA Galaxy,Minnesota United,1,2,51,,goal,A. Markanich,False,,,,,,,0,1
mls_2026,2026-04-05,,LA Galaxy,Minnesota United,1,2,57,,goal,M. Reus,True,,,,,,,1,1
mls_2026,2026-04-05,,LA Galaxy,Minnesota United,1,2,61,,substitution,,False,,,D. Padelford,N. Romero,,,,
mls_2026,2026-04-05,,LA Galaxy,Minnesota United,1,2,63,,card,M. Duggan,False,yellow,,,,,,,
mls_2026,2026-04-05,,LA Galaxy,Minnesota United,1,2,64,,substitution,,True,,,E. Thommy,L. Sanabria,,,,
mls_2026,2026-04-05,,LA Galaxy,Minnesota United,1,2,64,,substitution,,True,,,J. Nelson,J. Aude,,,,
mls_2026,2026-04-05,,LA Galaxy,Minnesota United,1,2,67,,goal,K. Yeboah,False,,,,,,,1,2
mls_2026,2026-04-05,,LA Galaxy,Minnesota United,1,2,70,,card,E. Wynder,True,yellow,,,,,,,
mls_2026,2026-04-05,,LA Galaxy,Minnesota United,1,2,75,,substitution,,True,,,M. Yamane,M. Cuevas,,,,
mls_2026,2026-04-05,,LA Galaxy,Minnesota United,1,2,76,,substitution,,True,,,H. Miller,E. Wynder,,,,
mls_2026,2026-04-05,,LA Galaxy,Minnesota United,1,2,81,,substitution,,False,,,B. Hlongwane,T. Chancalay,,,,
mls_2026,2026-04-05,,LA Galaxy,Minnesota United,1,2,81,,substitution,,False,,,C. Harvey,O. Gene,,,,
mls_2026,2026-04-05,,LA Galaxy,Minnesota United,1,2,82,,substitution,,False,,,K. Chandler,A. Markanich,,,,
mls_2026,2026-04-05,,LA Galaxy,Minnesota United,1,2,90,,period,,,,,,,FT,,1,2
mls_2026,2026-04-05,,LA Galaxy,Minnesota United,1,2,90,8,card,K. Duncan,False,yellow,,,,,,,
mls_2026,2026-04-05,,LA Galaxy,Minnesota United,1,2,90,8,card,C. Garcés,True,yellow,,,,,,,
mls_2026,2026-04-05,,LA Galaxy,Minnesota United,1,2,90,6,substitution,,False,,,M. Dieng,K. Yeboah,,,,
mls_2026,2026-04-05,,LA Galaxy,Minnesota United,1,2,90,3,substitution,,True,,,M. Yoshida,E. Cerrillo,,,,
mls_2026,2026-04-05,,LA Galaxy,Minnesota United,1,2,90,,injuryTime,,,,,,,,8,,
mls_2026,2026-04-05,,Los Angeles FC,Orlando City SC,6,0,20,,goal,D. Bouanga,True,,,,,,,2,0
mls_2026,2026-04-05,,Los Angeles FC,Orlando City SC,6,0,21,,card,E. Atuesta,False,yellow,,,,,,,
mls_2026,2026-04-05,,Los Angeles FC,Orlando City SC,6,0,23,,goal,D. Bouanga,True,,,,,,,3,0
mls_2026,2026-04-05,,Los Angeles FC,Orlando City SC,6,0,26,,card,D. Bouanga,True,yellow,,,,,,,
mls_2026,2026-04-05,,Los Angeles FC,Orlando City SC,6,0,28,,goal,D. Bouanga,True,,,,,,,4,0
mls_2026,2026-04-05,,Los Angeles FC,Orlando City SC,6,0,39,,goal,S. Palencia,True,,,,,,,5,0
mls_2026,2026-04-05,,Los Angeles FC,Orlando City SC,6,0,45,,period,,,,,,,HT,,5,0
mls_2026,2026-04-05,,Los Angeles FC,Orlando City SC,6,0,45,,injuryTime,,,,,,,,5,,
mls_2026,2026-04-05,,Los Angeles FC,Orlando City SC,6,0,46,,substitution,,True,,,M. Choinière,T. Tillman,,,,
mls_2026,2026-04-05,,Los Angeles FC,Orlando City SC,6,0,46,,substitution,,False,,,Z. Taifi,C. Guske,,,,
mls_2026,2026-04-05,,Los Angeles FC,Orlando City SC,6,0,46,,substitution,,False,,,D. McGuire,T. Souza,,,,
mls_2026,2026-04-05,,Los Angeles FC,Orlando City SC,6,0,46,,substitution,,False,,,T. Reid-Brown,N. Miller,,,,
mls_2026,2026-04-05,,Los Angeles FC,Orlando City SC,6,0,58,,substitution,,True,,,J. Shaffelburg,D. Bouanga,,,,
mls_2026,2026-04-05,,Los Angeles FC,Orlando City SC,6,0,58,,substitution,,True,,,D. M. Morales,S. Heung-min,,,,
mls_2026,2026-04-05,,Los Angeles FC,Orlando City SC,6,0,66,,card,D. McGuire,False,yellow,,,,,,,
mls_2026,2026-04-05,,Los Angeles FC,Orlando City SC,6,0,68,,substitution,,False,,,L. Otávio,E. Atuesta,,,,
mls_2026,2026-04-05,,Los Angeles FC,Orlando City SC,6,0,7,,goal,D. Brekalo,True,,,,,,,1,0
mls_2026,2026-04-05,,Los Angeles FC,Orlando City SC,6,0,70,,goal,T. Boyd,True,,,,,,,6,0
mls_2026,2026-04-05,,Los Angeles FC,Orlando City SC,6,0,71,,substitution,,True,,,R. Raposo,S. Palencia,,,,
mls_2026,2026-04-05,,Los Angeles FC,Orlando City SC,6,0,73,,substitution,,True,,,J. Ebobisse,T. Boyd,,,,
mls_2026,2026-04-05,,Los Angeles FC,Orlando City SC,6,0,79,,card,D. M. Morales,True,yellow,,,,,,,
mls_2026,2026-04-05,,Los Angeles FC,Orlando City SC,6,0,84,,card,I. Angulo,False,yellow,,,,,,,
mls_2026,2026-04-05,,Los Angeles FC,Orlando City SC,6,0,86,,substitution,,False,,,Y. Tsukada,I. Angulo,,,,
mls_2026,2026-04-05,,Los Angeles FC,Orlando City SC,6,0,90,,period,,,,,,,FT,,6,0
mls_2026,2026-04-05,,Los Angeles FC,Orlando City SC,6,0,90,,injuryTime,,,,,,,,4,,
mls_2026,2026-04-05,,San Jose Earthquakes,San Diego FC,3,0,11,,card,O. Bouda,True,yellow,,,,,,,
mls_2026,2026-04-05,,San Jose Earthquakes,San Diego FC,3,0,13,,goal,N. Tsakiris,True,,,,,,,1,0
mls_2026,2026-04-05,,San Jose Earthquakes,San Diego FC,3,0,32,,card,M. Duah,False,red,,,,,,,
mls_2026,2026-04-05,,San Jose Earthquakes,San Diego FC,3,0,32,,varDecision,M. Duah,False,,,,,,,,
mls_2026,2026-04-05,,San Jose Earthquakes,San Diego FC,3,0,34,,goal,N. Tsakiris,True,,,,,,,2,0
mls_2026,2026-04-05,,San Jose Earthquakes,San Diego FC,3,0,40,,substitution,,False,,,W. Eisner,D. Vazquez,,,,
mls_2026,2026-04-05,,San Jose Earthquakes,San Diego FC,3,0,45,,period,,,,,,,HT,,3,0
mls_2026,2026-04-05,,San Jose Earthquakes,San Diego FC,3,0,45,3,goal,P. Judd,True,,,,,,,3,0
mls_2026,2026-04-05,,San Jose Earthquakes,San Diego FC,3,0,45,,injuryTime,,,,,,,,6,,
mls_2026,2026-04-05,,San Jose Earthquakes,San Diego FC,3,0,52,,card,O. G. Søe,False,yellow,,,,,,,
mls_2026,2026-04-05,,San Jose Earthquakes,San Diego FC,3,0,57,,substitution,,False,,,A. Godoy,M. Ingvartsen,,,,
mls_2026,2026-04-05,,San Jose Earthquakes,San Diego FC,3,0,57,,substitution,,False,,,B. Zamblé,L. Morgan,,,,
mls_2026,2026-04-05,,San Jose Earthquakes,San Diego FC,3,0,57,,substitution,,True,,,P. Marie,J. Skahan,,,,
mls_2026,2026-04-05,,San Jose Earthquakes,San Diego FC,3,0,59,,card,J. Tverskov,False,yellow,,,,,,,
mls_2026,2026-04-05,,San Jose Earthquakes,San Diego FC,3,0,69,,substitution,,True,,,D. Romney,J. Ricketts,,,,
mls_2026,2026-04-05,,San Jose Earthquakes,San Diego FC,3,0,70,,substitution,,True,,,N. Fernandez,O. Bouda,,,,
mls_2026,2026-04-05,,San Jose Earthquakes,San Diego FC,3,0,70,,substitution,,True,,,J. Gonzalez,B. Leroux,,,,
mls_2026,2026-04-05,,San Jose Earthquakes,San Diego FC,3,0,77,,card,J. Gonzalez,True,yellow,,,,,,,
mls_2026,2026-04-05,,San Jose Earthquakes,San Diego FC,3,0,78,,substitution,,False,,,W. Kumado,O. Verhoeven,,,,
mls_2026,2026-04-05,,San Jose Earthquakes,San Diego FC,3,0,78,,substitution,,False,,,A. Mighten,O. Valakari,,,,
mls_2026,2026-04-05,,San Jose Earthquakes,San Diego FC,3,0,86,,substitution,,True,,,I. Harkes,R. Vieira,,,,
mls_2026,2026-04-05,,San Jose Earthquakes,San Diego FC,3,0,90,,period,,,,,,,FT,,3,0
mls_2026,2026-04-05,,San Jose Earthquakes,San Diego FC,3,0,90,3,card,N. Tsakiris,True,yellow,,,,,,,
mls_2026,2026-04-05,,San Jose Earthquakes,San Diego FC,3,0,90,,injuryTime,,,,,,,,4,,
mls_2026,2026-04-05,,Vancouver Whitecaps,Portland Timbers,3,2,36,,goal,J. Mosquera,False,,,,,,,1,1
mls_2026,2026-04-05,,Vancouver Whitecaps,Portland Timbers,3,2,45,,period,,,,,,,HT,,1,2
mls_2026,2026-04-05,,Vancouver Whitecaps,Portland Timbers,3,2,45,2,goal,D. Da Costa,False,,,,,,,1,2
mls_2026,2026-04-05,,Vancouver Whitecaps,Portland Timbers,3,2,45,,injuryTime,,,,,,,,2,,
mls_2026,2026-04-05,,Vancouver Whitecaps,Portland Timbers,3,2,46,,substitution,,False,,,B. Bye,J. Mosquera,,,,
mls_2026,2026-04-05,,Vancouver Whitecaps,Portland Timbers,3,2,46,,substitution,,True,,,E. Sabbi,A. Jackson,,,,
mls_2026,2026-04-05,,Vancouver Whitecaps,Portland Timbers,3,2,6,,goal,É. Ocampo,True,,,,,,,1,0
mls_2026,2026-04-05,,Vancouver Whitecaps,Portland Timbers,3,2,65,,substitution,,False,,,F. Mora,K. Kelsy,,,,
mls_2026,2026-04-05,,Vancouver Whitecaps,Portland Timbers,3,2,68,,card,M. Laborda,True,yellow,,,,,,,
mls_2026,2026-04-05,,Vancouver Whitecaps,Portland Timbers,3,2,71,,substitution,,True,,,B. Quiñonez,C. T. Sabaly,,,,
mls_2026,2026-04-05,,Vancouver Whitecaps,Portland Timbers,3,2,77,,substitution,,False,,,D. Chará,J. Ortíz,,,,
mls_2026,2026-04-05,,Vancouver Whitecaps,Portland Timbers,3,2,80,,card,D. Chará,False,yellow,,,,,,,
mls_2026,2026-04-05,,Vancouver Whitecaps,Portland Timbers,3,2,82,,substitution,,False,,,A. Aravena,K. Velde,,,,
mls_2026,2026-04-05,,Vancouver Whitecaps,Portland Timbers,3,2,82,,substitution,,True,,,R. Elloumi,J. Badwal,,,,
mls_2026,2026-04-05,,Vancouver Whitecaps,Portland Timbers,3,2,90,,period,,,,,,,FT,,3,2
mls_2026,2026-04-05,,Vancouver Whitecaps,Portland Timbers,3,2,90,5,goal,S. Berhalter,True,,,,,,,3,2
mls_2026,2026-04-05,,Vancouver Whitecaps,Portland Timbers,3,2,90,1,goal,T. Müller,True,,,,,,,2,2
mls_2026,2026-04-05,,Vancouver Whitecaps,Portland Timbers,3,2,90,,injuryTime,,,,,,,,5,,
mls_2026,2026-04-11,,Austin FC,LA Galaxy,1,2,0,,card,G. Vanney,False,yellow,Argument,,,,,,
mls_2026,2026-04-11,,Austin FC,LA Galaxy,1,2,24,,card,M. Cuevas,False,yellow,Foul,,,,,,
mls_2026,2026-04-11,,Austin FC,LA Galaxy,1,2,30,,substitution,,True,,,B. Sabović,I. Sánchez,,,,
mls_2026,2026-04-11,,Austin FC,LA Galaxy,1,2,34,,goal,M. Yoshida,False,,,,,,,0,1
mls_2026,2026-04-11,,Austin FC,LA Galaxy,1,2,42,,card,E. Cerrillo,False,yellow,Foul,,,,,,
mls_2026,2026-04-11,,Austin FC,LA Galaxy,1,2,45,,period,,,,,,,HT,,0,1
mls_2026,2026-04-11,,Austin FC,LA Galaxy,1,2,45,,injuryTime,,,,,,,,4,,
mls_2026,2026-04-11,,Austin FC,LA Galaxy,1,2,52,,card,B. Sabović,True,yellow,Foul,,,,,,
mls_2026,2026-04-11,,Austin FC,LA Galaxy,1,2,61,,substitution,,True,,,J. Nelson,N. Dubersarsky,,,,
mls_2026,2026-04-11,,Austin FC,LA Galaxy,1,2,61,,substitution,,True,,,M. Desler,J. Gallagher,,,,
mls_2026,2026-04-11,,Austin FC,LA Galaxy,1,2,62,,substitution,,False,,,J. Klauss,L. Sanabria,,,,
mls_2026,2026-04-11,,Austin FC,LA Galaxy,1,2,62,,substitution,,False,,,J. Nelson,M. Yamane,,,,
mls_2026,2026-04-11,,Austin FC,LA Galaxy,1,2,71,,substitution,,False,,,C. Garcés,J. Aude,,,,
mls_2026,2026-04-11,,Austin FC,LA Galaxy,1,2,72,,substitution,,False,,,E. Wynder,M. Reus,,,,
mls_2026,2026-04-11,,Austin FC,LA Galaxy,1,2,75,,card,Guilherme Biro,True,yellow,Argument,,,,,,
mls_2026,2026-04-11,,Austin FC,LA Galaxy,1,2,78,,substitution,,True,,,C. Fodrey,C. Ramirez,,,,
mls_2026,2026-04-11,,Austin FC,LA Galaxy,1,2,78,,goal,E. Thommy,False,,,,,,,0,2
mls_2026,2026-04-11,,Austin FC,LA Galaxy,1,2,79,,substitution,,True,,,D. Pereira,J. Rosales,,,,
mls_2026,2026-04-11,,Austin FC,LA Galaxy,1,2,83,,substitution,,False,,,H. Miller,G. Pec,,,,
mls_2026,2026-04-11,,Austin FC,LA Galaxy,1,2,85,,goal,M. Uzuni,True,,,,,,,1,2
mls_2026,2026-04-11,,Austin FC,LA Galaxy,1,2,89,,card,J. Marcinkowski,False,yellow,Time wasting,,,,,,
mls_2026,2026-04-11,,Austin FC,LA Galaxy,1,2,90,,period,,,,,,,FT,,1,2
mls_2026,2026-04-11,,Austin FC,LA Galaxy,1,2,90,4,card,E. Thommy,False,yellow,,,,,,,
mls_2026,2026-04-11,,Austin FC,LA Galaxy,1,2,90,,injuryTime,,,,,,,,5,,
mls_2026,2026-04-11,,CF Montréal,Philadelphia Union,1,2,13,,varDecision,I. Jaime,True,,,,,,,,
mls_2026,2026-04-11,,CF Montréal,Philadelphia Union,1,2,22,,card,T. Gillier,True,yellow,,,,,,,
mls_2026,2026-04-11,,CF Montréal,Philadelphia Union,1,2,23,,goal,I. Jaime,True,,,,,,,1,0
mls_2026,2026-04-11,,CF Montréal,Philadelphia Union,1,2,25,,varDecision,I. Jaime,True,,,,,,,,
mls_2026,2026-04-11,,CF Montréal,Philadelphia Union,1,2,37,,substitution,,True,,,F. Herbers,W. Carmona,,,,
mls_2026,2026-04-11,,CF Montréal,Philadelphia Union,1,2,37,,card,P. Owusu,True,yellow,,,,,,,
mls_2026,2026-04-11,,CF Montréal,Philadelphia Union,1,2,43,,card,V. Loturi,True,yellow,,,,,,,
mls_2026,2026-04-11,,CF Montréal,Philadelphia Union,1,2,45,,period,,,,,,,HT,,1,0
mls_2026,2026-04-11,,CF Montréal,Philadelphia Union,1,2,45,6,card,J. Sery Larsen,False,yellow,,,,,,,
mls_2026,2026-04-11,,CF Montréal,Philadelphia Union,1,2,45,,injuryTime,,,,,,,,8,,
mls_2026,2026-04-11,,CF Montréal,Philadelphia Union,1,2,55,,goal,J. Sery Larsen,False,,,,,,,1,1
mls_2026,2026-04-11,,CF Montréal,Philadelphia Union,1,2,59,,card,O. Makhanya,False,yellow,,,,,,,
mls_2026,2026-04-11,,CF Montréal,Philadelphia Union,1,2,65,,substitution,,False,,,E. Alladoh,B. Bender,,,,
mls_2026,2026-04-11,,CF Montréal,Philadelphia Union,1,2,70,,goal,J. Bueno,False,,,,,,,1,2
mls_2026,2026-04-11,,CF Montréal,Philadelphia Union,1,2,70,,substitution,,True,,,T. Avilés,E. Morales,,,,
mls_2026,2026-04-11,,CF Montréal,Philadelphia Union,1,2,70,,substitution,,True,,,H. Synchuk,D. D. Þórhallsson,,,,
mls_2026,2026-04-11,,CF Montréal,Philadelphia Union,1,2,81,,substitution,,False,,,P. N. Ossibadjouo,J. Sery Larsen,,,,
mls_2026,2026-04-11,,CF Montréal,Philadelphia Union,1,2,81,,substitution,,False,,,A. Bedoya,M. Iloski,,,,
mls_2026,2026-04-11,,CF Montréal,Philadelphia Union,1,2,82,,substitution,,True,,,K. Opoku,F. Herbers,,,,
mls_2026,2026-04-11,,CF Montréal,Philadelphia Union,1,2,82,,substitution,,True,,,O. Escobar,V. Loturi,,,,
mls_2026,2026-04-11,,CF Montréal,Philadelphia Union,1,2,85,,card,B. Damiani,False,yellow,,,,,,,
mls_2026,2026-04-11,,CF Montréal,Philadelphia Union,1,2,88,,substitution,,False,,,C. Sullivan,I. Vassilev,,,,
mls_2026,2026-04-11,,CF Montréal,Philadelphia Union,1,2,90,,period,,,,,,,FT,,1,2
mls_2026,2026-04-11,,CF Montréal,Philadelphia Union,1,2,90,6,card,J. Lukić,False,yellow,,,,,,,
mls_2026,2026-04-11,,CF Montréal,Philadelphia Union,1,2,90,,injuryTime,,,,,,,,6,,
mls_2026,2026-04-11,,Charlotte FC,Nashville SC,1,2,14,,goal,E. Tagseth,False,,,,,,,0,1
mls_2026,2026-04-11,,Charlotte FC,Nashville SC,1,2,35,,card,A. Muyl,False,yellow,,,,,,,
mls_2026,2026-04-11,,Charlotte FC,Nashville SC,1,2,45,,period,,,,,,,HT,,0,1
mls_2026,2026-04-11,,Charlotte FC,Nashville SC,1,2,45,,injuryTime,,,,,,,,2,,
mls_2026,2026-04-11,,Charlotte FC,Nashville SC,1,2,46,,substitution,,True,,,L. D. L. Torre,L. Abada,,,,
mls_2026,2026-04-11,,Charlotte FC,Nashville SC,1,2,46,,substitution,,True,,,B. Bronico,D. Diani,,,,
mls_2026,2026-04-11,,Charlotte FC,Nashville SC,1,2,51,,substitution,,False,,,H. Mukhtar,A. Muyl,,,,
mls_2026,2026-04-11,,Charlotte FC,Nashville SC,1,2,62,,goal,P. Yazbek,False,,,,,,,0,2
mls_2026,2026-04-11,,Charlotte FC,Nashville SC,1,2,64,,card,D. Lovitz,False,yellow,,,,,,,
mls_2026,2026-04-11,,Charlotte FC,Nashville SC,1,2,71,,substitution,,True,,,T. Smalls,K. C. Vargas,,,,
mls_2026,2026-04-11,,Charlotte FC,Nashville SC,1,2,76,,substitution,,False,,,S. Surridge,W. Pacius,,,,
mls_2026,2026-04-11,,Charlotte FC,Nashville SC,1,2,76,,substitution,,False,,,C. Espinoza,W. Madrigal,,,,
mls_2026,2026-04-11,,Charlotte FC,Nashville SC,1,2,80,,substitution,,False,,,R. Baker-Whiting,A. Qasem,,,,
mls_2026,2026-04-11,,Charlotte FC,Nashville SC,1,2,83,,substitution,,True,,,R. Aloko,P. Biel,,,,
mls_2026,2026-04-11,,Charlotte FC,Nashville SC,1,2,83,,substitution,,True,,,A. Goodwin,I. Toklomati,,,,
mls_2026,2026-04-11,,Charlotte FC,Nashville SC,1,2,90,,period,,,,,,,FT,,1,2
mls_2026,2026-04-11,,Charlotte FC,Nashville SC,1,2,90,2,card,H. Mukhtar,False,yellow,,,,,,,
mls_2026,2026-04-11,,Charlotte FC,Nashville SC,1,2,90,,goal,A. Goodwin,True,,,,,,,1,2
mls_2026,2026-04-11,,Charlotte FC,Nashville SC,1,2,90,,injuryTime,,,,,,,,9,,
mls_2026,2026-04-11,,Inter Miami CF,New York Red Bulls,2,2,15,,goal,J. Ruvalcaba,False,,,,,,,0,1
mls_2026,2026-04-11,,Inter Miami CF,New York Red Bulls,2,2,45,,period,,,,,,,HT,,1,1
mls_2026,2026-04-11,,Inter Miami CF,New York Red Bulls,2,2,45,1,goal,M. Silvetti,True,,,,,,,1,1
mls_2026,2026-04-11,,Inter Miami CF,New York Red Bulls,2,2,45,,injuryTime,,,,,,,,1,,
mls_2026,2026-04-11,,Inter Miami CF,New York Red Bulls,2,2,46,,substitution,,True,,,D. Pinter,S. Reguilón,,,,
mls_2026,2026-04-11,,Inter Miami CF,New York Red Bulls,2,2,55,,goal,G. Berterame,True,,,,,,,2,1
mls_2026,2026-04-11,,Inter Miami CF,New York Red Bulls,2,2,59,,card,C. Cowell,False,yellow,,,,,,,
mls_2026,2026-04-11,,Inter Miami CF,New York Red Bulls,2,2,63,,varDecision,R. Voloder,False,,,,,,,,
mls_2026,2026-04-11,,Inter Miami CF,New York Red Bulls,2,2,66,,substitution,,False,,,M. Sofo,J. Ruvalcaba,,,,
mls_2026,2026-04-11,,Inter Miami CF,New York Red Bulls,2,2,66,,substitution,,False,,,R. Mosquera,C. Cowell,,,,
mls_2026,2026-04-11,,Inter Miami CF,New York Red Bulls,2,2,68,,substitution,,True,,,G. Luján,M. Silvetti,,,,
mls_2026,2026-04-11,,Inter Miami CF,New York Red Bulls,2,2,76,,card,I. Fray,True,yellow,,,,,,,
mls_2026,2026-04-11,,Inter Miami CF,New York Red Bulls,2,2,77,,goal,A. Mehmeti,False,,,,,,,2,2
mls_2026,2026-04-11,,Inter Miami CF,New York Red Bulls,2,2,79,,substitution,,True,,,L. Suárez,I. Fray,,,,
mls_2026,2026-04-11,,Inter Miami CF,New York Red Bulls,2,2,80,,card,R. Mosquera,False,yellow,,,,,,,
mls_2026,2026-04-11,,Inter Miami CF,New York Red Bulls,2,2,87,,substitution,,False,,,E. M. Choupo-Moting,E. Forsberg,,,,
mls_2026,2026-04-11,,Inter Miami CF,New York Red Bulls,2,2,87,,substitution,,False,,,G. Berggren,A. Mehmeti,,,,
mls_2026,2026-04-11,,Inter Miami CF,New York Red Bulls,2,2,90,,period,,,,,,,FT,,2,2
mls_2026,2026-04-11,,Inter Miami CF,New York Red Bulls,2,2,90,,injuryTime,,,,,,,,6,,
mls_2026,2026-04-11,,New England Revolution,DC United,1,0,35,,goal,A. Yusuf,True,,,,,,,1,0
mls_2026,2026-04-11,,New England Revolution,DC United,1,0,45,,period,,,,,,,HT,,1,0
mls_2026,2026-04-11,,New England Revolution,DC United,1,0,45,,injuryTime,,,,,,,,7,,
mls_2026,2026-04-11,,New England Revolution,DC United,1,0,60,,substitution,,False,,,L. Munteanu,Gabriel Pirani,,,,
mls_2026,2026-04-11,,New England Revolution,DC United,1,0,60,,substitution,,True,,,P. Miller,J. Yueill,,,,
mls_2026,2026-04-11,,New England Revolution,DC United,1,0,72,,substitution,,True,,,G. Yow,L. Langoni,,,,
mls_2026,2026-04-11,,New England Revolution,DC United,1,0,74,,substitution,,False,,,G. Turner,B. Servania,,,,
mls_2026,2026-04-11,,New England Revolution,DC United,1,0,87,,substitution,,False,,,C. Clark,L. Bartlett,,,,
mls_2026,2026-04-11,,New England Revolution,DC United,1,0,87,,substitution,,False,,,J. Murrell,J. Hopkins,,,,
mls_2026,2026-04-11,,New England Revolution,DC United,1,0,90,,period,,,,,,,FT,,1,0
mls_2026,2026-04-11,,New England Revolution,DC United,1,0,90,1,substitution,,True,,,E. Klein,P. Miller,,,,
mls_2026,2026-04-11,,New England Revolution,DC United,1,0,90,,injuryTime,,,,,,,,4,,
mls_2026,2026-04-11,,Portland Timbers,Los Angeles FC,2,1,0,,card,M. D. Santos,False,yellow,Argument,,,,,,
mls_2026,2026-04-11,,Portland Timbers,Los Angeles FC,2,1,14,,card,M. Evans,False,yellow,Foul,,,,,,
mls_2026,2026-04-11,,Portland Timbers,Los Angeles FC,2,1,30,,substitution,,False,,,C. Carter,T. Hasal,,,,
mls_2026,2026-04-11,,Portland Timbers,Los Angeles FC,2,1,32,,goal,K. Velde,True,,,,,,,1,0
mls_2026,2026-04-11,,Portland Timbers,Los Angeles FC,2,1,45,,period,,,,,,,HT,,1,0
mls_2026,2026-04-11,,Portland Timbers,Los Angeles FC,2,1,45,,injuryTime,,,,,,,,8,,
mls_2026,2026-04-11,,Portland Timbers,Los Angeles FC,2,1,46,,substitution,,False,,,T. Tillman,M. Choinière,,,,
mls_2026,2026-04-11,,Portland Timbers,Los Angeles FC,2,1,49,,goal,J. Terry,False,,,,,,,1,1
mls_2026,2026-04-11,,Portland Timbers,Los Angeles FC,2,1,56,,substitution,,False,,,M. Delgado,M. Evans,,,,
mls_2026,2026-04-11,,Portland Timbers,Los Angeles FC,2,1,56,,substitution,,False,,,R. Porteous,K. Nielsen,,,,
mls_2026,2026-04-11,,Portland Timbers,Los Angeles FC,2,1,58,,card,A. Smoliakov,False,yellow,Argument,,,,,,
mls_2026,2026-04-11,,Portland Timbers,Los Angeles FC,2,1,63,,substitution,,True,,,I. Smith,J. Fory,,,,
mls_2026,2026-04-11,,Portland Timbers,Los Angeles FC,2,1,68,,substitution,,False,,,J. Shaffelburg,D. Bouanga,,,,
mls_2026,2026-04-11,,Portland Timbers,Los Angeles FC,2,1,7,,card,J. Fory,True,yellow,Foul,,,,,,
mls_2026,2026-04-11,,Portland Timbers,Los Angeles FC,2,1,71,,substitution,,True,,,A. Aravena,A. Alves,,,,
mls_2026,2026-04-11,,Portland Timbers,Los Angeles FC,2,1,76,,substitution,,False,,,R. Raposo,A. Smoliakov,,,,
mls_2026,2026-04-11,,Portland Timbers,Los Angeles FC,2,1,82,,card,K. Velde,True,yellow,Foul,,,,,,
mls_2026,2026-04-11,,Portland Timbers,Los Angeles FC,2,1,88,,varDecision,R. Porteous,False,,,,,,,,
mls_2026,2026-04-11,,Portland Timbers,Los Angeles FC,2,1,89,,substitution,,True,,,A. Lassiter,C. Bassett,,,,
mls_2026,2026-04-11,,Portland Timbers,Los Angeles FC,2,1,89,,substitution,,True,,,K. Kelsy,F. Mora,,,,
mls_2026,2026-04-11,,Portland Timbers,Los Angeles FC,2,1,90,,period,,,,,,,FT,,2,1
mls_2026,2026-04-11,,Portland Timbers,Los Angeles FC,2,1,90,6,substitution,,True,,,D. Chará,K. Velde,,,,
mls_2026,2026-04-11,,Portland Timbers,Los Angeles FC,2,1,90,6,goal,K. Kelsy,True,,,,,,,2,1
mls_2026,2026-04-11,,Portland Timbers,Los Angeles FC,2,1,90,,injuryTime,,,,,,,,6,,
mls_2026,2026-04-11,,Toronto FC,FC Cincinnati,1,1,0,,card,R. Fraser,True,yellow,Argument,,,,,,
mls_2026,2026-04-11,,Toronto FC,FC Cincinnati,1,1,38,,card,B. Kuscevic,True,yellow,Foul,,,,,,
mls_2026,2026-04-11,,Toronto FC,FC Cincinnati,1,1,45,,period,,,,,,,HT,,0,0
mls_2026,2026-04-11,,Toronto FC,FC Cincinnati,1,1,45,4,card,J. Osorio,True,yellow,Argument,,,,,,
mls_2026,2026-04-11,,Toronto FC,FC Cincinnati,1,1,45,,injuryTime,,,,,,,,4,,
mls_2026,2026-04-11,,Toronto FC,FC Cincinnati,1,1,58,,card,B. Ramírez,False,yellow,Persistent fouling,,,,,,
mls_2026,2026-04-11,,Toronto FC,FC Cincinnati,1,1,62,,substitution,,False,,,A. Jabbari,T. Barlow,,,,
mls_2026,2026-04-11,,Toronto FC,FC Cincinnati,1,1,62,,substitution,,False,,,K. Smith,M. Miazga,,,,
mls_2026,2026-04-11,,Toronto FC,FC Cincinnati,1,1,69,,card,K. Denkey,False,yellow,Argument,,,,,,
mls_2026,2026-04-11,,Toronto FC,FC Cincinnati,1,1,71,,card,K. Denkey,False,yellowRed,Off the ball foul,,,,,,
mls_2026,2026-04-11,,Toronto FC,FC Cincinnati,1,1,82,,substitution,,True,,,E. Aristizábal,J. Cifuentes,,,,
mls_2026,2026-04-11,,Toronto FC,FC Cincinnati,1,1,82,,substitution,,True,,,K. Franklin,M. Pereira,,,,
mls_2026,2026-04-11,,Toronto FC,FC Cincinnati,1,1,82,,substitution,,True,,,M. Henry,D. Etienne,,,,
mls_2026,2026-04-11,,Toronto FC,FC Cincinnati,1,1,82,,substitution,,True,,,L. Stefanovic,Z. Monlouis,,,,
mls_2026,2026-04-11,,Toronto FC,FC Cincinnati,1,1,83,,goal,G. Flores,True,,,,,,,1,0
mls_2026,2026-04-11,,Toronto FC,FC Cincinnati,1,1,88,,substitution,,False,,,G. Valenzuela,P. Bucha,,,,
mls_2026,2026-04-11,,Toronto FC,FC Cincinnati,1,1,88,,substitution,,False,,,K. M. Dem,B. Ramírez,,,,
mls_2026,2026-04-11,,Toronto FC,FC Cincinnati,1,1,90,,period,,,,,,,FT,,1,1
mls_2026,2026-04-11,,Toronto FC,FC Cincinnati,1,1,90,4,substitution,,False,,,O. Nwobodo,E. Echenique,,,,
mls_2026,2026-04-11,,Toronto FC,FC Cincinnati,1,1,90,2,goal,K. M. Dem,False,,,,,,,1,1
mls_2026,2026-04-11,,Toronto FC,FC Cincinnati,1,1,90,,injuryTime,,,,,,,,8,,
mls_2026,2026-04-11,,Vancouver Whitecaps,New York City FC,2,0,44,,goal,M. Laborda,True,,,,,,,1,0
mls_2026,2026-04-11,,Vancouver Whitecaps,New York City FC,2,0,45,,period,,,,,,,HT,,1,0
mls_2026,2026-04-11,,Vancouver Whitecaps,New York City FC,2,0,53,,card,A. Cubas,True,yellow,,,,,,,
mls_2026,2026-04-11,,Vancouver Whitecaps,New York City FC,2,0,63,,substitution,,True,,,E. Sabbi,A. Cubas,,,,
mls_2026,2026-04-11,,Vancouver Whitecaps,New York City FC,2,0,63,,substitution,,True,,,B. Quiñonez,C. T. Sabaly,,,,
mls_2026,2026-04-11,,Vancouver Whitecaps,New York City FC,2,0,63,,substitution,,False,,,T. Magno,H. Wolf,,,,
mls_2026,2026-04-11,,Vancouver Whitecaps,New York City FC,2,0,77,,substitution,,True,,,O. Larraz,S. Berhalter,,,,
mls_2026,2026-04-11,,Vancouver Whitecaps,New York City FC,2,0,77,,substitution,,False,,,M. Jones,A. Ojeda,,,,
mls_2026,2026-04-11,,Vancouver Whitecaps,New York City FC,2,0,80,,card,O. Larraz,True,yellow,,,,,,,
mls_2026,2026-04-11,,Vancouver Whitecaps,New York City FC,2,0,86,,goal,B. White,True,,,,,,,2,0
mls_2026,2026-04-11,,Vancouver Whitecaps,New York City FC,2,0,88,,substitution,,False,,,A. Farnos,A. O'Neill,,,,
mls_2026,2026-04-11,,Vancouver Whitecaps,New York City FC,2,0,88,,substitution,,False,,,J. Shore,K. Parks,,,,
mls_2026,2026-04-11,,Vancouver Whitecaps,New York City FC,2,0,90,,period,,,,,,,FT,,2,0
mls_2026,2026-04-11,,Vancouver Whitecaps,New York City FC,2,0,90,1,substitution,,True,,,R. Elloumi,B. White,,,,
mls_2026,2026-04-11,,Vancouver Whitecaps,New York City FC,2,0,90,,injuryTime,,,,,,,,2,,
mls_2026,2026-04-12,,Chicago Fire,Atlanta United,1,0,13,,goal,M. Haile-Selassie,True,,,,,,,1,0
mls_2026,2026-04-12,,Chicago Fire,Atlanta United,1,0,3,,card,T. Jacob,False,yellow,,,,,,,
mls_2026,2026-04-12,,Chicago Fire,Atlanta United,1,0,45,,period,,,,,,,HT,,1,0
mls_2026,2026-04-12,,Chicago Fire,Atlanta United,1,0,45,,injuryTime,,,,,,,,1,,
mls_2026,2026-04-12,,Chicago Fire,Atlanta United,1,0,48,,card,L. Barroso,True,yellow,,,,,,,
mls_2026,2026-04-12,,Chicago Fire,Atlanta United,1,0,66,,substitution,,False,,,S. Alzate,C. Sanchez,,,,
mls_2026,2026-04-12,,Chicago Fire,Atlanta United,1,0,68,,substitution,,True,,,M. Pineda,D. T. D'Avilla,,,,
mls_2026,2026-04-12,,Chicago Fire,Atlanta United,1,0,68,,substitution,,True,,,J. Dean,L. Barroso,,,,
mls_2026,2026-04-12,,Chicago Fire,Atlanta United,1,0,78,,substitution,,False,,,P. Amador,E. Báez,,,,
mls_2026,2026-04-12,,Chicago Fire,Atlanta United,1,0,78,,substitution,,False,,,C. Togashi,E. Latte Lath,,,,
mls_2026,2026-04-12,,Chicago Fire,Atlanta United,1,0,78,,substitution,,False,,,L. Brennan,S. Lobzhanidze,,,,
mls_2026,2026-04-12,,Chicago Fire,Atlanta United,1,0,8,,card,P. Zinckernagel,True,yellow,,,,,,,
mls_2026,2026-04-12,,Chicago Fire,Atlanta United,1,0,88,,substitution,,False,,,A. Fortune,M. Galarza,,,,
mls_2026,2026-04-12,,Chicago Fire,Atlanta United,1,0,89,,substitution,,True,,,J. Shokalook,P. Zinckernagel,,,,
mls_2026,2026-04-12,,Chicago Fire,Atlanta United,1,0,89,,substitution,,True,,,P. Dithejane,J. Bamba,,,,
mls_2026,2026-04-12,,Chicago Fire,Atlanta United,1,0,90,,period,,,,,,,FT,,1,0
mls_2026,2026-04-12,,Chicago Fire,Atlanta United,1,0,90,,injuryTime,,,,,,,,6,,
mls_2026,2026-04-12,,Colorado Rapids,Houston Dynamo,6,2,17,,goal,J. Atencio,True,,,,,,,2,0
mls_2026,2026-04-12,,Colorado Rapids,Houston Dynamo,6,2,45,,period,,,,,,,HT,,2,0
mls_2026,2026-04-12,,Colorado Rapids,Houston Dynamo,6,2,45,,injuryTime,,,,,,,,2,,
mls_2026,2026-04-12,,Colorado Rapids,Houston Dynamo,6,2,5,,goal,K. Thompson,True,,,,,,,1,0
mls_2026,2026-04-12,,Colorado Rapids,Houston Dynamo,6,2,53,,goal,K. Thompson,True,,,,,,,3,0
mls_2026,2026-04-12,,Colorado Rapids,Houston Dynamo,6,2,56,,substitution,,True,,,K. Rosenberry,H. Ojediran,,,,
mls_2026,2026-04-12,,Colorado Rapids,Houston Dynamo,6,2,60,,substitution,,False,,,H. Herrera,A. Bouzat,,,,
mls_2026,2026-04-12,,Colorado Rapids,Houston Dynamo,6,2,60,,substitution,,False,,,I. Aliyu,D. Holmes,,,,
mls_2026,2026-04-12,,Colorado Rapids,Houston Dynamo,6,2,67,,substitution,,True,,,G. Minoungou,D. Yapi,,,,
mls_2026,2026-04-12,,Colorado Rapids,Houston Dynamo,6,2,69,,goal,L. Ennali,False,,,,,,,3,1
mls_2026,2026-04-12,,Colorado Rapids,Houston Dynamo,6,2,72,,substitution,,True,,,N. Cobb,K. Thompson,,,,
mls_2026,2026-04-12,,Colorado Rapids,Houston Dynamo,6,2,72,,substitution,,False,,,A. Resch,E. Sviatchenko,,,,
mls_2026,2026-04-12,,Colorado Rapids,Houston Dynamo,6,2,72,,substitution,,True,,,A. Manyoma,D. Sealy,,,,
mls_2026,2026-04-12,,Colorado Rapids,Houston Dynamo,6,2,73,,goal,R. Navarro,True,,,,,,,4,1
mls_2026,2026-04-12,,Colorado Rapids,Houston Dynamo,6,2,77,,card,A. Resch,False,yellow,,,,,,,
mls_2026,2026-04-12,,Colorado Rapids,Houston Dynamo,6,2,85,,substitution,,False,,,O. Lingr,E. Ponce,,,,
mls_2026,2026-04-12,,Colorado Rapids,Houston Dynamo,6,2,85,,substitution,,False,,,N. Markanich,M. Bogusz,,,,
mls_2026,2026-04-12,,Colorado Rapids,Houston Dynamo,6,2,89,,card,J. Atencio,True,yellow,,,,,,,
mls_2026,2026-04-12,,Colorado Rapids,Houston Dynamo,6,2,90,,period,,,,,,,FT,,6,2
mls_2026,2026-04-12,,Colorado Rapids,Houston Dynamo,6,2,90,5,goal,R. Navarro,True,,,,,,,6,2
mls_2026,2026-04-12,,Colorado Rapids,Houston Dynamo,6,2,90,3,goal,Guilherme,False,,,,,,,5,2
mls_2026,2026-04-12,,Colorado Rapids,Houston Dynamo,6,2,90,1,goal,F. Andrade,True,,,,,,,5,1
mls_2026,2026-04-12,,Colorado Rapids,Houston Dynamo,6,2,90,,injuryTime,,,,,,,,4,,
mls_2026,2026-04-12,,Columbus Crew,Orlando City SC,1,1,14,,goal,M. Pašalić,False,,,,,,,0,1
mls_2026,2026-04-12,,Columbus Crew,Orlando City SC,1,1,35,,substitution,,True,,,T. Habroune,W. Abou Ali,,,,
mls_2026,2026-04-12,,Columbus Crew,Orlando City SC,1,1,41,,card,Iago,False,yellow,,,,,,,
mls_2026,2026-04-12,,Columbus Crew,Orlando City SC,1,1,43,,card,D. Brekalo,False,yellow,,,,,,,
mls_2026,2026-04-12,,Columbus Crew,Orlando City SC,1,1,45,,period,,,,,,,HT,,0,1
mls_2026,2026-04-12,,Columbus Crew,Orlando City SC,1,1,45,,injuryTime,,,,,,,,6,,
mls_2026,2026-04-12,,Columbus Crew,Orlando City SC,1,1,55,,card,S. Moreira,True,yellow,,,,,,,
mls_2026,2026-04-12,,Columbus Crew,Orlando City SC,1,1,61,,substitution,,True,,,H. Picard,A. Herrera,,,,
mls_2026,2026-04-12,,Columbus Crew,Orlando City SC,1,1,61,,substitution,,True,,,J. Thiaré,A. Gomes,,,,
mls_2026,2026-04-12,,Columbus Crew,Orlando City SC,1,1,64,,substitution,,False,,,L. Otávio,E. Atuesta,,,,
mls_2026,2026-04-12,,Columbus Crew,Orlando City SC,1,1,68,,substitution,,False,,,Z. Taifi,G. Dorsey,,,,
mls_2026,2026-04-12,,Columbus Crew,Orlando City SC,1,1,75,,substitution,,False,,,A. Marín,Iago,,,,
mls_2026,2026-04-12,,Columbus Crew,Orlando City SC,1,1,78,,substitution,,False,,,T. Reid-Brown,R. Jansson,,,,
mls_2026,2026-04-12,,Columbus Crew,Orlando City SC,1,1,80,,goal,D. Rossi,True,,,,,,,1,1
mls_2026,2026-04-12,,Columbus Crew,Orlando City SC,1,1,82,,card,A. Marín,False,yellow,,,,,,,
mls_2026,2026-04-12,,Columbus Crew,Orlando City SC,1,1,83,,substitution,,True,,,D. Gazdag,S. Moreira,,,,
mls_2026,2026-04-12,,Columbus Crew,Orlando City SC,1,1,83,,substitution,,True,,,S. T. Bangoura,D. Chambost,,,,
mls_2026,2026-04-12,,Columbus Crew,Orlando City SC,1,1,86,,card,M. Pašalić,False,yellow,,,,,,,
mls_2026,2026-04-12,,Columbus Crew,Orlando City SC,1,1,90,,period,,,,,,,FT,,1,1
mls_2026,2026-04-12,,Columbus Crew,Orlando City SC,1,1,90,,injuryTime,,,,,,,,10,,
mls_2026,2026-04-12,,FC Dallas,St.Louis City,1,1,32,,card,S. Córdova,False,yellow,,,,,,,
mls_2026,2026-04-12,,FC Dallas,St.Louis City,1,1,35,,substitution,,True,,,Kaick,Ramiro,,,,
mls_2026,2026-04-12,,FC Dallas,St.Louis City,1,1,39,,card,O. Urhoghide,True,yellow,,,,,,,
mls_2026,2026-04-12,,FC Dallas,St.Louis City,1,1,40,,card,C. Cappis,True,yellow,,,,,,,
mls_2026,2026-04-12,,FC Dallas,St.Louis City,1,1,45,,period,,,,,,,HT,,0,0
mls_2026,2026-04-12,,FC Dallas,St.Louis City,1,1,45,,injuryTime,,,,,,,,5,,
mls_2026,2026-04-12,,FC Dallas,St.Louis City,1,1,48,,goal,L. D. Deedson,True,,,,,,,1,0
mls_2026,2026-04-12,,FC Dallas,St.Louis City,1,1,58,,card,M. Collodi,True,yellow,,,,,,,
mls_2026,2026-04-12,,FC Dallas,St.Louis City,1,1,61,,goal,T. Baumgartl,False,,,,,,,1,1
mls_2026,2026-04-12,,FC Dallas,St.Louis City,1,1,67,,substitution,,True,,,S. Moreno,L. Farrington,,,,
mls_2026,2026-04-12,,FC Dallas,St.Louis City,1,1,67,,substitution,,True,,,J. Valiente,P. Delgado,,,,
mls_2026,2026-04-12,,FC Dallas,St.Louis City,1,1,67,,substitution,,True,,,H. Johansson,L. D. Deedson,,,,
mls_2026,2026-04-12,,FC Dallas,St.Louis City,1,1,76,,substitution,,False,,,L. MacNaughton,J. Orozco,,,,
mls_2026,2026-04-12,,FC Dallas,St.Louis City,1,1,76,,substitution,,False,,,C. Teuchert,S. Córdova,,,,
mls_2026,2026-04-12,,FC Dallas,St.Louis City,1,1,83,,substitution,,True,,,R. Binyamin,C. Cappis,,,,
mls_2026,2026-04-12,,FC Dallas,St.Louis City,1,1,89,,substitution,,False,,,M. Perez,D. Edelman,,,,
mls_2026,2026-04-12,,FC Dallas,St.Louis City,1,1,89,,substitution,,False,,,T. Totland,R. Santos,,,,
mls_2026,2026-04-12,,FC Dallas,St.Louis City,1,1,90,,period,,,,,,,FT,,1,1
mls_2026,2026-04-12,,FC Dallas,St.Louis City,1,1,90,5,substitution,,False,,,B. McSorley,S. Becher,,,,
mls_2026,2026-04-12,,FC Dallas,St.Louis City,1,1,90,,injuryTime,,,,,,,,6,,
mls_2026,2026-04-12,,San Diego FC,Minnesota United,1,2,0,,card,M. Varas,True,yellow,Argument,,,,,,
mls_2026,2026-04-12,,San Diego FC,Minnesota United,1,2,11,,card,C. McVey,True,yellow,Foul,,,,,,
mls_2026,2026-04-12,,San Diego FC,Minnesota United,1,2,15,,goal,K. Duncan,False,,,,,,,1,1
mls_2026,2026-04-12,,San Diego FC,Minnesota United,1,2,30,,card,O. Verhoeven,True,yellow,Foul,,,,,,
mls_2026,2026-04-12,,San Diego FC,Minnesota United,1,2,40,,goal,K. Yeboah,False,,,,,,,1,2
mls_2026,2026-04-12,,San Diego FC,Minnesota United,1,2,45,,period,,,,,,,HT,,1,2
mls_2026,2026-04-12,,San Diego FC,Minnesota United,1,2,45,,injuryTime,,,,,,,,3,,
mls_2026,2026-04-12,,San Diego FC,Minnesota United,1,2,46,,card,C. McVey,True,yellowRed,Foul,,,,,,
mls_2026,2026-04-12,,San Diego FC,Minnesota United,1,2,53,,substitution,,True,,,M. Ingvartsen,B. Zamblé,,,,
mls_2026,2026-04-12,,San Diego FC,Minnesota United,1,2,68,,substitution,,False,,,W. Trapp,O. Gene,,,,
mls_2026,2026-04-12,,San Diego FC,Minnesota United,1,2,68,,substitution,,False,,,D. Padelford,N. Romero,,,,
mls_2026,2026-04-12,,San Diego FC,Minnesota United,1,2,69,,card,J. Pereyra,False,yellow,Foul,,,,,,
mls_2026,2026-04-12,,San Diego FC,Minnesota United,1,2,7,,goal,L. Bombino,True,,,,,,,1,0
mls_2026,2026-04-12,,San Diego FC,Minnesota United,1,2,71,,substitution,,False,,,C. Harvey,J. Díaz,,,,
mls_2026,2026-04-12,,San Diego FC,Minnesota United,1,2,73,,substitution,,True,,,D. Vazquez,L. Morgan,,,,
mls_2026,2026-04-12,,San Diego FC,Minnesota United,1,2,80,,substitution,,True,,,W. Kumado,O. Verhoeven,,,,
mls_2026,2026-04-12,,San Diego FC,Minnesota United,1,2,80,,substitution,,True,,,B. Duke,A. Godoy,,,,
mls_2026,2026-04-12,,San Diego FC,Minnesota United,1,2,83,,substitution,,False,,,B. Hlongwane,J. Pereyra,,,,
mls_2026,2026-04-12,,San Diego FC,Minnesota United,1,2,83,,substitution,,False,,,M. Dieng,K. Yeboah,,,,
mls_2026,2026-04-12,,San Diego FC,Minnesota United,1,2,90,,period,,,,,,,FT,,1,2
mls_2026,2026-04-12,,San Diego FC,Minnesota United,1,2,90,,injuryTime,,,,,,,,7,,
mls_2026,2026-04-12,,Sporting Kansas City,San Jose Earthquakes,1,3,27,,goal,J. Bartlett,True,,,,,,,1,0
mls_2026,2026-04-12,,Sporting Kansas City,San Jose Earthquakes,1,3,44,,goal,J. Skahan,False,,,,,,,1,1
mls_2026,2026-04-12,,Sporting Kansas City,San Jose Earthquakes,1,3,45,,period,,,,,,,HT,,1,1
mls_2026,2026-04-12,,Sporting Kansas City,San Jose Earthquakes,1,3,45,,injuryTime,,,,,,,,6,,
mls_2026,2026-04-12,,Sporting Kansas City,San Jose Earthquakes,1,3,49,,goal,J. Skahan,False,,,,,,,1,2
mls_2026,2026-04-12,,Sporting Kansas City,San Jose Earthquakes,1,3,53,,card,S. Suleymanov,True,yellow,,,,,,,
mls_2026,2026-04-12,,Sporting Kansas City,San Jose Earthquakes,1,3,57,,substitution,,True,,,Capita,C. Harris,,,,
mls_2026,2026-04-12,,Sporting Kansas City,San Jose Earthquakes,1,3,66,,substitution,,True,,,S. Afrifa,S. Suleymanov,,,,
mls_2026,2026-04-12,,Sporting Kansas City,San Jose Earthquakes,1,3,66,,substitution,,True,,,J. Davis,M. García,,,,
mls_2026,2026-04-12,,Sporting Kansas City,San Jose Earthquakes,1,3,69,,substitution,,False,,,N. Fernandez,J. Skahan,,,,
mls_2026,2026-04-12,,Sporting Kansas City,San Jose Earthquakes,1,3,69,,substitution,,False,,,I. Harkes,B. Leroux,,,,
mls_2026,2026-04-12,,Sporting Kansas City,San Jose Earthquakes,1,3,75,,goal,D. Romney,False,,,,,,,1,3
mls_2026,2026-04-12,,Sporting Kansas City,San Jose Earthquakes,1,3,76,,substitution,,False,,,J. Jasinski,B. Kikanović,,,,
mls_2026,2026-04-12,,Sporting Kansas City,San Jose Earthquakes,1,3,81,,substitution,,True,,,K. Agyabeng,J. Reid,,,,
mls_2026,2026-04-12,,Sporting Kansas City,San Jose Earthquakes,1,3,81,,substitution,,True,,,T. Calheira,J. Bartlett,,,,
mls_2026,2026-04-12,,Sporting Kansas City,San Jose Earthquakes,1,3,82,,card,T. Calheira,True,yellow,,,,,,,
mls_2026,2026-04-12,,Sporting Kansas City,San Jose Earthquakes,1,3,87,,substitution,,False,,,P. Marie,P. Judd,,,,
mls_2026,2026-04-12,,Sporting Kansas City,San Jose Earthquakes,1,3,90,,period,,,,,,,FT,,1,3
mls_2026,2026-04-12,,Sporting Kansas City,San Jose Earthquakes,1,3,90,,injuryTime,,,,,,,,6,,
mls_2026,2026-04-12,,Sporting Kansas City,San Jose Earthquakes,1,3,90,,varDecision,J. Davis,True,,,,,,,,
mls_2026,2026-04-18,,Atlanta United,Nashville SC,0,2,45,,period,,,,,,,HT,,0,0
mls_2026,2026-04-18,,Atlanta United,Nashville SC,0,2,45,1,card,T. Muyumba,True,yellow,,,,,,,
mls_2026,2026-04-18,,Atlanta United,Nashville SC,0,2,45,,injuryTime,,,,,,,,3,,
mls_2026,2026-04-18,,Atlanta United,Nashville SC,0,2,56,,substitution,,False,,,A. Muyl,W. Madrigal,,,,
mls_2026,2026-04-18,,Atlanta United,Nashville SC,0,2,61,,goal,C. Espinoza,False,,,,,,,0,1
mls_2026,2026-04-18,,Atlanta United,Nashville SC,0,2,66,,substitution,,False,,,P. Yazbek,E. Tagseth,,,,
mls_2026,2026-04-18,,Atlanta United,Nashville SC,0,2,68,,substitution,,True,,,F. Picault,C. Sanchez,,,,
mls_2026,2026-04-18,,Atlanta United,Nashville SC,0,2,68,,substitution,,True,,,P. Amador,E. Báez,,,,
mls_2026,2026-04-18,,Atlanta United,Nashville SC,0,2,74,,substitution,,True,,,S. Lobzhanidze,A. Fortune,,,,
mls_2026,2026-04-18,,Atlanta United,Nashville SC,0,2,76,,card,L. Hoyos,True,yellow,,,,,,,
mls_2026,2026-04-18,,Atlanta United,Nashville SC,0,2,82,,substitution,,True,,,C. Togashi,E. Latte Lath,,,,
mls_2026,2026-04-18,,Atlanta United,Nashville SC,0,2,84,,substitution,,False,,,S. Mohammed,A. Qasem,,,,
mls_2026,2026-04-18,,Atlanta United,Nashville SC,0,2,84,,substitution,,False,,,R. Baker-Whiting,A. Najar,,,,
mls_2026,2026-04-18,,Atlanta United,Nashville SC,0,2,90,,period,,,,,,,FT,,0,2
mls_2026,2026-04-18,,Atlanta United,Nashville SC,0,2,90,1,goal,S. Mohammed,False,,,,,,,0,2
mls_2026,2026-04-18,,Atlanta United,Nashville SC,0,2,90,,injuryTime,,,,,,,,6,,
mls_2026,2026-04-18,,CF Montréal,New York Red Bulls,4,1,34,,card,A. Mehmeti,False,yellow,,,,,,,
mls_2026,2026-04-18,,CF Montréal,New York Red Bulls,4,1,39,,goal,P. Owusu,True,,,,,,,2,0
mls_2026,2026-04-18,,CF Montréal,New York Red Bulls,4,1,43,,card,J. Ruvalcaba,False,yellow,,,,,,,
mls_2026,2026-04-18,,CF Montréal,New York Red Bulls,4,1,45,,period,,,,,,,HT,,2,0
mls_2026,2026-04-18,,CF Montréal,New York Red Bulls,4,1,45,,injuryTime,,,,,,,,3,,
mls_2026,2026-04-18,,CF Montréal,New York Red Bulls,4,1,46,,substitution,,False,,,M. Sofo,J. Ruvalcaba,,,,
mls_2026,2026-04-18,,CF Montréal,New York Red Bulls,4,1,46,,substitution,,False,,,R. Mosquera,C. Cowell,,,,
mls_2026,2026-04-18,,CF Montréal,New York Red Bulls,4,1,46,,substitution,,False,,,J. Mina,J. Marshall-Rutty,,,,
mls_2026,2026-04-18,,CF Montréal,New York Red Bulls,4,1,48,,goal,M. Longstaff,True,,,,,,,3,0
mls_2026,2026-04-18,,CF Montréal,New York Red Bulls,4,1,5,,goal,V. Loturi,True,,,,,,,1,0
mls_2026,2026-04-18,,CF Montréal,New York Red Bulls,4,1,53,,goal,M. Longstaff,False,,,,,,,3,1
mls_2026,2026-04-18,,CF Montréal,New York Red Bulls,4,1,58,,substitution,,True,,,K. Opoku,N. Streit,,,,
mls_2026,2026-04-18,,CF Montréal,New York Red Bulls,4,1,65,,substitution,,False,,,N. Benedetti,A. Mehmeti,,,,
mls_2026,2026-04-18,,CF Montréal,New York Red Bulls,4,1,71,,card,B. Vera,True,yellow,,,,,,,
mls_2026,2026-04-18,,CF Montréal,New York Red Bulls,4,1,75,,card,T. Gillier,True,yellow,,,,,,,
mls_2026,2026-04-18,,CF Montréal,New York Red Bulls,4,1,77,,goal,K. Opoku,True,,,,,,,4,1
mls_2026,2026-04-18,,CF Montréal,New York Red Bulls,4,1,78,,substitution,,True,,,O. Escobar,S. Piette,,,,
mls_2026,2026-04-18,,CF Montréal,New York Red Bulls,4,1,78,,substitution,,True,,,F. Herbers,I. Jaime,,,,
mls_2026,2026-04-18,,CF Montréal,New York Red Bulls,4,1,80,,substitution,,False,,,E. M. Choupo-Moting,E. Forsberg,,,,
mls_2026,2026-04-18,,CF Montréal,New York Red Bulls,4,1,83,,card,R. Donkor,False,yellow,,,,,,,
mls_2026,2026-04-18,,CF Montréal,New York Red Bulls,4,1,84,,substitution,,True,,,D. Rios,P. Owusu,,,,
mls_2026,2026-04-18,,CF Montréal,New York Red Bulls,4,1,89,,card,M. Longstaff,True,yellow,,,,,,,
mls_2026,2026-04-18,,CF Montréal,New York Red Bulls,4,1,90,,period,,,,,,,FT,,4,1
mls_2026,2026-04-18,,CF Montréal,New York Red Bulls,4,1,90,,injuryTime,,,,,,,,5,,
mls_2026,2026-04-18,,Colorado Rapids,Inter Miami CF,2,3,16,,varDecision,Y. Bright,False,,,,,,,,
mls_2026,2026-04-18,,Colorado Rapids,Inter Miami CF,2,3,17,,card,J. Atencio,True,yellow,,,,,,,
mls_2026,2026-04-18,,Colorado Rapids,Inter Miami CF,2,3,18,,goal,L. Messi,False,,,,,,,0,1
mls_2026,2026-04-18,,Colorado Rapids,Inter Miami CF,2,3,22,,card,R. De Paul,False,yellow,,,,,,,
mls_2026,2026-04-18,,Colorado Rapids,Inter Miami CF,2,3,29,,card,Micael,False,yellow,,,,,,,
mls_2026,2026-04-18,,Colorado Rapids,Inter Miami CF,2,3,45,,period,,,,,,,HT,,0,2
mls_2026,2026-04-18,,Colorado Rapids,Inter Miami CF,2,3,45,5,card,G. Berterame,False,yellow,,,,,,,
mls_2026,2026-04-18,,Colorado Rapids,Inter Miami CF,2,3,45,5,goal,G. Berterame,False,,,,,,,0,2
mls_2026,2026-04-18,,Colorado Rapids,Inter Miami CF,2,3,45,,injuryTime,,,,,,,,4,,
mls_2026,2026-04-18,,Colorado Rapids,Inter Miami CF,2,3,58,,goal,R. Navarro,True,,,,,,,1,2
mls_2026,2026-04-18,,Colorado Rapids,Inter Miami CF,2,3,61,,substitution,,True,,,D. Yapi,H. Ojediran,,,,
mls_2026,2026-04-18,,Colorado Rapids,Inter Miami CF,2,3,62,,goal,D. Yapi,True,,,,,,,2,2
mls_2026,2026-04-18,,Colorado Rapids,Inter Miami CF,2,3,64,,card,W. Frederick,True,yellow,,,,,,,
mls_2026,2026-04-18,,Colorado Rapids,Inter Miami CF,2,3,70,,substitution,,False,,,D. Pinter,G. Luján,,,,
mls_2026,2026-04-18,,Colorado Rapids,Inter Miami CF,2,3,70,,substitution,,False,,,N. Allen,M. Silvetti,,,,
mls_2026,2026-04-18,,Colorado Rapids,Inter Miami CF,2,3,75,,card,L. Herrington,True,yellow,,,,,,,
mls_2026,2026-04-18,,Colorado Rapids,Inter Miami CF,2,3,79,,goal,L. Messi,False,,,,,,,2,3
mls_2026,2026-04-18,,Colorado Rapids,Inter Miami CF,2,3,83,,substitution,,True,,,D. Sealy,P. Aaronson,,,,
mls_2026,2026-04-18,,Colorado Rapids,Inter Miami CF,2,3,86,,card,T. Segovia,False,yellow,,,,,,,
mls_2026,2026-04-18,,Colorado Rapids,Inter Miami CF,2,3,87,,card,Y. Bright,False,red,,,,,,,
mls_2026,2026-04-18,,Colorado Rapids,Inter Miami CF,2,3,90,,period,,,,,,,FT,,2,3
mls_2026,2026-04-18,,Colorado Rapids,Inter Miami CF,2,3,90,6,substitution,,False,,,E. Abadia-Reda,G. Berterame,,,,
mls_2026,2026-04-18,,Colorado Rapids,Inter Miami CF,2,3,90,3,card,J. Travis,True,yellow,,,,,,,
mls_2026,2026-04-18,,Colorado Rapids,Inter Miami CF,2,3,90,2,card,L. Messi,False,yellow,,,,,,,
mls_2026,2026-04-18,,Colorado Rapids,Inter Miami CF,2,3,90,,substitution,,True,,,A. Harris,J. Atencio,,,,
mls_2026,2026-04-18,,Colorado Rapids,Inter Miami CF,2,3,90,,substitution,,False,,,Shaw,T. Segovia,,,,
mls_2026,2026-04-18,,Colorado Rapids,Inter Miami CF,2,3,90,,injuryTime,,,,,,,,7,,
mls_2026,2026-04-18,,FC Cincinnati,Chicago Fire,3,3,11,,card,T. Barlow,True,yellow,,,,,,,
mls_2026,2026-04-18,,FC Cincinnati,Chicago Fire,3,3,26,,goal,H. Cuypers,False,,,,,,,0,1
mls_2026,2026-04-18,,FC Cincinnati,Chicago Fire,3,3,42,,goal,T. Barlow,True,,,,,,,1,1
mls_2026,2026-04-18,,FC Cincinnati,Chicago Fire,3,3,45,,period,,,,,,,HT,,1,2
mls_2026,2026-04-18,,FC Cincinnati,Chicago Fire,3,3,45,5,goal,P. Zinckernagel,False,,,,,,,1,2
mls_2026,2026-04-18,,FC Cincinnati,Chicago Fire,3,3,45,,injuryTime,,,,,,,,3,,
mls_2026,2026-04-18,,FC Cincinnati,Chicago Fire,3,3,46,,substitution,,True,,,T. Hadebe,G. Flores,,,,
mls_2026,2026-04-18,,FC Cincinnati,Chicago Fire,3,3,48,,goal,H. Cuypers,False,,,,,,,1,3
mls_2026,2026-04-18,,FC Cincinnati,Chicago Fire,3,3,64,,substitution,,True,,,A. Powell,M. Robinson,,,,
mls_2026,2026-04-18,,FC Cincinnati,Chicago Fire,3,3,7,,card,S. Gidi,True,yellow,,,,,,,
mls_2026,2026-04-18,,FC Cincinnati,Chicago Fire,3,3,70,,substitution,,True,,,G. Valenzuela,E. Echenique,,,,
mls_2026,2026-04-18,,FC Cincinnati,Chicago Fire,3,3,70,,substitution,,True,,,A. Jabbari,T. Barlow,,,,
mls_2026,2026-04-18,,FC Cincinnati,Chicago Fire,3,3,73,,substitution,,False,,,J. Waterman,P. Zinckernagel,,,,
mls_2026,2026-04-18,,FC Cincinnati,Chicago Fire,3,3,79,,goal,Evander,True,,,,,,,2,3
mls_2026,2026-04-18,,FC Cincinnati,Chicago Fire,3,3,83,,substitution,,False,,,D. Borso,J. Dean,,,,
mls_2026,2026-04-18,,FC Cincinnati,Chicago Fire,3,3,83,,substitution,,False,,,P. Dithejane,R. Lod,,,,
mls_2026,2026-04-18,,FC Cincinnati,Chicago Fire,3,3,85,,substitution,,True,,,K. Smith,K. M. Dem,,,,
mls_2026,2026-04-18,,FC Cincinnati,Chicago Fire,3,3,86,,goal,D. T. D'Avilla,True,,,,,,,3,3
mls_2026,2026-04-18,,FC Cincinnati,Chicago Fire,3,3,90,,period,,,,,,,FT,,3,3
mls_2026,2026-04-18,,FC Cincinnati,Chicago Fire,3,3,90,9,card,M. Mbokazi,False,yellow,,,,,,,
mls_2026,2026-04-18,,FC Cincinnati,Chicago Fire,3,3,90,9,card,J. Elliott,False,yellow,,,,,,,
mls_2026,2026-04-18,,FC Cincinnati,Chicago Fire,3,3,90,4,substitution,,False,,,V. Radojević,M. Haile-Selassie,,,,
mls_2026,2026-04-18,,FC Cincinnati,Chicago Fire,3,3,90,,card,P. Bucha,True,yellow,,,,,,,
mls_2026,2026-04-18,,FC Cincinnati,Chicago Fire,3,3,90,,card,D. Borso,False,yellow,,,,,,,
mls_2026,2026-04-18,,FC Cincinnati,Chicago Fire,3,3,90,,card,B. Ramírez,True,yellow,,,,,,,
mls_2026,2026-04-18,,FC Cincinnati,Chicago Fire,3,3,90,,injuryTime,,,,,,,,10,,
mls_2026,2026-04-18,,New England Revolution,Columbus Crew,2,1,17,,substitution,,True,,,P. Miller,B. Ceballos,,,,
mls_2026,2026-04-18,,New England Revolution,Columbus Crew,2,1,24,,goal,M. Arfsten,False,,,,,,,0,1
mls_2026,2026-04-18,,New England Revolution,Columbus Crew,2,1,45,,period,,,,,,,HT,,0,1
mls_2026,2026-04-18,,New England Revolution,Columbus Crew,2,1,45,,injuryTime,,,,,,,,4,,
mls_2026,2026-04-18,,New England Revolution,Columbus Crew,2,1,54,,goal,D. Turgeman,True,,,,,,,1,1
mls_2026,2026-04-18,,New England Revolution,Columbus Crew,2,1,67,,substitution,,False,,,A. Herrera,H. Picard,,,,
mls_2026,2026-04-18,,New England Revolution,Columbus Crew,2,1,67,,substitution,,False,,,J. Thiaré,D. Gazdag,,,,
mls_2026,2026-04-18,,New England Revolution,Columbus Crew,2,1,71,,card,M. Turner,True,yellow,,,,,,,
mls_2026,2026-04-18,,New England Revolution,Columbus Crew,2,1,71,,card,A. Gomes,False,yellow,,,,,,,
mls_2026,2026-04-18,,New England Revolution,Columbus Crew,2,1,85,,goal,C. Gil,True,,,,,,,2,1
mls_2026,2026-04-18,,New England Revolution,Columbus Crew,2,1,86,,substitution,,True,,,D. Fagúndez,L. Langoni,,,,
mls_2026,2026-04-18,,New England Revolution,Columbus Crew,2,1,87,,substitution,,False,,,S. T. Bangoura,A. Gomes,,,,
mls_2026,2026-04-18,,New England Revolution,Columbus Crew,2,1,87,,card,M. Arfsten,False,yellow,,,,,,,
mls_2026,2026-04-18,,New England Revolution,Columbus Crew,2,1,88,,substitution,,False,,,N. Akhundzade,S. Moreira,,,,
mls_2026,2026-04-18,,New England Revolution,Columbus Crew,2,1,90,,period,,,,,,,FT,,2,1
mls_2026,2026-04-18,,New England Revolution,Columbus Crew,2,1,90,6,card,R. Camacho,False,yellow,,,,,,,
mls_2026,2026-04-18,,New England Revolution,Columbus Crew,2,1,90,4,substitution,,True,,,E. Klein,D. Turgeman,,,,
mls_2026,2026-04-18,,New England Revolution,Columbus Crew,2,1,90,,injuryTime,,,,,,,,10,,
mls_2026,2026-04-18,,New York City FC,Charlotte FC,1,2,17,,card,Raul Gustavo,True,yellow,,,,,,,
mls_2026,2026-04-18,,New York City FC,Charlotte FC,1,2,3,,card,B. Bronico,False,yellow,,,,,,,
mls_2026,2026-04-18,,New York City FC,Charlotte FC,1,2,45,,period,,,,,,,HT,,0,0
mls_2026,2026-04-18,,New York City FC,Charlotte FC,1,2,45,,injuryTime,,,,,,,,1,,
mls_2026,2026-04-18,,New York City FC,Charlotte FC,1,2,46,,substitution,,False,,,A. Privett,T. Ream,,,,
mls_2026,2026-04-18,,New York City FC,Charlotte FC,1,2,54,,goal,I. Toklomati,False,,,,,,,0,1
mls_2026,2026-04-18,,New York City FC,Charlotte FC,1,2,67,,substitution,,True,,,T. Magno,A. Ojeda,,,,
mls_2026,2026-04-18,,New York City FC,Charlotte FC,1,2,68,,card,A. Privett,False,yellow,,,,,,,
mls_2026,2026-04-18,,New York City FC,Charlotte FC,1,2,69,,substitution,,False,,,K. C. Vargas,R. Aloko,,,,
mls_2026,2026-04-18,,New York City FC,Charlotte FC,1,2,77,,substitution,,True,,,K. Parks,Raul Gustavo,,,,
mls_2026,2026-04-18,,New York City FC,Charlotte FC,1,2,77,,substitution,,False,,,L. D. L. Torre,B. Bronico,,,,
mls_2026,2026-04-18,,New York City FC,Charlotte FC,1,2,77,,substitution,,False,,,A. Goodwin,I. Toklomati,,,,
mls_2026,2026-04-18,,New York City FC,Charlotte FC,1,2,81,,card,N. Byrne,False,yellow,,,,,,,
mls_2026,2026-04-18,,New York City FC,Charlotte FC,1,2,84,,card,K. Kahlina,False,yellow,,,,,,,
mls_2026,2026-04-18,,New York City FC,Charlotte FC,1,2,85,,card,K. Parks,True,yellow,,,,,,,
mls_2026,2026-04-18,,New York City FC,Charlotte FC,1,2,86,,substitution,,True,,,S. Garfield-Reid,K. Trewin,,,,
mls_2026,2026-04-18,,New York City FC,Charlotte FC,1,2,90,,period,,,,,,,FT,,1,2
mls_2026,2026-04-18,,New York City FC,Charlotte FC,1,2,90,3,substitution,,False,,,D. Diani,P. Biel,,,,
mls_2026,2026-04-18,,New York City FC,Charlotte FC,1,2,90,3,goal,N. Fernández,True,,,,,,,1,2
mls_2026,2026-04-18,,New York City FC,Charlotte FC,1,2,90,,goal,K. C. Vargas,False,,,,,,,0,2
mls_2026,2026-04-18,,New York City FC,Charlotte FC,1,2,90,,injuryTime,,,,,,,,4,,
mls_2026,2026-04-18,,Orlando City SC,Houston Dynamo,0,1,18,,card,E. Atuesta,True,yellow,,,,,,,
mls_2026,2026-04-18,,Orlando City SC,Houston Dynamo,0,1,28,,card,F. Andrade,False,yellow,,,,,,,
mls_2026,2026-04-18,,Orlando City SC,Houston Dynamo,0,1,45,,period,,,,,,,HT,,0,0
mls_2026,2026-04-18,,Orlando City SC,Houston Dynamo,0,1,45,,injuryTime,,,,,,,,2,,
mls_2026,2026-04-18,,Orlando City SC,Houston Dynamo,0,1,46,,substitution,,False,,,J. Maurer,J. Bond,,,,
mls_2026,2026-04-18,,Orlando City SC,Houston Dynamo,0,1,58,,substitution,,True,,,J. Ellis,T. Spicer,,,,
mls_2026,2026-04-18,,Orlando City SC,Houston Dynamo,0,1,63,,substitution,,False,,,S. Vines,F. Negri,,,,
mls_2026,2026-04-18,,Orlando City SC,Houston Dynamo,0,1,63,,substitution,,False,,,Artur,D. Samassékou,,,,
mls_2026,2026-04-18,,Orlando City SC,Houston Dynamo,0,1,75,,goal,H. Herrera,False,,,,,,,0,1
mls_2026,2026-04-18,,Orlando City SC,Houston Dynamo,0,1,78,,card,J. Maurer,False,yellow,,,,,,,
mls_2026,2026-04-18,,Orlando City SC,Houston Dynamo,0,1,80,,substitution,,False,,,A. Bouzat,H. Herrera,,,,
mls_2026,2026-04-18,,Orlando City SC,Houston Dynamo,0,1,80,,substitution,,True,,,H. Sarajian,Z. Taifi,,,,
mls_2026,2026-04-18,,Orlando City SC,Houston Dynamo,0,1,90,,period,,,,,,,FT,,0,1
mls_2026,2026-04-18,,Orlando City SC,Houston Dynamo,0,1,90,6,card,B. Ojeda,True,yellow,,,,,,,
mls_2026,2026-04-18,,Orlando City SC,Houston Dynamo,0,1,90,,substitution,,False,,,I. Aliyu,L. Ennali,,,,
mls_2026,2026-04-18,,Orlando City SC,Houston Dynamo,0,1,90,,substitution,,True,,,I. Gómez,E. Atuesta,,,,
mls_2026,2026-04-18,,Orlando City SC,Houston Dynamo,0,1,90,,injuryTime,,,,,,,,6,,
mls_2026,2026-04-18,,Philadelphia Union,DC United,0,0,35,,card,T. Baribo,False,yellow,,,,,,,
mls_2026,2026-04-18,,Philadelphia Union,DC United,0,0,37,,card,Peglow,False,yellow,,,,,,,
mls_2026,2026-04-18,,Philadelphia Union,DC United,0,0,45,,period,,,,,,,HT,,0,0
mls_2026,2026-04-18,,Philadelphia Union,DC United,0,0,60,,card,N. Markovic,False,yellow,,,,,,,
mls_2026,2026-04-18,,Philadelphia Union,DC United,0,0,64,,substitution,,True,,,C. Sullivan,I. Vassilev,,,,
mls_2026,2026-04-18,,Philadelphia Union,DC United,0,0,75,,substitution,,False,,,C. Clark,Peglow,,,,
mls_2026,2026-04-18,,Philadelphia Union,DC United,0,0,75,,substitution,,False,,,G. Turner,J. Hopkins,,,,
mls_2026,2026-04-18,,Philadelphia Union,DC United,0,0,76,,substitution,,True,,,D. Jean Jacques,J. Bueno,,,,
mls_2026,2026-04-18,,Philadelphia Union,DC United,0,0,90,,period,,,,,,,FT,,0,0
mls_2026,2026-04-18,,Philadelphia Union,DC United,0,0,90,,injuryTime,,,,,,,,2,,
mls_2026,2026-04-18,,Toronto FC,Austin FC,3,3,11,,card,N. Dubersarsky,False,yellow,,,,,,,
mls_2026,2026-04-18,,Toronto FC,Austin FC,3,3,11,,varDecision,N. Dubersarsky,False,,,,,,,,
mls_2026,2026-04-18,,Toronto FC,Austin FC,3,3,29,,goal,J. Bell,False,,,,,,,0,1
mls_2026,2026-04-18,,Toronto FC,Austin FC,3,3,43,,card,R. Edwards,True,yellow,,,,,,,
mls_2026,2026-04-18,,Toronto FC,Austin FC,3,3,45,,period,,,,,,,HT,,0,1
mls_2026,2026-04-18,,Toronto FC,Austin FC,3,3,45,2,card,Guilherme Biro,False,yellow,,,,,,,
mls_2026,2026-04-18,,Toronto FC,Austin FC,3,3,45,,injuryTime,,,,,,,,6,,
mls_2026,2026-04-18,,Toronto FC,Austin FC,3,3,52,,goal,D. Sallói,True,,,,,,,1,1
mls_2026,2026-04-18,,Toronto FC,Austin FC,3,3,53,,card,J. Cifuentes,True,yellow,,,,,,,
mls_2026,2026-04-18,,Toronto FC,Austin FC,3,3,57,,substitution,,False,,,R. Taylor,J. Nelson,,,,
mls_2026,2026-04-18,,Toronto FC,Austin FC,3,3,62,,substitution,,True,,,L. Stefanovic,R. Edwards,,,,
mls_2026,2026-04-18,,Toronto FC,Austin FC,3,3,62,,substitution,,True,,,M. Henry,D. Etienne,,,,
mls_2026,2026-04-18,,Toronto FC,Austin FC,3,3,67,,goal,R. Laryea,True,,,,,,,2,1
mls_2026,2026-04-18,,Toronto FC,Austin FC,3,3,71,,substitution,,False,,,C. Ramirez,M. Desler,,,,
mls_2026,2026-04-18,,Toronto FC,Austin FC,3,3,71,,substitution,,False,,,B. Sabović,N. Dubersarsky,,,,
mls_2026,2026-04-18,,Toronto FC,Austin FC,3,3,78,,goal,F. Torres,False,,,,,,,2,2
mls_2026,2026-04-18,,Toronto FC,Austin FC,3,3,79,,card,L. Stefanovic,True,yellow,,,,,,,
mls_2026,2026-04-18,,Toronto FC,Austin FC,3,3,82,,goal,C. Ramirez,False,,,,,,,2,3
mls_2026,2026-04-18,,Toronto FC,Austin FC,3,3,88,,goal,K. Franklin,True,,,,,,,3,3
mls_2026,2026-04-18,,Toronto FC,Austin FC,3,3,89,,card,A. Coello,True,yellow,,,,,,,
mls_2026,2026-04-18,,Toronto FC,Austin FC,3,3,90,,period,,,,,,,FT,,3,3
mls_2026,2026-04-18,,Toronto FC,Austin FC,3,3,90,10,card,E. Aristizábal,True,yellow,,,,,,,
mls_2026,2026-04-18,,Toronto FC,Austin FC,3,3,90,4,substitution,,True,,,E. Aristizábal,J. Cifuentes,,,,
mls_2026,2026-04-18,,Toronto FC,Austin FC,3,3,90,4,substitution,,False,,,C. Fodrey,M. Uzuni,,,,
mls_2026,2026-04-18,,Toronto FC,Austin FC,3,3,90,3,substitution,,False,,,I. Sánchez,J. Rosales,,,,
mls_2026,2026-04-18,,Toronto FC,Austin FC,3,3,90,,injuryTime,,,,,,,,10,,
mls_2026,2026-04-18,,Vancouver Whitecaps,Sporting Kansas City,3,0,13,,goal,E. Sabbi,True,,,,,,,1,0
mls_2026,2026-04-18,,Vancouver Whitecaps,Sporting Kansas City,3,0,23,,goal,B. Quiñonez,True,,,,,,,2,0
mls_2026,2026-04-18,,Vancouver Whitecaps,Sporting Kansas City,3,0,28,,goal,T. Müller,True,,,,,,,3,0
mls_2026,2026-04-18,,Vancouver Whitecaps,Sporting Kansas City,3,0,32,,card,C. Harris,False,yellow,,,,,,,
mls_2026,2026-04-18,,Vancouver Whitecaps,Sporting Kansas City,3,0,45,,period,,,,,,,HT,,3,0
mls_2026,2026-04-18,,Vancouver Whitecaps,Sporting Kansas City,3,0,45,,injuryTime,,,,,,,,6,,
mls_2026,2026-04-18,,Vancouver Whitecaps,Sporting Kansas City,3,0,51,,substitution,,False,,,I. James,J. Reynolds,,,,
mls_2026,2026-04-18,,Vancouver Whitecaps,Sporting Kansas City,3,0,51,,substitution,,False,,,L. B. Johnsen,M. Tschantret,,,,
mls_2026,2026-04-18,,Vancouver Whitecaps,Sporting Kansas City,3,0,64,,substitution,,True,,,K. Cabrera,B. Quiñonez,,,,
mls_2026,2026-04-18,,Vancouver Whitecaps,Sporting Kansas City,3,0,66,,card,D. Borges,False,yellow,,,,,,,
mls_2026,2026-04-18,,Vancouver Whitecaps,Sporting Kansas City,3,0,69,,card,S. Berhalter,True,yellow,,,,,,,
mls_2026,2026-04-18,,Vancouver Whitecaps,Sporting Kansas City,3,0,70,,substitution,,False,,,J. Miller,D. Borges,,,,
mls_2026,2026-04-18,,Vancouver Whitecaps,Sporting Kansas City,3,0,71,,substitution,,False,,,S. Afrifa,C. Harris,,,,
mls_2026,2026-04-18,,Vancouver Whitecaps,Sporting Kansas City,3,0,74,,substitution,,True,,,R. Elloumi,B. White,,,,
mls_2026,2026-04-18,,Vancouver Whitecaps,Sporting Kansas City,3,0,74,,substitution,,True,,,O. Larraz,S. Berhalter,,,,
mls_2026,2026-04-18,,Vancouver Whitecaps,Sporting Kansas City,3,0,81,,substitution,,True,,,C. T. Sabaly,E. Sabbi,,,,
mls_2026,2026-04-18,,Vancouver Whitecaps,Sporting Kansas City,3,0,82,,substitution,,True,,,N. Djordjevic,É. Ocampo,,,,
mls_2026,2026-04-18,,Vancouver Whitecaps,Sporting Kansas City,3,0,87,,substitution,,False,,,S. Suleymanov,Capita,,,,
mls_2026,2026-04-18,,Vancouver Whitecaps,Sporting Kansas City,3,0,90,,period,,,,,,,FT,,3,0
mls_2026,2026-04-18,,Vancouver Whitecaps,Sporting Kansas City,3,0,90,,injuryTime,,,,,,,,5,,
mls_2026,2026-04-19,,FC Dallas,LA Galaxy,2,2,28,,card,S. Ibeagha,True,yellow,,,,,,,
mls_2026,2026-04-19,,FC Dallas,LA Galaxy,2,2,38,,goal,P. Musa,True,,,,,,,2,0
mls_2026,2026-04-19,,FC Dallas,LA Galaxy,2,2,43,,goal,L. Sanabria,False,,,,,,,2,1
mls_2026,2026-04-19,,FC Dallas,LA Galaxy,2,2,45,,period,,,,,,,HT,,2,2
mls_2026,2026-04-19,,FC Dallas,LA Galaxy,2,2,45,3,goal,J. Paintsil,False,,,,,,,2,2
mls_2026,2026-04-19,,FC Dallas,LA Galaxy,2,2,45,,injuryTime,,,,,,,,5,,
mls_2026,2026-04-19,,FC Dallas,LA Galaxy,2,2,54,,substitution,,False,,,M. Reus,J. Klauss,,,,
mls_2026,2026-04-19,,FC Dallas,LA Galaxy,2,2,66,,substitution,,True,,,S. Moreno,L. Farrington,,,,
mls_2026,2026-04-19,,FC Dallas,LA Galaxy,2,2,7,,goal,P. Musa,True,,,,,,,1,0
mls_2026,2026-04-19,,FC Dallas,LA Galaxy,2,2,73,,substitution,,False,,,H. Miller,J. Paintsil,,,,
mls_2026,2026-04-19,,FC Dallas,LA Galaxy,2,2,80,,substitution,,False,,,E. Wynder,C. Garcés,,,,
mls_2026,2026-04-19,,FC Dallas,LA Galaxy,2,2,81,,substitution,,True,,,R. Binyamin,L. D. Deedson,,,,
mls_2026,2026-04-19,,FC Dallas,LA Galaxy,2,2,81,,substitution,,True,,,N. Norris,S. Ibeagha,,,,
mls_2026,2026-04-19,,FC Dallas,LA Galaxy,2,2,82,,card,H. Johansson,True,yellow,,,,,,,
mls_2026,2026-04-19,,FC Dallas,LA Galaxy,2,2,90,,period,,,,,,,FT,,2,2
mls_2026,2026-04-19,,FC Dallas,LA Galaxy,2,2,90,2,substitution,,True,,,N. Simmonds,J. Valiente,,,,
mls_2026,2026-04-19,,FC Dallas,LA Galaxy,2,2,90,2,substitution,,True,,,S. Sarver,H. Johansson,,,,
mls_2026,2026-04-19,,FC Dallas,LA Galaxy,2,2,90,,injuryTime,,,,,,,,8,,
mls_2026,2026-04-19,,Los Angeles FC,San Jose Earthquakes,1,4,23,,card,T. Tillman,True,yellow,,,,,,,
mls_2026,2026-04-19,,Los Angeles FC,San Jose Earthquakes,1,4,45,,period,,,,,,,HT,,0,0
mls_2026,2026-04-19,,Los Angeles FC,San Jose Earthquakes,1,4,51,,card,B. Leroux,False,yellow,,,,,,,
mls_2026,2026-04-19,,Los Angeles FC,San Jose Earthquakes,1,4,53,,goal,O. Bouda,False,,,,,,,0,1
mls_2026,2026-04-19,,Los Angeles FC,San Jose Earthquakes,1,4,56,,goal,T. Werner,False,,,,,,,0,2
mls_2026,2026-04-19,,Los Angeles FC,San Jose Earthquakes,1,4,57,,card,R. Porteous,True,yellow,,,,,,,
mls_2026,2026-04-19,,Los Angeles FC,San Jose Earthquakes,1,4,58,,goal,R. Porteous,False,,,,,,,0,3
mls_2026,2026-04-19,,Los Angeles FC,San Jose Earthquakes,1,4,60,,substitution,,True,,,R. Hollingshead,E. Segura,,,,
mls_2026,2026-04-19,,Los Angeles FC,San Jose Earthquakes,1,4,60,,substitution,,True,,,J. Ebobisse,T. Tillman,,,,
mls_2026,2026-04-19,,Los Angeles FC,San Jose Earthquakes,1,4,60,,substitution,,True,,,J. Shaffelburg,D. M. Morales,,,,
mls_2026,2026-04-19,,Los Angeles FC,San Jose Earthquakes,1,4,61,,card,R. Roberts,False,yellow,,,,,,,
mls_2026,2026-04-19,,Los Angeles FC,San Jose Earthquakes,1,4,62,,card,D. Bouanga,True,yellow,,,,,,,
mls_2026,2026-04-19,,Los Angeles FC,San Jose Earthquakes,1,4,69,,substitution,,False,,,D. Romney,J. Ricketts,,,,
mls_2026,2026-04-19,,Los Angeles FC,San Jose Earthquakes,1,4,74,,goal,R. Roberts,True,,,,,,,1,3
mls_2026,2026-04-19,,Los Angeles FC,San Jose Earthquakes,1,4,76,,substitution,,False,,,J. Skahan,T. Werner,,,,
mls_2026,2026-04-19,,Los Angeles FC,San Jose Earthquakes,1,4,76,,substitution,,False,,,I. Harkes,B. Leroux,,,,
mls_2026,2026-04-19,,Los Angeles FC,San Jose Earthquakes,1,4,80,,goal,O. Bouda,False,,,,,,,1,4
mls_2026,2026-04-19,,Los Angeles FC,San Jose Earthquakes,1,4,81,,substitution,,True,,,R. Raposo,S. Palencia,,,,
mls_2026,2026-04-19,,Los Angeles FC,San Jose Earthquakes,1,4,86,,substitution,,False,,,N. Fernandez,P. Judd,,,,
mls_2026,2026-04-19,,Los Angeles FC,San Jose Earthquakes,1,4,86,,substitution,,False,,,J. Gonzalez,R. Vieira,,,,
mls_2026,2026-04-19,,Los Angeles FC,San Jose Earthquakes,1,4,89,,card,I. Harkes,False,yellow,,,,,,,
mls_2026,2026-04-19,,Los Angeles FC,San Jose Earthquakes,1,4,90,,period,,,,,,,FT,,1,4
mls_2026,2026-04-19,,Los Angeles FC,San Jose Earthquakes,1,4,90,,injuryTime,,,,,,,,8,,
mls_2026,2026-04-19,,Minnesota United,Portland Timbers,2,0,16,,goal,T. Chancalay,True,,,,,,,1,0
mls_2026,2026-04-19,,Minnesota United,Portland Timbers,2,0,26,,card,T. Chancalay,True,yellow,,,,,,,
mls_2026,2026-04-19,,Minnesota United,Portland Timbers,2,0,45,,period,,,,,,,HT,,1,0
mls_2026,2026-04-19,,Minnesota United,Portland Timbers,2,0,45,,injuryTime,,,,,,,,2,,
mls_2026,2026-04-19,,Minnesota United,Portland Timbers,2,0,55,,substitution,,False,,,K. Kelsy,F. Mora,,,,
mls_2026,2026-04-19,,Minnesota United,Portland Timbers,2,0,60,,goal,K. Yeboah,True,,,,,,,2,0
mls_2026,2026-04-19,,Minnesota United,Portland Timbers,2,0,66,,substitution,,True,,,D. Padelford,N. Romero,,,,
mls_2026,2026-04-19,,Minnesota United,Portland Timbers,2,0,66,,substitution,,False,,,A. Aravena,A. Alves,,,,
mls_2026,2026-04-19,,Minnesota United,Portland Timbers,2,0,73,,card,N. Triantis,True,yellow,,,,,,,
mls_2026,2026-04-19,,Minnesota United,Portland Timbers,2,0,74,,substitution,,True,,,M. González,T. Chancalay,,,,
mls_2026,2026-04-19,,Minnesota United,Portland Timbers,2,0,74,,substitution,,True,,,W. Trapp,O. Gene,,,,
mls_2026,2026-04-19,,Minnesota United,Portland Timbers,2,0,80,,substitution,,False,,,A. Lassiter,A. Bonetig,,,,
mls_2026,2026-04-19,,Minnesota United,Portland Timbers,2,0,90,,period,,,,,,,FT,,2,0
mls_2026,2026-04-19,,Minnesota United,Portland Timbers,2,0,90,,substitution,,True,,,M. Dieng,K. Yeboah,,,,
mls_2026,2026-04-19,,Minnesota United,Portland Timbers,2,0,90,,substitution,,True,,,J. Rodríguez,J. Pereyra,,,,
mls_2026,2026-04-19,,Minnesota United,Portland Timbers,2,0,90,,injuryTime,,,,,,,,4,,
mls_2026,2026-04-19,,Real Salt Lake,San Diego FC,4,2,14,,goal,M. Ingvartsen,False,,,,,,,2,1
mls_2026,2026-04-19,,Real Salt Lake,San Diego FC,4,2,37,,goal,S. Solans,True,,,,,,,3,1
mls_2026,2026-04-19,,Real Salt Lake,San Diego FC,4,2,4,,goal,D. Luna,True,,,,,,,1,0
mls_2026,2026-04-19,,Real Salt Lake,San Diego FC,4,2,45,,period,,,,,,,HT,,4,1
mls_2026,2026-04-19,,Real Salt Lake,San Diego FC,4,2,45,5,card,B. Duke,False,yellow,,,,,,,
mls_2026,2026-04-19,,Real Salt Lake,San Diego FC,4,2,45,,goal,M. Guilavogui,True,,,,,,,4,1
mls_2026,2026-04-19,,Real Salt Lake,San Diego FC,4,2,45,,injuryTime,,,,,,,,4,,
mls_2026,2026-04-19,,Real Salt Lake,San Diego FC,4,2,46,,substitution,,False,,,A. Mighten,B. Duke,,,,
mls_2026,2026-04-19,,Real Salt Lake,San Diego FC,4,2,46,,substitution,,False,,,P. Soma,A. Godoy,,,,
mls_2026,2026-04-19,,Real Salt Lake,San Diego FC,4,2,51,,card,M. Guilavogui,True,yellow,,,,,,,
mls_2026,2026-04-19,,Real Salt Lake,San Diego FC,4,2,6,,goal,S. Solans,True,,,,,,,2,0
mls_2026,2026-04-19,,Real Salt Lake,San Diego FC,4,2,66,,substitution,,False,,,B. Zamblé,M. Ingvartsen,,,,
mls_2026,2026-04-19,,Real Salt Lake,San Diego FC,4,2,66,,substitution,,False,,,D. Vazquez,O. Valakari,,,,
mls_2026,2026-04-19,,Real Salt Lake,San Diego FC,4,2,66,,goal,A. Dreyer,False,,,,,,,4,2
mls_2026,2026-04-19,,Real Salt Lake,San Diego FC,4,2,70,,substitution,,True,,,S. Junqua,D. Yedlin,,,,
mls_2026,2026-04-19,,Real Salt Lake,San Diego FC,4,2,70,,substitution,,True,,,A. Hezarkhani,D. Luna,,,,
mls_2026,2026-04-19,,Real Salt Lake,San Diego FC,4,2,77,,substitution,,True,,,G. Dillon,S. Spierings,,,,
mls_2026,2026-04-19,,Real Salt Lake,San Diego FC,4,2,77,,substitution,,True,,,V. Olatunji,S. Solans,,,,
mls_2026,2026-04-19,,Real Salt Lake,San Diego FC,4,2,82,,substitution,,True,,,Z. Booth,M. Guilavogui,,,,
mls_2026,2026-04-19,,Real Salt Lake,San Diego FC,4,2,84,,substitution,,False,,,A. Pellegrino,L. Morgan,,,,
mls_2026,2026-04-19,,Real Salt Lake,San Diego FC,4,2,90,,period,,,,,,,FT,,4,2
mls_2026,2026-04-19,,Real Salt Lake,San Diego FC,4,2,90,,injuryTime,,,,,,,,7,,
mls_2026,2026-04-19,,Seattle Sounders FC,St.Louis City,4,1,22,,goal,C. Roldán,True,,,,,,,1,0
mls_2026,2026-04-19,,Seattle Sounders FC,St.Louis City,4,1,37,,goal,C. Roldán,True,,,,,,,2,0
mls_2026,2026-04-19,,Seattle Sounders FC,St.Louis City,4,1,45,,period,,,,,,,HT,,2,0
mls_2026,2026-04-19,,Seattle Sounders FC,St.Louis City,4,1,45,,injuryTime,,,,,,,,2,,
mls_2026,2026-04-19,,Seattle Sounders FC,St.Louis City,4,1,46,,substitution,,True,,,P. Rothrock,P. Arriola,,,,
mls_2026,2026-04-19,,Seattle Sounders FC,St.Louis City,4,1,49,,goal,A. Rusnák,True,,,,,,,3,0
mls_2026,2026-04-19,,Seattle Sounders FC,St.Louis City,4,1,53,,substitution,,True,,,J. Morris,H. Dotson,,,,
mls_2026,2026-04-19,,Seattle Sounders FC,St.Louis City,4,1,53,,substitution,,True,,,J. Ferreira,A. Rusnák,,,,
mls_2026,2026-04-19,,Seattle Sounders FC,St.Louis City,4,1,60,,substitution,,True,,,P. Kingston,A. Roldán,,,,
mls_2026,2026-04-19,,Seattle Sounders FC,St.Louis City,4,1,62,,substitution,,False,,,T. Totland,R. Santos,,,,
mls_2026,2026-04-19,,Seattle Sounders FC,St.Louis City,4,1,62,,substitution,,False,,,J. Sang-bin,C. Teuchert,,,,
mls_2026,2026-04-19,,Seattle Sounders FC,St.Louis City,4,1,62,,substitution,,False,,,S. Córdova,S. Becher,,,,
mls_2026,2026-04-19,,Seattle Sounders FC,St.Louis City,4,1,80,,substitution,,True,,,O. D. Rosario,D. Musovski,,,,
mls_2026,2026-04-19,,Seattle Sounders FC,St.Louis City,4,1,81,,substitution,,False,,,B. McSorley,C. Wallem,,,,
mls_2026,2026-04-19,,Seattle Sounders FC,St.Louis City,4,1,86,,goal,O. D. Rosario,True,,,,,,,4,0
mls_2026,2026-04-19,,Seattle Sounders FC,St.Louis City,4,1,89,,substitution,,False,,,E. Löwen,M. Hartel,,,,
mls_2026,2026-04-19,,Seattle Sounders FC,St.Louis City,4,1,90,,period,,,,,,,FT,,4,1
mls_2026,2026-04-19,,Seattle Sounders FC,St.Louis City,4,1,90,2,goal,E. Löwen,False,,,,,,,4,1
mls_2026,2026-04-19,,Seattle Sounders FC,St.Louis City,4,1,90,,injuryTime,,,,,,,,6,,
mls_2026,2026-04-22,,Atlanta United,New England Revolution,1,2,23,,varDecision,A. Yusuf,False,,,,,,,,
mls_2026,2026-04-22,,Atlanta United,New England Revolution,1,2,38,,goal,F. Picault,True,,,,,,,1,0
mls_2026,2026-04-22,,Atlanta United,New England Revolution,1,2,44,,card,M. Galarza,True,yellow,,,,,,,
mls_2026,2026-04-22,,Atlanta United,New England Revolution,1,2,45,,period,,,,,,,HT,,1,0
mls_2026,2026-04-22,,Atlanta United,New England Revolution,1,2,45,,injuryTime,,,,,,,,8,,
mls_2026,2026-04-22,,Atlanta United,New England Revolution,1,2,47,,card,M. Edwards,True,yellow,,,,,,,
mls_2026,2026-04-22,,Atlanta United,New England Revolution,1,2,60,,substitution,,False,,,D. Fagúndez,G. Yow,,,,
mls_2026,2026-04-22,,Atlanta United,New England Revolution,1,2,66,,substitution,,False,,,P. Miller,L. Langoni,,,,
mls_2026,2026-04-22,,Atlanta United,New England Revolution,1,2,73,,goal,W. Sands,False,,,,,,,1,1
mls_2026,2026-04-22,,Atlanta United,New England Revolution,1,2,78,,goal,P. Miller,False,,,,,,,1,2
mls_2026,2026-04-22,,Atlanta United,New England Revolution,1,2,79,,substitution,,True,,,C. Togashi,F. Picault,,,,
mls_2026,2026-04-22,,Atlanta United,New England Revolution,1,2,79,,substitution,,True,,,L. Brennan,S. Lobzhanidze,,,,
mls_2026,2026-04-22,,Atlanta United,New England Revolution,1,2,79,,substitution,,True,,,A. Fortune,C. Sanchez,,,,
mls_2026,2026-04-22,,Atlanta United,New England Revolution,1,2,79,,substitution,,True,,,T. Muyumba,M. Galarza,,,,
mls_2026,2026-04-22,,Atlanta United,New England Revolution,1,2,87,,card,B. Raines,False,yellow,,,,,,,
mls_2026,2026-04-22,,Atlanta United,New England Revolution,1,2,88,,substitution,,True,,,E. L. Lath,W. Reilly,,,,
mls_2026,2026-04-22,,Atlanta United,New England Revolution,1,2,89,,substitution,,False,,,E. Klein,D. Turgeman,,,,
mls_2026,2026-04-22,,Atlanta United,New England Revolution,1,2,90,,period,,,,,,,Second half,,1,2
mls_2026,2026-04-22,,Atlanta United,New England Revolution,1,2,90,,card,C. Gil,False,yellow,,,,,,,
mls_2026,2026-04-22,,Atlanta United,New England Revolution,1,2,90,,injuryTime,,,,,,,,3,,
mls_2026,2026-04-22,,Columbus Crew,LA Galaxy,2,1,22,,substitution,,False,,,J. Nelson,J. Aude,,,,
mls_2026,2026-04-22,,Columbus Crew,LA Galaxy,2,1,40,,goal,D. Gazdag,True,,,,,,,1,0
mls_2026,2026-04-22,,Columbus Crew,LA Galaxy,2,1,45,,period,,,,,,,HT,,1,0
mls_2026,2026-04-22,,Columbus Crew,LA Galaxy,2,1,45,,card,G. Pec,False,yellow,,,,,,,
mls_2026,2026-04-22,,Columbus Crew,LA Galaxy,2,1,45,,injuryTime,,,,,,,,8,,
mls_2026,2026-04-22,,Columbus Crew,LA Galaxy,2,1,47,,goal,D. Rossi,True,,,,,,,2,0
mls_2026,2026-04-22,,Columbus Crew,LA Galaxy,2,1,62,,substitution,,False,,,C. Garcés,M. Yoshida,,,,
mls_2026,2026-04-22,,Columbus Crew,LA Galaxy,2,1,62,,substitution,,False,,,J. Paintsil,E. Wynder,,,,
mls_2026,2026-04-22,,Columbus Crew,LA Galaxy,2,1,62,,substitution,,False,,,H. Miller,R. Ramos,,,,
mls_2026,2026-04-22,,Columbus Crew,LA Galaxy,2,1,73,,substitution,,True,,,S. T. Bangoura,D. Gazdag,,,,
mls_2026,2026-04-22,,Columbus Crew,LA Galaxy,2,1,73,,substitution,,True,,,M. Herrera,H. Picard,,,,
mls_2026,2026-04-22,,Columbus Crew,LA Galaxy,2,1,77,,substitution,,False,,,I. Parente,E. Cerrillo,,,,
mls_2026,2026-04-22,,Columbus Crew,LA Galaxy,2,1,86,,goal,G. Pec,False,,,,,,,2,1
mls_2026,2026-04-22,,Columbus Crew,LA Galaxy,2,1,88,,substitution,,True,,,J. Thiare,D. Rossi,,,,
mls_2026,2026-04-22,,Columbus Crew,LA Galaxy,2,1,90,,period,,,,,,,Second half,,2,1
mls_2026,2026-04-22,,Columbus Crew,LA Galaxy,2,1,90,,injuryTime,,,,,,,,4,,
mls_2026,2026-04-22,,New York City FC,FC Cincinnati,4,4,20,,goal,N. Fernández,True,,,,,,,1,0
mls_2026,2026-04-22,,New York City FC,FC Cincinnati,4,4,23,,substitution,,False,,,A. Powell,T. L. Hadebe,,,,
mls_2026,2026-04-22,,New York City FC,FC Cincinnati,4,4,32,,goal,K. Denkey,False,,,,,,,1,1
mls_2026,2026-04-22,,New York City FC,FC Cincinnati,4,4,35,,goal,N. Fernández,True,,,,,,,2,1
mls_2026,2026-04-22,,New York City FC,FC Cincinnati,4,4,45,,period,,,,,,,HT,,2,1
mls_2026,2026-04-22,,New York City FC,FC Cincinnati,4,4,45,,injuryTime,,,,,,,,4,,
mls_2026,2026-04-22,,New York City FC,FC Cincinnati,4,4,46,,substitution,,False,,,A. Chirila,A. Powell,,,,
mls_2026,2026-04-22,,New York City FC,FC Cincinnati,4,4,50,,card,G. Flores,False,yellow,,,,,,,
mls_2026,2026-04-22,,New York City FC,FC Cincinnati,4,4,53,,goal,A. Ojeda,True,,,,,,,3,1
mls_2026,2026-04-22,,New York City FC,FC Cincinnati,4,4,59,,varDecision,Evander,False,,,,,,,,
mls_2026,2026-04-22,,New York City FC,FC Cincinnati,4,4,60,,substitution,,False,,,T. Anunga,G. Flores,,,,
mls_2026,2026-04-22,,New York City FC,FC Cincinnati,4,4,60,,substitution,,False,,,G. Valenzuela,E. Echenique,,,,
mls_2026,2026-04-22,,New York City FC,FC Cincinnati,4,4,65,,goal,K. Denkey,False,,,,,,,3,2
mls_2026,2026-04-22,,New York City FC,FC Cincinnati,4,4,71,,card,K. Smith,False,yellow,,,,,,,
mls_2026,2026-04-22,,New York City FC,FC Cincinnati,4,4,72,,substitution,,True,,,K. Parks,H. Wolf,,,,
mls_2026,2026-04-22,,New York City FC,FC Cincinnati,4,4,72,,substitution,,True,,,T. Magno,M. Moralez,,,,
mls_2026,2026-04-22,,New York City FC,FC Cincinnati,4,4,79,,goal,T. Magno,True,,,,,,,4,2
mls_2026,2026-04-22,,New York City FC,FC Cincinnati,4,4,83,,substitution,,False,,,A. Jabbari,T. Barlow,,,,
mls_2026,2026-04-22,,New York City FC,FC Cincinnati,4,4,84,,substitution,,True,,,J. Shore,A. Ojeda,,,,
mls_2026,2026-04-22,,New York City FC,FC Cincinnati,4,4,84,,substitution,,True,,,A. Farnos,N. Fernández,,,,
mls_2026,2026-04-22,,New York City FC,FC Cincinnati,4,4,90,,period,,,,,,,Second half,,4,4
mls_2026,2026-04-22,,New York City FC,FC Cincinnati,4,4,90,,card,T. Anunga,False,yellow,,,,,,,
mls_2026,2026-04-22,,New York City FC,FC Cincinnati,4,4,90,,goal,Evander,False,,,,,,,4,4
mls_2026,2026-04-22,,New York City FC,FC Cincinnati,4,4,90,,goal,A. Chirila,False,,,,,,,4,3
mls_2026,2026-04-22,,New York City FC,FC Cincinnati,4,4,90,,substitution,,True,,,S. Tanasijević,T. Gray,,,,
mls_2026,2026-04-22,,New York City FC,FC Cincinnati,4,4,90,,injuryTime,,,,,,,,7,,
mls_2026,2026-04-22,,New York Red Bulls,DC United,4,4,15,,goal,J. Hall,True,,,,,,,1,0
mls_2026,2026-04-22,,New York Red Bulls,DC United,4,4,21,,goal,R. Donkor,True,,,,,,,2,0
mls_2026,2026-04-22,,New York Red Bulls,DC United,4,4,37,,goal,T. Baribo,False,,,,,,,2,1
mls_2026,2026-04-22,,New York Red Bulls,DC United,4,4,45,,period,,,,,,,HT,,2,1
mls_2026,2026-04-22,,New York Red Bulls,DC United,4,4,45,,injuryTime,,,,,,,,5,,
mls_2026,2026-04-22,,New York Red Bulls,DC United,4,4,46,,substitution,,True,,,J. M. Bungi,M. D. Santos,,,,
mls_2026,2026-04-22,,New York Red Bulls,DC United,4,4,50,,card,A. Mehmeti,True,yellow,,,,,,,
mls_2026,2026-04-22,,New York Red Bulls,DC United,4,4,52,,goal,J. Ruvalcaba,True,,,,,,,3,1
mls_2026,2026-04-22,,New York Red Bulls,DC United,4,4,54,,goal,J. Hopkins,False,,,,,,,3,2
mls_2026,2026-04-22,,New York Red Bulls,DC United,4,4,59,,goal,T. Baribo,False,,,,,,,3,3
mls_2026,2026-04-22,,New York Red Bulls,DC United,4,4,65,,substitution,,True,,,G. Berggren,A. Mehmeti,,,,
mls_2026,2026-04-22,,New York Red Bulls,DC United,4,4,65,,substitution,,True,,,M. Sofo,R. Mosquera,,,,
mls_2026,2026-04-22,,New York Red Bulls,DC United,4,4,71,,goal,J. Ruvalcaba,True,,,,,,,4,3
mls_2026,2026-04-22,,New York Red Bulls,DC United,4,4,77,,substitution,,False,,,C. Clark,A. Herrera,,,,
mls_2026,2026-04-22,,New York Red Bulls,DC United,4,4,80,,substitution,,True,,,E. M. Choupo-Moting,J. Ruvalcaba,,,,
mls_2026,2026-04-22,,New York Red Bulls,DC United,4,4,80,,goal,T. Baribo,False,,,,,,,4,4
mls_2026,2026-04-22,,New York Red Bulls,DC United,4,4,81,,substitution,,False,,,N. Markovic,B. Servania,,,,
mls_2026,2026-04-22,,New York Red Bulls,DC United,4,4,81,,substitution,,False,,,J. Murrell,J. Hopkins,,,,
mls_2026,2026-04-22,,New York Red Bulls,DC United,4,4,86,,card,M. Peltola,False,yellow,,,,,,,
mls_2026,2026-04-22,,New York Red Bulls,DC United,4,4,90,,period,,,,,,,FT,,4,4
mls_2026,2026-04-22,,New York Red Bulls,DC United,4,4,90,3,substitution,,False,,,J. Stroud,Peglow,,,,
mls_2026,2026-04-22,,New York Red Bulls,DC United,4,4,90,,card,C. Clark,False,yellow,,,,,,,
mls_2026,2026-04-22,,New York Red Bulls,DC United,4,4,90,,injuryTime,,,,,,,,6,,
mls_2026,2026-04-22,,Orlando City SC,Charlotte FC,4,1,21,,goal,L. Otávio,True,,,,,,,1,0
mls_2026,2026-04-22,,Orlando City SC,Charlotte FC,4,1,24,,card,I. Angulo,True,yellow,,,,,,,
mls_2026,2026-04-22,,Orlando City SC,Charlotte FC,4,1,33,,goal,A. Morrison,False,,,,,,,1,1
mls_2026,2026-04-22,,Orlando City SC,Charlotte FC,4,1,41,,card,L. Otávio,True,yellow,,,,,,,
mls_2026,2026-04-22,,Orlando City SC,Charlotte FC,4,1,41,,card,A. Westwood,False,yellow,,,,,,,
mls_2026,2026-04-22,,Orlando City SC,Charlotte FC,4,1,45,,period,,,,,,,HT,,1,1
mls_2026,2026-04-22,,Orlando City SC,Charlotte FC,4,1,45,,card,M. Ojeda,True,yellow,,,,,,,
mls_2026,2026-04-22,,Orlando City SC,Charlotte FC,4,1,45,,injuryTime,,,,,,,,4,,
mls_2026,2026-04-22,,Orlando City SC,Charlotte FC,4,1,49,,goal,M. Ojeda,True,,,,,,,2,1
mls_2026,2026-04-22,,Orlando City SC,Charlotte FC,4,1,59,,card,H. Toffolo,False,yellow,,,,,,,
mls_2026,2026-04-22,,Orlando City SC,Charlotte FC,4,1,61,,goal,M. Ojeda,True,,,,,,,3,1
mls_2026,2026-04-22,,Orlando City SC,Charlotte FC,4,1,65,,card,T. Souza,True,yellow,,,,,,,
mls_2026,2026-04-22,,Orlando City SC,Charlotte FC,4,1,73,,substitution,,False,,,B. Bronico,L. D. L. Torre,,,,
mls_2026,2026-04-22,,Orlando City SC,Charlotte FC,4,1,73,,substitution,,False,,,K. C. Vargas,R. Aloko,,,,
mls_2026,2026-04-22,,Orlando City SC,Charlotte FC,4,1,73,,substitution,,False,,,A. Goodwin,I. Toklomati Jorno,,,,
mls_2026,2026-04-22,,Orlando City SC,Charlotte FC,4,1,74,,substitution,,True,,,T. Reid-Brown,T. Souza,,,,
mls_2026,2026-04-22,,Orlando City SC,Charlotte FC,4,1,78,,substitution,,True,,,I. Gómez,Z. Taifi,,,,
mls_2026,2026-04-22,,Orlando City SC,Charlotte FC,4,1,79,,card,I. Gómez,True,yellow,,,,,,,
mls_2026,2026-04-22,,Orlando City SC,Charlotte FC,4,1,80,,substitution,,False,,,D. Diani,A. Westwood,,,,
mls_2026,2026-04-22,,Orlando City SC,Charlotte FC,4,1,80,,substitution,,False,,,D. Schnegg,H. Toffolo,,,,
mls_2026,2026-04-22,,Orlando City SC,Charlotte FC,4,1,87,,goal,I. Gómez,True,,,,,,,4,1
mls_2026,2026-04-22,,Orlando City SC,Charlotte FC,4,1,90,,period,,,,,,,Second half,,4,1
mls_2026,2026-04-22,,Orlando City SC,Charlotte FC,4,1,90,,substitution,,True,,,H. Sarajian,I. Angulo,,,,
mls_2026,2026-04-22,,Orlando City SC,Charlotte FC,4,1,90,,substitution,,True,,,B. Rhein,J. Ellis,,,,
mls_2026,2026-04-22,,Orlando City SC,Charlotte FC,4,1,90,,substitution,,True,,,C. Guske,L. Otávio,,,,
mls_2026,2026-04-22,,Orlando City SC,Charlotte FC,4,1,90,,injuryTime,,,,,,,,5,,
mls_2026,2026-04-22,,Toronto FC,Philadelphia Union,3,3,16,,card,D. Sallói,True,yellow,,,,,,,
mls_2026,2026-04-22,,Toronto FC,Philadelphia Union,3,3,45,,period,,,,,,,HT,,0,1
mls_2026,2026-04-22,,Toronto FC,Philadelphia Union,3,3,45,,goal,M. Iloski,False,,,,,,,0,1
mls_2026,2026-04-22,,Toronto FC,Philadelphia Union,3,3,45,,injuryTime,,,,,,,,5,,
mls_2026,2026-04-22,,Toronto FC,Philadelphia Union,3,3,46,,card,A. Coello,True,yellow,,,,,,,
mls_2026,2026-04-22,,Toronto FC,Philadelphia Union,3,3,49,,card,R. Laryea,True,yellow,,,,,,,
mls_2026,2026-04-22,,Toronto FC,Philadelphia Union,3,3,52,,goal,D. J. Jacques,False,,,,,,,0,2
mls_2026,2026-04-22,,Toronto FC,Philadelphia Union,3,3,54,,substitution,,True,,,M. Henry,D. Kerr,,,,
mls_2026,2026-04-22,,Toronto FC,Philadelphia Union,3,3,56,,goal,J. Sargent,True,,,,,,,1,2
mls_2026,2026-04-22,,Toronto FC,Philadelphia Union,3,3,61,,card,J. Sery Larsen,False,yellow,,,,,,,
mls_2026,2026-04-22,,Toronto FC,Philadelphia Union,3,3,64,,goal,K. Franklin,True,,,,,,,2,2
mls_2026,2026-04-22,,Toronto FC,Philadelphia Union,3,3,65,,card,D. J. Jacques,False,yellow,,,,,,,
mls_2026,2026-04-22,,Toronto FC,Philadelphia Union,3,3,65,,substitution,,False,,,A. Bedoya,I. Vassilev,,,,
mls_2026,2026-04-22,,Toronto FC,Philadelphia Union,3,3,65,,substitution,,True,,,L. Stefanovic,W. Zimmerman,,,,
mls_2026,2026-04-22,,Toronto FC,Philadelphia Union,3,3,7,,card,J. Osorio,True,yellow,,,,,,,
mls_2026,2026-04-22,,Toronto FC,Philadelphia Union,3,3,78,,card,O. Makhanya,False,yellow,,,,,,,
mls_2026,2026-04-22,,Toronto FC,Philadelphia Union,3,3,79,,substitution,,False,,,E. Alladoh,B. Damiani,,,,
mls_2026,2026-04-22,,Toronto FC,Philadelphia Union,3,3,82,,substitution,,False,,,M. Jakupovic,J. Lukić,,,,
mls_2026,2026-04-22,,Toronto FC,Philadelphia Union,3,3,82,,substitution,,False,,,C. Sullivan,M. Iloski,,,,
mls_2026,2026-04-22,,Toronto FC,Philadelphia Union,3,3,89,,goal,N. Harriel,False,,,,,,,2,3
mls_2026,2026-04-22,,Toronto FC,Philadelphia Union,3,3,90,,period,,,,,,,Second half,,3,3
mls_2026,2026-04-22,,Toronto FC,Philadelphia Union,3,3,90,,goal,L. Gavran,True,,,,,,,3,3
mls_2026,2026-04-22,,Toronto FC,Philadelphia Union,3,3,90,,card,A. Bedoya,False,yellow,,,,,,,
mls_2026,2026-04-22,,Toronto FC,Philadelphia Union,3,3,90,,injuryTime,,,,,,,,5,,
mls_2026,2026-04-23,,FC Dallas,Minnesota United,0,1,31,,goal,A. Markanich,False,,,,,,,0,1
mls_2026,2026-04-23,,FC Dallas,Minnesota United,0,1,4,,card,A. Markanich,False,yellow,,,,,,,
mls_2026,2026-04-23,,FC Dallas,Minnesota United,0,1,41,,card,S. Moreno,True,yellow,,,,,,,
mls_2026,2026-04-23,,FC Dallas,Minnesota United,0,1,45,,period,,,,,,,HT,,0,1
mls_2026,2026-04-23,,FC Dallas,Minnesota United,0,1,45,,injuryTime,,,,,,,,5,,
mls_2026,2026-04-23,,FC Dallas,Minnesota United,0,1,49,,card,M. Duggan,False,yellow,,,,,,,
mls_2026,2026-04-23,,FC Dallas,Minnesota United,0,1,56,,card,N. Norris,True,yellow,,,,,,,
mls_2026,2026-04-23,,FC Dallas,Minnesota United,0,1,61,,substitution,,True,,,Ramiro,C. Cappis,,,,
mls_2026,2026-04-23,,FC Dallas,Minnesota United,0,1,62,,substitution,,True,,,S. Sarver,S. Ibeagha,,,,
mls_2026,2026-04-23,,FC Dallas,Minnesota United,0,1,62,,substitution,,True,,,L. Farrington,S. Moreno,,,,
mls_2026,2026-04-23,,FC Dallas,Minnesota United,0,1,70,,substitution,,False,,,D. Padelford,A. Markanich,,,,
mls_2026,2026-04-23,,FC Dallas,Minnesota United,0,1,70,,substitution,,True,,,P. Delgado,P. Musa,,,,
mls_2026,2026-04-23,,FC Dallas,Minnesota United,0,1,70,,substitution,,False,,,M. González,K. Yeboah,,,,
mls_2026,2026-04-23,,FC Dallas,Minnesota United,0,1,73,,card,N. Romero,False,yellow,,,,,,,
mls_2026,2026-04-23,,FC Dallas,Minnesota United,0,1,82,,substitution,,True,,,N. Simmonds,H. Johansson,,,,
mls_2026,2026-04-23,,FC Dallas,Minnesota United,0,1,82,,substitution,,False,,,M. Dieng,T. Chancalay,,,,
mls_2026,2026-04-23,,FC Dallas,Minnesota United,0,1,89,,substitution,,False,,,W. Trapp,J. Pereyra,,,,
mls_2026,2026-04-23,,FC Dallas,Minnesota United,0,1,90,,period,,,,,,,Second half,,0,1
mls_2026,2026-04-23,,FC Dallas,Minnesota United,0,1,90,,injuryTime,,,,,,,,4,,
mls_2026,2026-04-23,,Houston Dynamo,San Diego FC,1,0,0,,card,M. Varas,False,yellow,Argument,,,,,,
mls_2026,2026-04-23,,Houston Dynamo,San Diego FC,1,0,14,,card,F. Andrade,True,yellow,Foul,,,,,,
mls_2026,2026-04-23,,Houston Dynamo,San Diego FC,1,0,35,,goal,I. Aliyu,True,,,,,,,1,0
mls_2026,2026-04-23,,Houston Dynamo,San Diego FC,1,0,38,,card,A. Godoy,False,yellow,Foul,,,,,,
mls_2026,2026-04-23,,Houston Dynamo,San Diego FC,1,0,45,,period,,,,,,,HT,,1,0
mls_2026,2026-04-23,,Houston Dynamo,San Diego FC,1,0,45,,injuryTime,,,,,,,,2,,
mls_2026,2026-04-23,,Houston Dynamo,San Diego FC,1,0,66,,substitution,,False,,,A. Pellegrino,L. Morgan,,,,
mls_2026,2026-04-23,,Houston Dynamo,San Diego FC,1,0,66,,substitution,,True,,,Artur,D. Samassékou,,,,
mls_2026,2026-04-23,,Houston Dynamo,San Diego FC,1,0,66,,substitution,,False,,,M. Ingvartsen,A. Godoy,,,,
mls_2026,2026-04-23,,Houston Dynamo,San Diego FC,1,0,66,,substitution,,True,,,E. Ponce,Guilherme,,,,
mls_2026,2026-04-23,,Houston Dynamo,San Diego FC,1,0,75,,substitution,,True,,,L. Ennali,M. Bogusz,,,,
mls_2026,2026-04-23,,Houston Dynamo,San Diego FC,1,0,77,,substitution,,False,,,D. Vazquez,A. Mighten,,,,
mls_2026,2026-04-23,,Houston Dynamo,San Diego FC,1,0,77,,substitution,,False,,,I. Pilcher,O. G. Søe,,,,
mls_2026,2026-04-23,,Houston Dynamo,San Diego FC,1,0,77,,substitution,,True,,,H. Herrera,A. Bouzat,,,,
mls_2026,2026-04-23,,Houston Dynamo,San Diego FC,1,0,79,,card,A. Pellegrino,False,red,Foul,,,,,,
mls_2026,2026-04-23,,Houston Dynamo,San Diego FC,1,0,90,,period,,,,,,,FT,,1,0
mls_2026,2026-04-23,,Houston Dynamo,San Diego FC,1,0,90,7,card,O. Lingr,True,red,Violent conduct,,,,,,
mls_2026,2026-04-23,,Houston Dynamo,San Diego FC,1,0,90,7,card,I. Pilcher,False,yellow,Foul,,,,,,
mls_2026,2026-04-23,,Houston Dynamo,San Diego FC,1,0,90,3,card,F. Negri,True,yellow,Handball,,,,,,
mls_2026,2026-04-23,,Houston Dynamo,San Diego FC,1,0,90,1,substitution,,False,,,A. Alvarado Jr,O. Verhoeven,,,,
mls_2026,2026-04-23,,Houston Dynamo,San Diego FC,1,0,90,1,substitution,,True,,,E. Sviatchenko,F. Andrade,,,,
mls_2026,2026-04-23,,Houston Dynamo,San Diego FC,1,0,90,,injuryTime,,,,,,,,9,,
mls_2026,2026-04-23,,Los Angeles FC,Colorado Rapids,0,0,40,,card,K. Thompson,False,yellow,,,,,,,
mls_2026,2026-04-23,,Los Angeles FC,Colorado Rapids,0,0,45,,period,,,,,,,HT,,0,0
mls_2026,2026-04-23,,Los Angeles FC,Colorado Rapids,0,0,46,,substitution,,True,,,T. Tillman,T. Boyd,,,,
mls_2026,2026-04-23,,Los Angeles FC,Colorado Rapids,0,0,46,,substitution,,True,,,N. Tafari,A. Long,,,,
mls_2026,2026-04-23,,Los Angeles FC,Colorado Rapids,0,0,56,,substitution,,False,,,M. Navarro,J. Travis,,,,
mls_2026,2026-04-23,,Los Angeles FC,Colorado Rapids,0,0,61,,substitution,,False,,,P. Aaronson,D. Yapi,,,,
mls_2026,2026-04-23,,Los Angeles FC,Colorado Rapids,0,0,61,,substitution,,False,,,G. Minoungou,D. Sealy,,,,
mls_2026,2026-04-23,,Los Angeles FC,Colorado Rapids,0,0,64,,card,S. Palencia,True,yellow,,,,,,,
mls_2026,2026-04-23,,Los Angeles FC,Colorado Rapids,0,0,67,,substitution,,True,,,S. Eustaquio,M. Choinière,,,,
mls_2026,2026-04-23,,Los Angeles FC,Colorado Rapids,0,0,67,,substitution,,True,,,D. M. Morales,J. Shaffelburg,,,,
mls_2026,2026-04-23,,Los Angeles FC,Colorado Rapids,0,0,68,,card,H. Ojediran,False,yellow,,,,,,,
mls_2026,2026-04-23,,Los Angeles FC,Colorado Rapids,0,0,77,,substitution,,True,,,J. Ebobisse,S. Heung-min,,,,
mls_2026,2026-04-23,,Los Angeles FC,Colorado Rapids,0,0,80,,card,G. Minoungou,False,yellow,,,,,,,
mls_2026,2026-04-23,,Los Angeles FC,Colorado Rapids,0,0,82,,substitution,,False,,,A. Manyoma,H. Ojediran,,,,
mls_2026,2026-04-23,,Los Angeles FC,Colorado Rapids,0,0,86,,card,J. Atencio,False,yellow,,,,,,,
mls_2026,2026-04-23,,Los Angeles FC,Colorado Rapids,0,0,90,,period,,,,,,,Second half,,0,0
mls_2026,2026-04-23,,Los Angeles FC,Colorado Rapids,0,0,90,,card,N. Tafari,True,yellow,,,,,,,
mls_2026,2026-04-23,,Los Angeles FC,Colorado Rapids,0,0,90,,injuryTime,,,,,,,,5,,
mls_2026,2026-04-23,,Real Salt Lake,Inter Miami CF,0,2,42,,card,N. Allen,False,yellow,,,,,,,
mls_2026,2026-04-23,,Real Salt Lake,Inter Miami CF,0,2,43,,card,D. Yedlin,True,yellow,,,,,,,
mls_2026,2026-04-23,,Real Salt Lake,Inter Miami CF,0,2,45,,period,,,,,,,HT,,0,0
mls_2026,2026-04-23,,Real Salt Lake,Inter Miami CF,0,2,45,,card,S. Spierings,True,yellow,,,,,,,
mls_2026,2026-04-23,,Real Salt Lake,Inter Miami CF,0,2,45,,injuryTime,,,,,,,,3,,
mls_2026,2026-04-23,,Real Salt Lake,Inter Miami CF,0,2,58,,card,Micael,False,yellow,,,,,,,
mls_2026,2026-04-23,,Real Salt Lake,Inter Miami CF,0,2,58,,card,D. Luna,True,yellow,,,,,,,
mls_2026,2026-04-23,,Real Salt Lake,Inter Miami CF,0,2,61,,substitution,,True,,,J. M. Sanabria,A. Katranis,,,,
mls_2026,2026-04-23,,Real Salt Lake,Inter Miami CF,0,2,65,,card,T. Segovia,False,yellow,,,,,,,
mls_2026,2026-04-23,,Real Salt Lake,Inter Miami CF,0,2,71,,substitution,,False,,,I. Fray,N. Allen,,,,
mls_2026,2026-04-23,,Real Salt Lake,Inter Miami CF,0,2,75,,substitution,,False,,,L. Suárez,T. Allende,,,,
mls_2026,2026-04-23,,Real Salt Lake,Inter Miami CF,0,2,81,,substitution,,True,,,V. Olatunji,S. Solans,,,,
mls_2026,2026-04-23,,Real Salt Lake,Inter Miami CF,0,2,82,,goal,R. De Paul,False,,,,,,,0,1
mls_2026,2026-04-23,,Real Salt Lake,Inter Miami CF,0,2,83,,goal,L. Suárez,False,,,,,,,0,2
mls_2026,2026-04-23,,Real Salt Lake,Inter Miami CF,0,2,85,,substitution,,True,,,A. Hezarkhani,S. Spierings,,,,
mls_2026,2026-04-23,,Real Salt Lake,Inter Miami CF,0,2,90,,period,,,,,,,Second half,,0,2
mls_2026,2026-04-23,,Real Salt Lake,Inter Miami CF,0,2,90,,injuryTime,,,,,,,,7,,
mls_2026,2026-04-23,,San Jose Earthquakes,Austin FC,5,1,0,,card,E. Edwards Jr,True,yellow,Argument,,,,,,
mls_2026,2026-04-23,,San Jose Earthquakes,Austin FC,5,1,38,,substitution,,False,,,Ž. Kolmanič,Guilherme Biro,,,,
mls_2026,2026-04-23,,San Jose Earthquakes,Austin FC,5,1,45,,period,,,,,,,HT,,0,1
mls_2026,2026-04-23,,San Jose Earthquakes,Austin FC,5,1,45,,injuryTime,,,,,,,,6,,
mls_2026,2026-04-23,,San Jose Earthquakes,Austin FC,5,1,54,,card,R. Roberts,True,yellow,Foul,,,,,,
mls_2026,2026-04-23,,San Jose Earthquakes,Austin FC,5,1,58,,goal,J. Jasinski,True,,,,,,,1,1
mls_2026,2026-04-23,,San Jose Earthquakes,Austin FC,5,1,66,,substitution,,False,,,M. Desler,J. Alastuey,,,,
mls_2026,2026-04-23,,San Jose Earthquakes,Austin FC,5,1,66,,substitution,,False,,,C. Ramirez,C. Fodrey,,,,
mls_2026,2026-04-23,,San Jose Earthquakes,Austin FC,5,1,68,,card,J. Jasinski,True,yellow,Foul,,,,,,
mls_2026,2026-04-23,,San Jose Earthquakes,Austin FC,5,1,70,,card,R. Vieira,True,yellow,Argument,,,,,,
mls_2026,2026-04-23,,San Jose Earthquakes,Austin FC,5,1,71,,card,J. Rosales,False,yellow,Argument,,,,,,
mls_2026,2026-04-23,,San Jose Earthquakes,Austin FC,5,1,74,,substitution,,True,,,P. Marie,J. Jasinski,,,,
mls_2026,2026-04-23,,San Jose Earthquakes,Austin FC,5,1,78,,goal,T. Werner,True,,,,,,,2,1
mls_2026,2026-04-23,,San Jose Earthquakes,Austin FC,5,1,82,,substitution,,True,,,I. Harkes,B. Leroux,,,,
mls_2026,2026-04-23,,San Jose Earthquakes,Austin FC,5,1,83,,goal,P. Judd,True,,,,,,,3,1
mls_2026,2026-04-23,,San Jose Earthquakes,Austin FC,5,1,85,,goal,O. Bouda,True,,,,,,,4,1
mls_2026,2026-04-23,,San Jose Earthquakes,Austin FC,5,1,87,,substitution,,False,,,M. Burton,J. Rosales,,,,
mls_2026,2026-04-23,,San Jose Earthquakes,Austin FC,5,1,87,,substitution,,False,,,E. Torres,N. Dubersarsky,,,,
mls_2026,2026-04-23,,San Jose Earthquakes,Austin FC,5,1,88,,goal,P. Judd,True,,,,,,,5,1
mls_2026,2026-04-23,,San Jose Earthquakes,Austin FC,5,1,9,,goal,J. Rosales,False,,,,,,,0,1
mls_2026,2026-04-23,,San Jose Earthquakes,Austin FC,5,1,90,,period,,,,,,,FT,,5,1
mls_2026,2026-04-23,,San Jose Earthquakes,Austin FC,5,1,90,,substitution,,True,,,J. Gonzalez,R. Vieira,,,,
mls_2026,2026-04-23,,San Jose Earthquakes,Austin FC,5,1,90,,substitution,,True,,,N. Fernandez,T. Werner,,,,
mls_2026,2026-04-23,,San Jose Earthquakes,Austin FC,5,1,90,,substitution,,True,,,D. Romney,J. Ricketts,,,,
mls_2026,2026-04-23,,San Jose Earthquakes,Austin FC,5,1,90,,injuryTime,,,,,,,,14,,
mls_2026,2026-04-25,,CF Montréal,New York City FC,1,0,18,,goal,P. Owusu,True,,,,,,,1,0
mls_2026,2026-04-25,,CF Montréal,New York City FC,1,0,45,,period,,,,,,,HT,,1,0
mls_2026,2026-04-25,,CF Montréal,New York City FC,1,0,45,,injuryTime,,,,,,,,2,,
mls_2026,2026-04-25,,CF Montréal,New York City FC,1,0,46,,substitution,,True,,,O. Escobar,N. Streit,,,,
mls_2026,2026-04-25,,CF Montréal,New York City FC,1,0,63,,card,S. Piette,True,yellow,,,,,,,
mls_2026,2026-04-25,,CF Montréal,New York City FC,1,0,65,,substitution,,False,,,T. Magno,A. Farnos,,,,
mls_2026,2026-04-25,,CF Montréal,New York City FC,1,0,65,,substitution,,False,,,S. Garfield-Reid,A. Ojeda,,,,
mls_2026,2026-04-25,,CF Montréal,New York City FC,1,0,65,,substitution,,False,,,Raul Gustavo,K. Parks,,,,
mls_2026,2026-04-25,,CF Montréal,New York City FC,1,0,70,,substitution,,True,,,F. Herbers,S. Piette,,,,
mls_2026,2026-04-25,,CF Montréal,New York City FC,1,0,74,,card,T. Gray,False,yellow,,,,,,,
mls_2026,2026-04-25,,CF Montréal,New York City FC,1,0,75,,substitution,,True,,,D. Rios,P. Owusu,,,,
mls_2026,2026-04-25,,CF Montréal,New York City FC,1,0,77,,card,T. Gray,False,yellowRed,,,,,,,
mls_2026,2026-04-25,,CF Montréal,New York City FC,1,0,81,,card,N. Fernández,False,yellow,,,,,,,
mls_2026,2026-04-25,,CF Montréal,New York City FC,1,0,81,,card,O. Escobar,True,yellow,,,,,,,
mls_2026,2026-04-25,,CF Montréal,New York City FC,1,0,82,,substitution,,False,,,A. Perea,M. Moralez,,,,
mls_2026,2026-04-25,,CF Montréal,New York City FC,1,0,84,,card,B. Vera,True,yellow,,,,,,,
mls_2026,2026-04-25,,CF Montréal,New York City FC,1,0,87,,card,M. Longstaff,True,yellow,,,,,,,
mls_2026,2026-04-25,,CF Montréal,New York City FC,1,0,87,,substitution,,True,,,E. Morales,J. Neal,,,,
mls_2026,2026-04-25,,CF Montréal,New York City FC,1,0,88,,card,D. Bugaj,True,yellow,,,,,,,
mls_2026,2026-04-25,,CF Montréal,New York City FC,1,0,90,,period,,,,,,,Second half,,1,0
mls_2026,2026-04-25,,CF Montréal,New York City FC,1,0,90,,card,K. Trewin,False,yellow,,,,,,,
mls_2026,2026-04-25,,CF Montréal,New York City FC,1,0,90,,injuryTime,,,,,,,,6,,
mls_2026,2026-04-25,,Columbus Crew,Philadelphia Union,2,0,39,,card,D. J. Jacques,False,yellow,,,,,,,
mls_2026,2026-04-25,,Columbus Crew,Philadelphia Union,2,0,4,,goal,M. Arfsten,True,,,,,,,1,0
mls_2026,2026-04-25,,Columbus Crew,Philadelphia Union,2,0,45,,period,,,,,,,HT,,2,0
mls_2026,2026-04-25,,Columbus Crew,Philadelphia Union,2,0,45,,substitution,,False,,,J. Lukić,J. Bueno,,,,
mls_2026,2026-04-25,,Columbus Crew,Philadelphia Union,2,0,45,,goal,N. Harriel,True,,,,,,,2,0
mls_2026,2026-04-25,,Columbus Crew,Philadelphia Union,2,0,45,,varDecision,S. T. Bangoura,True,,,,,,,,
mls_2026,2026-04-25,,Columbus Crew,Philadelphia Union,2,0,45,,card,S. T. Bangoura,True,yellow,,,,,,,
mls_2026,2026-04-25,,Columbus Crew,Philadelphia Union,2,0,45,,injuryTime,,,,,,,,5,,
mls_2026,2026-04-25,,Columbus Crew,Philadelphia Union,2,0,46,,substitution,,False,,,B. Bender,P. N. Ossibadjouo,,,,
mls_2026,2026-04-25,,Columbus Crew,Philadelphia Union,2,0,63,,substitution,,True,,,S. Moreira,H. Picard,,,,
mls_2026,2026-04-25,,Columbus Crew,Philadelphia Union,2,0,66,,substitution,,False,,,I. Vassilev,C. Sullivan,,,,
mls_2026,2026-04-25,,Columbus Crew,Philadelphia Union,2,0,66,,substitution,,False,,,A. Anello,J. Rafanello,,,,
mls_2026,2026-04-25,,Columbus Crew,Philadelphia Union,2,0,70,,substitution,,True,,,D. Gazdag,T. Habroune,,,,
mls_2026,2026-04-25,,Columbus Crew,Philadelphia Union,2,0,70,,substitution,,True,,,J. Thiare,D. Rossi,,,,
mls_2026,2026-04-25,,Columbus Crew,Philadelphia Union,2,0,81,,substitution,,True,,,M. Farsi,M. Arfsten,,,,
mls_2026,2026-04-25,,Columbus Crew,Philadelphia Union,2,0,81,,substitution,,True,,,A. Sejdic,S. T. Bangoura,,,,
mls_2026,2026-04-25,,Columbus Crew,Philadelphia Union,2,0,84,,substitution,,False,,,E. Alladoh,B. Damiani,,,,
mls_2026,2026-04-25,,Columbus Crew,Philadelphia Union,2,0,90,,period,,,,,,,Second half,,2,0
mls_2026,2026-04-25,,Columbus Crew,Philadelphia Union,2,0,90,,card,J. Sery Larsen,False,red,,,,,,,
mls_2026,2026-04-25,,Columbus Crew,Philadelphia Union,2,0,90,,injuryTime,,,,,,,,5,,
mls_2026,2026-04-25,,DC United,Orlando City SC,3,2,10,,goal,J. Hopkins,True,,,,,,,1,0
mls_2026,2026-04-25,,DC United,Orlando City SC,3,2,21,,card,L. Bartlett,True,yellow,,,,,,,
mls_2026,2026-04-25,,DC United,Orlando City SC,3,2,4,,card,Iago,False,yellow,,,,,,,
mls_2026,2026-04-25,,DC United,Orlando City SC,3,2,45,,period,,,,,,,HT,,1,0
mls_2026,2026-04-25,,DC United,Orlando City SC,3,2,45,,injuryTime,,,,,,,,2,,
mls_2026,2026-04-25,,DC United,Orlando City SC,3,2,46,,substitution,,False,,,G. Dorsey,Z. Taifi,,,,
mls_2026,2026-04-25,,DC United,Orlando City SC,3,2,46,,substitution,,True,,,J. Stroud,A. Herrera,,,,
mls_2026,2026-04-25,,DC United,Orlando City SC,3,2,56,,goal,J. Ellis,False,,,,,,,1,1
mls_2026,2026-04-25,,DC United,Orlando City SC,3,2,61,,substitution,,False,,,T. Spicer,T. Souza,,,,
mls_2026,2026-04-25,,DC United,Orlando City SC,3,2,67,,goal,T. Spicer,False,,,,,,,1,2
mls_2026,2026-04-25,,DC United,Orlando City SC,3,2,73,,card,L. Otávio,False,yellow,,,,,,,
mls_2026,2026-04-25,,DC United,Orlando City SC,3,2,75,,card,L. Munteanu,True,yellow,,,,,,,
mls_2026,2026-04-25,,DC United,Orlando City SC,3,2,77,,substitution,,True,,,N. Markovic,S. Hefti,,,,
mls_2026,2026-04-25,,DC United,Orlando City SC,3,2,77,,substitution,,True,,,J. Murrell,J. Hopkins,,,,
mls_2026,2026-04-25,,DC United,Orlando City SC,3,2,83,,substitution,,False,,,T. Reid-Brown,J. Ellis,,,,
mls_2026,2026-04-25,,DC United,Orlando City SC,3,2,84,,goal,L. Munteanu,True,,,,,,,2,2
mls_2026,2026-04-25,,DC United,Orlando City SC,3,2,84,,card,B. Servania,True,yellow,,,,,,,
mls_2026,2026-04-25,,DC United,Orlando City SC,3,2,88,,substitution,,False,,,W. Cartagena,L. Otávio,,,,
mls_2026,2026-04-25,,DC United,Orlando City SC,3,2,90,,period,,,,,,,Second half,,3,2
mls_2026,2026-04-25,,DC United,Orlando City SC,3,2,90,,card,W. Cartagena,False,yellow,,,,,,,
mls_2026,2026-04-25,,DC United,Orlando City SC,3,2,90,,substitution,,True,,,C. Antley,Peglow,,,,
mls_2026,2026-04-25,,DC United,Orlando City SC,3,2,90,,card,K. Kurokawa,True,yellow,,,,,,,
mls_2026,2026-04-25,,DC United,Orlando City SC,3,2,90,,card,J. Stroud,True,yellow,,,,,,,
mls_2026,2026-04-25,,DC United,Orlando City SC,3,2,90,,goal,K. Rowles,True,,,,,,,3,2
mls_2026,2026-04-25,,DC United,Orlando City SC,3,2,90,,injuryTime,,,,,,,,9,,
mls_2026,2026-04-25,,FC Cincinnati,New York Red Bulls,2,0,18,,card,J. M. Bungi,False,yellow,,,,,,,
mls_2026,2026-04-25,,FC Cincinnati,New York Red Bulls,2,0,31,,card,B. Ramírez,True,yellow,,,,,,,
mls_2026,2026-04-25,,FC Cincinnati,New York Red Bulls,2,0,40,,goal,K. Denkey,True,,,,,,,1,0
mls_2026,2026-04-25,,FC Cincinnati,New York Red Bulls,2,0,45,,period,,,,,,,HT,,2,0
mls_2026,2026-04-25,,FC Cincinnati,New York Red Bulls,2,0,45,,goal,K. Denkey,True,,,,,,,2,0
mls_2026,2026-04-25,,FC Cincinnati,New York Red Bulls,2,0,45,,injuryTime,,,,,,,,4,,
mls_2026,2026-04-25,,FC Cincinnati,New York Red Bulls,2,0,46,,substitution,,False,,,M. D. Santos,J. M. Bungi,,,,
mls_2026,2026-04-25,,FC Cincinnati,New York Red Bulls,2,0,61,,substitution,,True,,,E. Echenique,P. Bucha,,,,
mls_2026,2026-04-25,,FC Cincinnati,New York Red Bulls,2,0,61,,substitution,,True,,,T. Barlow,K. M. Dem,,,,
mls_2026,2026-04-25,,FC Cincinnati,New York Red Bulls,2,0,62,,substitution,,False,,,J. Ruvalcaba,M. Sofo,,,,
mls_2026,2026-04-25,,FC Cincinnati,New York Red Bulls,2,0,62,,substitution,,False,,,E. Forsberg,G. Berggren,,,,
mls_2026,2026-04-25,,FC Cincinnati,New York Red Bulls,2,0,73,,substitution,,False,,,R. Mosquera,C. Cowell,,,,
mls_2026,2026-04-25,,FC Cincinnati,New York Red Bulls,2,0,78,,card,A. Mehmeti,False,yellow,,,,,,,
mls_2026,2026-04-25,,FC Cincinnati,New York Red Bulls,2,0,79,,substitution,,True,,,A. Jabbari,K. Denkey,,,,
mls_2026,2026-04-25,,FC Cincinnati,New York Red Bulls,2,0,79,,substitution,,True,,,A. Lajhar,B. Ramírez,,,,
mls_2026,2026-04-25,,FC Cincinnati,New York Red Bulls,2,0,85,,substitution,,False,,,N. Benedetti,R. Donkor,,,,
mls_2026,2026-04-25,,FC Cincinnati,New York Red Bulls,2,0,89,,substitution,,True,,,G. Flores,K. Smith,,,,
mls_2026,2026-04-25,,FC Cincinnati,New York Red Bulls,2,0,90,,period,,,,,,,Second half,,2,0
mls_2026,2026-04-25,,FC Cincinnati,New York Red Bulls,2,0,90,,injuryTime,,,,,,,,4,,
mls_2026,2026-04-25,,Inter Miami CF,New England Revolution,1,1,45,,period,,,,,,,HT,,0,0
mls_2026,2026-04-25,,Inter Miami CF,New England Revolution,1,1,45,,injuryTime,,,,,,,,2,,
mls_2026,2026-04-25,,Inter Miami CF,New England Revolution,1,1,46,,substitution,,True,,,T. Allende,N. Allen,,,,
mls_2026,2026-04-25,,Inter Miami CF,New England Revolution,1,1,46,,substitution,,False,,,L. Langoni,I. Feingold,,,,
mls_2026,2026-04-25,,Inter Miami CF,New England Revolution,1,1,56,,goal,C. Gil,False,,,,,,,0,1
mls_2026,2026-04-25,,Inter Miami CF,New England Revolution,1,1,59,,card,T. Allende,True,yellow,,,,,,,
mls_2026,2026-04-25,,Inter Miami CF,New England Revolution,1,1,67,,card,D. Ruíz,True,yellow,,,,,,,
mls_2026,2026-04-25,,Inter Miami CF,New England Revolution,1,1,69,,substitution,,True,,,I. Fray,G. Luján,,,,
mls_2026,2026-04-25,,Inter Miami CF,New England Revolution,1,1,69,,substitution,,True,,,P. Plambeck,D. Ruíz,,,,
mls_2026,2026-04-25,,Inter Miami CF,New England Revolution,1,1,71,,substitution,,False,,,J. Yueill,G. Yow,,,,
mls_2026,2026-04-25,,Inter Miami CF,New England Revolution,1,1,76,,substitution,,True,,,E. Abadia-Reda,F. Mura,,,,
mls_2026,2026-04-25,,Inter Miami CF,New England Revolution,1,1,76,,goal,G. Berterame,True,,,,,,,1,1
mls_2026,2026-04-25,,Inter Miami CF,New England Revolution,1,1,86,,substitution,,False,,,T. Beason,D. Turgeman,,,,
mls_2026,2026-04-25,,Inter Miami CF,New England Revolution,1,1,89,,substitution,,False,,,D. Fagúndez,A. Yusuf,,,,
mls_2026,2026-04-25,,Inter Miami CF,New England Revolution,1,1,90,,period,,,,,,,Second half,,1,1
mls_2026,2026-04-25,,Inter Miami CF,New England Revolution,1,1,90,,card,Micael,True,yellow,,,,,,,
mls_2026,2026-04-25,,Inter Miami CF,New England Revolution,1,1,90,,injuryTime,,,,,,,,5,,
mls_2026,2026-04-25,,Minnesota United,Los Angeles FC,0,1,45,,period,,,,,,,HT,,0,1
mls_2026,2026-04-25,,Minnesota United,Los Angeles FC,0,1,45,,injuryTime,,,,,,,,2,,
mls_2026,2026-04-25,,Minnesota United,Los Angeles FC,0,1,46,,substitution,,False,,,R. Porteous,A. Long,,,,
mls_2026,2026-04-25,,Minnesota United,Los Angeles FC,0,1,52,,card,T. Tillman,False,yellow,,,,,,,
mls_2026,2026-04-25,,Minnesota United,Los Angeles FC,0,1,53,,card,K. Yeboah,True,yellow,,,,,,,
mls_2026,2026-04-25,,Minnesota United,Los Angeles FC,0,1,59,,substitution,,False,,,M. Choinière,S. Eustaquio,,,,
mls_2026,2026-04-25,,Minnesota United,Los Angeles FC,0,1,60,,substitution,,False,,,J. Ebobisse,D. M. Morales,,,,
mls_2026,2026-04-25,,Minnesota United,Los Angeles FC,0,1,62,,substitution,,True,,,K. Duncan,B. Hlongwane,,,,
mls_2026,2026-04-25,,Minnesota United,Los Angeles FC,0,1,63,,substitution,,True,,,J. Pereyra,J. Rodríguez,,,,
mls_2026,2026-04-25,,Minnesota United,Los Angeles FC,0,1,63,,substitution,,True,,,T. Chancalay,M. Dieng,,,,
mls_2026,2026-04-25,,Minnesota United,Los Angeles FC,0,1,78,,substitution,,True,,,M. González,W. Trapp,,,,
mls_2026,2026-04-25,,Minnesota United,Los Angeles FC,0,1,78,,substitution,,True,,,O. Gene,N. Triantis,,,,
mls_2026,2026-04-25,,Minnesota United,Los Angeles FC,0,1,84,,substitution,,False,,,J. Terry,N. Ordaz,,,,
mls_2026,2026-04-25,,Minnesota United,Los Angeles FC,0,1,86,,card,R. Hollingshead,False,yellow,,,,,,,
mls_2026,2026-04-25,,Minnesota United,Los Angeles FC,0,1,9,,goal,D. M. Morales,False,,,,,,,0,1
mls_2026,2026-04-25,,Minnesota United,Los Angeles FC,0,1,90,,period,,,,,,,FT,,0,1
mls_2026,2026-04-25,,Minnesota United,Los Angeles FC,0,1,90,4,card,S. Palencia,False,yellow,,,,,,,
mls_2026,2026-04-25,,Minnesota United,Los Angeles FC,0,1,90,2,substitution,,False,,,S. Palencia,A. Smoliakov,,,,
mls_2026,2026-04-25,,Minnesota United,Los Angeles FC,0,1,90,,injuryTime,,,,,,,,4,,
mls_2026,2026-04-25,,Toronto FC,Atlanta United,1,2,20,,substitution,,True,,,L. Stefanovic,B. Kuscevic,,,,
mls_2026,2026-04-25,,Toronto FC,Atlanta United,1,2,24,,varDecision,C. Togashi,False,,,,,,,,
mls_2026,2026-04-25,,Toronto FC,Atlanta United,1,2,27,,substitution,,False,,,E. L. Lath,C. Togashi,,,,
mls_2026,2026-04-25,,Toronto FC,Atlanta United,1,2,30,,substitution,,True,,,D. E. Junior,J. Cifuentes,,,,
mls_2026,2026-04-25,,Toronto FC,Atlanta United,1,2,38,,card,S. Gregersen,False,yellow,,,,,,,
mls_2026,2026-04-25,,Toronto FC,Atlanta United,1,2,45,,period,,,,,,,HT,,0,0
mls_2026,2026-04-25,,Toronto FC,Atlanta United,1,2,45,,card,C. Sanchez,False,yellow,,,,,,,
mls_2026,2026-04-25,,Toronto FC,Atlanta United,1,2,45,,injuryTime,,,,,,,,7,,
mls_2026,2026-04-25,,Toronto FC,Atlanta United,1,2,48,,goal,A. Miranchuk,False,,,,,,,0,1
mls_2026,2026-04-25,,Toronto FC,Atlanta United,1,2,59,,substitution,,False,,,F. Picault,L. Brennan,,,,
mls_2026,2026-04-25,,Toronto FC,Atlanta United,1,2,67,,goal,T. Muyumba,False,,,,,,,0,2
mls_2026,2026-04-25,,Toronto FC,Atlanta United,1,2,71,,goal,E. Aristizábal,True,,,,,,,1,2
mls_2026,2026-04-25,,Toronto FC,Atlanta United,1,2,72,,substitution,,True,,,A. Bossenberry,A. Coello,,,,
mls_2026,2026-04-25,,Toronto FC,Atlanta United,1,2,72,,substitution,,True,,,M. Henry,E. Aristizábal,,,,
mls_2026,2026-04-25,,Toronto FC,Atlanta United,1,2,72,,substitution,,True,,,J. Vilsaint,J. Sargent,,,,
mls_2026,2026-04-25,,Toronto FC,Atlanta United,1,2,77,,substitution,,False,,,W. Reilly,A. Miranchuk,,,,
mls_2026,2026-04-25,,Toronto FC,Atlanta United,1,2,77,,substitution,,False,,,M. Galarza,C. Sanchez,,,,
mls_2026,2026-04-25,,Toronto FC,Atlanta United,1,2,90,,period,,,,,,,Second half,,1,2
mls_2026,2026-04-25,,Toronto FC,Atlanta United,1,2,90,,injuryTime,,,,,,,,6,,
mls_2026,2026-04-26,,Austin FC,Houston Dynamo,2,0,13,,goal,J. Nelson,True,,,,,,,1,0
mls_2026,2026-04-26,,Austin FC,Houston Dynamo,2,0,27,,card,B. Hines-Ike,True,yellow,,,,,,,
mls_2026,2026-04-26,,Austin FC,Houston Dynamo,2,0,40,,substitution,,True,,,J. Gallagher,J. Nelson,,,,
mls_2026,2026-04-26,,Austin FC,Houston Dynamo,2,0,45,,period,,,,,,,HT,,2,0
mls_2026,2026-04-26,,Austin FC,Houston Dynamo,2,0,45,,goal,M. Uzuni,True,,,,,,,2,0
mls_2026,2026-04-26,,Austin FC,Houston Dynamo,2,0,45,,card,Artur,False,yellow,,,,,,,
mls_2026,2026-04-26,,Austin FC,Houston Dynamo,2,0,45,,injuryTime,,,,,,,,4,,
mls_2026,2026-04-26,,Austin FC,Houston Dynamo,2,0,46,,substitution,,False,,,A. Carlos,A. Resch,,,,
mls_2026,2026-04-26,,Austin FC,Houston Dynamo,2,0,55,,substitution,,False,,,D. Samassékou,Artur,,,,
mls_2026,2026-04-26,,Austin FC,Houston Dynamo,2,0,55,,substitution,,False,,,J. McGlynn,S. Vines,,,,
mls_2026,2026-04-26,,Austin FC,Houston Dynamo,2,0,59,,card,J. Rosales,True,yellow,,,,,,,
mls_2026,2026-04-26,,Austin FC,Houston Dynamo,2,0,65,,substitution,,True,,,C. Fodrey,C. Ramirez,,,,
mls_2026,2026-04-26,,Austin FC,Houston Dynamo,2,0,66,,substitution,,True,,,N. Dubersarsky,I. Sanchez,,,,
mls_2026,2026-04-26,,Austin FC,Houston Dynamo,2,0,70,,card,M. Desler,True,yellow,,,,,,,
mls_2026,2026-04-26,,Austin FC,Houston Dynamo,2,0,72,,card,F. Torres,True,yellow,,,,,,,
mls_2026,2026-04-26,,Austin FC,Houston Dynamo,2,0,75,,substitution,,False,,,N. Markanich,H. Herrera,,,,
mls_2026,2026-04-26,,Austin FC,Houston Dynamo,2,0,80,,card,L. Ennali,False,yellow,,,,,,,
mls_2026,2026-04-26,,Austin FC,Houston Dynamo,2,0,82,,substitution,,False,,,I. Aliyu,F. Andrade,,,,
mls_2026,2026-04-26,,Austin FC,Houston Dynamo,2,0,84,,substitution,,True,,,B. Sabović,F. Torres,,,,
mls_2026,2026-04-26,,Austin FC,Houston Dynamo,2,0,84,,substitution,,True,,,J. Bell,Guilherme Biro,,,,
mls_2026,2026-04-26,,Austin FC,Houston Dynamo,2,0,90,,period,,,,,,,Second half,,2,0
mls_2026,2026-04-26,,Austin FC,Houston Dynamo,2,0,90,,injuryTime,,,,,,,,4,,
mls_2026,2026-04-26,,Chicago Fire,Sporting Kansas City,5,0,10,,card,A. Gutman,True,yellow,,,,,,,
mls_2026,2026-04-26,,Chicago Fire,Sporting Kansas City,5,0,45,,period,,,,,,,HT,,0,0
mls_2026,2026-04-26,,Chicago Fire,Sporting Kansas City,5,0,45,,injuryTime,,,,,,,,1,,
mls_2026,2026-04-26,,Chicago Fire,Sporting Kansas City,5,0,51,,goal,P. Zinckernagel,True,,,,,,,1,0
mls_2026,2026-04-26,,Chicago Fire,Sporting Kansas City,5,0,61,,substitution,,True,,,R. Lod,P. Dithejane,,,,
mls_2026,2026-04-26,,Chicago Fire,Sporting Kansas City,5,0,65,,goal,P. Zinckernagel,True,,,,,,,2,0
mls_2026,2026-04-26,,Chicago Fire,Sporting Kansas City,5,0,73,,goal,H. Cuypers,True,,,,,,,3,0
mls_2026,2026-04-26,,Chicago Fire,Sporting Kansas City,5,0,75,,substitution,,False,,,S. Afrifa,C. Harris,,,,
mls_2026,2026-04-26,,Chicago Fire,Sporting Kansas City,5,0,75,,substitution,,False,,,W. Meyer,I. James,,,,
mls_2026,2026-04-26,,Chicago Fire,Sporting Kansas City,5,0,76,,substitution,,True,,,J. Shokalook,P. Zinckernagel,,,,
mls_2026,2026-04-26,,Chicago Fire,Sporting Kansas City,5,0,76,,substitution,,True,,,S. Oregel,A. Salétros,,,,
mls_2026,2026-04-26,,Chicago Fire,Sporting Kansas City,5,0,79,,goal,M. Haile-Selassie,True,,,,,,,4,0
mls_2026,2026-04-26,,Chicago Fire,Sporting Kansas City,5,0,84,,substitution,,True,,,M. Pineda,D. T. D'Avilla,,,,
mls_2026,2026-04-26,,Chicago Fire,Sporting Kansas City,5,0,84,,substitution,,True,,,V. Radojević,A. Gutman,,,,
mls_2026,2026-04-26,,Chicago Fire,Sporting Kansas City,5,0,86,,substitution,,False,,,J. Bartlett,Capita,,,,
mls_2026,2026-04-26,,Chicago Fire,Sporting Kansas City,5,0,90,,period,,,,,,,FT,,5,0
mls_2026,2026-04-26,,Chicago Fire,Sporting Kansas City,5,0,90,8,goal,H. Cuypers,True,,,,,,,5,0
mls_2026,2026-04-26,,Chicago Fire,Sporting Kansas City,5,0,90,,injuryTime,,,,,,,,7,,
mls_2026,2026-04-26,,LA Galaxy,Real Salt Lake,2,1,21,,card,J. Haak,True,yellow,Foul,,,,,,
mls_2026,2026-04-26,,LA Galaxy,Real Salt Lake,2,1,42,,card,L. Sanabria,True,yellow,Time wasting,,,,,,
mls_2026,2026-04-26,,LA Galaxy,Real Salt Lake,2,1,45,,period,,,,,,,HT,,1,1
mls_2026,2026-04-26,,LA Galaxy,Real Salt Lake,2,1,45,4,goal,J. Marcinkowski,False,,,,,,,1,1
mls_2026,2026-04-26,,LA Galaxy,Real Salt Lake,2,1,45,,injuryTime,,,,,,,,4,,
mls_2026,2026-04-26,,LA Galaxy,Real Salt Lake,2,1,46,,substitution,,True,,,E. Cerrillo,J. Glesnes,,,,
mls_2026,2026-04-26,,LA Galaxy,Real Salt Lake,2,1,48,,card,N. Caliskan,False,yellow,Foul,,,,,,
mls_2026,2026-04-26,,LA Galaxy,Real Salt Lake,2,1,55,,card,J. Sanabria,False,yellow,Foul,,,,,,
mls_2026,2026-04-26,,LA Galaxy,Real Salt Lake,2,1,56,,substitution,,False,,,S. Solans,V. Olatunji,,,,
mls_2026,2026-04-26,,LA Galaxy,Real Salt Lake,2,1,56,,substitution,,False,,,M. Guilavogui,A. Hezarkhani,,,,
mls_2026,2026-04-26,,LA Galaxy,Real Salt Lake,2,1,57,,card,M. Cuevas,True,yellow,Foul,,,,,,
mls_2026,2026-04-26,,LA Galaxy,Real Salt Lake,2,1,63,,card,D. Luna,False,yellow,Foul,,,,,,
mls_2026,2026-04-26,,LA Galaxy,Real Salt Lake,2,1,67,,substitution,,True,,,E. Wynder,E. Cerrillo,,,,
mls_2026,2026-04-26,,LA Galaxy,Real Salt Lake,2,1,72,,substitution,,True,,,M. Yamane,H. Miller,,,,
mls_2026,2026-04-26,,LA Galaxy,Real Salt Lake,2,1,76,,substitution,,False,,,D. Marczuk,D. Luna,,,,
mls_2026,2026-04-26,,LA Galaxy,Real Salt Lake,2,1,76,,substitution,,False,,,D. Yedlin,P. Quinton,,,,
mls_2026,2026-04-26,,LA Galaxy,Real Salt Lake,2,1,83,,card,S. Junqua,False,yellow,Foul,,,,,,
mls_2026,2026-04-26,,LA Galaxy,Real Salt Lake,2,1,85,,goal,M. Reus,True,,,,,,,2,1
mls_2026,2026-04-26,,LA Galaxy,Real Salt Lake,2,1,87,,substitution,,False,,,P. Ruiz,S. Spierings,,,,
mls_2026,2026-04-26,,LA Galaxy,Real Salt Lake,2,1,89,,substitution,,True,,,I. Parente,M. Reus,,,,
mls_2026,2026-04-26,,LA Galaxy,Real Salt Lake,2,1,89,,substitution,,True,,,C. Rindov,J. Nelson,,,,
mls_2026,2026-04-26,,LA Galaxy,Real Salt Lake,2,1,9,,goal,M. Reus,True,,,,,,,1,0
mls_2026,2026-04-26,,LA Galaxy,Real Salt Lake,2,1,90,,period,,,,,,,FT,,2,1
mls_2026,2026-04-26,,LA Galaxy,Real Salt Lake,2,1,90,3,card,E. Wynder,True,yellow,Foul,,,,,,
mls_2026,2026-04-26,,LA Galaxy,Real Salt Lake,2,1,90,,injuryTime,,,,,,,,7,,
mls_2026,2026-04-26,,Nashville SC,Charlotte FC,4,2,19,,goal,H. Mukhtar,True,,,,,,,1,0
mls_2026,2026-04-26,,Nashville SC,Charlotte FC,4,2,25,,goal,A. Qasem,True,,,,,,,2,0
mls_2026,2026-04-26,,Nashville SC,Charlotte FC,4,2,35,,substitution,,False,,,D. Schnegg,H. Toffolo,,,,
mls_2026,2026-04-26,,Nashville SC,Charlotte FC,4,2,42,,goal,A. Morrison,False,,,,,,,2,1
mls_2026,2026-04-26,,Nashville SC,Charlotte FC,4,2,45,,period,,,,,,,HT,,2,1
mls_2026,2026-04-26,,Nashville SC,Charlotte FC,4,2,45,,injuryTime,,,,,,,,3,,
mls_2026,2026-04-26,,Nashville SC,Charlotte FC,4,2,46,,substitution,,True,,,S. Surridge,W. Madrigal,,,,
mls_2026,2026-04-26,,Nashville SC,Charlotte FC,4,2,57,,substitution,,False,,,L. Abada,R. Aloko,,,,
mls_2026,2026-04-26,,Nashville SC,Charlotte FC,4,2,57,,substitution,,False,,,I. Toklomati,A. Goodwin,,,,
mls_2026,2026-04-26,,Nashville SC,Charlotte FC,4,2,60,,goal,S. Surridge,True,,,,,,,3,1
mls_2026,2026-04-26,,Nashville SC,Charlotte FC,4,2,67,,goal,P. Biel,False,,,,,,,3,2
mls_2026,2026-04-26,,Nashville SC,Charlotte FC,4,2,69,,substitution,,True,,,A. Muyl,A. Qasem,,,,
mls_2026,2026-04-26,,Nashville SC,Charlotte FC,4,2,74,,goal,S. Surridge,True,,,,,,,4,2
mls_2026,2026-04-26,,Nashville SC,Charlotte FC,4,2,75,,substitution,,True,,,R. Baker-Whiting,A. Najar,,,,
mls_2026,2026-04-26,,Nashville SC,Charlotte FC,4,2,75,,substitution,,True,,,E. Tagseth,P. Yazbek,,,,
mls_2026,2026-04-26,,Nashville SC,Charlotte FC,4,2,76,,substitution,,False,,,T. Smalls,K. C. Vargas,,,,
mls_2026,2026-04-26,,Nashville SC,Charlotte FC,4,2,76,,substitution,,False,,,D. Diani,B. Bronico,,,,
mls_2026,2026-04-26,,Nashville SC,Charlotte FC,4,2,77,,card,A. Muyl,True,yellow,,,,,,,
mls_2026,2026-04-26,,Nashville SC,Charlotte FC,4,2,84,,card,D. Schnegg,False,yellow,,,,,,,
mls_2026,2026-04-26,,Nashville SC,Charlotte FC,4,2,86,,substitution,,True,,,S. Mohammed,C. Espinoza,,,,
mls_2026,2026-04-26,,Nashville SC,Charlotte FC,4,2,87,,card,B. Schwake,True,yellow,,,,,,,
mls_2026,2026-04-26,,Nashville SC,Charlotte FC,4,2,90,,period,,,,,,,FT,,4,2
mls_2026,2026-04-26,,Nashville SC,Charlotte FC,4,2,90,,injuryTime,,,,,,,,5,,
mls_2026,2026-04-26,,San Diego FC,Portland Timbers,1,2,26,,goal,K. Kelsy,False,,,,,,,0,1
mls_2026,2026-04-26,,San Diego FC,Portland Timbers,1,2,32,,goal,A. Dreyer,True,,,,,,,1,1
mls_2026,2026-04-26,,San Diego FC,Portland Timbers,1,2,45,,period,,,,,,,HT,,1,1
mls_2026,2026-04-26,,San Diego FC,Portland Timbers,1,2,45,,injuryTime,,,,,,,,3,,
mls_2026,2026-04-26,,San Diego FC,Portland Timbers,1,2,48,,varDecision,M. Ingvartsen,True,,,,,,,,
mls_2026,2026-04-26,,San Diego FC,Portland Timbers,1,2,59,,substitution,,True,,,W. Eisner,I. Pilcher,,,,
mls_2026,2026-04-26,,San Diego FC,Portland Timbers,1,2,63,,card,M. Ingvartsen,True,yellow,,,,,,,
mls_2026,2026-04-26,,San Diego FC,Portland Timbers,1,2,69,,card,K. Velde,False,yellow,,,,,,,
mls_2026,2026-04-26,,San Diego FC,Portland Timbers,1,2,72,,substitution,,True,,,L. Morgan,D. Vazquez,,,,
mls_2026,2026-04-26,,San Diego FC,Portland Timbers,1,2,72,,substitution,,True,,,P. Soma,A. Godoy,,,,
mls_2026,2026-04-26,,San Diego FC,Portland Timbers,1,2,73,,substitution,,False,,,A. Alves,A. Aravena,,,,
mls_2026,2026-04-26,,San Diego FC,Portland Timbers,1,2,76,,card,P. Soma,True,yellow,,,,,,,
mls_2026,2026-04-26,,San Diego FC,Portland Timbers,1,2,81,,substitution,,True,,,B. Duke,J. Tverskov,,,,
mls_2026,2026-04-26,,San Diego FC,Portland Timbers,1,2,81,,substitution,,True,,,K. Sargeant,O. Verhoeven,,,,
mls_2026,2026-04-26,,San Diego FC,Portland Timbers,1,2,86,,substitution,,False,,,D. Chará,C. Bassett,,,,
mls_2026,2026-04-26,,San Diego FC,Portland Timbers,1,2,90,,period,,,,,,,Second half,,1,2
mls_2026,2026-04-26,,San Diego FC,Portland Timbers,1,2,90,,substitution,,False,,,A. Lassiter,K. Velde,,,,
mls_2026,2026-04-26,,San Diego FC,Portland Timbers,1,2,90,,goal,A. Bonetig,False,,,,,,,1,2
mls_2026,2026-04-26,,San Diego FC,Portland Timbers,1,2,90,,injuryTime,,,,,,,,9,,
mls_2026,2026-04-26,,Seattle Sounders FC,FC Dallas,2,1,15,,goal,J. Ferreira,True,,,,,,,1,0
mls_2026,2026-04-26,,Seattle Sounders FC,FC Dallas,2,1,27,,card,N. Simmonds,False,yellow,,,,,,,
mls_2026,2026-04-26,,Seattle Sounders FC,FC Dallas,2,1,30,,goal,J. Morris,True,,,,,,,2,0
mls_2026,2026-04-26,,Seattle Sounders FC,FC Dallas,2,1,40,,goal,N. Norris,False,,,,,,,2,1
mls_2026,2026-04-26,,Seattle Sounders FC,FC Dallas,2,1,45,,period,,,,,,,HT,,2,1
mls_2026,2026-04-26,,Seattle Sounders FC,FC Dallas,2,1,45,,card,P. Delgado,False,yellow,,,,,,,
mls_2026,2026-04-26,,Seattle Sounders FC,FC Dallas,2,1,45,,injuryTime,,,,,,,,2,,
mls_2026,2026-04-26,,Seattle Sounders FC,FC Dallas,2,1,46,,substitution,,False,,,H. Johansson,L. D. Deedson,,,,
mls_2026,2026-04-26,,Seattle Sounders FC,FC Dallas,2,1,52,,card,L. Abubakar,False,yellow,,,,,,,
mls_2026,2026-04-26,,Seattle Sounders FC,FC Dallas,2,1,54,,substitution,,False,,,S. Moore,L. Abubakar,,,,
mls_2026,2026-04-26,,Seattle Sounders FC,FC Dallas,2,1,68,,substitution,,False,,,C. Cappis,R. Binyamin,,,,
mls_2026,2026-04-26,,Seattle Sounders FC,FC Dallas,2,1,68,,substitution,,False,,,J. Valiente,P. Delgado,,,,
mls_2026,2026-04-26,,Seattle Sounders FC,FC Dallas,2,1,68,,substitution,,True,,,P. Kingston,D. Musovski,,,,
mls_2026,2026-04-26,,Seattle Sounders FC,FC Dallas,2,1,77,,substitution,,False,,,Kaick,S. Sarver,,,,
mls_2026,2026-04-26,,Seattle Sounders FC,FC Dallas,2,1,82,,card,P. Kingston,True,yellow,,,,,,,
mls_2026,2026-04-26,,Seattle Sounders FC,FC Dallas,2,1,83,,substitution,,True,,,O. D. Rosario,J. Morris,,,,
mls_2026,2026-04-26,,Seattle Sounders FC,FC Dallas,2,1,89,,card,N. Norris,False,yellow,,,,,,,
mls_2026,2026-04-26,,Seattle Sounders FC,FC Dallas,2,1,90,,period,,,,,,,Second half,,2,1
mls_2026,2026-04-26,,Seattle Sounders FC,FC Dallas,2,1,90,,substitution,,True,,,C. Baker,S. Brunell,,,,
mls_2026,2026-04-26,,Seattle Sounders FC,FC Dallas,2,1,90,,injuryTime,,,,,,,,4,,
mls_2026,2026-04-26,,St.Louis City,San Jose Earthquakes,2,3,0,,card,Y. Damet,True,yellow,Argument,,,,,,
mls_2026,2026-04-26,,St.Louis City,San Jose Earthquakes,2,3,24,,substitution,,False,,,Daniel,E. Edwards Jr,,,,
mls_2026,2026-04-26,,St.Louis City,San Jose Earthquakes,2,3,45,,period,,,,,,,HT,,0,1
mls_2026,2026-04-26,,St.Louis City,San Jose Earthquakes,2,3,45,,injuryTime,,,,,,,,4,,
mls_2026,2026-04-26,,St.Louis City,San Jose Earthquakes,2,3,46,,substitution,,False,,,N. Tsakiris,J. Skahan,,,,
mls_2026,2026-04-26,,St.Louis City,San Jose Earthquakes,2,3,46,,substitution,,False,,,R. Vieira,J. Gonzalez,,,,
mls_2026,2026-04-26,,St.Louis City,San Jose Earthquakes,2,3,51,,goal,S. Córdova,True,,,,,,,1,1
mls_2026,2026-04-26,,St.Louis City,San Jose Earthquakes,2,3,53,,goal,M. Hartel,True,,,,,,,2,1
mls_2026,2026-04-26,,St.Louis City,San Jose Earthquakes,2,3,59,,card,P. Judd,False,yellow,Foul,,,,,,
mls_2026,2026-04-26,,St.Louis City,San Jose Earthquakes,2,3,61,,substitution,,False,,,O. Bouda,N. Fernandez,,,,
mls_2026,2026-04-26,,St.Louis City,San Jose Earthquakes,2,3,69,,goal,T. Werner,False,,,,,,,2,2
mls_2026,2026-04-26,,St.Louis City,San Jose Earthquakes,2,3,70,,substitution,,False,,,J. Ricketts,M. Floriani,,,,
mls_2026,2026-04-26,,St.Louis City,San Jose Earthquakes,2,3,75,,substitution,,True,,,B. McSorley,S. Córdova,,,,
mls_2026,2026-04-26,,St.Louis City,San Jose Earthquakes,2,3,75,,card,Daniel,False,yellow,Time wasting,,,,,,
mls_2026,2026-04-26,,St.Louis City,San Jose Earthquakes,2,3,8,,goal,P. Judd,False,,,,,,,0,1
mls_2026,2026-04-26,,St.Louis City,San Jose Earthquakes,2,3,81,,substitution,,True,,,C. Teuchert,S. Becher,,,,
mls_2026,2026-04-26,,St.Louis City,San Jose Earthquakes,2,3,83,,goal,T. Werner,False,,,,,,,2,3
mls_2026,2026-04-26,,St.Louis City,San Jose Earthquakes,2,3,84,,card,J. Ricketts,False,yellow,Argument,,,,,,
mls_2026,2026-04-26,,St.Louis City,San Jose Earthquakes,2,3,84,,card,C. Durkin,True,yellow,Foul,,,,,,
mls_2026,2026-04-26,,St.Louis City,San Jose Earthquakes,2,3,85,,substitution,,True,,,E. Löwen,D. Edelman,,,,
mls_2026,2026-04-26,,St.Louis City,San Jose Earthquakes,2,3,85,,substitution,,True,,,R. Santos,T. Totland,,,,
mls_2026,2026-04-26,,St.Louis City,San Jose Earthquakes,2,3,90,,period,,,,,,,FT,,2,3
mls_2026,2026-04-26,,St.Louis City,San Jose Earthquakes,2,3,90,5,card,D. Polvara,True,yellow,Foul,,,,,,
mls_2026,2026-04-26,,St.Louis City,San Jose Earthquakes,2,3,90,,injuryTime,,,,,,,,8,,
mls_2026,2026-04-26,,Vancouver Whitecaps,Colorado Rapids,3,1,23,,goal,B. White,True,,,,,,,2,0
mls_2026,2026-04-26,,Vancouver Whitecaps,Colorado Rapids,3,1,32,,goal,R. Navarro,False,,,,,,,2,1
mls_2026,2026-04-26,,Vancouver Whitecaps,Colorado Rapids,3,1,45,,period,,,,,,,HT,,2,1
mls_2026,2026-04-26,,Vancouver Whitecaps,Colorado Rapids,3,1,45,,injuryTime,,,,,,,,6,,
mls_2026,2026-04-26,,Vancouver Whitecaps,Colorado Rapids,3,1,46,,substitution,,True,,,J. Badwal,E. Sabbi,,,,
mls_2026,2026-04-26,,Vancouver Whitecaps,Colorado Rapids,3,1,56,,substitution,,False,,,D. Yapi,P. Aaronson,,,,
mls_2026,2026-04-26,,Vancouver Whitecaps,Colorado Rapids,3,1,64,,substitution,,False,,,K. Rosenberry,K. Thompson,,,,
mls_2026,2026-04-26,,Vancouver Whitecaps,Colorado Rapids,3,1,68,,substitution,,True,,,B. Quiñonez,C. T. Sabaly,,,,
mls_2026,2026-04-26,,Vancouver Whitecaps,Colorado Rapids,3,1,7,,goal,C. T. Sabaly,True,,,,,,,1,0
mls_2026,2026-04-26,,Vancouver Whitecaps,Colorado Rapids,3,1,80,,varDecision,B. Quiñonez,True,,,,,,,,
mls_2026,2026-04-26,,Vancouver Whitecaps,Colorado Rapids,3,1,82,,card,M. Navarro,False,yellow,,,,,,,
mls_2026,2026-04-26,,Vancouver Whitecaps,Colorado Rapids,3,1,83,,substitution,,False,,,N. Cobb,R. Holding,,,,
mls_2026,2026-04-26,,Vancouver Whitecaps,Colorado Rapids,3,1,83,,substitution,,False,,,A. Manyoma,M. Navarro,,,,
mls_2026,2026-04-26,,Vancouver Whitecaps,Colorado Rapids,3,1,83,,substitution,,True,,,M. Gherasimencov,T. Johnson,,,,
mls_2026,2026-04-26,,Vancouver Whitecaps,Colorado Rapids,3,1,85,,goal,B. White,True,,,,,,,3,1
mls_2026,2026-04-26,,Vancouver Whitecaps,Colorado Rapids,3,1,90,,period,,,,,,,Second half,,3,1
mls_2026,2026-04-26,,Vancouver Whitecaps,Colorado Rapids,3,1,90,,card,B. Quiñonez,True,yellow,,,,,,,
mls_2026,2026-04-26,,Vancouver Whitecaps,Colorado Rapids,3,1,90,,substitution,,True,,,O. Larraz,S. Berhalter,,,,
mls_2026,2026-04-26,,Vancouver Whitecaps,Colorado Rapids,3,1,90,,substitution,,True,,,R. Elloumi,B. White,,,,
mls_2026,2026-04-26,,Vancouver Whitecaps,Colorado Rapids,3,1,90,,injuryTime,,,,,,,,9,,
mls_2026,2026-05-02,,Atlanta United,CF Montréal,3,1,20,,card,S. Piette,False,yellow,,,,,,,
mls_2026,2026-05-02,,Atlanta United,CF Montréal,3,1,4,,card,E. Latte Lath,True,yellow,,,,,,,
mls_2026,2026-05-02,,Atlanta United,CF Montréal,3,1,41,,goal,S. Lobzhanidze,True,,,,,,,1,1
mls_2026,2026-05-02,,Atlanta United,CF Montréal,3,1,44,,card,P. Owusu,False,yellow,,,,,,,
mls_2026,2026-05-02,,Atlanta United,CF Montréal,3,1,45,,period,,,,,,,HT,,2,1
mls_2026,2026-05-02,,Atlanta United,CF Montréal,3,1,45,6,goal,E. Latte Lath,True,,,,,,,2,1
mls_2026,2026-05-02,,Atlanta United,CF Montréal,3,1,45,,injuryTime,,,,,,,,6,,
mls_2026,2026-05-02,,Atlanta United,CF Montréal,3,1,50,,goal,S. Lobzhanidze,True,,,,,,,3,1
mls_2026,2026-05-02,,Atlanta United,CF Montréal,3,1,59,,substitution,,False,,,V. Loturi,S. Piette,,,,
mls_2026,2026-05-02,,Atlanta United,CF Montréal,3,1,59,,substitution,,False,,,N. Streit,O. Escobar,,,,
mls_2026,2026-05-02,,Atlanta United,CF Montréal,3,1,59,,substitution,,False,,,D. Rios,W. Carmona,,,,
mls_2026,2026-05-02,,Atlanta United,CF Montréal,3,1,6,,goal,M. Longstaff,False,,,,,,,0,1
mls_2026,2026-05-02,,Atlanta United,CF Montréal,3,1,64,,substitution,,True,,,A. Fortune,E. Latte Lath,,,,
mls_2026,2026-05-02,,Atlanta United,CF Montréal,3,1,64,,substitution,,True,,,F. Picault,S. Lobzhanidze,,,,
mls_2026,2026-05-02,,Atlanta United,CF Montréal,3,1,68,,substitution,,False,,,K. Opoku,I. Jaime,,,,
mls_2026,2026-05-02,,Atlanta United,CF Montréal,3,1,72,,substitution,,True,,,J. Berrocal,S. Gregersen,,,,
mls_2026,2026-05-02,,Atlanta United,CF Montréal,3,1,72,,substitution,,True,,,M. Edwards,M. Galarza,,,,
mls_2026,2026-05-02,,Atlanta United,CF Montréal,3,1,74,,substitution,,False,,,F. Herbers,M. Longstaff,,,,
mls_2026,2026-05-02,,Atlanta United,CF Montréal,3,1,76,,substitution,,True,,,L. Brennan,F. Picault,,,,
mls_2026,2026-05-02,,Atlanta United,CF Montréal,3,1,77,,card,L. Hoyos,True,yellow,,,,,,,
mls_2026,2026-05-02,,Atlanta United,CF Montréal,3,1,90,,period,,,,,,,Second half,,3,1
mls_2026,2026-05-02,,Atlanta United,CF Montréal,3,1,90,5,card,T. Jacob,True,yellow,,,,,,,
mls_2026,2026-05-02,,Atlanta United,CF Montréal,3,1,90,2,card,E. Mihaj,True,yellow,,,,,,,
mls_2026,2026-05-02,,Atlanta United,CF Montréal,3,1,90,1,card,B. Vera,False,red,,,,,,,
mls_2026,2026-05-02,,Atlanta United,CF Montréal,3,1,90,,injuryTime,,,,,,,,5,,
mls_2026,2026-05-02,,Columbus Crew,Minnesota United,2,3,12,,card,M. Arfsten,True,yellow,,,,,,,
mls_2026,2026-05-02,,Columbus Crew,Minnesota United,2,3,24,,card,K. Duncan,False,yellow,,,,,,,
mls_2026,2026-05-02,,Columbus Crew,Minnesota United,2,3,31,,goal,T. Habroune,True,,,,,,,1,0
mls_2026,2026-05-02,,Columbus Crew,Minnesota United,2,3,45,,period,,,,,,,HT,,1,0
mls_2026,2026-05-02,,Columbus Crew,Minnesota United,2,3,45,,injuryTime,,,,,,,,2,,
mls_2026,2026-05-02,,Columbus Crew,Minnesota United,2,3,46,,substitution,,True,,,Y. Cheberko,M. Amundsen,,,,
mls_2026,2026-05-02,,Columbus Crew,Minnesota United,2,3,56,,goal,H. Picard,True,,,,,,,2,0
mls_2026,2026-05-02,,Columbus Crew,Minnesota United,2,3,59,,goal,K. Yeboah,False,,,,,,,2,1
mls_2026,2026-05-02,,Columbus Crew,Minnesota United,2,3,63,,substitution,,True,,,S. T. Bangoura,D. Gazdag,,,,
mls_2026,2026-05-02,,Columbus Crew,Minnesota United,2,3,66,,goal,K. Yeboah,False,,,,,,,2,2
mls_2026,2026-05-02,,Columbus Crew,Minnesota United,2,3,72,,card,R. Camacho,True,yellow,,,,,,,
mls_2026,2026-05-02,,Columbus Crew,Minnesota United,2,3,74,,goal,A. Markanich,False,,,,,,,2,3
mls_2026,2026-05-02,,Columbus Crew,Minnesota United,2,3,75,,substitution,,False,,,W. Trapp,N. Triantis,,,,
mls_2026,2026-05-02,,Columbus Crew,Minnesota United,2,3,75,,substitution,,False,,,M. Boxall,N. Romero,,,,
mls_2026,2026-05-02,,Columbus Crew,Minnesota United,2,3,81,,substitution,,True,,,N. Akhundzade,H. Picard,,,,
mls_2026,2026-05-02,,Columbus Crew,Minnesota United,2,3,84,,card,J. Díaz,False,yellow,,,,,,,
mls_2026,2026-05-02,,Columbus Crew,Minnesota United,2,3,89,,substitution,,False,,,M. Dieng,K. Yeboah,,,,
mls_2026,2026-05-02,,Columbus Crew,Minnesota United,2,3,90,,period,,,,,,,Second half,,2,3
mls_2026,2026-05-02,,Columbus Crew,Minnesota United,2,3,90,2,substitution,,True,,,C. Adams,T. Habroune,,,,
mls_2026,2026-05-02,,Columbus Crew,Minnesota United,2,3,90,2,substitution,,True,,,M. Farsi,D. Chambost,,,,
mls_2026,2026-05-02,,Columbus Crew,Minnesota United,2,3,90,,injuryTime,,,,,,,,7,,
mls_2026,2026-05-02,,Inter Miami CF,Orlando City SC,3,4,0,,card,G. A. Hoyos,True,yellow,Argument,,,,,,
mls_2026,2026-05-02,,Inter Miami CF,Orlando City SC,3,4,18,,card,R. Jansson,False,yellow,Foul,,,,,,
mls_2026,2026-05-02,,Inter Miami CF,Orlando City SC,3,4,25,,goal,T. Segovia,True,,,,,,,2,0
mls_2026,2026-05-02,,Inter Miami CF,Orlando City SC,3,4,33,,goal,L. Messi,True,,,,,,,3,0
mls_2026,2026-05-02,,Inter Miami CF,Orlando City SC,3,4,36,,card,A. Marín,False,yellow,Foul,,,,,,
mls_2026,2026-05-02,,Inter Miami CF,Orlando City SC,3,4,39,,goal,M. Ojeda,False,,,,,,,3,1
mls_2026,2026-05-02,,Inter Miami CF,Orlando City SC,3,4,4,,goal,I. Fray,True,,,,,,,1,0
mls_2026,2026-05-02,,Inter Miami CF,Orlando City SC,3,4,45,,period,,,,,,,HT,,3,1
mls_2026,2026-05-02,,Inter Miami CF,Orlando City SC,3,4,45,5,card,D. St. Clair,True,yellow,Time wasting,,,,,,
mls_2026,2026-05-02,,Inter Miami CF,Orlando City SC,3,4,45,,injuryTime,,,,,,,,6,,
mls_2026,2026-05-02,,Inter Miami CF,Orlando City SC,3,4,46,,substitution,,False,,,E. Atuesta,L. Otávio,,,,
mls_2026,2026-05-02,,Inter Miami CF,Orlando City SC,3,4,46,,substitution,,False,,,T. Spicer,T. Souza,,,,
mls_2026,2026-05-02,,Inter Miami CF,Orlando City SC,3,4,52,,card,Y. Bright,True,yellow,Foul,,,,,,
mls_2026,2026-05-02,,Inter Miami CF,Orlando City SC,3,4,59,,card,R. De Paul,True,yellow,Argument,,,,,,
mls_2026,2026-05-02,,Inter Miami CF,Orlando City SC,3,4,59,,substitution,,False,,,D. McGuire,J. Ellis,,,,
mls_2026,2026-05-02,,Inter Miami CF,Orlando City SC,3,4,66,,substitution,,True,,,F. Mura,I. Fray,,,,
mls_2026,2026-05-02,,Inter Miami CF,Orlando City SC,3,4,68,,goal,M. Ojeda,False,,,,,,,3,2
mls_2026,2026-05-02,,Inter Miami CF,Orlando City SC,3,4,71,,substitution,,True,,,T. Allende,L. Suárez,,,,
mls_2026,2026-05-02,,Inter Miami CF,Orlando City SC,3,4,78,,goal,M. Ojeda,False,,,,,,,3,3
mls_2026,2026-05-02,,Inter Miami CF,Orlando City SC,3,4,78,,card,L. Messi,True,yellow,Argument,,,,,,
mls_2026,2026-05-02,,Inter Miami CF,Orlando City SC,3,4,87,,substitution,,False,,,D. Brekalo,A. Marín,,,,
mls_2026,2026-05-02,,Inter Miami CF,Orlando City SC,3,4,90,,period,,,,,,,FT,,3,4
mls_2026,2026-05-02,,Inter Miami CF,Orlando City SC,3,4,90,6,card,M. Crépeau,False,yellow,Time wasting,,,,,,
mls_2026,2026-05-02,,Inter Miami CF,Orlando City SC,3,4,90,4,substitution,,False,,,Z. Taifi,M. Ojeda,,,,
mls_2026,2026-05-02,,Inter Miami CF,Orlando City SC,3,4,90,3,goal,T. Spicer,False,,,,,,,3,4
mls_2026,2026-05-02,,Inter Miami CF,Orlando City SC,3,4,90,,injuryTime,,,,,,,,8,,
mls_2026,2026-05-02,,New England Revolution,Charlotte FC,1,0,30,,card,N. Byrne,False,yellow,,,,,,,
mls_2026,2026-05-02,,New England Revolution,Charlotte FC,1,0,45,,period,,,,,,,HT,,0,0
mls_2026,2026-05-02,,New England Revolution,Charlotte FC,1,0,45,,injuryTime,,,,,,,,1,,
mls_2026,2026-05-02,,New England Revolution,Charlotte FC,1,0,51,,card,W. Sands,True,yellow,,,,,,,
mls_2026,2026-05-02,,New England Revolution,Charlotte FC,1,0,57,,card,D. Schnegg,False,yellow,,,,,,,
mls_2026,2026-05-02,,New England Revolution,Charlotte FC,1,0,60,,card,W. Zaha,False,yellow,,,,,,,
mls_2026,2026-05-02,,New England Revolution,Charlotte FC,1,0,61,,card,M. Fofana,True,yellow,,,,,,,
mls_2026,2026-05-02,,New England Revolution,Charlotte FC,1,0,78,,substitution,,False,,,B. Bronico,D. Diani,,,,
mls_2026,2026-05-02,,New England Revolution,Charlotte FC,1,0,78,,substitution,,False,,,L. Abada,K. C. Vargas,,,,
mls_2026,2026-05-02,,New England Revolution,Charlotte FC,1,0,82,,card,A. Westwood,False,yellow,,,,,,,
mls_2026,2026-05-02,,New England Revolution,Charlotte FC,1,0,85,,substitution,,True,,,D. Fagúndez,L. Langoni,,,,
mls_2026,2026-05-02,,New England Revolution,Charlotte FC,1,0,90,,period,,,,,,,Second half,,1,0
mls_2026,2026-05-02,,New England Revolution,Charlotte FC,1,0,90,9,substitution,,True,,,T. Beason,D. Turgeman,,,,
mls_2026,2026-05-02,,New England Revolution,Charlotte FC,1,0,90,8,card,C. Gil,True,yellow,,,,,,,
mls_2026,2026-05-02,,New England Revolution,Charlotte FC,1,0,90,7,goal,C. Gil,True,,,,,,,1,0
mls_2026,2026-05-02,,New England Revolution,Charlotte FC,1,0,90,,substitution,,False,,,A. Goodwin,I. Toklomati,,,,
mls_2026,2026-05-02,,New England Revolution,Charlotte FC,1,0,90,,substitution,,True,,,M. Fry,G. Yow,,,,
mls_2026,2026-05-02,,New England Revolution,Charlotte FC,1,0,90,,injuryTime,,,,,,,,6,,
mls_2026,2026-05-02,,New York Red Bulls,FC Dallas,0,2,31,,card,M. Collodi,False,yellow,,,,,,,
mls_2026,2026-05-02,,New York Red Bulls,FC Dallas,0,2,45,,period,,,,,,,HT,,0,0
mls_2026,2026-05-02,,New York Red Bulls,FC Dallas,0,2,54,,goal,P. Musa,False,,,,,,,0,1
mls_2026,2026-05-02,,New York Red Bulls,FC Dallas,0,2,66,,substitution,,True,,,R. Mosquera,C. Cowell,,,,
mls_2026,2026-05-02,,New York Red Bulls,FC Dallas,0,2,66,,substitution,,True,,,N. Benedetti,E. Forsberg,,,,
mls_2026,2026-05-02,,New York Red Bulls,FC Dallas,0,2,66,,substitution,,True,,,J. Marshall-Rutty,J. Mina,,,,
mls_2026,2026-05-02,,New York Red Bulls,FC Dallas,0,2,68,,substitution,,False,,,C. Cappis,P. Musa,,,,
mls_2026,2026-05-02,,New York Red Bulls,FC Dallas,0,2,68,,substitution,,False,,,S. Ibeagha,R. Binyamin,,,,
mls_2026,2026-05-02,,New York Red Bulls,FC Dallas,0,2,76,,substitution,,True,,,M. Sofo,R. Donkor,,,,
mls_2026,2026-05-02,,New York Red Bulls,FC Dallas,0,2,80,,substitution,,False,,,L. Farrington,J. Valiente,,,,
mls_2026,2026-05-02,,New York Red Bulls,FC Dallas,0,2,80,,substitution,,False,,,S. Sarver,S. Moreno,,,,
mls_2026,2026-05-02,,New York Red Bulls,FC Dallas,0,2,83,,substitution,,True,,,E. M. Choupo-Moting,J. Hall,,,,
mls_2026,2026-05-02,,New York Red Bulls,FC Dallas,0,2,88,,goal,S. Sarver,False,,,,,,,0,2
mls_2026,2026-05-02,,New York Red Bulls,FC Dallas,0,2,89,,card,S. Sarver,False,yellow,,,,,,,
mls_2026,2026-05-02,,New York Red Bulls,FC Dallas,0,2,90,,period,,,,,,,Second half,,0,2
mls_2026,2026-05-02,,New York Red Bulls,FC Dallas,0,2,90,4,substitution,,False,,,C. Swann,Kaick,,,,
mls_2026,2026-05-02,,New York Red Bulls,FC Dallas,0,2,90,,injuryTime,,,,,,,,5,,
mls_2026,2026-05-02,,Philadelphia Union,Nashville SC,0,0,15,,substitution,,True,,,G. Martínez,J. Sery Larsen,,,,
mls_2026,2026-05-02,,Philadelphia Union,Nashville SC,0,0,45,,period,,,,,,,HT,,0,0
mls_2026,2026-05-02,,Philadelphia Union,Nashville SC,0,0,45,,injuryTime,,,,,,,,4,,
mls_2026,2026-05-02,,Philadelphia Union,Nashville SC,0,0,62,,substitution,,False,,,A. Najar,J. Bauer,,,,
mls_2026,2026-05-02,,Philadelphia Union,Nashville SC,0,0,62,,substitution,,False,,,C. Espinoza,S. Mohammed,,,,
mls_2026,2026-05-02,,Philadelphia Union,Nashville SC,0,0,62,,substitution,,False,,,H. Mukhtar,W. Pacius,,,,
mls_2026,2026-05-02,,Philadelphia Union,Nashville SC,0,0,64,,card,G. Martínez,True,yellow,,,,,,,
mls_2026,2026-05-02,,Philadelphia Union,Nashville SC,0,0,69,,substitution,,True,,,A. Anello,C. Sullivan,,,,
mls_2026,2026-05-02,,Philadelphia Union,Nashville SC,0,0,69,,substitution,,True,,,B. Damiani,I. Vassilev,,,,
mls_2026,2026-05-02,,Philadelphia Union,Nashville SC,0,0,86,,substitution,,False,,,M. Corcoran,B. Acosta,,,,
mls_2026,2026-05-02,,Philadelphia Union,Nashville SC,0,0,86,,substitution,,False,,,J. Knight,W. Madrigal,,,,
mls_2026,2026-05-02,,Philadelphia Union,Nashville SC,0,0,90,,period,,,,,,,FT,,0,0
mls_2026,2026-05-02,,Philadelphia Union,Nashville SC,0,0,90,1,card,D. Lovitz,False,yellow,,,,,,,
mls_2026,2026-05-02,,Philadelphia Union,Nashville SC,0,0,90,,injuryTime,,,,,,,,3,,
mls_2026,2026-05-02,,Real Salt Lake,Portland Timbers,2,0,10,,goal,Z. Gozo,True,,,,,,,1,0
mls_2026,2026-05-02,,Real Salt Lake,Portland Timbers,2,0,28,,goal,D. Luna,True,,,,,,,2,0
mls_2026,2026-05-02,,Real Salt Lake,Portland Timbers,2,0,45,,period,,,,,,,HT,,2,0
mls_2026,2026-05-02,,Real Salt Lake,Portland Timbers,2,0,45,,injuryTime,,,,,,,,4,,
mls_2026,2026-05-02,,Real Salt Lake,Portland Timbers,2,0,46,,substitution,,False,,,K. Miller,F. Surman,,,,
mls_2026,2026-05-02,,Real Salt Lake,Portland Timbers,2,0,59,,substitution,,False,,,A. Aravena,C. Bassett,,,,
mls_2026,2026-05-02,,Real Salt Lake,Portland Timbers,2,0,59,,substitution,,False,,,I. Smith,A. Bonetig,,,,
mls_2026,2026-05-02,,Real Salt Lake,Portland Timbers,2,0,60,,card,J. Fory,False,yellow,,,,,,,
mls_2026,2026-05-02,,Real Salt Lake,Portland Timbers,2,0,61,,substitution,,True,,,P. Quinton,J. Glad,,,,
mls_2026,2026-05-02,,Real Salt Lake,Portland Timbers,2,0,76,,substitution,,True,,,V. Olatunji,S. Solans,,,,
mls_2026,2026-05-02,,Real Salt Lake,Portland Timbers,2,0,77,,substitution,,True,,,Z. Booth,Z. Gozo,,,,
mls_2026,2026-05-02,,Real Salt Lake,Portland Timbers,2,0,82,,card,I. Smith,False,yellow,,,,,,,
mls_2026,2026-05-02,,Real Salt Lake,Portland Timbers,2,0,85,,card,J. Sanabria,True,yellow,,,,,,,
mls_2026,2026-05-02,,Real Salt Lake,Portland Timbers,2,0,89,,substitution,,True,,,P. Ruiz,S. Spierings,,,,
mls_2026,2026-05-02,,Real Salt Lake,Portland Timbers,2,0,89,,substitution,,True,,,A. Hezarkhani,D. Luna,,,,
mls_2026,2026-05-02,,Real Salt Lake,Portland Timbers,2,0,90,,period,,,,,,,Second half,,2,0
mls_2026,2026-05-02,,Real Salt Lake,Portland Timbers,2,0,90,1,substitution,,False,,,G. Guerra,K. Kelsy,,,,
mls_2026,2026-05-02,,Real Salt Lake,Portland Timbers,2,0,90,,injuryTime,,,,,,,,6,,
mls_2026,2026-05-02,,Sporting Kansas City,Seattle Sounders FC,1,1,18,,goal,D. Joveljić,True,,,,,,,1,1
mls_2026,2026-05-02,,Sporting Kansas City,Seattle Sounders FC,1,1,2,,goal,P. Rothrock,False,,,,,,,0,1
mls_2026,2026-05-02,,Sporting Kansas City,Seattle Sounders FC,1,1,31,,card,J. Ragen,False,yellow,,,,,,,
mls_2026,2026-05-02,,Sporting Kansas City,Seattle Sounders FC,1,1,45,,period,,,,,,,HT,,1,1
mls_2026,2026-05-02,,Sporting Kansas City,Seattle Sounders FC,1,1,45,,injuryTime,,,,,,,,2,,
mls_2026,2026-05-02,,Sporting Kansas City,Seattle Sounders FC,1,1,67,,substitution,,False,,,A. Rusnák,J. Morris,,,,
mls_2026,2026-05-02,,Sporting Kansas City,Seattle Sounders FC,1,1,67,,substitution,,False,,,P. Arriola,P. Rothrock,,,,
mls_2026,2026-05-02,,Sporting Kansas City,Seattle Sounders FC,1,1,74,,substitution,,True,,,C. Harris,Capita,,,,
mls_2026,2026-05-02,,Sporting Kansas City,Seattle Sounders FC,1,1,76,,substitution,,False,,,O. D. Rosario,D. Musovski,,,,
mls_2026,2026-05-02,,Sporting Kansas City,Seattle Sounders FC,1,1,84,,substitution,,True,,,T. Calheira,M. García,,,,
mls_2026,2026-05-02,,Sporting Kansas City,Seattle Sounders FC,1,1,86,,substitution,,False,,,P. Kingston,K. Kossa-Rienzi,,,,
mls_2026,2026-05-02,,Sporting Kansas City,Seattle Sounders FC,1,1,86,,substitution,,False,,,H. Dotson,J. Ferreira,,,,
mls_2026,2026-05-02,,Sporting Kansas City,Seattle Sounders FC,1,1,90,,period,,,,,,,Second half,,1,1
mls_2026,2026-05-02,,Sporting Kansas City,Seattle Sounders FC,1,1,90,,card,H. Dotson,False,yellow,,,,,,,
mls_2026,2026-05-02,,Sporting Kansas City,Seattle Sounders FC,1,1,90,,injuryTime,,,,,,,,3,,
mls_2026,2026-05-02,,Toronto FC,San Jose Earthquakes,1,1,13,,goal,P. Judd,False,,,,,,,1,1
mls_2026,2026-05-02,,Toronto FC,San Jose Earthquakes,1,1,17,,card,B. Leroux,False,yellow,,,,,,,
mls_2026,2026-05-02,,Toronto FC,San Jose Earthquakes,1,1,2,,goal,D. Sallói,True,,,,,,,1,0
mls_2026,2026-05-02,,Toronto FC,San Jose Earthquakes,1,1,37,,card,R. Vieira,False,yellow,,,,,,,
mls_2026,2026-05-02,,Toronto FC,San Jose Earthquakes,1,1,45,,period,,,,,,,HT,,1,1
mls_2026,2026-05-02,,Toronto FC,San Jose Earthquakes,1,1,45,,injuryTime,,,,,,,,5,,
mls_2026,2026-05-02,,Toronto FC,San Jose Earthquakes,1,1,46,,substitution,,True,,,M. Chisholm,L. Stefanovic,,,,
mls_2026,2026-05-02,,Toronto FC,San Jose Earthquakes,1,1,54,,substitution,,False,,,N. Fernandez,N. Tsakiris,,,,
mls_2026,2026-05-02,,Toronto FC,San Jose Earthquakes,1,1,66,,substitution,,False,,,I. Harkes,J. Skahan,,,,
mls_2026,2026-05-02,,Toronto FC,San Jose Earthquakes,1,1,66,,substitution,,False,,,P. Marie,P. Judd,,,,
mls_2026,2026-05-02,,Toronto FC,San Jose Earthquakes,1,1,67,,substitution,,True,,,D. Etienne,M. Henry,,,,
mls_2026,2026-05-02,,Toronto FC,San Jose Earthquakes,1,1,68,,substitution,,True,,,D. Kerr,E. Aristizábal,,,,
mls_2026,2026-05-02,,Toronto FC,San Jose Earthquakes,1,1,75,,substitution,,True,,,A. Bossenberry,M. Cimermancic,,,,
mls_2026,2026-05-02,,Toronto FC,San Jose Earthquakes,1,1,75,,card,J. Osorio,True,yellow,,,,,,,
mls_2026,2026-05-02,,Toronto FC,San Jose Earthquakes,1,1,90,,period,,,,,,,Second half,,1,1
mls_2026,2026-05-02,,Toronto FC,San Jose Earthquakes,1,1,90,5,substitution,,True,,,W. Zimmerman,Z. Monlouis,,,,
mls_2026,2026-05-02,,Toronto FC,San Jose Earthquakes,1,1,90,1,card,A. Coello,True,yellow,,,,,,,
mls_2026,2026-05-02,,Toronto FC,San Jose Earthquakes,1,1,90,,injuryTime,,,,,,,,6,,
mls_2026,2026-05-03,,Austin FC,St.Louis City,2,0,36,,card,Guilherme Biro,True,yellow,,,,,,,
mls_2026,2026-05-03,,Austin FC,St.Louis City,2,0,45,,period,,,,,,,HT,,0,0
mls_2026,2026-05-03,,Austin FC,St.Louis City,2,0,45,,injuryTime,,,,,,,,2,,
mls_2026,2026-05-03,,Austin FC,St.Louis City,2,0,51,,card,T. Baumgartl,False,yellow,,,,,,,
mls_2026,2026-05-03,,Austin FC,St.Louis City,2,0,58,,substitution,,False,,,S. Córdova,E. Löwen,,,,
mls_2026,2026-05-03,,Austin FC,St.Louis City,2,0,58,,substitution,,False,,,M. Mbacke,L. MacNaughton,,,,
mls_2026,2026-05-03,,Austin FC,St.Louis City,2,0,66,,substitution,,True,,,D. Pereira,I. Sánchez,,,,
mls_2026,2026-05-03,,Austin FC,St.Louis City,2,0,68,,card,C. Durkin,False,yellow,,,,,,,
mls_2026,2026-05-03,,Austin FC,St.Louis City,2,0,69,,goal,C. Ramirez,True,,,,,,,1,0
mls_2026,2026-05-03,,Austin FC,St.Louis City,2,0,73,,substitution,,False,,,F. Fall,S. Becher,,,,
mls_2026,2026-05-03,,Austin FC,St.Louis City,2,0,73,,substitution,,False,,,M. Joyner,M. Perez,,,,
mls_2026,2026-05-03,,Austin FC,St.Louis City,2,0,81,,goal,M. Uzuni,True,,,,,,,2,0
mls_2026,2026-05-03,,Austin FC,St.Louis City,2,0,82,,substitution,,True,,,J. Bell,Guilherme Biro,,,,
mls_2026,2026-05-03,,Austin FC,St.Louis City,2,0,82,,substitution,,True,,,O. Wolff,C. Ramirez,,,,
mls_2026,2026-05-03,,Austin FC,St.Louis City,2,0,87,,substitution,,False,,,B. McSorley,C. Durkin,,,,
mls_2026,2026-05-03,,Austin FC,St.Louis City,2,0,87,,card,B. Hines-Ike,True,yellow,,,,,,,
mls_2026,2026-05-03,,Austin FC,St.Louis City,2,0,89,,substitution,,True,,,B. Vázquez,M. Uzuni,,,,
mls_2026,2026-05-03,,Austin FC,St.Louis City,2,0,89,,substitution,,True,,,C. Fodrey,F. Torres,,,,
mls_2026,2026-05-03,,Austin FC,St.Louis City,2,0,90,,period,,,,,,,Second half,,2,0
mls_2026,2026-05-03,,Austin FC,St.Louis City,2,0,90,,injuryTime,,,,,,,,5,,
mls_2026,2026-05-03,,Chicago Fire,FC Cincinnati,2,3,16,,goal,H. Cuypers,True,,,,,,,1,0
mls_2026,2026-05-03,,Chicago Fire,FC Cincinnati,2,3,24,,goal,Evander,False,,,,,,,1,1
mls_2026,2026-05-03,,Chicago Fire,FC Cincinnati,2,3,28,,goal,H. Cuypers,True,,,,,,,2,1
mls_2026,2026-05-03,,Chicago Fire,FC Cincinnati,2,3,31,,goal,Evander,False,,,,,,,2,2
mls_2026,2026-05-03,,Chicago Fire,FC Cincinnati,2,3,45,,period,,,,,,,HT,,2,2
mls_2026,2026-05-03,,Chicago Fire,FC Cincinnati,2,3,45,,injuryTime,,,,,,,,1,,
mls_2026,2026-05-03,,Chicago Fire,FC Cincinnati,2,3,46,,substitution,,False,,,N. Hagglund,T. Anunga,,,,
mls_2026,2026-05-03,,Chicago Fire,FC Cincinnati,2,3,56,,card,K. Smith,False,red,,,,,,,
mls_2026,2026-05-03,,Chicago Fire,FC Cincinnati,2,3,59,,substitution,,True,,,J. Bamba,R. Lod,,,,
mls_2026,2026-05-03,,Chicago Fire,FC Cincinnati,2,3,66,,substitution,,False,,,M. Miazga,G. Valenzuela,,,,
mls_2026,2026-05-03,,Chicago Fire,FC Cincinnati,2,3,68,,card,K. Denkey,False,yellow,,,,,,,
mls_2026,2026-05-03,,Chicago Fire,FC Cincinnati,2,3,77,,substitution,,False,,,A. Jabbari,K. Denkey,,,,
mls_2026,2026-05-03,,Chicago Fire,FC Cincinnati,2,3,77,,substitution,,False,,,T. Barlow,K. M. Dem,,,,
mls_2026,2026-05-03,,Chicago Fire,FC Cincinnati,2,3,88,,substitution,,False,,,A. Lajhar,B. Ramírez,,,,
mls_2026,2026-05-03,,Chicago Fire,FC Cincinnati,2,3,90,,period,,,,,,,Second half,,2,3
mls_2026,2026-05-03,,Chicago Fire,FC Cincinnati,2,3,90,12,card,A. Chirila,False,yellow,,,,,,,
mls_2026,2026-05-03,,Chicago Fire,FC Cincinnati,2,3,90,8,substitution,,True,,,J. Shokalook,J. Dean,,,,
mls_2026,2026-05-03,,Chicago Fire,FC Cincinnati,2,3,90,7,goal,Evander,False,,,,,,,2,3
mls_2026,2026-05-03,,Chicago Fire,FC Cincinnati,2,3,90,3,card,D. T. D'Avilla,True,yellow,,,,,,,
mls_2026,2026-05-03,,Chicago Fire,FC Cincinnati,2,3,90,,card,A. Lajhar,False,yellow,,,,,,,
mls_2026,2026-05-03,,Chicago Fire,FC Cincinnati,2,3,90,,injuryTime,,,,,,,,7,,
mls_2026,2026-05-03,,Houston Dynamo,Colorado Rapids,1,0,0,,card,M. Wells,False,yellow,Argument,,,,,,
mls_2026,2026-05-03,,Houston Dynamo,Colorado Rapids,1,0,31,,card,F. Andrade,True,yellow,Foul,,,,,,
mls_2026,2026-05-03,,Houston Dynamo,Colorado Rapids,1,0,33,,substitution,,False,,,N. Cobb,R. Holding,,,,
mls_2026,2026-05-03,,Houston Dynamo,Colorado Rapids,1,0,39,,substitution,,False,,,P. Aaronson,J. Atencio,,,,
mls_2026,2026-05-03,,Houston Dynamo,Colorado Rapids,1,0,43,,card,H. Ojediran,False,yellow,Argument,,,,,,
mls_2026,2026-05-03,,Houston Dynamo,Colorado Rapids,1,0,45,,period,,,,,,,HT,,0,0
mls_2026,2026-05-03,,Houston Dynamo,Colorado Rapids,1,0,45,,injuryTime,,,,,,,,7,,
mls_2026,2026-05-03,,Houston Dynamo,Colorado Rapids,1,0,47,,card,A. Manyoma,False,yellow,,,,,,,
mls_2026,2026-05-03,,Houston Dynamo,Colorado Rapids,1,0,56,,card,M. Bogusz,True,yellow,Foul,,,,,,
mls_2026,2026-05-03,,Houston Dynamo,Colorado Rapids,1,0,60,,substitution,,False,,,G. Minoungou,A. Manyoma,,,,
mls_2026,2026-05-03,,Houston Dynamo,Colorado Rapids,1,0,63,,substitution,,True,,,A. Bouzat,J. McGlynn,,,,
mls_2026,2026-05-03,,Houston Dynamo,Colorado Rapids,1,0,63,,substitution,,True,,,H. Herrera,Artur,,,,
mls_2026,2026-05-03,,Houston Dynamo,Colorado Rapids,1,0,63,,card,L. Ennali,True,yellow,Foul,,,,,,
mls_2026,2026-05-03,,Houston Dynamo,Colorado Rapids,1,0,66,,card,D. Yapi,False,yellow,Argument,,,,,,
mls_2026,2026-05-03,,Houston Dynamo,Colorado Rapids,1,0,72,,goal,L. Ennali,True,,,,,,,1,0
mls_2026,2026-05-03,,Houston Dynamo,Colorado Rapids,1,0,81,,substitution,,False,,,M. B. Diop,M. Navarro,,,,
mls_2026,2026-05-03,,Houston Dynamo,Colorado Rapids,1,0,81,,substitution,,False,,,K. Stewart-Baynes,D. Sealy,,,,
mls_2026,2026-05-03,,Houston Dynamo,Colorado Rapids,1,0,81,,substitution,,False,,,J. Travis,D. Yapi,,,,
mls_2026,2026-05-03,,Houston Dynamo,Colorado Rapids,1,0,84,,substitution,,True,,,O. Lingr,E. Ponce,,,,
mls_2026,2026-05-03,,Houston Dynamo,Colorado Rapids,1,0,90,,period,,,,,,,FT,,1,0
mls_2026,2026-05-03,,Houston Dynamo,Colorado Rapids,1,0,90,,substitution,,True,,,I. Aliyu,Guilherme,,,,
mls_2026,2026-05-03,,Houston Dynamo,Colorado Rapids,1,0,90,,injuryTime,,,,,,,,5,,
mls_2026,2026-05-03,,LA Galaxy,Vancouver Whitecaps,1,1,26,,card,M. Cuevas,True,yellow,,,,,,,
mls_2026,2026-05-03,,LA Galaxy,Vancouver Whitecaps,1,1,32,,card,A. Cubas,False,yellow,,,,,,,
mls_2026,2026-05-03,,LA Galaxy,Vancouver Whitecaps,1,1,45,,period,,,,,,,HT,,0,0
mls_2026,2026-05-03,,LA Galaxy,Vancouver Whitecaps,1,1,45,,injuryTime,,,,,,,,2,,
mls_2026,2026-05-03,,LA Galaxy,Vancouver Whitecaps,1,1,46,,goal,J. Paintsil,True,,,,,,,1,0
mls_2026,2026-05-03,,LA Galaxy,Vancouver Whitecaps,1,1,46,,substitution,,True,,,E. Cerrillo,M. Reus,,,,
mls_2026,2026-05-03,,LA Galaxy,Vancouver Whitecaps,1,1,62,,substitution,,False,,,K. Cabrera,A. Cubas,,,,
mls_2026,2026-05-03,,LA Galaxy,Vancouver Whitecaps,1,1,62,,substitution,,False,,,A. Jackson,C. T. Sabaly,,,,
mls_2026,2026-05-03,,LA Galaxy,Vancouver Whitecaps,1,1,63,,substitution,,False,,,B. Quiñonez,E. Sabbi,,,,
mls_2026,2026-05-03,,LA Galaxy,Vancouver Whitecaps,1,1,65,,card,L. Sanabria,True,yellow,,,,,,,
mls_2026,2026-05-03,,LA Galaxy,Vancouver Whitecaps,1,1,66,,card,É. Ocampo,False,yellow,,,,,,,
mls_2026,2026-05-03,,LA Galaxy,Vancouver Whitecaps,1,1,67,,card,E. Cerrillo,True,yellow,,,,,,,
mls_2026,2026-05-03,,LA Galaxy,Vancouver Whitecaps,1,1,75,,substitution,,True,,,E. Wynder,L. Sanabria,,,,
mls_2026,2026-05-03,,LA Galaxy,Vancouver Whitecaps,1,1,79,,substitution,,True,,,M. Yoshida,H. Miller,,,,
mls_2026,2026-05-03,,LA Galaxy,Vancouver Whitecaps,1,1,79,,substitution,,True,,,M. Yamane,M. Cuevas,,,,
mls_2026,2026-05-03,,LA Galaxy,Vancouver Whitecaps,1,1,81,,goal,M. Laborda,False,,,,,,,1,1
mls_2026,2026-05-03,,LA Galaxy,Vancouver Whitecaps,1,1,84,,card,S. Berhalter,False,yellow,,,,,,,
mls_2026,2026-05-03,,LA Galaxy,Vancouver Whitecaps,1,1,87,,card,T. Blackmon,False,yellow,,,,,,,
mls_2026,2026-05-03,,LA Galaxy,Vancouver Whitecaps,1,1,88,,substitution,,False,,,O. Larraz,S. Berhalter,,,,
mls_2026,2026-05-03,,LA Galaxy,Vancouver Whitecaps,1,1,90,,period,,,,,,,FT,,1,1
mls_2026,2026-05-03,,LA Galaxy,Vancouver Whitecaps,1,1,90,5,card,O. Larraz,False,yellow,,,,,,,
mls_2026,2026-05-03,,LA Galaxy,Vancouver Whitecaps,1,1,90,3,card,G. Pec,True,yellow,,,,,,,
mls_2026,2026-05-03,,LA Galaxy,Vancouver Whitecaps,1,1,90,1,card,J. Glesnes,True,yellow,,,,,,,
mls_2026,2026-05-03,,LA Galaxy,Vancouver Whitecaps,1,1,90,,substitution,,True,,,T. Elgersma,J. Haak,,,,
mls_2026,2026-05-03,,LA Galaxy,Vancouver Whitecaps,1,1,90,,injuryTime,,,,,,,,6,,
mls_2026,2026-05-03,,New York City FC,DC United,0,2,26,,card,K. Kurokawa,False,yellow,,,,,,,
mls_2026,2026-05-03,,New York City FC,DC United,0,2,29,,goal,L. Munteanu,False,,,,,,,0,1
mls_2026,2026-05-03,,New York City FC,DC United,0,2,36,,substitution,,True,,,A. Perea,A. O'Neill,,,,
mls_2026,2026-05-03,,New York City FC,DC United,0,2,45,,period,,,,,,,HT,,0,1
mls_2026,2026-05-03,,New York City FC,DC United,0,2,45,3,card,S. Hefti,False,yellow,,,,,,,
mls_2026,2026-05-03,,New York City FC,DC United,0,2,45,,injuryTime,,,,,,,,2,,
mls_2026,2026-05-03,,New York City FC,DC United,0,2,60,,substitution,,False,,,N. Markovic,J. Hopkins,,,,
mls_2026,2026-05-03,,New York City FC,DC United,0,2,60,,substitution,,False,,,A. Herrera,J. Stroud,,,,
mls_2026,2026-05-03,,New York City FC,DC United,0,2,63,,substitution,,True,,,K. Parks,S. Tanasijević,,,,
mls_2026,2026-05-03,,New York City FC,DC United,0,2,63,,substitution,,True,,,H. Wolf,M. Jones,,,,
mls_2026,2026-05-03,,New York City FC,DC United,0,2,70,,card,Peglow,False,yellow,,,,,,,
mls_2026,2026-05-03,,New York City FC,DC United,0,2,75,,goal,L. Munteanu,False,,,,,,,0,2
mls_2026,2026-05-03,,New York City FC,DC United,0,2,78,,substitution,,False,,,J. Murrell,L. Munteanu,,,,
mls_2026,2026-05-03,,New York City FC,DC United,0,2,80,,card,N. Fernández,True,yellow,,,,,,,
mls_2026,2026-05-03,,New York City FC,DC United,0,2,81,,substitution,,True,,,S. Garfield-Reid,A. Ojeda,,,,
mls_2026,2026-05-03,,New York City FC,DC United,0,2,81,,substitution,,True,,,J. Shore,Raul Gustavo,,,,
mls_2026,2026-05-03,,New York City FC,DC United,0,2,89,,substitution,,False,,,C. Antley,Peglow,,,,
mls_2026,2026-05-03,,New York City FC,DC United,0,2,90,,period,,,,,,,Second half,,0,2
mls_2026,2026-05-03,,New York City FC,DC United,0,2,90,3,card,J. Murrell,False,yellow,,,,,,,
mls_2026,2026-05-03,,New York City FC,DC United,0,2,90,,injuryTime,,,,,,,,8,,
mls_2026,2026-05-03,,San Diego FC,Los Angeles FC,2,2,15,,card,D. Vazquez,True,yellow,,,,,,,
mls_2026,2026-05-03,,San Diego FC,Los Angeles FC,2,2,45,,period,,,,,,,HT,,1,0
mls_2026,2026-05-03,,San Diego FC,Los Angeles FC,2,2,45,,injuryTime,,,,,,,,1,,
mls_2026,2026-05-03,,San Diego FC,Los Angeles FC,2,2,46,,substitution,,False,,,D. M. Morales,N. Ordaz,,,,
mls_2026,2026-05-03,,San Diego FC,Los Angeles FC,2,2,46,,substitution,,False,,,M. Delgado,J. Terry,,,,
mls_2026,2026-05-03,,San Diego FC,Los Angeles FC,2,2,59,,card,K. Nielsen,False,yellow,,,,,,,
mls_2026,2026-05-03,,San Diego FC,Los Angeles FC,2,2,60,,substitution,,False,,,S. Heung-min,R. Raposo,,,,
mls_2026,2026-05-03,,San Diego FC,Los Angeles FC,2,2,67,,substitution,,True,,,I. Pilcher,L. Bombino,,,,
mls_2026,2026-05-03,,San Diego FC,Los Angeles FC,2,2,67,,substitution,,True,,,L. Morgan,A. Pellegrino,,,,
mls_2026,2026-05-03,,San Diego FC,Los Angeles FC,2,2,7,,goal,M. Ingvartsen,True,,,,,,,1,0
mls_2026,2026-05-03,,San Diego FC,Los Angeles FC,2,2,71,,goal,M. Ingvartsen,True,,,,,,,2,0
mls_2026,2026-05-03,,San Diego FC,Los Angeles FC,2,2,72,,substitution,,False,,,T. Boyd,J. Ebobisse,,,,
mls_2026,2026-05-03,,San Diego FC,Los Angeles FC,2,2,73,,card,I. Pilcher,True,yellow,,,,,,,
mls_2026,2026-05-03,,San Diego FC,Los Angeles FC,2,2,78,,card,A. Godoy,True,yellow,,,,,,,
mls_2026,2026-05-03,,San Diego FC,Los Angeles FC,2,2,79,,substitution,,False,,,M. Choinière,S. Eustaquio,,,,
mls_2026,2026-05-03,,San Diego FC,Los Angeles FC,2,2,82,,goal,D. Bouanga,False,,,,,,,2,1
mls_2026,2026-05-03,,San Diego FC,Los Angeles FC,2,2,83,,substitution,,True,,,A. Alvarado Jr,D. Vazquez,,,,
mls_2026,2026-05-03,,San Diego FC,Los Angeles FC,2,2,89,,substitution,,True,,,W. Eisner,M. Ingvartsen,,,,
mls_2026,2026-05-03,,San Diego FC,Los Angeles FC,2,2,90,,period,,,,,,,Second half,,2,2
mls_2026,2026-05-03,,San Diego FC,Los Angeles FC,2,2,90,14,goal,R. Hollingshead,False,,,,,,,2,2
mls_2026,2026-05-03,,San Diego FC,Los Angeles FC,2,2,90,9,substitution,,False,,,A. Smoliakov,K. Nielsen,,,,
mls_2026,2026-05-03,,San Diego FC,Los Angeles FC,2,2,90,8,substitution,,True,,,D. Ferree,C. Dos Santos,,,,
mls_2026,2026-05-03,,San Diego FC,Los Angeles FC,2,2,90,,card,D. Bouanga,False,yellow,,,,,,,
mls_2026,2026-05-03,,San Diego FC,Los Angeles FC,2,2,90,,injuryTime,,,,,,,,9,,
mls_2026,2026-05-09,,Atlanta United,LA Galaxy,1,2,0,,card,G. Vanney,False,yellow,Argument,,,,,,
mls_2026,2026-05-09,,Atlanta United,LA Galaxy,1,2,0,,card,G. Martino,True,yellow,Argument,,,,,,
mls_2026,2026-05-09,,Atlanta United,LA Galaxy,1,2,26,,card,S. Gregersen,True,yellow,Foul,,,,,,
mls_2026,2026-05-09,,Atlanta United,LA Galaxy,1,2,28,,card,C. Sanchez,True,yellow,Argument,,,,,,
mls_2026,2026-05-09,,Atlanta United,LA Galaxy,1,2,30,,card,J. Berrocal,True,yellow,Foul,,,,,,
mls_2026,2026-05-09,,Atlanta United,LA Galaxy,1,2,45,,period,,,,,,,HT,,0,0
mls_2026,2026-05-09,,Atlanta United,LA Galaxy,1,2,45,,injuryTime,,,,,,,,3,,
mls_2026,2026-05-09,,Atlanta United,LA Galaxy,1,2,53,,card,J. Glesnes,False,yellow,Foul,,,,,,
mls_2026,2026-05-09,,Atlanta United,LA Galaxy,1,2,60,,substitution,,True,,,A. Fortune,M. Galarza,,,,
mls_2026,2026-05-09,,Atlanta United,LA Galaxy,1,2,65,,substitution,,False,,,M. Reus,J. Haak,,,,
mls_2026,2026-05-09,,Atlanta United,LA Galaxy,1,2,69,,goal,A. Fortune,True,,,,,,,1,0
mls_2026,2026-05-09,,Atlanta United,LA Galaxy,1,2,71,,substitution,,True,,,C. Togashi,E. Latte Lath,,,,
mls_2026,2026-05-09,,Atlanta United,LA Galaxy,1,2,71,,substitution,,True,,,L. Brennan,S. Lobzhanidze,,,,
mls_2026,2026-05-09,,Atlanta United,LA Galaxy,1,2,73,,substitution,,False,,,E. Wynder,L. Sanabria,,,,
mls_2026,2026-05-09,,Atlanta United,LA Galaxy,1,2,73,,substitution,,False,,,E. Thommy,H. Miller,,,,
mls_2026,2026-05-09,,Atlanta United,LA Galaxy,1,2,74,,goal,G. Pec,False,,,,,,,1,1
mls_2026,2026-05-09,,Atlanta United,LA Galaxy,1,2,79,,goal,G. Pec,False,,,,,,,1,2
mls_2026,2026-05-09,,Atlanta United,LA Galaxy,1,2,83,,substitution,,True,,,S. Santos,C. Sanchez,,,,
mls_2026,2026-05-09,,Atlanta United,LA Galaxy,1,2,83,,substitution,,True,,,E. Mihaj,J. Berrocal,,,,
mls_2026,2026-05-09,,Atlanta United,LA Galaxy,1,2,90,,period,,,,,,,FT,,1,2
mls_2026,2026-05-09,,Atlanta United,LA Galaxy,1,2,90,1,substitution,,False,,,M. Yoshida,J. Paintsil,,,,
mls_2026,2026-05-09,,Atlanta United,LA Galaxy,1,2,90,,injuryTime,,,,,,,,6,,
mls_2026,2026-05-09,,CF Montréal,Orlando City SC,2,0,45,,period,,,,,,,HT,,0,0
mls_2026,2026-05-09,,CF Montréal,Orlando City SC,2,0,62,,card,E. Atuesta,False,yellow,,,,,,,
mls_2026,2026-05-09,,CF Montréal,Orlando City SC,2,0,67,,substitution,,False,,,D. McGuire,T. Spicer,,,,
mls_2026,2026-05-09,,CF Montréal,Orlando City SC,2,0,79,,substitution,,True,,,N. Streit,I. Jaime,,,,
mls_2026,2026-05-09,,CF Montréal,Orlando City SC,2,0,80,,substitution,,False,,,D. Brekalo,J. Ellis,,,,
mls_2026,2026-05-09,,CF Montréal,Orlando City SC,2,0,85,,substitution,,True,,,D. Rios,P. Owusu,,,,
mls_2026,2026-05-09,,CF Montréal,Orlando City SC,2,0,86,,substitution,,True,,,O. Escobar,S. Piette,,,,
mls_2026,2026-05-09,,CF Montréal,Orlando City SC,2,0,90,,period,,,,,,,Second half,,2,0
mls_2026,2026-05-09,,CF Montréal,Orlando City SC,2,0,90,8,goal,D. D. Þórhallsson,True,,,,,,,2,0
mls_2026,2026-05-09,,CF Montréal,Orlando City SC,2,0,90,6,card,Iago,False,yellow,,,,,,,
mls_2026,2026-05-09,,CF Montréal,Orlando City SC,2,0,90,5,substitution,,True,,,D. D. Þórhallsson,W. Carmona,,,,
mls_2026,2026-05-09,,CF Montréal,Orlando City SC,2,0,90,5,substitution,,False,,,T. Souza,A. Marín,,,,
mls_2026,2026-05-09,,CF Montréal,Orlando City SC,2,0,90,5,substitution,,False,,,Z. Taifi,G. Dorsey,,,,
mls_2026,2026-05-09,,CF Montréal,Orlando City SC,2,0,90,4,goal,D. Rios,True,,,,,,,1,0
mls_2026,2026-05-09,,CF Montréal,Orlando City SC,2,0,90,,injuryTime,,,,,,,,5,,
mls_2026,2026-05-09,,Charlotte FC,FC Cincinnati,2,2,26,,card,G. Valenzuela,False,yellow,,,,,,,
mls_2026,2026-05-09,,Charlotte FC,FC Cincinnati,2,2,36,,goal,K. Denkey,False,,,,,,,0,1
mls_2026,2026-05-09,,Charlotte FC,FC Cincinnati,2,2,43,,goal,Evander,False,,,,,,,0,2
mls_2026,2026-05-09,,Charlotte FC,FC Cincinnati,2,2,45,,period,,,,,,,HT,,0,2
mls_2026,2026-05-09,,Charlotte FC,FC Cincinnati,2,2,45,,injuryTime,,,,,,,,2,,
mls_2026,2026-05-09,,Charlotte FC,FC Cincinnati,2,2,51,,goal,I. Toklomati,True,,,,,,,1,2
mls_2026,2026-05-09,,Charlotte FC,FC Cincinnati,2,2,52,,goal,P. Biel,True,,,,,,,2,2
mls_2026,2026-05-09,,Charlotte FC,FC Cincinnati,2,2,54,,card,A. Westwood,True,yellow,,,,,,,
mls_2026,2026-05-09,,Charlotte FC,FC Cincinnati,2,2,56,,substitution,,False,,,M. Robinson,M. Miazga,,,,
mls_2026,2026-05-09,,Charlotte FC,FC Cincinnati,2,2,62,,card,S. Gidi,False,yellow,,,,,,,
mls_2026,2026-05-09,,Charlotte FC,FC Cincinnati,2,2,73,,substitution,,False,,,O. Nwobodo,S. Gidi,,,,
mls_2026,2026-05-09,,Charlotte FC,FC Cincinnati,2,2,73,,substitution,,False,,,E. Echenique,G. Valenzuela,,,,
mls_2026,2026-05-09,,Charlotte FC,FC Cincinnati,2,2,77,,substitution,,True,,,L. Abada,K. C. Vargas,,,,
mls_2026,2026-05-09,,Charlotte FC,FC Cincinnati,2,2,77,,card,Evander,False,yellow,,,,,,,
mls_2026,2026-05-09,,Charlotte FC,FC Cincinnati,2,2,82,,substitution,,True,,,A. Goodwin,I. Toklomati,,,,
mls_2026,2026-05-09,,Charlotte FC,FC Cincinnati,2,2,87,,substitution,,False,,,A. Lajhar,B. Ramírez,,,,
mls_2026,2026-05-09,,Charlotte FC,FC Cincinnati,2,2,87,,substitution,,False,,,T. Barlow,K. M. Dem,,,,
mls_2026,2026-05-09,,Charlotte FC,FC Cincinnati,2,2,90,,period,,,,,,,Second half,,2,2
mls_2026,2026-05-09,,Charlotte FC,FC Cincinnati,2,2,90,,card,O. Nwobodo,False,yellow,,,,,,,
mls_2026,2026-05-09,,Charlotte FC,FC Cincinnati,2,2,90,,injuryTime,,,,,,,,4,,
mls_2026,2026-05-09,,Chicago Fire,New York Red Bulls,1,3,18,,card,R. Voloder,False,yellow,,,,,,,
mls_2026,2026-05-09,,Chicago Fire,New York Red Bulls,1,3,45,,period,,,,,,,HT,,0,1
mls_2026,2026-05-09,,Chicago Fire,New York Red Bulls,1,3,45,,goal,J. Ruvalcaba,False,,,,,,,0,1
mls_2026,2026-05-09,,Chicago Fire,New York Red Bulls,1,3,45,,injuryTime,,,,,,,,2,,
mls_2026,2026-05-09,,Chicago Fire,New York Red Bulls,1,3,46,,substitution,,False,,,E. M. Choupo-Moting,J. Hall,,,,
mls_2026,2026-05-09,,Chicago Fire,New York Red Bulls,1,3,49,,goal,C. Cowell,False,,,,,,,0,2
mls_2026,2026-05-09,,Chicago Fire,New York Red Bulls,1,3,60,,substitution,,False,,,G. Berggren,E. Forsberg,,,,
mls_2026,2026-05-09,,Chicago Fire,New York Red Bulls,1,3,61,,substitution,,True,,,P. Dithejane,J. Bamba,,,,
mls_2026,2026-05-09,,Chicago Fire,New York Red Bulls,1,3,73,,substitution,,False,,,O. Valencia,M. D. Santos,,,,
mls_2026,2026-05-09,,Chicago Fire,New York Red Bulls,1,3,73,,substitution,,False,,,R. Mosquera,C. Cowell,,,,
mls_2026,2026-05-09,,Chicago Fire,New York Red Bulls,1,3,77,,varDecision,A. Mehmeti,False,,,,,,,,
mls_2026,2026-05-09,,Chicago Fire,New York Red Bulls,1,3,80,,substitution,,True,,,S. Oregel,A. Salétros,,,,
mls_2026,2026-05-09,,Chicago Fire,New York Red Bulls,1,3,80,,substitution,,True,,,J. Shokalook,J. Dean,,,,
mls_2026,2026-05-09,,Chicago Fire,New York Red Bulls,1,3,80,,substitution,,True,,,M. Pineda,D. T. D'Avilla,,,,
mls_2026,2026-05-09,,Chicago Fire,New York Red Bulls,1,3,80,,substitution,,False,,,J. Che,R. Voloder,,,,
mls_2026,2026-05-09,,Chicago Fire,New York Red Bulls,1,3,81,,card,M. Haile-Selassie,True,yellow,,,,,,,
mls_2026,2026-05-09,,Chicago Fire,New York Red Bulls,1,3,81,,card,J. Ruvalcaba,False,yellow,,,,,,,
mls_2026,2026-05-09,,Chicago Fire,New York Red Bulls,1,3,81,,goal,E. M. Choupo-Moting,False,,,,,,,0,3
mls_2026,2026-05-09,,Chicago Fire,New York Red Bulls,1,3,85,,substitution,,True,,,D. Borso,M. Haile-Selassie,,,,
mls_2026,2026-05-09,,Chicago Fire,New York Red Bulls,1,3,87,,goal,D. Nealis,True,,,,,,,1,3
mls_2026,2026-05-09,,Chicago Fire,New York Red Bulls,1,3,90,,period,,,,,,,Second half,,1,3
mls_2026,2026-05-09,,Chicago Fire,New York Red Bulls,1,3,90,6,card,O. Valencia,False,yellow,,,,,,,
mls_2026,2026-05-09,,Chicago Fire,New York Red Bulls,1,3,90,,injuryTime,,,,,,,,8,,
mls_2026,2026-05-09,,New England Revolution,Philadelphia Union,2,1,31,,substitution,,False,,,O. Mbaizo,F. Westfield,,,,
mls_2026,2026-05-09,,New England Revolution,Philadelphia Union,2,1,34,,card,J. Lukić,False,yellow,,,,,,,
mls_2026,2026-05-09,,New England Revolution,Philadelphia Union,2,1,37,,goal,W. Sands,False,,,,,,,0,1
mls_2026,2026-05-09,,New England Revolution,Philadelphia Union,2,1,45,,period,,,,,,,HT,,0,1
mls_2026,2026-05-09,,New England Revolution,Philadelphia Union,2,1,45,2,card,I. Vassilev,False,yellow,,,,,,,
mls_2026,2026-05-09,,New England Revolution,Philadelphia Union,2,1,45,,injuryTime,,,,,,,,5,,
mls_2026,2026-05-09,,New England Revolution,Philadelphia Union,2,1,61,,goal,L. Langoni,True,,,,,,,1,1
mls_2026,2026-05-09,,New England Revolution,Philadelphia Union,2,1,62,,substitution,,False,,,A. Anello,E. Alladoh,,,,
mls_2026,2026-05-09,,New England Revolution,Philadelphia Union,2,1,62,,substitution,,False,,,B. Damiani,M. Iloski,,,,
mls_2026,2026-05-09,,New England Revolution,Philadelphia Union,2,1,63,,substitution,,True,,,D. Fagúndez,G. Yow,,,,
mls_2026,2026-05-09,,New England Revolution,Philadelphia Union,2,1,73,,substitution,,False,,,M. Jakupovic,I. Vassilev,,,,
mls_2026,2026-05-09,,New England Revolution,Philadelphia Union,2,1,73,,substitution,,False,,,A. Bedoya,C. Sullivan,,,,
mls_2026,2026-05-09,,New England Revolution,Philadelphia Union,2,1,79,,substitution,,True,,,M. Polster,L. Langoni,,,,
mls_2026,2026-05-09,,New England Revolution,Philadelphia Union,2,1,85,,card,A. Anello,False,yellow,,,,,,,
mls_2026,2026-05-09,,New England Revolution,Philadelphia Union,2,1,87,,goal,C. Gil,True,,,,,,,2,1
mls_2026,2026-05-09,,New England Revolution,Philadelphia Union,2,1,90,,period,,,,,,,Second half,,2,1
mls_2026,2026-05-09,,New England Revolution,Philadelphia Union,2,1,90,1,substitution,,True,,,T. Beason,D. Turgeman,,,,
mls_2026,2026-05-09,,New England Revolution,Philadelphia Union,2,1,90,,injuryTime,,,,,,,,5,,
mls_2026,2026-05-09,,Toronto FC,Inter Miami CF,2,4,44,,goal,R. De Paul,False,,,,,,,0,1
mls_2026,2026-05-09,,Toronto FC,Inter Miami CF,2,4,45,,period,,,,,,,HT,,0,1
mls_2026,2026-05-09,,Toronto FC,Inter Miami CF,2,4,45,,injuryTime,,,,,,,,2,,
mls_2026,2026-05-09,,Toronto FC,Inter Miami CF,2,4,51,,card,R. Edwards,True,yellow,,,,,,,
mls_2026,2026-05-09,,Toronto FC,Inter Miami CF,2,4,56,,goal,L. Suárez,False,,,,,,,0,2
mls_2026,2026-05-09,,Toronto FC,Inter Miami CF,2,4,61,,card,L. Suárez,False,yellow,,,,,,,
mls_2026,2026-05-09,,Toronto FC,Inter Miami CF,2,4,65,,substitution,,True,,,D. Etienne,M. Cimermancic,,,,
mls_2026,2026-05-09,,Toronto FC,Inter Miami CF,2,4,65,,substitution,,True,,,E. Aristizábal,D. Kerr,,,,
mls_2026,2026-05-09,,Toronto FC,Inter Miami CF,2,4,68,,substitution,,False,,,S. Reguilón,N. Allen,,,,
mls_2026,2026-05-09,,Toronto FC,Inter Miami CF,2,4,70,,substitution,,True,,,M. Chisholm,R. Edwards,,,,
mls_2026,2026-05-09,,Toronto FC,Inter Miami CF,2,4,73,,goal,S. Reguilón,False,,,,,,,0,3
mls_2026,2026-05-09,,Toronto FC,Inter Miami CF,2,4,75,,goal,L. Messi,False,,,,,,,0,4
mls_2026,2026-05-09,,Toronto FC,Inter Miami CF,2,4,78,,substitution,,False,,,D. Ayala,Y. Bright,,,,
mls_2026,2026-05-09,,Toronto FC,Inter Miami CF,2,4,78,,substitution,,False,,,D. Pinter,L. Suárez,,,,
mls_2026,2026-05-09,,Toronto FC,Inter Miami CF,2,4,78,,substitution,,False,,,P. Plambeck,T. Segovia,,,,
mls_2026,2026-05-09,,Toronto FC,Inter Miami CF,2,4,82,,goal,E. Aristizábal,True,,,,,,,1,4
mls_2026,2026-05-09,,Toronto FC,Inter Miami CF,2,4,89,,card,D. Pinter,False,yellow,,,,,,,
mls_2026,2026-05-09,,Toronto FC,Inter Miami CF,2,4,90,,period,,,,,,,Second half,,2,4
mls_2026,2026-05-09,,Toronto FC,Inter Miami CF,2,4,90,,goal,E. Aristizábal,True,,,,,,,2,4
mls_2026,2026-05-09,,Toronto FC,Inter Miami CF,2,4,90,,injuryTime,,,,,,,,8,,
mls_2026,2026-05-10,,Colorado Rapids,St.Louis City,0,1,0,,card,Y. Damet,False,yellow,Argument,,,,,,
mls_2026,2026-05-10,,Colorado Rapids,St.Louis City,0,1,19,,card,H. Ojediran,True,yellow,Foul,,,,,,
mls_2026,2026-05-10,,Colorado Rapids,St.Louis City,0,1,26,,goal,J. Sang-bin,False,,,,,,,0,1
mls_2026,2026-05-10,,Colorado Rapids,St.Louis City,0,1,44,,card,R. Navarro,True,yellow,Foul,,,,,,
mls_2026,2026-05-10,,Colorado Rapids,St.Louis City,0,1,45,,period,,,,,,,HT,,0,1
mls_2026,2026-05-10,,Colorado Rapids,St.Louis City,0,1,45,,injuryTime,,,,,,,,1,,
mls_2026,2026-05-10,,Colorado Rapids,St.Louis City,0,1,46,,substitution,,False,,,B. McSorley,J. Sang-bin,,,,
mls_2026,2026-05-10,,Colorado Rapids,St.Louis City,0,1,50,,card,R. Holding,True,red,Professional foul last man,,,,,,
mls_2026,2026-05-10,,Colorado Rapids,St.Louis City,0,1,55,,card,M. Navarro,True,yellow,Argument,,,,,,
mls_2026,2026-05-10,,Colorado Rapids,St.Louis City,0,1,57,,substitution,,True,,,J. Travis,D. Yapi,,,,
mls_2026,2026-05-10,,Colorado Rapids,St.Louis City,0,1,57,,substitution,,True,,,C. Ronan,D. Sealy,,,,
mls_2026,2026-05-10,,Colorado Rapids,St.Louis City,0,1,58,,card,B. McSorley,False,yellow,,,,,,,
mls_2026,2026-05-10,,Colorado Rapids,St.Louis City,0,1,63,,substitution,,True,,,K. Rosenberry,K. Thompson,,,,
mls_2026,2026-05-10,,Colorado Rapids,St.Louis City,0,1,67,,card,C. Wallem,False,yellow,Foul,,,,,,
mls_2026,2026-05-10,,Colorado Rapids,St.Louis City,0,1,76,,substitution,,True,,,A. Harris,H. Ojediran,,,,
mls_2026,2026-05-10,,Colorado Rapids,St.Louis City,0,1,76,,substitution,,False,,,L. MacNaughton,S. Becher,,,,
mls_2026,2026-05-10,,Colorado Rapids,St.Louis City,0,1,76,,substitution,,False,,,E. Löwen,C. Wallem,,,,
mls_2026,2026-05-10,,Colorado Rapids,St.Louis City,0,1,86,,card,C. Durkin,False,yellow,Foul,,,,,,
mls_2026,2026-05-10,,Colorado Rapids,St.Louis City,0,1,87,,card,C. Durkin,False,yellowRed,Foul,,,,,,
mls_2026,2026-05-10,,Colorado Rapids,St.Louis City,0,1,90,,period,,,,,,,FT,,0,1
mls_2026,2026-05-10,,Colorado Rapids,St.Louis City,0,1,90,4,card,M. Perez,False,yellow,Foul,,,,,,
mls_2026,2026-05-10,,Colorado Rapids,St.Louis City,0,1,90,,substitution,,False,,,M. Perez,B. McSorley,,,,
mls_2026,2026-05-10,,Colorado Rapids,St.Louis City,0,1,90,,substitution,,False,,,F. Fall,J. Orozco,,,,
mls_2026,2026-05-10,,Colorado Rapids,St.Louis City,0,1,90,,injuryTime,,,,,,,,7,,
mls_2026,2026-05-10,,FC Dallas,Real Salt Lake,3,1,18,,goal,S. Moreno,True,,,,,,,1,0
mls_2026,2026-05-10,,FC Dallas,Real Salt Lake,3,1,23,,card,O. Urhoghide,True,yellow,,,,,,,
mls_2026,2026-05-10,,FC Dallas,Real Salt Lake,3,1,24,,goal,Kaick,True,,,,,,,2,0
mls_2026,2026-05-10,,FC Dallas,Real Salt Lake,3,1,35,,card,M. Guilavogui,False,yellow,,,,,,,
mls_2026,2026-05-10,,FC Dallas,Real Salt Lake,3,1,45,,period,,,,,,,HT,,2,0
mls_2026,2026-05-10,,FC Dallas,Real Salt Lake,3,1,45,1,card,D. Luna,False,yellow,,,,,,,
mls_2026,2026-05-10,,FC Dallas,Real Salt Lake,3,1,45,,injuryTime,,,,,,,,2,,
mls_2026,2026-05-10,,FC Dallas,Real Salt Lake,3,1,58,,substitution,,False,,,V. Olatunji,S. Solans,,,,
mls_2026,2026-05-10,,FC Dallas,Real Salt Lake,3,1,67,,substitution,,True,,,C. Cappis,S. Moreno,,,,
mls_2026,2026-05-10,,FC Dallas,Real Salt Lake,3,1,68,,substitution,,False,,,A. Katranis,J. Sanabria,,,,
mls_2026,2026-05-10,,FC Dallas,Real Salt Lake,3,1,68,,substitution,,False,,,A. Hezarkhani,S. Spierings,,,,
mls_2026,2026-05-10,,FC Dallas,Real Salt Lake,3,1,76,,substitution,,True,,,S. Sarver,J. Valiente,,,,
mls_2026,2026-05-10,,FC Dallas,Real Salt Lake,3,1,76,,substitution,,True,,,L. Farrington,P. Musa,,,,
mls_2026,2026-05-10,,FC Dallas,Real Salt Lake,3,1,81,,card,D. Yedlin,False,yellow,,,,,,,
mls_2026,2026-05-10,,FC Dallas,Real Salt Lake,3,1,83,,substitution,,False,,,D. Marczuk,D. Yedlin,,,,
mls_2026,2026-05-10,,FC Dallas,Real Salt Lake,3,1,85,,goal,D. Luna,False,,,,,,,2,1
mls_2026,2026-05-10,,FC Dallas,Real Salt Lake,3,1,88,,substitution,,True,,,S. Ibeagha,R. Binyamin,,,,
mls_2026,2026-05-10,,FC Dallas,Real Salt Lake,3,1,90,,period,,,,,,,Second half,,3,1
mls_2026,2026-05-10,,FC Dallas,Real Salt Lake,3,1,90,3,card,S. Sarver,True,yellow,,,,,,,
mls_2026,2026-05-10,,FC Dallas,Real Salt Lake,3,1,90,2,goal,S. Sarver,True,,,,,,,3,1
mls_2026,2026-05-10,,FC Dallas,Real Salt Lake,3,1,90,,injuryTime,,,,,,,,7,,
mls_2026,2026-05-10,,Minnesota United,Austin FC,2,2,14,,goal,M. Uzuni,False,,,,,,,0,1
mls_2026,2026-05-10,,Minnesota United,Austin FC,2,2,26,,varDecision,K. Yeboah,True,,,,,,,,
mls_2026,2026-05-10,,Minnesota United,Austin FC,2,2,29,,card,J. Díaz,True,yellow,,,,,,,
mls_2026,2026-05-10,,Minnesota United,Austin FC,2,2,40,,card,N. Triantis,True,yellow,,,,,,,
mls_2026,2026-05-10,,Minnesota United,Austin FC,2,2,42,,card,T. Chancalay,True,yellow,,,,,,,
mls_2026,2026-05-10,,Minnesota United,Austin FC,2,2,44,,substitution,,False,,,J. Bell,B. Hines-Ike,,,,
mls_2026,2026-05-10,,Minnesota United,Austin FC,2,2,45,,period,,,,,,,HT,,0,1
mls_2026,2026-05-10,,Minnesota United,Austin FC,2,2,45,12,card,J. Gallagher,False,yellow,,,,,,,
mls_2026,2026-05-10,,Minnesota United,Austin FC,2,2,45,11,card,J. Pereyra,True,yellow,,,,,,,
mls_2026,2026-05-10,,Minnesota United,Austin FC,2,2,45,2,card,F. Torres,False,yellow,,,,,,,
mls_2026,2026-05-10,,Minnesota United,Austin FC,2,2,45,,injuryTime,,,,,,,,12,,
mls_2026,2026-05-10,,Minnesota United,Austin FC,2,2,47,,card,O. Gene,True,yellow,,,,,,,
mls_2026,2026-05-10,,Minnesota United,Austin FC,2,2,63,,substitution,,True,,,J. Rodríguez,T. Chancalay,,,,
mls_2026,2026-05-10,,Minnesota United,Austin FC,2,2,63,,substitution,,True,,,W. Trapp,N. Triantis,,,,
mls_2026,2026-05-10,,Minnesota United,Austin FC,2,2,69,,goal,A. Markanich,True,,,,,,,1,1
mls_2026,2026-05-10,,Minnesota United,Austin FC,2,2,70,,substitution,,False,,,O. Wolff,J. Gallagher,,,,
mls_2026,2026-05-10,,Minnesota United,Austin FC,2,2,70,,substitution,,False,,,D. Pereira,I. Sánchez,,,,
mls_2026,2026-05-10,,Minnesota United,Austin FC,2,2,77,,goal,J. Pereyra,True,,,,,,,2,1
mls_2026,2026-05-10,,Minnesota United,Austin FC,2,2,79,,goal,C. Ramirez,False,,,,,,,2,2
mls_2026,2026-05-10,,Minnesota United,Austin FC,2,2,82,,substitution,,True,,,M. Boxall,D. Padelford,,,,
mls_2026,2026-05-10,,Minnesota United,Austin FC,2,2,84,,substitution,,False,,,B. Vázquez,C. Ramirez,,,,
mls_2026,2026-05-10,,Minnesota United,Austin FC,2,2,88,,substitution,,True,,,M. González,O. Gene,,,,
mls_2026,2026-05-10,,Minnesota United,Austin FC,2,2,90,,period,,,,,,,Second half,,2,2
mls_2026,2026-05-10,,Minnesota United,Austin FC,2,2,90,3,substitution,,False,,,Ž. Kolmanič,J. Bell,,,,
mls_2026,2026-05-10,,Minnesota United,Austin FC,2,2,90,,injuryTime,,,,,,,,7,,
mls_2026,2026-05-10,,Nashville SC,DC United,2,2,25,,goal,L. Munteanu,False,,,,,,,0,1
mls_2026,2026-05-10,,Nashville SC,DC United,2,2,29,,goal,L. Bartlett,False,,,,,,,0,2
mls_2026,2026-05-10,,Nashville SC,DC United,2,2,31,,varDecision,L. Bartlett,False,,,,,,,,
mls_2026,2026-05-10,,Nashville SC,DC United,2,2,36,,card,H. Mukhtar,True,yellow,,,,,,,
mls_2026,2026-05-10,,Nashville SC,DC United,2,2,45,,period,,,,,,,HT,,0,2
mls_2026,2026-05-10,,Nashville SC,DC United,2,2,45,3,card,S. Hefti,False,yellow,,,,,,,
mls_2026,2026-05-10,,Nashville SC,DC United,2,2,45,,injuryTime,,,,,,,,6,,
mls_2026,2026-05-10,,Nashville SC,DC United,2,2,55,,card,B. Acosta,True,yellow,,,,,,,
mls_2026,2026-05-10,,Nashville SC,DC United,2,2,62,,substitution,,True,,,C. Brunet,B. Acosta,,,,
mls_2026,2026-05-10,,Nashville SC,DC United,2,2,62,,substitution,,True,,,W. Madrigal,A. Muyl,,,,
mls_2026,2026-05-10,,Nashville SC,DC United,2,2,62,,varDecision,J. Palacios,True,,,,,,,,
mls_2026,2026-05-10,,Nashville SC,DC United,2,2,67,,substitution,,False,,,A. Herrera,J. Stroud,,,,
mls_2026,2026-05-10,,Nashville SC,DC United,2,2,72,,card,J. Palacios,True,yellow,,,,,,,
mls_2026,2026-05-10,,Nashville SC,DC United,2,2,74,,card,S. Hefti,False,yellowRed,,,,,,,
mls_2026,2026-05-10,,Nashville SC,DC United,2,2,76,,goal,W. Madrigal,True,,,,,,,1,2
mls_2026,2026-05-10,,Nashville SC,DC United,2,2,77,,substitution,,False,,,N. Markovic,J. Hopkins,,,,
mls_2026,2026-05-10,,Nashville SC,DC United,2,2,79,,substitution,,True,,,M. Woledzi,J. Palacios,,,,
mls_2026,2026-05-10,,Nashville SC,DC United,2,2,84,,substitution,,False,,,T. Baribo,L. Munteanu,,,,
mls_2026,2026-05-10,,Nashville SC,DC United,2,2,88,,substitution,,True,,,W. Pacius,A. Qasem,,,,
mls_2026,2026-05-10,,Nashville SC,DC United,2,2,88,,substitution,,True,,,R. Baker-Whiting,D. Lovitz,,,,
mls_2026,2026-05-10,,Nashville SC,DC United,2,2,89,,goal,W. Madrigal,True,,,,,,,2,2
mls_2026,2026-05-10,,Nashville SC,DC United,2,2,90,,period,,,,,,,Second half,,2,2
mls_2026,2026-05-10,,Nashville SC,DC United,2,2,90,,injuryTime,,,,,,,,6,,
mls_2026,2026-05-10,,New York City FC,Columbus Crew,3,0,12,,goal,H. Wolf,True,,,,,,,1,0
mls_2026,2026-05-10,,New York City FC,Columbus Crew,3,0,16,,goal,H. Wolf,True,,,,,,,2,0
mls_2026,2026-05-10,,New York City FC,Columbus Crew,3,0,45,,period,,,,,,,HT,,2,0
mls_2026,2026-05-10,,New York City FC,Columbus Crew,3,0,45,,injuryTime,,,,,,,,3,,
mls_2026,2026-05-10,,New York City FC,Columbus Crew,3,0,63,,card,T. Habroune,False,yellow,,,,,,,
mls_2026,2026-05-10,,New York City FC,Columbus Crew,3,0,66,,goal,H. Wolf,True,,,,,,,3,0
mls_2026,2026-05-10,,New York City FC,Columbus Crew,3,0,68,,substitution,,False,,,M. Farsi,S. Moreira,,,,
mls_2026,2026-05-10,,New York City FC,Columbus Crew,3,0,68,,substitution,,False,,,D. Gazdag,T. Habroune,,,,
mls_2026,2026-05-10,,New York City FC,Columbus Crew,3,0,68,,substitution,,False,,,S. T. Bangoura,A. Gomes,,,,
mls_2026,2026-05-10,,New York City FC,Columbus Crew,3,0,79,,substitution,,False,,,N. Akhundzade,H. Picard,,,,
mls_2026,2026-05-10,,New York City FC,Columbus Crew,3,0,79,,substitution,,False,,,A. Sejdic,D. Chambost,,,,
mls_2026,2026-05-10,,New York City FC,Columbus Crew,3,0,85,,substitution,,True,,,J. Shore,K. Parks,,,,
mls_2026,2026-05-10,,New York City FC,Columbus Crew,3,0,85,,substitution,,True,,,M. Jones,H. Wolf,,,,
mls_2026,2026-05-10,,New York City FC,Columbus Crew,3,0,88,,substitution,,True,,,A. Farnos,A. Ojeda,,,,
mls_2026,2026-05-10,,New York City FC,Columbus Crew,3,0,90,,period,,,,,,,Second half,,3,0
mls_2026,2026-05-10,,New York City FC,Columbus Crew,3,0,90,2,substitution,,True,,,S. Garfield-Reid,N. Fernández,,,,
mls_2026,2026-05-10,,New York City FC,Columbus Crew,3,0,90,1,substitution,,True,,,M. Carrizo,M. Moralez,,,,
mls_2026,2026-05-10,,New York City FC,Columbus Crew,3,0,90,,injuryTime,,,,,,,,3,,
mls_2026,2026-05-10,,Portland Timbers,Sporting Kansas City,6,0,15,,goal,K. Kelsy,True,,,,,,,2,0
mls_2026,2026-05-10,,Portland Timbers,Sporting Kansas City,6,0,19,,card,L. B. Johnsen,False,yellow,,,,,,,
mls_2026,2026-05-10,,Portland Timbers,Sporting Kansas City,6,0,22,,goal,C. Bassett,True,,,,,,,3,0
mls_2026,2026-05-10,,Portland Timbers,Sporting Kansas City,6,0,26,,goal,J. Davis,True,,,,,,,4,0
mls_2026,2026-05-10,,Portland Timbers,Sporting Kansas City,6,0,33,,card,J. Caicedo,True,yellow,,,,,,,
mls_2026,2026-05-10,,Portland Timbers,Sporting Kansas City,6,0,41,,card,J. Davis,False,yellow,,,,,,,
mls_2026,2026-05-10,,Portland Timbers,Sporting Kansas City,6,0,45,,period,,,,,,,HT,,4,0
mls_2026,2026-05-10,,Portland Timbers,Sporting Kansas City,6,0,45,3,card,J. Reid,False,yellow,,,,,,,
mls_2026,2026-05-10,,Portland Timbers,Sporting Kansas City,6,0,45,,injuryTime,,,,,,,,4,,
mls_2026,2026-05-10,,Portland Timbers,Sporting Kansas City,6,0,46,,substitution,,False,,,C. Harris,M. García,,,,
mls_2026,2026-05-10,,Portland Timbers,Sporting Kansas City,6,0,46,,substitution,,False,,,I. James,S. Suleymanov,,,,
mls_2026,2026-05-10,,Portland Timbers,Sporting Kansas City,6,0,46,,substitution,,True,,,D. Chará,J. Caicedo,,,,
mls_2026,2026-05-10,,Portland Timbers,Sporting Kansas City,6,0,53,,card,E. Bartlow,False,yellow,,,,,,,
mls_2026,2026-05-10,,Portland Timbers,Sporting Kansas City,6,0,6,,goal,K. Velde,True,,,,,,,1,0
mls_2026,2026-05-10,,Portland Timbers,Sporting Kansas City,6,0,61,,substitution,,True,,,J. Ortíz,C. Bassett,,,,
mls_2026,2026-05-10,,Portland Timbers,Sporting Kansas City,6,0,61,,substitution,,True,,,I. Smith,J. Fory,,,,
mls_2026,2026-05-10,,Portland Timbers,Sporting Kansas City,6,0,61,,substitution,,True,,,A. Aravena,D. Da Costa,,,,
mls_2026,2026-05-10,,Portland Timbers,Sporting Kansas City,6,0,61,,substitution,,True,,,A. Lassiter,A. Alves,,,,
mls_2026,2026-05-10,,Portland Timbers,Sporting Kansas City,6,0,61,,substitution,,False,,,Z. Bassong,L. B. Johnsen,,,,
mls_2026,2026-05-10,,Portland Timbers,Sporting Kansas City,6,0,71,,goal,A. Lassiter,True,,,,,,,5,0
mls_2026,2026-05-10,,Portland Timbers,Sporting Kansas City,6,0,72,,substitution,,False,,,T. Calheira,D. Joveljić,,,,
mls_2026,2026-05-10,,Portland Timbers,Sporting Kansas City,6,0,74,,goal,K. Kelsy,True,,,,,,,6,0
mls_2026,2026-05-10,,Portland Timbers,Sporting Kansas City,6,0,76,,substitution,,False,,,S. Afrifa,Capita,,,,
mls_2026,2026-05-10,,Portland Timbers,Sporting Kansas City,6,0,76,,card,Capita,False,yellow,,,,,,,
mls_2026,2026-05-10,,Portland Timbers,Sporting Kansas City,6,0,90,,period,,,,,,,Second half,,6,0
mls_2026,2026-05-10,,Portland Timbers,Sporting Kansas City,6,0,90,,injuryTime,,,,,,,,3,,
mls_2026,2026-05-10,,San Jose Earthquakes,Vancouver Whitecaps,1,1,25,,card,R. Vieira,True,yellow,,,,,,,
mls_2026,2026-05-10,,San Jose Earthquakes,Vancouver Whitecaps,1,1,36,,card,Daniel,True,yellow,,,,,,,
mls_2026,2026-05-10,,San Jose Earthquakes,Vancouver Whitecaps,1,1,36,,card,B. Kikanović,True,yellow,,,,,,,
mls_2026,2026-05-10,,San Jose Earthquakes,Vancouver Whitecaps,1,1,4,,goal,P. Judd,True,,,,,,,1,0
mls_2026,2026-05-10,,San Jose Earthquakes,Vancouver Whitecaps,1,1,45,,period,,,,,,,HT,,1,0
mls_2026,2026-05-10,,San Jose Earthquakes,Vancouver Whitecaps,1,1,45,,injuryTime,,,,,,,,2,,
mls_2026,2026-05-10,,San Jose Earthquakes,Vancouver Whitecaps,1,1,46,,substitution,,False,,,E. Sabbi,C. T. Sabaly,,,,
mls_2026,2026-05-10,,San Jose Earthquakes,Vancouver Whitecaps,1,1,55,,card,S. Berhalter,False,yellow,,,,,,,
mls_2026,2026-05-10,,San Jose Earthquakes,Vancouver Whitecaps,1,1,62,,substitution,,True,,,I. Harkes,P. Marie,,,,
mls_2026,2026-05-10,,San Jose Earthquakes,Vancouver Whitecaps,1,1,63,,substitution,,False,,,K. Cabrera,J. Badwal,,,,
mls_2026,2026-05-10,,San Jose Earthquakes,Vancouver Whitecaps,1,1,70,,substitution,,False,,,A. Jackson,B. Quiñonez,,,,
mls_2026,2026-05-10,,San Jose Earthquakes,Vancouver Whitecaps,1,1,72,,substitution,,True,,,J. Skahan,O. Bouda,,,,
mls_2026,2026-05-10,,San Jose Earthquakes,Vancouver Whitecaps,1,1,76,,goal,S. Berhalter,False,,,,,,,1,1
mls_2026,2026-05-10,,San Jose Earthquakes,Vancouver Whitecaps,1,1,79,,card,J. Skahan,True,yellow,,,,,,,
mls_2026,2026-05-10,,San Jose Earthquakes,Vancouver Whitecaps,1,1,90,,period,,,,,,,FT,,1,1
mls_2026,2026-05-10,,San Jose Earthquakes,Vancouver Whitecaps,1,1,90,6,substitution,,True,,,J. Jasinski,J. Ricketts,,,,
mls_2026,2026-05-10,,San Jose Earthquakes,Vancouver Whitecaps,1,1,90,6,substitution,,True,,,N. Adimabua,P. Judd,,,,
mls_2026,2026-05-10,,San Jose Earthquakes,Vancouver Whitecaps,1,1,90,,injuryTime,,,,,,,,7,,
mls_2026,2026-05-10,,Seattle Sounders FC,San Diego FC,1,1,18,,goal,M. Ingvartsen,False,,,,,,,0,1
mls_2026,2026-05-10,,Seattle Sounders FC,San Diego FC,1,1,45,,period,,,,,,,HT,,0,1
mls_2026,2026-05-10,,Seattle Sounders FC,San Diego FC,1,1,45,,injuryTime,,,,,,,,2,,
mls_2026,2026-05-10,,Seattle Sounders FC,San Diego FC,1,1,51,,card,J. Ferreira,True,yellow,,,,,,,
mls_2026,2026-05-10,,Seattle Sounders FC,San Diego FC,1,1,56,,card,S. Brunell,True,yellow,,,,,,,
mls_2026,2026-05-10,,Seattle Sounders FC,San Diego FC,1,1,57,,card,C. Roldán,True,yellow,,,,,,,
mls_2026,2026-05-10,,Seattle Sounders FC,San Diego FC,1,1,63,,substitution,,True,,,P. Kingston,K. Kossa-Rienzi,,,,
mls_2026,2026-05-10,,Seattle Sounders FC,San Diego FC,1,1,63,,substitution,,True,,,D. Musovski,S. Brunell,,,,
mls_2026,2026-05-10,,Seattle Sounders FC,San Diego FC,1,1,65,,substitution,,True,,,A. Lopez,N. Tolo,,,,
mls_2026,2026-05-10,,Seattle Sounders FC,San Diego FC,1,1,74,,substitution,,False,,,A. Mighten,A. Pellegrino,,,,
mls_2026,2026-05-10,,Seattle Sounders FC,San Diego FC,1,1,75,,card,A. Mighten,False,yellow,,,,,,,
mls_2026,2026-05-10,,Seattle Sounders FC,San Diego FC,1,1,78,,card,O. Verhoeven,False,yellow,,,,,,,
mls_2026,2026-05-10,,Seattle Sounders FC,San Diego FC,1,1,80,,goal,D. Musovski,True,,,,,,,1,1
mls_2026,2026-05-10,,Seattle Sounders FC,San Diego FC,1,1,86,,substitution,,False,,,A. Alvarado Jr,D. Vazquez,,,,
mls_2026,2026-05-10,,Seattle Sounders FC,San Diego FC,1,1,87,,substitution,,False,,,K. Sargeant,L. Bombino,,,,
mls_2026,2026-05-10,,Seattle Sounders FC,San Diego FC,1,1,90,,period,,,,,,,Second half,,1,1
mls_2026,2026-05-10,,Seattle Sounders FC,San Diego FC,1,1,90,,injuryTime,,,,,,,,5,,
mls_2026,2026-05-11,,Los Angeles FC,Houston Dynamo,1,4,25,,goal,J. McGlynn,False,,,,,,,0,1
mls_2026,2026-05-11,,Los Angeles FC,Houston Dynamo,1,4,27,,card,Guilherme,False,yellow,,,,,,,
mls_2026,2026-05-11,,Los Angeles FC,Houston Dynamo,1,4,34,,goal,Guilherme,False,,,,,,,0,2
mls_2026,2026-05-11,,Los Angeles FC,Houston Dynamo,1,4,43,,substitution,,True,,,R. Raposo,S. Palencia,,,,
mls_2026,2026-05-11,,Los Angeles FC,Houston Dynamo,1,4,45,,period,,,,,,,HT,,1,2
mls_2026,2026-05-11,,Los Angeles FC,Houston Dynamo,1,4,45,4,card,J. McGlynn,False,yellow,,,,,,,
mls_2026,2026-05-11,,Los Angeles FC,Houston Dynamo,1,4,45,,goal,N. Ordaz,True,,,,,,,1,2
mls_2026,2026-05-11,,Los Angeles FC,Houston Dynamo,1,4,45,,injuryTime,,,,,,,,5,,
mls_2026,2026-05-11,,Los Angeles FC,Houston Dynamo,1,4,51,,goal,M. Bogusz,False,,,,,,,1,3
mls_2026,2026-05-11,,Los Angeles FC,Houston Dynamo,1,4,55,,goal,J. McGlynn,False,,,,,,,1,4
mls_2026,2026-05-11,,Los Angeles FC,Houston Dynamo,1,4,59,,substitution,,True,,,M. Choinière,M. Delgado,,,,
mls_2026,2026-05-11,,Los Angeles FC,Houston Dynamo,1,4,59,,substitution,,True,,,T. Boyd,J. Shaffelburg,,,,
mls_2026,2026-05-11,,Los Angeles FC,Houston Dynamo,1,4,59,,substitution,,True,,,T. Tillman,S. Eustaquio,,,,
mls_2026,2026-05-11,,Los Angeles FC,Houston Dynamo,1,4,76,,substitution,,False,,,A. Bouzat,J. McGlynn,,,,
mls_2026,2026-05-11,,Los Angeles FC,Houston Dynamo,1,4,79,,card,D. M. Morales,True,yellow,,,,,,,
mls_2026,2026-05-11,,Los Angeles FC,Houston Dynamo,1,4,79,,substitution,,True,,,J. Ebobisse,N. Ordaz,,,,
mls_2026,2026-05-11,,Los Angeles FC,Houston Dynamo,1,4,82,,substitution,,False,,,H. Herrera,D. Samassékou,,,,
mls_2026,2026-05-11,,Los Angeles FC,Houston Dynamo,1,4,86,,card,T. Boyd,True,yellow,,,,,,,
mls_2026,2026-05-11,,Los Angeles FC,Houston Dynamo,1,4,87,,substitution,,False,,,D. Holmes,M. Bogusz,,,,
mls_2026,2026-05-11,,Los Angeles FC,Houston Dynamo,1,4,87,,substitution,,False,,,O. Lingr,E. Ponce,,,,
mls_2026,2026-05-11,,Los Angeles FC,Houston Dynamo,1,4,87,,substitution,,False,,,I. Aliyu,Guilherme,,,,
mls_2026,2026-05-11,,Los Angeles FC,Houston Dynamo,1,4,88,,card,F. Andrade,False,yellow,,,,,,,
mls_2026,2026-05-11,,Los Angeles FC,Houston Dynamo,1,4,90,,period,,,,,,,FT,,1,4
mls_2026,2026-05-11,,Los Angeles FC,Houston Dynamo,1,4,90,4,card,N. Tafari,True,yellow,,,,,,,
mls_2026,2026-05-11,,Los Angeles FC,Houston Dynamo,1,4,90,3,card,R. Raposo,True,yellow,,,,,,,
mls_2026,2026-05-11,,Los Angeles FC,Houston Dynamo,1,4,90,,injuryTime,,,,,,,,5,,
mls_2026,2026-05-13,,CF Montréal,Portland Timbers,2,2,0,,card,D. Rios,True,yellow,Argument,,,,,,
mls_2026,2026-05-13,,CF Montréal,Portland Timbers,2,2,0,,card,P. Eullaffroy,True,yellow,Argument,,,,,,
mls_2026,2026-05-13,,CF Montréal,Portland Timbers,2,2,11,,goal,D. Rios,True,,,,,,,1,0
mls_2026,2026-05-13,,CF Montréal,Portland Timbers,2,2,21,,goal,K. Kelsy,False,,,,,,,1,1
mls_2026,2026-05-13,,CF Montréal,Portland Timbers,2,2,30,,varDecision,J. Fory,False,,,,,,,,
mls_2026,2026-05-13,,CF Montréal,Portland Timbers,2,2,35,,substitution,,True,,,S. Piette,O. Escobar,,,,
mls_2026,2026-05-13,,CF Montréal,Portland Timbers,2,2,45,,period,,,,,,,HT,,2,1
mls_2026,2026-05-13,,CF Montréal,Portland Timbers,2,2,45,,goal,W. Carmona,True,,,,,,,2,1
mls_2026,2026-05-13,,CF Montréal,Portland Timbers,2,2,45,,injuryTime,,,,,,,,6,,
mls_2026,2026-05-13,,CF Montréal,Portland Timbers,2,2,59,,substitution,,False,,,I. Smith,J. Fory,,,,
mls_2026,2026-05-13,,CF Montréal,Portland Timbers,2,2,59,,substitution,,False,,,A. Alves,A. Aravena,,,,
mls_2026,2026-05-13,,CF Montréal,Portland Timbers,2,2,68,,card,J. Neal,True,yellow,Foul,,,,,,
mls_2026,2026-05-13,,CF Montréal,Portland Timbers,2,2,69,,substitution,,True,,,I. Jaime,W. Carmona,,,,
mls_2026,2026-05-13,,CF Montréal,Portland Timbers,2,2,69,,substitution,,True,,,P. Owusu,D. Rios,,,,
mls_2026,2026-05-13,,CF Montréal,Portland Timbers,2,2,77,,goal,C. Bassett,False,,,,,,,2,2
mls_2026,2026-05-13,,CF Montréal,Portland Timbers,2,2,78,,card,P. Owusu,True,yellow,Argument,,,,,,
mls_2026,2026-05-13,,CF Montréal,Portland Timbers,2,2,81,,card,M. Longstaff,True,yellow,Foul,,,,,,
mls_2026,2026-05-13,,CF Montréal,Portland Timbers,2,2,82,,substitution,,False,,,F. Mora,K. Kelsy,,,,
mls_2026,2026-05-13,,CF Montréal,Portland Timbers,2,2,83,,card,C. Bassett,False,yellow,Foul,,,,,,
mls_2026,2026-05-13,,CF Montréal,Portland Timbers,2,2,87,,substitution,,True,,,K. Opoku,N. Streit,,,,
mls_2026,2026-05-13,,CF Montréal,Portland Timbers,2,2,88,,substitution,,True,,,D. Bugaj,D. D. Þórhallsson,,,,
mls_2026,2026-05-13,,CF Montréal,Portland Timbers,2,2,9,,substitution,,False,,,D. Chará,J. Caicedo,,,,
mls_2026,2026-05-13,,CF Montréal,Portland Timbers,2,2,90,,period,,,,,,,FT,,2,2
mls_2026,2026-05-13,,CF Montréal,Portland Timbers,2,2,90,,injuryTime,,,,,,,,4,,
mls_2026,2026-05-13,,Charlotte FC,New York City FC,0,1,29,,card,N. Fernández,False,yellow,,,,,,,
mls_2026,2026-05-13,,Charlotte FC,New York City FC,0,1,33,,card,A. Ojeda,False,yellow,,,,,,,
mls_2026,2026-05-13,,Charlotte FC,New York City FC,0,1,36,,card,D. Diani,True,yellow,,,,,,,
mls_2026,2026-05-13,,Charlotte FC,New York City FC,0,1,38,,card,P. Biel,True,yellow,,,,,,,
mls_2026,2026-05-13,,Charlotte FC,New York City FC,0,1,40,,card,H. Wolf,False,yellow,,,,,,,
mls_2026,2026-05-13,,Charlotte FC,New York City FC,0,1,45,,period,,,,,,,HT,,0,1
mls_2026,2026-05-13,,Charlotte FC,New York City FC,0,1,45,,injuryTime,,,,,,,,3,,
mls_2026,2026-05-13,,Charlotte FC,New York City FC,0,1,65,,substitution,,False,,,M. Jones,A. Ojeda,,,,
mls_2026,2026-05-13,,Charlotte FC,New York City FC,0,1,71,,card,W. Zaha,True,yellow,,,,,,,
mls_2026,2026-05-13,,Charlotte FC,New York City FC,0,1,74,,substitution,,True,,,R. Aloko,K. C. Vargas,,,,
mls_2026,2026-05-13,,Charlotte FC,New York City FC,0,1,74,,substitution,,True,,,A. Goodwin,I. Toklomati,,,,
mls_2026,2026-05-13,,Charlotte FC,New York City FC,0,1,8,,goal,N. Fernández,False,,,,,,,0,1
mls_2026,2026-05-13,,Charlotte FC,New York City FC,0,1,81,,substitution,,False,,,A. Farnos,K. Parks,,,,
mls_2026,2026-05-13,,Charlotte FC,New York City FC,0,1,81,,substitution,,False,,,A. Perea,N. Fernández,,,,
mls_2026,2026-05-13,,Charlotte FC,New York City FC,0,1,82,,substitution,,False,,,S. Garfield-Reid,M. Moralez,,,,
mls_2026,2026-05-13,,Charlotte FC,New York City FC,0,1,84,,card,M. Jones,False,yellow,,,,,,,
mls_2026,2026-05-13,,Charlotte FC,New York City FC,0,1,87,,card,A. Goodwin,True,yellow,,,,,,,
mls_2026,2026-05-13,,Charlotte FC,New York City FC,0,1,88,,substitution,,True,,,T. Smalls,P. Biel,,,,
mls_2026,2026-05-13,,Charlotte FC,New York City FC,0,1,90,,period,,,,,,,Second half,,0,1
mls_2026,2026-05-13,,Charlotte FC,New York City FC,0,1,90,4,card,Raul Gustavo,False,yellow,,,,,,,
mls_2026,2026-05-13,,Charlotte FC,New York City FC,0,1,90,,injuryTime,,,,,,,,5,,
mls_2026,2026-05-13,,DC United,Chicago Fire,1,3,19,,card,D. T. D'Avilla,False,yellow,,,,,,,
mls_2026,2026-05-13,,DC United,Chicago Fire,1,3,41,,goal,T. Baribo,True,,,,,,,1,0
mls_2026,2026-05-13,,DC United,Chicago Fire,1,3,45,,period,,,,,,,HT,,1,0
mls_2026,2026-05-13,,DC United,Chicago Fire,1,3,45,,injuryTime,,,,,,,,2,,
mls_2026,2026-05-13,,DC United,Chicago Fire,1,3,48,,card,J. Bamba,False,yellow,,,,,,,
mls_2026,2026-05-13,,DC United,Chicago Fire,1,3,62,,substitution,,False,,,P. Dithejane,J. Bamba,,,,
mls_2026,2026-05-13,,DC United,Chicago Fire,1,3,62,,goal,R. Lod,False,,,,,,,1,1
mls_2026,2026-05-13,,DC United,Chicago Fire,1,3,63,,substitution,,False,,,M. Haile-Selassie,R. Lod,,,,
mls_2026,2026-05-13,,DC United,Chicago Fire,1,3,64,,substitution,,True,,,J. Stroud,T. Baribo,,,,
mls_2026,2026-05-13,,DC United,Chicago Fire,1,3,71,,goal,H. Cuypers,False,,,,,,,1,2
mls_2026,2026-05-13,,DC United,Chicago Fire,1,3,75,,card,J. Elliott,False,yellow,,,,,,,
mls_2026,2026-05-13,,DC United,Chicago Fire,1,3,87,,substitution,,True,,,J. Murrell,J. Hopkins,,,,
mls_2026,2026-05-13,,DC United,Chicago Fire,1,3,87,,goal,M. Haile-Selassie,False,,,,,,,1,3
mls_2026,2026-05-13,,DC United,Chicago Fire,1,3,89,,card,J. Dean,False,yellow,,,,,,,
mls_2026,2026-05-13,,DC United,Chicago Fire,1,3,90,,period,,,,,,,Second half,,1,3
mls_2026,2026-05-13,,DC United,Chicago Fire,1,3,90,6,card,A. Gutman,False,yellow,,,,,,,
mls_2026,2026-05-13,,DC United,Chicago Fire,1,3,90,5,substitution,,False,,,J. Shokalook,H. Cuypers,,,,
mls_2026,2026-05-13,,DC United,Chicago Fire,1,3,90,4,substitution,,False,,,C. Mueller,P. Zinckernagel,,,,
mls_2026,2026-05-13,,DC United,Chicago Fire,1,3,90,,injuryTime,,,,,,,,7,,
mls_2026,2026-05-13,,FC Cincinnati,Inter Miami CF,3,5,24,,goal,L. Messi,False,,,,,,,0,1
mls_2026,2026-05-13,,FC Cincinnati,Inter Miami CF,3,5,38,,card,I. Fray,False,yellow,,,,,,,
mls_2026,2026-05-13,,FC Cincinnati,Inter Miami CF,3,5,40,,card,G. Luján,False,yellow,,,,,,,
mls_2026,2026-05-13,,FC Cincinnati,Inter Miami CF,3,5,41,,goal,K. Denkey,True,,,,,,,1,1
mls_2026,2026-05-13,,FC Cincinnati,Inter Miami CF,3,5,45,,period,,,,,,,HT,,1,1
mls_2026,2026-05-13,,FC Cincinnati,Inter Miami CF,3,5,45,,injuryTime,,,,,,,,4,,
mls_2026,2026-05-13,,FC Cincinnati,Inter Miami CF,3,5,49,,goal,P. Bucha,True,,,,,,,2,1
mls_2026,2026-05-13,,FC Cincinnati,Inter Miami CF,3,5,55,,goal,L. Messi,False,,,,,,,2,2
mls_2026,2026-05-13,,FC Cincinnati,Inter Miami CF,3,5,60,,substitution,,True,,,E. Echenique,S. Gidi,,,,
mls_2026,2026-05-13,,FC Cincinnati,Inter Miami CF,3,5,64,,goal,Evander,True,,,,,,,3,2
mls_2026,2026-05-13,,FC Cincinnati,Inter Miami CF,3,5,65,,substitution,,False,,,F. Mura,S. Reguilón,,,,
mls_2026,2026-05-13,,FC Cincinnati,Inter Miami CF,3,5,72,,substitution,,True,,,N. Hagglund,M. Robinson,,,,
mls_2026,2026-05-13,,FC Cincinnati,Inter Miami CF,3,5,73,,substitution,,True,,,A. Chirila,M. Miazga,,,,
mls_2026,2026-05-13,,FC Cincinnati,Inter Miami CF,3,5,73,,substitution,,True,,,O. Nwobodo,K. M. Dem,,,,
mls_2026,2026-05-13,,FC Cincinnati,Inter Miami CF,3,5,76,,card,O. Nwobodo,True,yellow,,,,,,,
mls_2026,2026-05-13,,FC Cincinnati,Inter Miami CF,3,5,77,,card,Y. Bright,False,yellow,,,,,,,
mls_2026,2026-05-13,,FC Cincinnati,Inter Miami CF,3,5,77,,substitution,,False,,,M. Silvetti,L. Suárez,,,,
mls_2026,2026-05-13,,FC Cincinnati,Inter Miami CF,3,5,79,,goal,M. Silvetti,False,,,,,,,3,3
mls_2026,2026-05-13,,FC Cincinnati,Inter Miami CF,3,5,84,,goal,G. Berterame,False,,,,,,,3,4
mls_2026,2026-05-13,,FC Cincinnati,Inter Miami CF,3,5,87,,substitution,,True,,,A. Lajhar,A. Chirila,,,,
mls_2026,2026-05-13,,FC Cincinnati,Inter Miami CF,3,5,87,,substitution,,True,,,T. Barlow,P. Bucha,,,,
mls_2026,2026-05-13,,FC Cincinnati,Inter Miami CF,3,5,89,,goal,L. Messi,False,,,,,,,3,5
mls_2026,2026-05-13,,FC Cincinnati,Inter Miami CF,3,5,90,,period,,,,,,,Second half,,3,5
mls_2026,2026-05-13,,FC Cincinnati,Inter Miami CF,3,5,90,4,card,Evander,True,yellow,,,,,,,
mls_2026,2026-05-13,,FC Cincinnati,Inter Miami CF,3,5,90,,injuryTime,,,,,,,,8,,
mls_2026,2026-05-13,,New England Revolution,Nashville SC,0,3,23,,card,A. Najar,False,yellow,,,,,,,
mls_2026,2026-05-13,,New England Revolution,Nashville SC,0,3,34,,goal,B. Acosta,False,,,,,,,0,1
mls_2026,2026-05-13,,New England Revolution,Nashville SC,0,3,40,,card,M. Corcoran,False,yellow,,,,,,,
mls_2026,2026-05-13,,New England Revolution,Nashville SC,0,3,41,,goal,W. Madrigal,False,,,,,,,0,2
mls_2026,2026-05-13,,New England Revolution,Nashville SC,0,3,45,,period,,,,,,,HT,,0,2
mls_2026,2026-05-13,,New England Revolution,Nashville SC,0,3,45,,injuryTime,,,,,,,,3,,
mls_2026,2026-05-13,,New England Revolution,Nashville SC,0,3,50,,substitution,,False,,,D. Lovitz,A. Najar,,,,
mls_2026,2026-05-13,,New England Revolution,Nashville SC,0,3,56,,card,B. Raines,True,yellow,,,,,,,
mls_2026,2026-05-13,,New England Revolution,Nashville SC,0,3,69,,substitution,,True,,,D. Fagúndez,M. Polster,,,,
mls_2026,2026-05-13,,New England Revolution,Nashville SC,0,3,74,,goal,B. Acosta,False,,,,,,,0,3
mls_2026,2026-05-13,,New England Revolution,Nashville SC,0,3,75,,substitution,,False,,,C. Brunet,M. Corcoran,,,,
mls_2026,2026-05-13,,New England Revolution,Nashville SC,0,3,76,,substitution,,False,,,A. Muyl,A. Qasem,,,,
mls_2026,2026-05-13,,New England Revolution,Nashville SC,0,3,78,,substitution,,True,,,M. Zambrano,D. Turgeman,,,,
mls_2026,2026-05-13,,New England Revolution,Nashville SC,0,3,78,,substitution,,True,,,M. Fry,G. Yow,,,,
mls_2026,2026-05-13,,New England Revolution,Nashville SC,0,3,83,,card,D. Lovitz,False,yellow,,,,,,,
mls_2026,2026-05-13,,New England Revolution,Nashville SC,0,3,85,,substitution,,True,,,J. Yueill,B. Raines,,,,
mls_2026,2026-05-13,,New England Revolution,Nashville SC,0,3,85,,substitution,,True,,,E. Klein,C. Gil,,,,
mls_2026,2026-05-13,,New England Revolution,Nashville SC,0,3,86,,substitution,,False,,,J. Bauer,R. Baker-Whiting,,,,
mls_2026,2026-05-13,,New England Revolution,Nashville SC,0,3,86,,substitution,,False,,,W. Pacius,H. Mukhtar,,,,
mls_2026,2026-05-13,,New England Revolution,Nashville SC,0,3,90,,period,,,,,,,Second half,,0,3
mls_2026,2026-05-13,,New England Revolution,Nashville SC,0,3,90,,card,A. Yusuf,True,yellow,,,,,,,
mls_2026,2026-05-13,,New England Revolution,Nashville SC,0,3,90,,injuryTime,,,,,,,,5,,
mls_2026,2026-05-13,,New York Red Bulls,Columbus Crew,3,2,22,,goal,M. Arfsten,False,,,,,,,1,1
mls_2026,2026-05-13,,New York Red Bulls,Columbus Crew,3,2,40,,goal,J. Hall,True,,,,,,,2,1
mls_2026,2026-05-13,,New York Red Bulls,Columbus Crew,3,2,42,,varDecision,J. Hall,True,,,,,,,,
mls_2026,2026-05-13,,New York Red Bulls,Columbus Crew,3,2,45,,period,,,,,,,HT,,2,1
mls_2026,2026-05-13,,New York Red Bulls,Columbus Crew,3,2,45,3,card,T. Habroune,False,yellow,,,,,,,
mls_2026,2026-05-13,,New York Red Bulls,Columbus Crew,3,2,45,,injuryTime,,,,,,,,6,,
mls_2026,2026-05-13,,New York Red Bulls,Columbus Crew,3,2,46,,substitution,,True,,,O. Valencia,M. D. Santos,,,,
mls_2026,2026-05-13,,New York Red Bulls,Columbus Crew,3,2,60,,substitution,,False,,,D. Rossi,D. Gazdag,,,,
mls_2026,2026-05-13,,New York Red Bulls,Columbus Crew,3,2,60,,substitution,,False,,,M. Farsi,O. Presthus,,,,
mls_2026,2026-05-13,,New York Red Bulls,Columbus Crew,3,2,64,,goal,D. Rossi,False,,,,,,,2,2
mls_2026,2026-05-13,,New York Red Bulls,Columbus Crew,3,2,65,,substitution,,True,,,G. Berggren,E. Forsberg,,,,
mls_2026,2026-05-13,,New York Red Bulls,Columbus Crew,3,2,65,,substitution,,True,,,R. Mosquera,C. Cowell,,,,
mls_2026,2026-05-13,,New York Red Bulls,Columbus Crew,3,2,65,,substitution,,True,,,J. Che,D. Nealis,,,,
mls_2026,2026-05-13,,New York Red Bulls,Columbus Crew,3,2,68,,card,J. Ruvalcaba,True,yellow,,,,,,,
mls_2026,2026-05-13,,New York Red Bulls,Columbus Crew,3,2,7,,goal,J. Hall,True,,,,,,,1,0
mls_2026,2026-05-13,,New York Red Bulls,Columbus Crew,3,2,71,,card,R. Camacho,False,yellow,,,,,,,
mls_2026,2026-05-13,,New York Red Bulls,Columbus Crew,3,2,78,,goal,J. Hall,True,,,,,,,3,2
mls_2026,2026-05-13,,New York Red Bulls,Columbus Crew,3,2,83,,card,O. Valencia,True,yellow,,,,,,,
mls_2026,2026-05-13,,New York Red Bulls,Columbus Crew,3,2,85,,substitution,,False,,,A. Sejdic,S. T. Bangoura,,,,
mls_2026,2026-05-13,,New York Red Bulls,Columbus Crew,3,2,85,,substitution,,False,,,N. Akhundzade,T. Habroune,,,,
mls_2026,2026-05-13,,New York Red Bulls,Columbus Crew,3,2,85,,substitution,,True,,,R. Mitchell,J. Hall,,,,
mls_2026,2026-05-13,,New York Red Bulls,Columbus Crew,3,2,90,,period,,,,,,,Second half,,3,2
mls_2026,2026-05-13,,New York Red Bulls,Columbus Crew,3,2,90,7,card,R. Mosquera,True,yellow,,,,,,,
mls_2026,2026-05-13,,New York Red Bulls,Columbus Crew,3,2,90,,injuryTime,,,,,,,,9,,
mls_2026,2026-05-13,,Orlando City SC,Philadelphia Union,4,3,17,,card,A. Rick,False,yellow,,,,,,,
mls_2026,2026-05-13,,Orlando City SC,Philadelphia Union,4,3,19,,goal,M. Ojeda,True,,,,,,,1,0
mls_2026,2026-05-13,,Orlando City SC,Philadelphia Union,4,3,27,,goal,G. Dorsey,True,,,,,,,2,0
mls_2026,2026-05-13,,Orlando City SC,Philadelphia Union,4,3,43,,substitution,,False,,,C. Sullivan,J. Lukić,,,,
mls_2026,2026-05-13,,Orlando City SC,Philadelphia Union,4,3,45,,period,,,,,,,HT,,2,0
mls_2026,2026-05-13,,Orlando City SC,Philadelphia Union,4,3,45,,injuryTime,,,,,,,,5,,
mls_2026,2026-05-13,,Orlando City SC,Philadelphia Union,4,3,51,,card,T. Souza,True,yellow,,,,,,,
mls_2026,2026-05-13,,Orlando City SC,Philadelphia Union,4,3,54,,goal,M. Iloski,False,,,,,,,2,1
mls_2026,2026-05-13,,Orlando City SC,Philadelphia Union,4,3,58,,card,D. Jean Jacques,False,yellow,,,,,,,
mls_2026,2026-05-13,,Orlando City SC,Philadelphia Union,4,3,60,,card,J. Rafanello,False,yellow,,,,,,,
mls_2026,2026-05-13,,Orlando City SC,Philadelphia Union,4,3,63,,substitution,,True,,,L. Otávio,E. Atuesta,,,,
mls_2026,2026-05-13,,Orlando City SC,Philadelphia Union,4,3,64,,substitution,,True,,,T. Spicer,T. Souza,,,,
mls_2026,2026-05-13,,Orlando City SC,Philadelphia Union,4,3,64,,substitution,,True,,,A. Marín,D. Brekalo,,,,
mls_2026,2026-05-13,,Orlando City SC,Philadelphia Union,4,3,65,,substitution,,False,,,A. Anello,I. Vassilev,,,,
mls_2026,2026-05-13,,Orlando City SC,Philadelphia Union,4,3,70,,substitution,,True,,,D. McGuire,J. Ellis,,,,
mls_2026,2026-05-13,,Orlando City SC,Philadelphia Union,4,3,72,,goal,D. McGuire,True,,,,,,,3,1
mls_2026,2026-05-13,,Orlando City SC,Philadelphia Union,4,3,75,,substitution,,False,,,S. Kornzeniowski,B. Damiani,,,,
mls_2026,2026-05-13,,Orlando City SC,Philadelphia Union,4,3,75,,substitution,,False,,,E. Alladoh,M. Iloski,,,,
mls_2026,2026-05-13,,Orlando City SC,Philadelphia Union,4,3,75,,goal,C. Sullivan,False,,,,,,,3,2
mls_2026,2026-05-13,,Orlando City SC,Philadelphia Union,4,3,79,,goal,B. Bender,False,,,,,,,3,3
mls_2026,2026-05-13,,Orlando City SC,Philadelphia Union,4,3,81,,substitution,,True,,,M. Pašalić,G. Dorsey,,,,
mls_2026,2026-05-13,,Orlando City SC,Philadelphia Union,4,3,90,,period,,,,,,,Second half,,4,3
mls_2026,2026-05-13,,Orlando City SC,Philadelphia Union,4,3,90,,goal,M. Ojeda,True,,,,,,,4,3
mls_2026,2026-05-13,,Orlando City SC,Philadelphia Union,4,3,90,,injuryTime,,,,,,,,7,,
mls_2026,2026-05-14,,FC Dallas,Vancouver Whitecaps,2,3,0,,card,E. Quill,True,red,Argument,,,,,,
mls_2026,2026-05-14,,FC Dallas,Vancouver Whitecaps,2,3,10,,goal,P. Musa,True,,,,,,,1,0
mls_2026,2026-05-14,,FC Dallas,Vancouver Whitecaps,2,3,12,,card,R. Binyamin,True,yellow,Time wasting,,,,,,
mls_2026,2026-05-14,,FC Dallas,Vancouver Whitecaps,2,3,14,,card,S. Moore,True,yellow,Foul,,,,,,
mls_2026,2026-05-14,,FC Dallas,Vancouver Whitecaps,2,3,23,,goal,S. Berhalter,False,,,,,,,1,1
mls_2026,2026-05-14,,FC Dallas,Vancouver Whitecaps,2,3,27,,goal,O. Urhoghide,False,,,,,,,1,2
mls_2026,2026-05-14,,FC Dallas,Vancouver Whitecaps,2,3,45,,period,,,,,,,HT,,1,2
mls_2026,2026-05-14,,FC Dallas,Vancouver Whitecaps,2,3,45,8,card,C. T. Sabaly,False,yellow,Foul,,,,,,
mls_2026,2026-05-14,,FC Dallas,Vancouver Whitecaps,2,3,45,,injuryTime,,,,,,,,6,,
mls_2026,2026-05-14,,FC Dallas,Vancouver Whitecaps,2,3,46,,substitution,,False,,,B. Quiñonez,E. Sabbi,,,,
mls_2026,2026-05-14,,FC Dallas,Vancouver Whitecaps,2,3,49,,goal,L. Farrington,True,,,,,,,2,2
mls_2026,2026-05-14,,FC Dallas,Vancouver Whitecaps,2,3,60,,card,L. Farrington,True,yellow,Foul,,,,,,
mls_2026,2026-05-14,,FC Dallas,Vancouver Whitecaps,2,3,61,,substitution,,False,,,K. Cabrera,C. T. Sabaly,,,,
mls_2026,2026-05-14,,FC Dallas,Vancouver Whitecaps,2,3,64,,goal,S. Berhalter,False,,,,,,,2,3
mls_2026,2026-05-14,,FC Dallas,Vancouver Whitecaps,2,3,68,,substitution,,True,,,S. Moreno,Ramiro,,,,
mls_2026,2026-05-14,,FC Dallas,Vancouver Whitecaps,2,3,68,,substitution,,True,,,S. Sarver,L. Farrington,,,,
mls_2026,2026-05-14,,FC Dallas,Vancouver Whitecaps,2,3,68,,substitution,,True,,,J. Valiente,R. Binyamin,,,,
mls_2026,2026-05-14,,FC Dallas,Vancouver Whitecaps,2,3,7,,card,T. Blackmon,False,yellow,Foul,,,,,,
mls_2026,2026-05-14,,FC Dallas,Vancouver Whitecaps,2,3,76,,substitution,,False,,,R. Elloumi,B. White,,,,
mls_2026,2026-05-14,,FC Dallas,Vancouver Whitecaps,2,3,79,,substitution,,True,,,P. Delgado,Kaick,,,,
mls_2026,2026-05-14,,FC Dallas,Vancouver Whitecaps,2,3,79,,substitution,,True,,,H. Johansson,S. Ibeagha,,,,
mls_2026,2026-05-14,,FC Dallas,Vancouver Whitecaps,2,3,79,,card,É. Ocampo,False,yellow,Off the ball foul,,,,,,
mls_2026,2026-05-14,,FC Dallas,Vancouver Whitecaps,2,3,84,,substitution,,False,,,R. Veselinović,É. Ocampo,,,,
mls_2026,2026-05-14,,FC Dallas,Vancouver Whitecaps,2,3,84,,substitution,,False,,,T. Müller,A. Cubas,,,,
mls_2026,2026-05-14,,FC Dallas,Vancouver Whitecaps,2,3,90,,period,,,,,,,FT,,2,3
mls_2026,2026-05-14,,FC Dallas,Vancouver Whitecaps,2,3,90,4,card,K. Cabrera,False,yellow,Time wasting,,,,,,
mls_2026,2026-05-14,,FC Dallas,Vancouver Whitecaps,2,3,90,,injuryTime,,,,,,,,8,,
mls_2026,2026-05-14,,Minnesota United,Colorado Rapids,0,1,1,,card,M. Duggan,True,yellow,,,,,,,
mls_2026,2026-05-14,,Minnesota United,Colorado Rapids,0,1,21,,card,K. Yeboah,True,yellow,,,,,,,
mls_2026,2026-05-14,,Minnesota United,Colorado Rapids,0,1,26,,goal,R. Navarro,False,,,,,,,0,1
mls_2026,2026-05-14,,Minnesota United,Colorado Rapids,0,1,45,,period,,,,,,,HT,,0,1
mls_2026,2026-05-14,,Minnesota United,Colorado Rapids,0,1,45,,injuryTime,,,,,,,,1,,
mls_2026,2026-05-14,,Minnesota United,Colorado Rapids,0,1,46,,substitution,,True,,,N. Romero,M. Boxall,,,,
mls_2026,2026-05-14,,Minnesota United,Colorado Rapids,0,1,49,,card,C. Ronan,False,yellow,,,,,,,
mls_2026,2026-05-14,,Minnesota United,Colorado Rapids,0,1,51,,card,J. Travis,False,yellow,,,,,,,
mls_2026,2026-05-14,,Minnesota United,Colorado Rapids,0,1,64,,substitution,,False,,,K. Thompson,J. Travis,,,,
mls_2026,2026-05-14,,Minnesota United,Colorado Rapids,0,1,64,,substitution,,False,,,D. Sealy,C. Ronan,,,,
mls_2026,2026-05-14,,Minnesota United,Colorado Rapids,0,1,64,,substitution,,True,,,B. Hlongwane,K. Duncan,,,,
mls_2026,2026-05-14,,Minnesota United,Colorado Rapids,0,1,64,,substitution,,True,,,N. Triantis,O. Gene,,,,
mls_2026,2026-05-14,,Minnesota United,Colorado Rapids,0,1,64,,substitution,,True,,,T. Chancalay,J. Rodríguez,,,,
mls_2026,2026-05-14,,Minnesota United,Colorado Rapids,0,1,69,,card,K. Thompson,False,yellow,,,,,,,
mls_2026,2026-05-14,,Minnesota United,Colorado Rapids,0,1,75,,card,J. Díaz,True,yellow,,,,,,,
mls_2026,2026-05-14,,Minnesota United,Colorado Rapids,0,1,81,,substitution,,False,,,R. Cannon,G. Minoungou,,,,
mls_2026,2026-05-14,,Minnesota United,Colorado Rapids,0,1,82,,card,T. Chancalay,True,yellow,,,,,,,
mls_2026,2026-05-14,,Minnesota United,Colorado Rapids,0,1,83,,substitution,,True,,,M. Dieng,A. Markanich,,,,
mls_2026,2026-05-14,,Minnesota United,Colorado Rapids,0,1,84,,card,W. Trapp,True,yellow,,,,,,,
mls_2026,2026-05-14,,Minnesota United,Colorado Rapids,0,1,85,,card,R. Navarro,False,yellow,,,,,,,
mls_2026,2026-05-14,,Minnesota United,Colorado Rapids,0,1,90,,period,,,,,,,Second half,,0,1
mls_2026,2026-05-14,,Minnesota United,Colorado Rapids,0,1,90,,substitution,,False,,,D. Yapi,P. Aaronson,,,,
mls_2026,2026-05-14,,Minnesota United,Colorado Rapids,0,1,90,,injuryTime,,,,,,,,5,,
mls_2026,2026-05-14,,Real Salt Lake,Houston Dynamo,3,0,45,,period,,,,,,,HT,,0,0
mls_2026,2026-05-14,,Real Salt Lake,Houston Dynamo,3,0,45,4,card,A. Bouzat,False,yellow,,,,,,,
mls_2026,2026-05-14,,Real Salt Lake,Houston Dynamo,3,0,45,,injuryTime,,,,,,,,5,,
mls_2026,2026-05-14,,Real Salt Lake,Houston Dynamo,3,0,46,,substitution,,False,,,M. Bogusz,J. McGlynn,,,,
mls_2026,2026-05-14,,Real Salt Lake,Houston Dynamo,3,0,46,,substitution,,False,,,A. Carlos,A. Resch,,,,
mls_2026,2026-05-14,,Real Salt Lake,Houston Dynamo,3,0,46,,substitution,,True,,,D. Luna,M. Guilavogui,,,,
mls_2026,2026-05-14,,Real Salt Lake,Houston Dynamo,3,0,49,,goal,D. Holmes,True,,,,,,,1,0
mls_2026,2026-05-14,,Real Salt Lake,Houston Dynamo,3,0,55,,substitution,,False,,,Guilherme,N. Markanich,,,,
mls_2026,2026-05-14,,Real Salt Lake,Houston Dynamo,3,0,57,,goal,Z. Gozo,True,,,,,,,2,0
mls_2026,2026-05-14,,Real Salt Lake,Houston Dynamo,3,0,57,,substitution,,True,,,S. Solans,V. Olatunji,,,,
mls_2026,2026-05-14,,Real Salt Lake,Houston Dynamo,3,0,64,,goal,Z. Gozo,True,,,,,,,3,0
mls_2026,2026-05-14,,Real Salt Lake,Houston Dynamo,3,0,75,,substitution,,True,,,Z. Booth,D. Marczuk,,,,
mls_2026,2026-05-14,,Real Salt Lake,Houston Dynamo,3,0,75,,substitution,,True,,,N. Caliskan,S. Spierings,,,,
mls_2026,2026-05-14,,Real Salt Lake,Houston Dynamo,3,0,79,,substitution,,False,,,L. Ennali,D. Holmes,,,,
mls_2026,2026-05-14,,Real Salt Lake,Houston Dynamo,3,0,81,,substitution,,True,,,A. Hezarkhani,Z. Gozo,,,,
mls_2026,2026-05-14,,Real Salt Lake,Houston Dynamo,3,0,86,,substitution,,False,,,E. Ponce,O. Lingr,,,,
mls_2026,2026-05-14,,Real Salt Lake,Houston Dynamo,3,0,90,,period,,,,,,,Second half,,3,0
mls_2026,2026-05-14,,Real Salt Lake,Houston Dynamo,3,0,90,,injuryTime,,,,,,,,3,,
mls_2026,2026-05-14,,San Diego FC,Austin FC,5,0,17,,goal,A. Dreyer,True,,,,,,,2,0
mls_2026,2026-05-14,,San Diego FC,Austin FC,5,0,44,,card,L. Bombino,True,yellow,,,,,,,
mls_2026,2026-05-14,,San Diego FC,Austin FC,5,0,45,,period,,,,,,,HT,,2,0
mls_2026,2026-05-14,,San Diego FC,Austin FC,5,0,45,,injuryTime,,,,,,,,2,,
mls_2026,2026-05-14,,San Diego FC,Austin FC,5,0,54,,goal,P. Soma,True,,,,,,,3,0
mls_2026,2026-05-14,,San Diego FC,Austin FC,5,0,63,,substitution,,False,,,O. Wolff,C. Fodrey,,,,
mls_2026,2026-05-14,,San Diego FC,Austin FC,5,0,66,,substitution,,True,,,A. Godoy,P. Soma,,,,
mls_2026,2026-05-14,,San Diego FC,Austin FC,5,0,66,,substitution,,True,,,O. Verhoeven,K. Sargeant,,,,
mls_2026,2026-05-14,,San Diego FC,Austin FC,5,0,69,,substitution,,False,,,E. Torres,F. Torres,,,,
mls_2026,2026-05-14,,San Diego FC,Austin FC,5,0,69,,substitution,,False,,,M. Đorđević,O. Svatok,,,,
mls_2026,2026-05-14,,San Diego FC,Austin FC,5,0,69,,substitution,,False,,,C. Ramirez,M. Uzuni,,,,
mls_2026,2026-05-14,,San Diego FC,Austin FC,5,0,75,,substitution,,False,,,M. Burton,J. Rosales,,,,
mls_2026,2026-05-14,,San Diego FC,Austin FC,5,0,79,,goal,M. Ingvartsen,True,,,,,,,4,0
mls_2026,2026-05-14,,San Diego FC,Austin FC,5,0,8,,goal,D. Vazquez,True,,,,,,,1,0
mls_2026,2026-05-14,,San Diego FC,Austin FC,5,0,82,,substitution,,True,,,I. Pilcher,L. Bombino,,,,
mls_2026,2026-05-14,,San Diego FC,Austin FC,5,0,82,,substitution,,True,,,A. Alvarado Jr,O. Valakari,,,,
mls_2026,2026-05-14,,San Diego FC,Austin FC,5,0,82,,substitution,,True,,,B. Zamblé,A. Dreyer,,,,
mls_2026,2026-05-14,,San Diego FC,Austin FC,5,0,90,,period,,,,,,,Second half,,5,0
mls_2026,2026-05-14,,San Diego FC,Austin FC,5,0,90,1,goal,D. Vazquez,True,,,,,,,5,0
mls_2026,2026-05-14,,San Diego FC,Austin FC,5,0,90,,injuryTime,,,,,,,,5,,
mls_2026,2026-05-14,,Seattle Sounders FC,San Jose Earthquakes,3,2,0,,card,B. Arena,False,yellow,Argument,,,,,,
mls_2026,2026-05-14,,Seattle Sounders FC,San Jose Earthquakes,3,2,2,,goal,N. Fernandez,False,,,,,,,0,1
mls_2026,2026-05-14,,Seattle Sounders FC,San Jose Earthquakes,3,2,43,,goal,A. Rusnák,True,,,,,,,1,1
mls_2026,2026-05-14,,Seattle Sounders FC,San Jose Earthquakes,3,2,45,,period,,,,,,,HT,,1,1
mls_2026,2026-05-14,,Seattle Sounders FC,San Jose Earthquakes,3,2,45,2,card,R. Roberts,False,yellow,Time wasting,,,,,,
mls_2026,2026-05-14,,Seattle Sounders FC,San Jose Earthquakes,3,2,45,,injuryTime,,,,,,,,4,,
mls_2026,2026-05-14,,Seattle Sounders FC,San Jose Earthquakes,3,2,46,,substitution,,False,,,O. Bouda,P. Marie,,,,
mls_2026,2026-05-14,,Seattle Sounders FC,San Jose Earthquakes,3,2,46,,substitution,,False,,,P. Judd,N. Adimabua,,,,
mls_2026,2026-05-14,,Seattle Sounders FC,San Jose Earthquakes,3,2,55,,goal,J. Ferreira,True,,,,,,,2,1
mls_2026,2026-05-14,,Seattle Sounders FC,San Jose Earthquakes,3,2,58,,card,P. Judd,False,yellow,Simulation,,,,,,
mls_2026,2026-05-14,,Seattle Sounders FC,San Jose Earthquakes,3,2,64,,substitution,,False,,,I. Harkes,J. Gonzalez,,,,
mls_2026,2026-05-14,,Seattle Sounders FC,San Jose Earthquakes,3,2,64,,substitution,,False,,,B. Leroux,N. Buck,,,,
mls_2026,2026-05-14,,Seattle Sounders FC,San Jose Earthquakes,3,2,68,,substitution,,False,,,J. Ricketts,J. Skahan,,,,
mls_2026,2026-05-14,,Seattle Sounders FC,San Jose Earthquakes,3,2,68,,substitution,,True,,,H. Dotson,S. Brunell,,,,
mls_2026,2026-05-14,,Seattle Sounders FC,San Jose Earthquakes,3,2,68,,substitution,,True,,,J. Morris,D. Musovski,,,,
mls_2026,2026-05-14,,Seattle Sounders FC,San Jose Earthquakes,3,2,69,,goal,P. Judd,False,,,,,,,2,2
mls_2026,2026-05-14,,Seattle Sounders FC,San Jose Earthquakes,3,2,75,,substitution,,True,,,P. Kingston,K. Kossa-Rienzi,,,,
mls_2026,2026-05-14,,Seattle Sounders FC,San Jose Earthquakes,3,2,75,,substitution,,True,,,O. D. Rosario,A. Rusnák,,,,
mls_2026,2026-05-14,,Seattle Sounders FC,San Jose Earthquakes,3,2,82,,substitution,,True,,,P. Arriola,P. Rothrock,,,,
mls_2026,2026-05-14,,Seattle Sounders FC,San Jose Earthquakes,3,2,89,,goal,O. D. Rosario,True,,,,,,,3,2
mls_2026,2026-05-14,,Seattle Sounders FC,San Jose Earthquakes,3,2,90,,period,,,,,,,FT,,3,2
mls_2026,2026-05-14,,Seattle Sounders FC,San Jose Earthquakes,3,2,90,,injuryTime,,,,,,,,5,,
mls_2026,2026-05-14,,Sporting Kansas City,LA Galaxy,3,1,32,,goal,Capita,True,,,,,,,1,0
mls_2026,2026-05-14,,Sporting Kansas City,LA Galaxy,3,1,41,,card,Z. Bassong,True,yellow,,,,,,,
mls_2026,2026-05-14,,Sporting Kansas City,LA Galaxy,3,1,45,,period,,,,,,,HT,,2,0
mls_2026,2026-05-14,,Sporting Kansas City,LA Galaxy,3,1,45,4,goal,D. Joveljić,True,,,,,,,2,0
mls_2026,2026-05-14,,Sporting Kansas City,LA Galaxy,3,1,45,,injuryTime,,,,,,,,5,,
mls_2026,2026-05-14,,Sporting Kansas City,LA Galaxy,3,1,46,,substitution,,True,,,S. Afrifa,Capita,,,,
mls_2026,2026-05-14,,Sporting Kansas City,LA Galaxy,3,1,46,,substitution,,False,,,E. Wynder,H. Miller,,,,
mls_2026,2026-05-14,,Sporting Kansas City,LA Galaxy,3,1,49,,card,M. Cuevas,False,yellow,,,,,,,
mls_2026,2026-05-14,,Sporting Kansas City,LA Galaxy,3,1,61,,substitution,,True,,,J. Bartlett,Z. Bassong,,,,
mls_2026,2026-05-14,,Sporting Kansas City,LA Galaxy,3,1,62,,substitution,,True,,,M. García,T. Calheira,,,,
mls_2026,2026-05-14,,Sporting Kansas City,LA Galaxy,3,1,64,,substitution,,False,,,J. Haak,C. Garcés,,,,
mls_2026,2026-05-14,,Sporting Kansas City,LA Galaxy,3,1,64,,substitution,,False,,,M. Yamane,M. Cuevas,,,,
mls_2026,2026-05-14,,Sporting Kansas City,LA Galaxy,3,1,65,,substitution,,False,,,E. Thommy,L. Sanabria,,,,
mls_2026,2026-05-14,,Sporting Kansas City,LA Galaxy,3,1,70,,goal,C. Harris,True,,,,,,,3,0
mls_2026,2026-05-14,,Sporting Kansas City,LA Galaxy,3,1,77,,substitution,,False,,,M. Nascimento,M. Reus,,,,
mls_2026,2026-05-14,,Sporting Kansas City,LA Galaxy,3,1,79,,card,G. Pec,False,yellow,,,,,,,
mls_2026,2026-05-14,,Sporting Kansas City,LA Galaxy,3,1,81,,substitution,,True,,,J. Reynolds,J. Davis,,,,
mls_2026,2026-05-14,,Sporting Kansas City,LA Galaxy,3,1,89,,goal,G. Pec,False,,,,,,,3,1
mls_2026,2026-05-14,,Sporting Kansas City,LA Galaxy,3,1,90,,period,,,,,,,Second half,,3,1
mls_2026,2026-05-14,,Sporting Kansas City,LA Galaxy,3,1,90,2,substitution,,True,,,S. Suleymanov,D. Joveljić,,,,
mls_2026,2026-05-14,,Sporting Kansas City,LA Galaxy,3,1,90,,injuryTime,,,,,,,,3,,
mls_2026,2026-05-14,,St.Louis City,Los Angeles FC,2,1,10,,substitution,,True,,,R. Santos,J. Orozco,,,,
mls_2026,2026-05-14,,St.Louis City,Los Angeles FC,2,1,4,,goal,T. Totland,True,,,,,,,1,0
mls_2026,2026-05-14,,St.Louis City,Los Angeles FC,2,1,45,,period,,,,,,,HT,,1,0
mls_2026,2026-05-14,,St.Louis City,Los Angeles FC,2,1,45,,injuryTime,,,,,,,,4,,
mls_2026,2026-05-14,,St.Louis City,Los Angeles FC,2,1,46,,substitution,,True,,,S. Becher,J. Sang-bin,,,,
mls_2026,2026-05-14,,St.Louis City,Los Angeles FC,2,1,49,,card,T. Totland,True,yellow,,,,,,,
mls_2026,2026-05-14,,St.Louis City,Los Angeles FC,2,1,58,,card,E. Segura,False,yellow,,,,,,,
mls_2026,2026-05-14,,St.Louis City,Los Angeles FC,2,1,60,,card,D. Polvara,True,yellow,,,,,,,
mls_2026,2026-05-14,,St.Louis City,Los Angeles FC,2,1,64,,goal,R. Santos,True,,,,,,,2,0
mls_2026,2026-05-14,,St.Louis City,Los Angeles FC,2,1,66,,substitution,,True,,,F. Fall,E. Löwen,,,,
mls_2026,2026-05-14,,St.Louis City,Los Angeles FC,2,1,67,,card,A. Long,False,yellow,,,,,,,
mls_2026,2026-05-14,,St.Louis City,Los Angeles FC,2,1,70,,substitution,,False,,,D. M. Morales,T. Boyd,,,,
mls_2026,2026-05-14,,St.Louis City,Los Angeles FC,2,1,73,,goal,D. M. Morales,False,,,,,,,2,1
mls_2026,2026-05-14,,St.Louis City,Los Angeles FC,2,1,76,,card,S. Becher,True,yellow,,,,,,,
mls_2026,2026-05-14,,St.Louis City,Los Angeles FC,2,1,77,,substitution,,False,,,N. Ordaz,T. Tillman,,,,
mls_2026,2026-05-14,,St.Louis City,Los Angeles FC,2,1,77,,substitution,,False,,,S. Eustaquio,M. Choinière,,,,
mls_2026,2026-05-14,,St.Louis City,Los Angeles FC,2,1,77,,substitution,,False,,,J. Shaffelburg,E. Segura,,,,
mls_2026,2026-05-14,,St.Louis City,Los Angeles FC,2,1,82,,card,R. Raposo,False,yellow,,,,,,,
mls_2026,2026-05-14,,St.Louis City,Los Angeles FC,2,1,85,,substitution,,False,,,R. Hollingshead,R. Raposo,,,,
mls_2026,2026-05-14,,St.Louis City,Los Angeles FC,2,1,90,,period,,,,,,,Second half,,2,1
mls_2026,2026-05-14,,St.Louis City,Los Angeles FC,2,1,90,,substitution,,True,,,B. McSorley,S. Córdova,,,,
mls_2026,2026-05-14,,St.Louis City,Los Angeles FC,2,1,90,,injuryTime,,,,,,,,4,,
mls_2026,2026-05-16,,CF Montréal,Chicago Fire,0,2,14,,goal,P. Zinckernagel,False,,,,,,,0,1
mls_2026,2026-05-16,,CF Montréal,Chicago Fire,0,2,36,,card,S. Piette,True,yellow,,,,,,,
mls_2026,2026-05-16,,CF Montréal,Chicago Fire,0,2,45,,period,,,,,,,HT,,0,1
mls_2026,2026-05-16,,CF Montréal,Chicago Fire,0,2,45,,injuryTime,,,,,,,,4,,
mls_2026,2026-05-16,,CF Montréal,Chicago Fire,0,2,46,,substitution,,True,,,B. Craig,S. Piette,,,,
mls_2026,2026-05-16,,CF Montréal,Chicago Fire,0,2,46,,substitution,,True,,,N. Streit,V. Loturi,,,,
mls_2026,2026-05-16,,CF Montréal,Chicago Fire,0,2,57,,card,M. Mbokazi,False,yellow,,,,,,,
mls_2026,2026-05-16,,CF Montréal,Chicago Fire,0,2,6,,card,V. Radojević,False,yellow,,,,,,,
mls_2026,2026-05-16,,CF Montréal,Chicago Fire,0,2,61,,substitution,,False,,,A. Gutman,V. Radojević,,,,
mls_2026,2026-05-16,,CF Montréal,Chicago Fire,0,2,62,,card,B. Craig,True,yellow,,,,,,,
mls_2026,2026-05-16,,CF Montréal,Chicago Fire,0,2,67,,goal,H. Cuypers,False,,,,,,,0,2
mls_2026,2026-05-16,,CF Montréal,Chicago Fire,0,2,68,,substitution,,False,,,P. Dithejane,M. Haile-Selassie,,,,
mls_2026,2026-05-16,,CF Montréal,Chicago Fire,0,2,68,,substitution,,False,,,C. Mueller,P. Zinckernagel,,,,
mls_2026,2026-05-16,,CF Montréal,Chicago Fire,0,2,71,,card,P. Owusu,True,yellow,,,,,,,
mls_2026,2026-05-16,,CF Montréal,Chicago Fire,0,2,73,,substitution,,True,,,D. Rios,W. Carmona,,,,
mls_2026,2026-05-16,,CF Montréal,Chicago Fire,0,2,82,,card,B. Vera,True,yellow,,,,,,,
mls_2026,2026-05-16,,CF Montréal,Chicago Fire,0,2,85,,substitution,,True,,,H. Synchuk,L. Petrasso,,,,
mls_2026,2026-05-16,,CF Montréal,Chicago Fire,0,2,89,,card,P. Dithejane,False,yellow,,,,,,,
mls_2026,2026-05-16,,CF Montréal,Chicago Fire,0,2,90,,period,,,,,,,Second half,,0,2
mls_2026,2026-05-16,,CF Montréal,Chicago Fire,0,2,90,,injuryTime,,,,,,,,4,,
mls_2026,2026-05-16,,Charlotte FC,Toronto FC,3,1,19,,goal,W. Zaha,True,,,,,,,1,0
mls_2026,2026-05-16,,Charlotte FC,Toronto FC,3,1,22,,goal,D. Etienne,False,,,,,,,1,1
mls_2026,2026-05-16,,Charlotte FC,Toronto FC,3,1,30,,varDecision,J. Gilman,False,,,,,,,,
mls_2026,2026-05-16,,Charlotte FC,Toronto FC,3,1,35,,goal,D. Schnegg,True,,,,,,,2,1
mls_2026,2026-05-16,,Charlotte FC,Toronto FC,3,1,45,,period,,,,,,,HT,,2,1
mls_2026,2026-05-16,,Charlotte FC,Toronto FC,3,1,45,,injuryTime,,,,,,,,7,,
mls_2026,2026-05-16,,Charlotte FC,Toronto FC,3,1,49,,card,P. Biel,True,yellow,,,,,,,
mls_2026,2026-05-16,,Charlotte FC,Toronto FC,3,1,54,,card,M. Henry,False,yellow,,,,,,,
mls_2026,2026-05-16,,Charlotte FC,Toronto FC,3,1,58,,substitution,,False,,,N. Gomis,R. Edwards,,,,
mls_2026,2026-05-16,,Charlotte FC,Toronto FC,3,1,66,,substitution,,True,,,R. Aloko,K. C. Vargas,,,,
mls_2026,2026-05-16,,Charlotte FC,Toronto FC,3,1,66,,substitution,,True,,,D. Diani,B. Bronico,,,,
mls_2026,2026-05-16,,Charlotte FC,Toronto FC,3,1,75,,substitution,,True,,,W. Cleary,N. Byrne,,,,
mls_2026,2026-05-16,,Charlotte FC,Toronto FC,3,1,75,,substitution,,True,,,A. Goodwin,I. Toklomati,,,,
mls_2026,2026-05-16,,Charlotte FC,Toronto FC,3,1,78,,substitution,,False,,,F. Bank,M. Henry,,,,
mls_2026,2026-05-16,,Charlotte FC,Toronto FC,3,1,83,,card,J. Osorio,False,yellow,,,,,,,
mls_2026,2026-05-16,,Charlotte FC,Toronto FC,3,1,84,,goal,P. Biel,True,,,,,,,3,1
mls_2026,2026-05-16,,Charlotte FC,Toronto FC,3,1,87,,substitution,,True,,,L. D. L. Torre,P. Biel,,,,
mls_2026,2026-05-16,,Charlotte FC,Toronto FC,3,1,90,,period,,,,,,,Second half,,3,1
mls_2026,2026-05-16,,Charlotte FC,Toronto FC,3,1,90,2,card,A. Westwood,True,yellow,,,,,,,
mls_2026,2026-05-16,,Charlotte FC,Toronto FC,3,1,90,,injuryTime,,,,,,,,4,,
mls_2026,2026-05-16,,DC United,St.Louis City,1,1,28,,card,F. Fall,False,yellow,,,,,,,
mls_2026,2026-05-16,,DC United,St.Louis City,1,1,41,,card,C. Wallem,False,yellow,,,,,,,
mls_2026,2026-05-16,,DC United,St.Louis City,1,1,45,,period,,,,,,,HT,,0,0
mls_2026,2026-05-16,,DC United,St.Louis City,1,1,50,,goal,C. Durkin,False,,,,,,,0,1
mls_2026,2026-05-16,,DC United,St.Louis City,1,1,58,,card,M. Perez,False,yellow,,,,,,,
mls_2026,2026-05-16,,DC United,St.Louis City,1,1,60,,card,J. Hopkins,True,yellow,,,,,,,
mls_2026,2026-05-16,,DC United,St.Louis City,1,1,62,,substitution,,True,,,J. Stroud,M. Peltola,,,,
mls_2026,2026-05-16,,DC United,St.Louis City,1,1,63,,substitution,,False,,,D. Edelman,M. Perez,,,,
mls_2026,2026-05-16,,DC United,St.Louis City,1,1,63,,substitution,,False,,,S. Córdova,J. Sang-bin,,,,
mls_2026,2026-05-16,,DC United,St.Louis City,1,1,63,,substitution,,False,,,E. Löwen,C. Teuchert,,,,
mls_2026,2026-05-16,,DC United,St.Louis City,1,1,70,,card,S. Hefti,True,yellow,,,,,,,
mls_2026,2026-05-16,,DC United,St.Louis City,1,1,78,,substitution,,False,,,T. Totland,R. Santos,,,,
mls_2026,2026-05-16,,DC United,St.Louis City,1,1,78,,substitution,,True,,,N. Markovic,J. Hopkins,,,,
mls_2026,2026-05-16,,DC United,St.Louis City,1,1,78,,substitution,,True,,,C. Antley,K. Kurokawa,,,,
mls_2026,2026-05-16,,DC United,St.Louis City,1,1,90,,period,,,,,,,FT,,1,1
mls_2026,2026-05-16,,DC United,St.Louis City,1,1,90,,varDecision,K. Rowles,True,,,,,,,,
mls_2026,2026-05-16,,DC United,St.Louis City,1,1,90,5,card,M. Mbacke,False,yellow,,,,,,,
mls_2026,2026-05-16,,DC United,St.Louis City,1,1,90,3,card,K. Rowles,True,yellow,,,,,,,
mls_2026,2026-05-16,,DC United,St.Louis City,1,1,90,2,card,C. Wallem,False,yellowRed,,,,,,,
mls_2026,2026-05-16,,DC United,St.Louis City,1,1,90,1,substitution,,False,,,M. Mbacke,S. Becher,,,,
mls_2026,2026-05-16,,DC United,St.Louis City,1,1,90,,goal,Peglow,True,,,,,,,1,1
mls_2026,2026-05-16,,DC United,St.Louis City,1,1,90,,injuryTime,,,,,,,,8,,
mls_2026,2026-05-16,,New England Revolution,Minnesota United,2,1,26,,goal,K. Yeboah,False,,,,,,,1,1
mls_2026,2026-05-16,,New England Revolution,Minnesota United,2,1,3,,varDecision,D. Turgeman,True,,,,,,,,
mls_2026,2026-05-16,,New England Revolution,Minnesota United,2,1,45,,period,,,,,,,HT,,1,1
mls_2026,2026-05-16,,New England Revolution,Minnesota United,2,1,45,,injuryTime,,,,,,,,7,,
mls_2026,2026-05-16,,New England Revolution,Minnesota United,2,1,49,,goal,L. Langoni,True,,,,,,,2,1
mls_2026,2026-05-16,,New England Revolution,Minnesota United,2,1,5,,goal,C. Gil,True,,,,,,,1,0
mls_2026,2026-05-16,,New England Revolution,Minnesota United,2,1,70,,card,B. Raines,True,yellow,,,,,,,
mls_2026,2026-05-16,,New England Revolution,Minnesota United,2,1,71,,card,N. Romero,False,yellow,,,,,,,
mls_2026,2026-05-16,,New England Revolution,Minnesota United,2,1,72,,substitution,,False,,,D. Padelford,N. Romero,,,,
mls_2026,2026-05-16,,New England Revolution,Minnesota United,2,1,72,,substitution,,False,,,O. Gene,M. Boxall,,,,
mls_2026,2026-05-16,,New England Revolution,Minnesota United,2,1,72,,substitution,,False,,,M. Dieng,K. Yeboah,,,,
mls_2026,2026-05-16,,New England Revolution,Minnesota United,2,1,72,,substitution,,True,,,M. Polster,L. Langoni,,,,
mls_2026,2026-05-16,,New England Revolution,Minnesota United,2,1,81,,substitution,,True,,,G. Yow,B. Ceballos,,,,
mls_2026,2026-05-16,,New England Revolution,Minnesota United,2,1,83,,substitution,,False,,,M. González,N. Triantis,,,,
mls_2026,2026-05-16,,New England Revolution,Minnesota United,2,1,87,,substitution,,True,,,T. Beason,D. Turgeman,,,,
mls_2026,2026-05-16,,New England Revolution,Minnesota United,2,1,90,,period,,,,,,,Second half,,2,1
mls_2026,2026-05-16,,New England Revolution,Minnesota United,2,1,90,3,card,G. Yow,True,yellow,,,,,,,
mls_2026,2026-05-16,,New England Revolution,Minnesota United,2,1,90,,injuryTime,,,,,,,,5,,
mls_2026,2026-05-16,,New York Red Bulls,New York City FC,1,1,23,,card,Raul Gustavo,False,yellow,,,,,,,
mls_2026,2026-05-16,,New York Red Bulls,New York City FC,1,1,24,,card,J. Marshall-Rutty,True,yellow,,,,,,,
mls_2026,2026-05-16,,New York Red Bulls,New York City FC,1,1,39,,substitution,,False,,,A. Perea,M. Moralez,,,,
mls_2026,2026-05-16,,New York Red Bulls,New York City FC,1,1,44,,goal,J. Ruvalcaba,True,,,,,,,1,0
mls_2026,2026-05-16,,New York Red Bulls,New York City FC,1,1,45,,period,,,,,,,HT,,1,0
mls_2026,2026-05-16,,New York Red Bulls,New York City FC,1,1,45,,injuryTime,,,,,,,,7,,
mls_2026,2026-05-16,,New York Red Bulls,New York City FC,1,1,46,,substitution,,False,,,M. Jones,H. Wolf,,,,
mls_2026,2026-05-16,,New York Red Bulls,New York City FC,1,1,49,,card,K. Parks,False,yellow,,,,,,,
mls_2026,2026-05-16,,New York Red Bulls,New York City FC,1,1,52,,goal,A. Perea,False,,,,,,,1,1
mls_2026,2026-05-16,,New York Red Bulls,New York City FC,1,1,59,,substitution,,False,,,J. Shore,K. Parks,,,,
mls_2026,2026-05-16,,New York Red Bulls,New York City FC,1,1,67,,card,J. Ruvalcaba,True,yellow,,,,,,,
mls_2026,2026-05-16,,New York Red Bulls,New York City FC,1,1,69,,substitution,,True,,,T. Parker,J. Che,,,,
mls_2026,2026-05-16,,New York Red Bulls,New York City FC,1,1,69,,substitution,,True,,,O. Valencia,M. D. Santos,,,,
mls_2026,2026-05-16,,New York Red Bulls,New York City FC,1,1,69,,substitution,,True,,,G. Berggren,E. Forsberg,,,,
mls_2026,2026-05-16,,New York Red Bulls,New York City FC,1,1,77,,card,N. Cavallo,False,yellow,,,,,,,
mls_2026,2026-05-16,,New York Red Bulls,New York City FC,1,1,82,,card,D. Nealis,True,yellow,,,,,,,
mls_2026,2026-05-16,,New York Red Bulls,New York City FC,1,1,85,,substitution,,True,,,R. Mosquera,J. Ruvalcaba,,,,
mls_2026,2026-05-16,,New York Red Bulls,New York City FC,1,1,86,,card,T. Parker,True,yellow,,,,,,,
mls_2026,2026-05-16,,New York Red Bulls,New York City FC,1,1,90,,period,,,,,,,Second half,,1,1
mls_2026,2026-05-16,,New York Red Bulls,New York City FC,1,1,90,1,substitution,,False,,,S. Garfield-Reid,N. Fernández,,,,
mls_2026,2026-05-16,,New York Red Bulls,New York City FC,1,1,90,1,substitution,,False,,,A. Farnos,A. Ojeda,,,,
mls_2026,2026-05-16,,Orlando City SC,Atlanta United,1,1,18,,goal,G. Dorsey,True,,,,,,,1,0
mls_2026,2026-05-16,,Orlando City SC,Atlanta United,1,1,28,,card,M. Pašalić,True,yellow,,,,,,,
mls_2026,2026-05-16,,Orlando City SC,Atlanta United,1,1,41,,card,W. Reilly,False,yellow,,,,,,,
mls_2026,2026-05-16,,Orlando City SC,Atlanta United,1,1,45,,period,,,,,,,HT,,1,0
mls_2026,2026-05-16,,Orlando City SC,Atlanta United,1,1,45,,injuryTime,,,,,,,,3,,
mls_2026,2026-05-16,,Orlando City SC,Atlanta United,1,1,46,,substitution,,True,,,Iago,R. Jansson,,,,
mls_2026,2026-05-16,,Orlando City SC,Atlanta United,1,1,59,,substitution,,False,,,F. Picault,W. Reilly,,,,
mls_2026,2026-05-16,,Orlando City SC,Atlanta United,1,1,59,,substitution,,True,,,T. Spicer,M. Pašalić,,,,
mls_2026,2026-05-16,,Orlando City SC,Atlanta United,1,1,68,,substitution,,False,,,M. Edwards,T. Jacob,,,,
mls_2026,2026-05-16,,Orlando City SC,Atlanta United,1,1,68,,substitution,,False,,,E. Latte Lath,S. Lobzhanidze,,,,
mls_2026,2026-05-16,,Orlando City SC,Atlanta United,1,1,68,,substitution,,False,,,S. Gregersen,E. Mihaj,,,,
mls_2026,2026-05-16,,Orlando City SC,Atlanta United,1,1,69,,substitution,,True,,,L. Otávio,E. Atuesta,,,,
mls_2026,2026-05-16,,Orlando City SC,Atlanta United,1,1,69,,substitution,,True,,,D. McGuire,J. Ellis,,,,
mls_2026,2026-05-16,,Orlando City SC,Atlanta United,1,1,78,,substitution,,False,,,C. Togashi,F. Picault,,,,
mls_2026,2026-05-16,,Orlando City SC,Atlanta United,1,1,82,,substitution,,True,,,W. Cartagena,B. Ojeda,,,,
mls_2026,2026-05-16,,Orlando City SC,Atlanta United,1,1,83,,card,M. Crépeau,True,yellow,,,,,,,
mls_2026,2026-05-16,,Orlando City SC,Atlanta United,1,1,86,,goal,A. Fortune,False,,,,,,,1,1
mls_2026,2026-05-16,,Orlando City SC,Atlanta United,1,1,90,,period,,,,,,,Second half,,1,1
mls_2026,2026-05-16,,Orlando City SC,Atlanta United,1,1,90,,injuryTime,,,,,,,,6,,
mls_2026,2026-05-16,,Philadelphia Union,Columbus Crew,1,1,10,,goal,H. Picard,False,,,,,,,0,1
mls_2026,2026-05-16,,Philadelphia Union,Columbus Crew,1,1,26,,card,M. Iloski,True,yellow,,,,,,,
mls_2026,2026-05-16,,Philadelphia Union,Columbus Crew,1,1,30,,card,R. Camacho,False,yellow,,,,,,,
mls_2026,2026-05-16,,Philadelphia Union,Columbus Crew,1,1,45,,period,,,,,,,HT,,0,1
mls_2026,2026-05-16,,Philadelphia Union,Columbus Crew,1,1,45,,card,O. Makhanya,True,yellow,,,,,,,
mls_2026,2026-05-16,,Philadelphia Union,Columbus Crew,1,1,45,,injuryTime,,,,,,,,2,,
mls_2026,2026-05-16,,Philadelphia Union,Columbus Crew,1,1,46,,substitution,,True,,,A. Anello,J. Lukić,,,,
mls_2026,2026-05-16,,Philadelphia Union,Columbus Crew,1,1,65,,substitution,,True,,,E. Alladoh,B. Damiani,,,,
mls_2026,2026-05-16,,Philadelphia Union,Columbus Crew,1,1,67,,substitution,,False,,,A. Herrera,M. Farsi,,,,
mls_2026,2026-05-16,,Philadelphia Union,Columbus Crew,1,1,67,,substitution,,False,,,D. Chambost,A. Gomes,,,,
mls_2026,2026-05-16,,Philadelphia Union,Columbus Crew,1,1,70,,goal,M. Iloski,True,,,,,,,1,1
mls_2026,2026-05-16,,Philadelphia Union,Columbus Crew,1,1,80,,substitution,,False,,,A. Sejdic,S. T. Bangoura,,,,
mls_2026,2026-05-16,,Philadelphia Union,Columbus Crew,1,1,80,,substitution,,False,,,T. Habroune,D. Gazdag,,,,
mls_2026,2026-05-16,,Philadelphia Union,Columbus Crew,1,1,9,,card,B. Bender,True,yellow,,,,,,,
mls_2026,2026-05-16,,Philadelphia Union,Columbus Crew,1,1,90,,period,,,,,,,Second half,,1,1
mls_2026,2026-05-16,,Philadelphia Union,Columbus Crew,1,1,90,,injuryTime,,,,,,,,3,,
mls_2026,2026-05-17,,Austin FC,Sporting Kansas City,1,2,28,,card,Capita,False,yellow,,,,,,,
mls_2026,2026-05-17,,Austin FC,Sporting Kansas City,1,2,45,,period,,,,,,,HT,,1,0
mls_2026,2026-05-17,,Austin FC,Sporting Kansas City,1,2,45,1,goal,M. Desler,True,,,,,,,1,0
mls_2026,2026-05-17,,Austin FC,Sporting Kansas City,1,2,45,,injuryTime,,,,,,,,1,,
mls_2026,2026-05-17,,Austin FC,Sporting Kansas City,1,2,46,,substitution,,False,,,S. Suleymanov,Capita,,,,
mls_2026,2026-05-17,,Austin FC,Sporting Kansas City,1,2,47,,card,J. Davis,False,yellow,,,,,,,
mls_2026,2026-05-17,,Austin FC,Sporting Kansas City,1,2,57,,card,O. Svatok,True,yellow,,,,,,,
mls_2026,2026-05-17,,Austin FC,Sporting Kansas City,1,2,60,,substitution,,True,,,J. Gallagher,O. Wolff,,,,
mls_2026,2026-05-17,,Austin FC,Sporting Kansas City,1,2,60,,substitution,,True,,,J. Nelson,C. Ramirez,,,,
mls_2026,2026-05-17,,Austin FC,Sporting Kansas City,1,2,61,,card,I. Sánchez,True,yellow,,,,,,,
mls_2026,2026-05-17,,Austin FC,Sporting Kansas City,1,2,63,,card,Z. Bassong,False,yellow,,,,,,,
mls_2026,2026-05-17,,Austin FC,Sporting Kansas City,1,2,64,,substitution,,False,,,J. Reynolds,J. Davis,,,,
mls_2026,2026-05-17,,Austin FC,Sporting Kansas City,1,2,64,,substitution,,False,,,M. García,Z. Bassong,,,,
mls_2026,2026-05-17,,Austin FC,Sporting Kansas City,1,2,71,,card,J. Nelson,True,yellow,,,,,,,
mls_2026,2026-05-17,,Austin FC,Sporting Kansas City,1,2,73,,substitution,,True,,,D. Pereira,I. Sánchez,,,,
mls_2026,2026-05-17,,Austin FC,Sporting Kansas City,1,2,73,,substitution,,True,,,B. Vázquez,F. Torres,,,,
mls_2026,2026-05-17,,Austin FC,Sporting Kansas City,1,2,75,,substitution,,False,,,S. Afrifa,T. Calheira,,,,
mls_2026,2026-05-17,,Austin FC,Sporting Kansas City,1,2,79,,goal,M. García,False,,,,,,,1,1
mls_2026,2026-05-17,,Austin FC,Sporting Kansas City,1,2,82,,goal,S. Afrifa,False,,,,,,,1,2
mls_2026,2026-05-17,,Austin FC,Sporting Kansas City,1,2,84,,substitution,,True,,,C. Fodrey,M. Desler,,,,
mls_2026,2026-05-17,,Austin FC,Sporting Kansas City,1,2,86,,card,C. Fodrey,True,yellow,,,,,,,
mls_2026,2026-05-17,,Austin FC,Sporting Kansas City,1,2,90,,period,,,,,,,Second half,,1,2
mls_2026,2026-05-17,,Austin FC,Sporting Kansas City,1,2,90,,injuryTime,,,,,,,,4,,
mls_2026,2026-05-17,,Houston Dynamo,Vancouver Whitecaps,1,0,11,,card,K. Cabrera,False,yellow,,,,,,,
mls_2026,2026-05-17,,Houston Dynamo,Vancouver Whitecaps,1,0,34,,substitution,,True,,,A. Bouzat,D. Samassékou,,,,
mls_2026,2026-05-17,,Houston Dynamo,Vancouver Whitecaps,1,0,40,,substitution,,False,,,A. Cubas,O. Larraz,,,,
mls_2026,2026-05-17,,Houston Dynamo,Vancouver Whitecaps,1,0,45,,period,,,,,,,HT,,0,0
mls_2026,2026-05-17,,Houston Dynamo,Vancouver Whitecaps,1,0,45,11,card,T. Johnson,False,yellow,,,,,,,
mls_2026,2026-05-17,,Houston Dynamo,Vancouver Whitecaps,1,0,45,,injuryTime,,,,,,,,14,,
mls_2026,2026-05-17,,Houston Dynamo,Vancouver Whitecaps,1,0,48,,card,É. Ocampo,False,yellow,,,,,,,
mls_2026,2026-05-17,,Houston Dynamo,Vancouver Whitecaps,1,0,54,,card,A. Resch,True,yellow,,,,,,,
mls_2026,2026-05-17,,Houston Dynamo,Vancouver Whitecaps,1,0,62,,card,A. Cubas,False,yellow,,,,,,,
mls_2026,2026-05-17,,Houston Dynamo,Vancouver Whitecaps,1,0,64,,card,Y. Takaoka,False,red,,,,,,,
mls_2026,2026-05-17,,Houston Dynamo,Vancouver Whitecaps,1,0,67,,substitution,,False,,,M. Gherasimencov,T. Johnson,,,,
mls_2026,2026-05-17,,Houston Dynamo,Vancouver Whitecaps,1,0,67,,substitution,,False,,,I. Boehmer,K. Cabrera,,,,
mls_2026,2026-05-17,,Houston Dynamo,Vancouver Whitecaps,1,0,77,,substitution,,False,,,A. Jackson,T. Müller,,,,
mls_2026,2026-05-17,,Houston Dynamo,Vancouver Whitecaps,1,0,77,,substitution,,False,,,R. Veselinović,É. Ocampo,,,,
mls_2026,2026-05-17,,Houston Dynamo,Vancouver Whitecaps,1,0,85,,substitution,,True,,,H. Herrera,J. McGlynn,,,,
mls_2026,2026-05-17,,Houston Dynamo,Vancouver Whitecaps,1,0,85,,substitution,,False,,,R. Elloumi,J. Badwal,,,,
mls_2026,2026-05-17,,Houston Dynamo,Vancouver Whitecaps,1,0,85,,substitution,,True,,,O. Lingr,M. Bogusz,,,,
mls_2026,2026-05-17,,Houston Dynamo,Vancouver Whitecaps,1,0,90,,period,,,,,,,Second half,,1,0
mls_2026,2026-05-17,,Houston Dynamo,Vancouver Whitecaps,1,0,90,6,goal,Guilherme,True,,,,,,,1,0
mls_2026,2026-05-17,,Houston Dynamo,Vancouver Whitecaps,1,0,90,,injuryTime,,,,,,,,7,,
mls_2026,2026-05-17,,Inter Miami CF,Portland Timbers,2,0,31,,goal,L. Messi,True,,,,,,,1,0
mls_2026,2026-05-17,,Inter Miami CF,Portland Timbers,2,0,41,,card,R. De Paul,True,yellow,,,,,,,
mls_2026,2026-05-17,,Inter Miami CF,Portland Timbers,2,0,42,,goal,G. Berterame,True,,,,,,,2,0
mls_2026,2026-05-17,,Inter Miami CF,Portland Timbers,2,0,45,,period,,,,,,,HT,,2,0
mls_2026,2026-05-17,,Inter Miami CF,Portland Timbers,2,0,45,,injuryTime,,,,,,,,4,,
mls_2026,2026-05-17,,Inter Miami CF,Portland Timbers,2,0,46,,substitution,,False,,,J. Ortíz,D. Chará,,,,
mls_2026,2026-05-17,,Inter Miami CF,Portland Timbers,2,0,46,,substitution,,True,,,F. Mura,I. Fray,,,,
mls_2026,2026-05-17,,Inter Miami CF,Portland Timbers,2,0,58,,card,T. Segovia,True,yellow,,,,,,,
mls_2026,2026-05-17,,Inter Miami CF,Portland Timbers,2,0,65,,card,D. Da Costa,False,yellow,,,,,,,
mls_2026,2026-05-17,,Inter Miami CF,Portland Timbers,2,0,66,,substitution,,True,,,D. Pinter,L. Suárez,,,,
mls_2026,2026-05-17,,Inter Miami CF,Portland Timbers,2,0,67,,substitution,,False,,,I. Smith,K. Miller,,,,
mls_2026,2026-05-17,,Inter Miami CF,Portland Timbers,2,0,74,,substitution,,False,,,A. Aravena,D. Da Costa,,,,
mls_2026,2026-05-17,,Inter Miami CF,Portland Timbers,2,0,82,,substitution,,True,,,D. Ayala,Y. Bright,,,,
mls_2026,2026-05-17,,Inter Miami CF,Portland Timbers,2,0,83,,substitution,,True,,,P. Plambeck,G. Berterame,,,,
mls_2026,2026-05-17,,Inter Miami CF,Portland Timbers,2,0,86,,substitution,,False,,,G. Guerra,K. Kelsy,,,,
mls_2026,2026-05-17,,Inter Miami CF,Portland Timbers,2,0,87,,substitution,,False,,,J. Mosquera,A. Alves,,,,
mls_2026,2026-05-17,,Inter Miami CF,Portland Timbers,2,0,90,,period,,,,,,,Second half,,2,0
mls_2026,2026-05-17,,Inter Miami CF,Portland Timbers,2,0,90,2,card,F. Surman,False,yellow,,,,,,,
mls_2026,2026-05-17,,Inter Miami CF,Portland Timbers,2,0,90,,injuryTime,,,,,,,,5,,
mls_2026,2026-05-17,,Real Salt Lake,Colorado Rapids,2,1,0,,card,M. Wells,False,yellow,Argument,,,,,,
mls_2026,2026-05-17,,Real Salt Lake,Colorado Rapids,2,1,34,,card,H. Ojediran,False,yellow,Foul,,,,,,
mls_2026,2026-05-17,,Real Salt Lake,Colorado Rapids,2,1,36,,goal,Z. Gozo,True,,,,,,,1,1
mls_2026,2026-05-17,,Real Salt Lake,Colorado Rapids,2,1,45,,period,,,,,,,HT,,1,1
mls_2026,2026-05-17,,Real Salt Lake,Colorado Rapids,2,1,45,,injuryTime,,,,,,,,5,,
mls_2026,2026-05-17,,Real Salt Lake,Colorado Rapids,2,1,52,,substitution,,False,,,R. Holding,J. Travis,,,,
mls_2026,2026-05-17,,Real Salt Lake,Colorado Rapids,2,1,52,,substitution,,False,,,J. Atencio,C. Ronan,,,,
mls_2026,2026-05-17,,Real Salt Lake,Colorado Rapids,2,1,64,,substitution,,True,,,D. Marczuk,Z. Booth,,,,
mls_2026,2026-05-17,,Real Salt Lake,Colorado Rapids,2,1,64,,substitution,,True,,,S. Junqua,L. Engel,,,,
mls_2026,2026-05-17,,Real Salt Lake,Colorado Rapids,2,1,64,,substitution,,True,,,M. Guilavogui,A. Hezarkhani,,,,
mls_2026,2026-05-17,,Real Salt Lake,Colorado Rapids,2,1,67,,card,J. Atencio,False,yellow,Foul,,,,,,
mls_2026,2026-05-17,,Real Salt Lake,Colorado Rapids,2,1,68,,goal,S. Solans,True,,,,,,,2,1
mls_2026,2026-05-17,,Real Salt Lake,Colorado Rapids,2,1,7,,goal,W. Frederick,False,,,,,,,0,1
mls_2026,2026-05-17,,Real Salt Lake,Colorado Rapids,2,1,73,,card,R. Cannon,False,yellow,Foul,,,,,,
mls_2026,2026-05-17,,Real Salt Lake,Colorado Rapids,2,1,73,,substitution,,False,,,D. Yapi,H. Ojediran,,,,
mls_2026,2026-05-17,,Real Salt Lake,Colorado Rapids,2,1,73,,substitution,,False,,,R. Cannon,K. Thompson,,,,
mls_2026,2026-05-17,,Real Salt Lake,Colorado Rapids,2,1,76,,substitution,,True,,,G. Dillon,S. Spierings,,,,
mls_2026,2026-05-17,,Real Salt Lake,Colorado Rapids,2,1,81,,card,Z. Gozo,True,yellow,Time wasting,,,,,,
mls_2026,2026-05-17,,Real Salt Lake,Colorado Rapids,2,1,84,,substitution,,False,,,A. Manyoma,M. Navarro,,,,
mls_2026,2026-05-17,,Real Salt Lake,Colorado Rapids,2,1,87,,substitution,,True,,,V. Olatunji,S. Solans,,,,
mls_2026,2026-05-17,,Real Salt Lake,Colorado Rapids,2,1,90,,period,,,,,,,FT,,2,1
mls_2026,2026-05-17,,Real Salt Lake,Colorado Rapids,2,1,90,3,card,D. Yedlin,True,yellow,Time wasting,,,,,,
mls_2026,2026-05-17,,Real Salt Lake,Colorado Rapids,2,1,90,,injuryTime,,,,,,,,4,,
mls_2026,2026-05-17,,San Diego FC,FC Cincinnati,3,3,11,,goal,K. M. Dem,False,,,,,,,0,1
mls_2026,2026-05-17,,San Diego FC,FC Cincinnati,3,3,24,,card,M. Robinson,False,yellow,,,,,,,
mls_2026,2026-05-17,,San Diego FC,FC Cincinnati,3,3,32,,goal,M. Ingvartsen,True,,,,,,,1,1
mls_2026,2026-05-17,,San Diego FC,FC Cincinnati,3,3,45,,period,,,,,,,HT,,1,1
mls_2026,2026-05-17,,San Diego FC,FC Cincinnati,3,3,45,,injuryTime,,,,,,,,2,,
mls_2026,2026-05-17,,San Diego FC,FC Cincinnati,3,3,46,,substitution,,False,,,T. Barlow,G. Valenzuela,,,,
mls_2026,2026-05-17,,San Diego FC,FC Cincinnati,3,3,46,,substitution,,False,,,K. Smith,M. Robinson,,,,
mls_2026,2026-05-17,,San Diego FC,FC Cincinnati,3,3,46,,substitution,,True,,,P. Soma,A. Godoy,,,,
mls_2026,2026-05-17,,San Diego FC,FC Cincinnati,3,3,46,,substitution,,True,,,O. Verhoeven,K. Sargeant,,,,
mls_2026,2026-05-17,,San Diego FC,FC Cincinnati,3,3,50,,goal,T. Barlow,False,,,,,,,1,2
mls_2026,2026-05-17,,San Diego FC,FC Cincinnati,3,3,54,,card,D. Vazquez,True,yellow,,,,,,,
mls_2026,2026-05-17,,San Diego FC,FC Cincinnati,3,3,66,,goal,A. Pellegrino,True,,,,,,,2,2
mls_2026,2026-05-17,,San Diego FC,FC Cincinnati,3,3,69,,substitution,,True,,,A. Mighten,D. Vazquez,,,,
mls_2026,2026-05-17,,San Diego FC,FC Cincinnati,3,3,73,,substitution,,False,,,B. Ramírez,K. M. Dem,,,,
mls_2026,2026-05-17,,San Diego FC,FC Cincinnati,3,3,73,,substitution,,False,,,O. Nwobodo,N. Hagglund,,,,
mls_2026,2026-05-17,,San Diego FC,FC Cincinnati,3,3,78,,substitution,,True,,,A. Alvarado Jr,A. Pellegrino,,,,
mls_2026,2026-05-17,,San Diego FC,FC Cincinnati,3,3,87,,card,O. Nwobodo,False,yellow,,,,,,,
mls_2026,2026-05-17,,San Diego FC,FC Cincinnati,3,3,90,,period,,,,,,,Second half,,3,3
mls_2026,2026-05-17,,San Diego FC,FC Cincinnati,3,3,90,8,goal,T. Barlow,False,,,,,,,3,3
mls_2026,2026-05-17,,San Diego FC,FC Cincinnati,3,3,90,6,goal,M. Ingvartsen,True,,,,,,,3,2
mls_2026,2026-05-17,,San Diego FC,FC Cincinnati,3,3,90,1,substitution,,True,,,A. Saidi,O. Valakari,,,,
mls_2026,2026-05-17,,San Diego FC,FC Cincinnati,3,3,90,1,substitution,,False,,,A. Jabbari,K. Denkey,,,,
mls_2026,2026-05-17,,San Diego FC,FC Cincinnati,3,3,90,,card,T. Barlow,False,yellow,,,,,,,
mls_2026,2026-05-17,,San Diego FC,FC Cincinnati,3,3,90,,injuryTime,,,,,,,,6,,
mls_2026,2026-05-17,,San Jose Earthquakes,FC Dallas,2,3,1,,goal,P. Delgado,False,,,,,,,0,1
mls_2026,2026-05-17,,San Jose Earthquakes,FC Dallas,2,3,18,,goal,B. Leroux,True,,,,,,,1,1
mls_2026,2026-05-17,,San Jose Earthquakes,FC Dallas,2,3,45,,period,,,,,,,HT,,1,1
mls_2026,2026-05-17,,San Jose Earthquakes,FC Dallas,2,3,45,,injuryTime,,,,,,,,3,,
mls_2026,2026-05-17,,San Jose Earthquakes,FC Dallas,2,3,48,,card,D. Munie,True,yellow,,,,,,,
mls_2026,2026-05-17,,San Jose Earthquakes,FC Dallas,2,3,49,,goal,P. Musa,False,,,,,,,1,2
mls_2026,2026-05-17,,San Jose Earthquakes,FC Dallas,2,3,61,,card,Ramiro,False,yellow,,,,,,,
mls_2026,2026-05-17,,San Jose Earthquakes,FC Dallas,2,3,65,,substitution,,False,,,L. Farrington,P. Musa,,,,
mls_2026,2026-05-17,,San Jose Earthquakes,FC Dallas,2,3,70,,substitution,,False,,,R. Binyamin,S. Moreno,,,,
mls_2026,2026-05-17,,San Jose Earthquakes,FC Dallas,2,3,70,,substitution,,False,,,C. Cappis,P. Delgado,,,,
mls_2026,2026-05-17,,San Jose Earthquakes,FC Dallas,2,3,70,,substitution,,True,,,N. Fernandez,J. Jasinski,,,,
mls_2026,2026-05-17,,San Jose Earthquakes,FC Dallas,2,3,79,,substitution,,True,,,J. Skahan,J. Ricketts,,,,
mls_2026,2026-05-17,,San Jose Earthquakes,FC Dallas,2,3,79,,substitution,,True,,,P. Marie,I. Harkes,,,,
mls_2026,2026-05-17,,San Jose Earthquakes,FC Dallas,2,3,81,,goal,R. Roberts,True,,,,,,,2,2
mls_2026,2026-05-17,,San Jose Earthquakes,FC Dallas,2,3,84,,substitution,,False,,,S. Sarver,J. Valiente,,,,
mls_2026,2026-05-17,,San Jose Earthquakes,FC Dallas,2,3,84,,substitution,,False,,,S. Ibeagha,Ramiro,,,,
mls_2026,2026-05-17,,San Jose Earthquakes,FC Dallas,2,3,85,,card,B. Kikanović,True,yellow,,,,,,,
mls_2026,2026-05-17,,San Jose Earthquakes,FC Dallas,2,3,87,,varDecision,B. Kikanović,True,,,,,,,,
mls_2026,2026-05-17,,San Jose Earthquakes,FC Dallas,2,3,90,,period,,,,,,,Second half,,2,3
mls_2026,2026-05-17,,San Jose Earthquakes,FC Dallas,2,3,90,3,card,Daniel,True,yellow,,,,,,,
mls_2026,2026-05-17,,San Jose Earthquakes,FC Dallas,2,3,90,3,goal,S. Sarver,False,,,,,,,2,3
mls_2026,2026-05-17,,San Jose Earthquakes,FC Dallas,2,3,90,2,card,C. Cappis,False,yellow,,,,,,,
mls_2026,2026-05-17,,San Jose Earthquakes,FC Dallas,2,3,90,1,card,N. Norris,False,yellow,,,,,,,
mls_2026,2026-05-17,,San Jose Earthquakes,FC Dallas,2,3,90,,injuryTime,,,,,,,,9,,
mls_2026,2026-05-17,,Seattle Sounders FC,LA Galaxy,0,2,12,,substitution,,True,,,A. Rusnák,D. Musovski,,,,
mls_2026,2026-05-17,,Seattle Sounders FC,LA Galaxy,0,2,12,,card,J. Haak,False,yellow,,,,,,,
mls_2026,2026-05-17,,Seattle Sounders FC,LA Galaxy,0,2,23,,goal,G. Pec,False,,,,,,,0,1
mls_2026,2026-05-17,,Seattle Sounders FC,LA Galaxy,0,2,44,,card,P. Kingston,True,yellow,,,,,,,
mls_2026,2026-05-17,,Seattle Sounders FC,LA Galaxy,0,2,45,,period,,,,,,,HT,,0,1
mls_2026,2026-05-17,,Seattle Sounders FC,LA Galaxy,0,2,45,4,card,M. Yamane,False,yellow,,,,,,,
mls_2026,2026-05-17,,Seattle Sounders FC,LA Galaxy,0,2,45,,injuryTime,,,,,,,,5,,
mls_2026,2026-05-17,,Seattle Sounders FC,LA Galaxy,0,2,46,,substitution,,True,,,K. Kossa-Rienzi,P. Kingston,,,,
mls_2026,2026-05-17,,Seattle Sounders FC,LA Galaxy,0,2,61,,substitution,,True,,,C. Roldán,A. Lopez,,,,
mls_2026,2026-05-17,,Seattle Sounders FC,LA Galaxy,0,2,61,,substitution,,True,,,O. D. Rosario,J. Ferreira,,,,
mls_2026,2026-05-17,,Seattle Sounders FC,LA Galaxy,0,2,61,,substitution,,True,,,P. Rothrock,P. Arriola,,,,
mls_2026,2026-05-17,,Seattle Sounders FC,LA Galaxy,0,2,65,,substitution,,False,,,H. Miller,M. Reus,,,,
mls_2026,2026-05-17,,Seattle Sounders FC,LA Galaxy,0,2,65,,substitution,,False,,,M. Cuevas,M. Yamane,,,,
mls_2026,2026-05-17,,Seattle Sounders FC,LA Galaxy,0,2,65,,substitution,,False,,,L. Sanabria,E. Thommy,,,,
mls_2026,2026-05-17,,Seattle Sounders FC,LA Galaxy,0,2,76,,substitution,,True,,,S. Gomez,S. Brunell,,,,
mls_2026,2026-05-17,,Seattle Sounders FC,LA Galaxy,0,2,83,,substitution,,False,,,M. Nascimento,J. Paintsil,,,,
mls_2026,2026-05-17,,Seattle Sounders FC,LA Galaxy,0,2,89,,card,E. Cerrillo,False,yellow,,,,,,,
mls_2026,2026-05-17,,Seattle Sounders FC,LA Galaxy,0,2,90,,period,,,,,,,Second half,,0,2
mls_2026,2026-05-17,,Seattle Sounders FC,LA Galaxy,0,2,90,2,substitution,,False,,,M. Yoshida,E. Cerrillo,,,,
mls_2026,2026-05-17,,Seattle Sounders FC,LA Galaxy,0,2,90,2,goal,M. Nascimento,False,,,,,,,0,2
mls_2026,2026-05-17,,Seattle Sounders FC,LA Galaxy,0,2,90,,card,J. Marcinkowski,False,yellow,,,,,,,
mls_2026,2026-05-17,,Seattle Sounders FC,LA Galaxy,0,2,90,,injuryTime,,,,,,,,5,,
mls_2026,2026-05-18,,Nashville SC,Los Angeles FC,3,2,13,,goal,H. Mukhtar,True,,,,,,,1,0
mls_2026,2026-05-18,,Nashville SC,Los Angeles FC,3,2,21,,goal,H. Mukhtar,True,,,,,,,2,0
mls_2026,2026-05-18,,Nashville SC,Los Angeles FC,3,2,22,,goal,D. M. Morales,False,,,,,,,2,1
mls_2026,2026-05-18,,Nashville SC,Los Angeles FC,3,2,45,,period,,,,,,,HT,,2,1
mls_2026,2026-05-18,,Nashville SC,Los Angeles FC,3,2,45,,injuryTime,,,,,,,,3,,
mls_2026,2026-05-18,,Nashville SC,Los Angeles FC,3,2,57,,card,R. Porteous,False,yellow,,,,,,,
mls_2026,2026-05-18,,Nashville SC,Los Angeles FC,3,2,59,,goal,H. Mukhtar,True,,,,,,,3,1
mls_2026,2026-05-18,,Nashville SC,Los Angeles FC,3,2,66,,card,A. Qasem,True,yellow,,,,,,,
mls_2026,2026-05-18,,Nashville SC,Los Angeles FC,3,2,67,,goal,D. Bouanga,False,,,,,,,3,2
mls_2026,2026-05-18,,Nashville SC,Los Angeles FC,3,2,68,,substitution,,False,,,T. Boyd,D. M. Morales,,,,
mls_2026,2026-05-18,,Nashville SC,Los Angeles FC,3,2,68,,substitution,,False,,,M. Delgado,M. Choinière,,,,
mls_2026,2026-05-18,,Nashville SC,Los Angeles FC,3,2,71,,substitution,,True,,,A. Muyl,A. Qasem,,,,
mls_2026,2026-05-18,,Nashville SC,Los Angeles FC,3,2,76,,card,E. Segura,False,yellow,,,,,,,
mls_2026,2026-05-18,,Nashville SC,Los Angeles FC,3,2,81,,substitution,,False,,,N. Ordaz,T. Tillman,,,,
mls_2026,2026-05-18,,Nashville SC,Los Angeles FC,3,2,81,,substitution,,True,,,W. Pacius,W. Madrigal,,,,
mls_2026,2026-05-18,,Nashville SC,Los Angeles FC,3,2,82,,substitution,,False,,,A. Smoliakov,E. Segura,,,,
mls_2026,2026-05-18,,Nashville SC,Los Angeles FC,3,2,88,,substitution,,False,,,J. Terry,S. Eustaquio,,,,
mls_2026,2026-05-18,,Nashville SC,Los Angeles FC,3,2,88,,card,R. Baker-Whiting,True,yellow,,,,,,,
mls_2026,2026-05-18,,Nashville SC,Los Angeles FC,3,2,90,,period,,,,,,,FT,,3,2
mls_2026,2026-05-18,,Nashville SC,Los Angeles FC,3,2,90,7,card,B. Acosta,True,yellow,,,,,,,
mls_2026,2026-05-18,,Nashville SC,Los Angeles FC,3,2,90,1,substitution,,True,,,S. Mohammed,C. Espinoza,,,,
mls_2026,2026-05-18,,Nashville SC,Los Angeles FC,3,2,90,1,substitution,,True,,,J. Bauer,R. Baker-Whiting,,,,
mls_2026,2026-05-18,,Nashville SC,Los Angeles FC,3,2,90,,injuryTime,,,,,,,,6,,
mls_2026,2026-05-23,,Charlotte FC,New England Revolution,1,0,13,,card,D. Schnegg,True,yellow,,,,,,,
mls_2026,2026-05-23,,Charlotte FC,New England Revolution,1,0,16,,goal,I. Toklomati,True,,,,,,,1,0
mls_2026,2026-05-23,,Charlotte FC,New England Revolution,1,0,27,,card,P. Miller,False,yellow,,,,,,,
mls_2026,2026-05-23,,Charlotte FC,New England Revolution,1,0,45,,period,,,,,,,HT,,1,0
mls_2026,2026-05-23,,Charlotte FC,New England Revolution,1,0,45,,injuryTime,,,,,,,,3,,
mls_2026,2026-05-23,,Charlotte FC,New England Revolution,1,0,58,,card,D. Schnegg,True,yellowRed,,,,,,,
mls_2026,2026-05-23,,Charlotte FC,New England Revolution,1,0,61,,substitution,,True,,,A. Privett,K. C. Vargas,,,,
mls_2026,2026-05-23,,Charlotte FC,New England Revolution,1,0,62,,card,M. Fofana,False,yellow,,,,,,,
mls_2026,2026-05-23,,Charlotte FC,New England Revolution,1,0,65,,card,E. Kohler,False,yellow,,,,,,,
mls_2026,2026-05-23,,Charlotte FC,New England Revolution,1,0,68,,card,B. Ceballos,False,yellow,,,,,,,
mls_2026,2026-05-23,,Charlotte FC,New England Revolution,1,0,75,,substitution,,False,,,G. Yow,E. Kohler,,,,
mls_2026,2026-05-23,,Charlotte FC,New England Revolution,1,0,79,,substitution,,False,,,E. Klein,D. Fagúndez,,,,
mls_2026,2026-05-23,,Charlotte FC,New England Revolution,1,0,79,,substitution,,False,,,M. Zambrano,M. Polster,,,,
mls_2026,2026-05-23,,Charlotte FC,New England Revolution,1,0,79,,substitution,,True,,,B. Bronico,I. Toklomati,,,,
mls_2026,2026-05-23,,Charlotte FC,New England Revolution,1,0,85,,substitution,,False,,,C. Oliveira,B. Ceballos,,,,
mls_2026,2026-05-23,,Charlotte FC,New England Revolution,1,0,88,,substitution,,True,,,L. D. L. Torre,D. Diani,,,,
mls_2026,2026-05-23,,Charlotte FC,New England Revolution,1,0,88,,substitution,,True,,,A. Goodwin,P. Biel,,,,
mls_2026,2026-05-23,,Charlotte FC,New England Revolution,1,0,90,,period,,,,,,,Second half,,1,0
mls_2026,2026-05-23,,Charlotte FC,New England Revolution,1,0,90,,injuryTime,,,,,,,,3,,
mls_2026,2026-05-23,,DC United,CF Montréal,4,4,28,,goal,J. Stroud,True,,,,,,,2,0
mls_2026,2026-05-23,,DC United,CF Montréal,4,4,31,,card,O. Escobar,False,yellow,,,,,,,
mls_2026,2026-05-23,,DC United,CF Montréal,4,4,45,,period,,,,,,,HT,,2,1
mls_2026,2026-05-23,,DC United,CF Montréal,4,4,45,1,goal,P. Owusu,False,,,,,,,2,1
mls_2026,2026-05-23,,DC United,CF Montréal,4,4,45,,injuryTime,,,,,,,,6,,
mls_2026,2026-05-23,,DC United,CF Montréal,4,4,46,,substitution,,False,,,D. D. Þórhallsson,D. Bugaj,,,,
mls_2026,2026-05-23,,DC United,CF Montréal,4,4,46,,substitution,,False,,,D. Rios,O. Escobar,,,,
mls_2026,2026-05-23,,DC United,CF Montréal,4,4,49,,varDecision,L. Bartlett,True,,,,,,,,
mls_2026,2026-05-23,,DC United,CF Montréal,4,4,51,,goal,T. Baribo,True,,,,,,,3,1
mls_2026,2026-05-23,,DC United,CF Montréal,4,4,61,,goal,P. Owusu,False,,,,,,,3,2
mls_2026,2026-05-23,,DC United,CF Montréal,4,4,62,,card,D. Rios,False,yellow,,,,,,,
mls_2026,2026-05-23,,DC United,CF Montréal,4,4,62,,card,B. Servania,True,yellow,,,,,,,
mls_2026,2026-05-23,,DC United,CF Montréal,4,4,67,,substitution,,False,,,H. Synchuk,N. Streit,,,,
mls_2026,2026-05-23,,DC United,CF Montréal,4,4,67,,substitution,,True,,,J. Hopkins,J. Stroud,,,,
mls_2026,2026-05-23,,DC United,CF Montréal,4,4,67,,substitution,,True,,,N. Markovic,T. Baribo,,,,
mls_2026,2026-05-23,,DC United,CF Montréal,4,4,76,,varDecision,E. Morales,False,,,,,,,,
mls_2026,2026-05-23,,DC United,CF Montréal,4,4,78,,substitution,,True,,,C. Antley,S. Hefti,,,,
mls_2026,2026-05-23,,DC United,CF Montréal,4,4,87,,goal,L. Bartlett,True,,,,,,,4,2
mls_2026,2026-05-23,,DC United,CF Montréal,4,4,9,,goal,L. Munteanu,True,,,,,,,1,0
mls_2026,2026-05-23,,DC United,CF Montréal,4,4,90,,period,,,,,,,Second half,,4,4
mls_2026,2026-05-23,,DC United,CF Montréal,4,4,90,11,card,M. Longstaff,False,yellow,,,,,,,
mls_2026,2026-05-23,,DC United,CF Montréal,4,4,90,11,card,P. Owusu,False,yellow,,,,,,,
mls_2026,2026-05-23,,DC United,CF Montréal,4,4,90,10,card,L. Bartlett,True,yellow,,,,,,,
mls_2026,2026-05-23,,DC United,CF Montréal,4,4,90,10,substitution,,True,,,H. Kijima,L. Munteanu,,,,
mls_2026,2026-05-23,,DC United,CF Montréal,4,4,90,7,card,V. Loturi,False,yellow,,,,,,,
mls_2026,2026-05-23,,DC United,CF Montréal,4,4,90,6,goal,H. Synchuk,False,,,,,,,4,4
mls_2026,2026-05-23,,DC United,CF Montréal,4,4,90,4,goal,P. Owusu,False,,,,,,,4,3
mls_2026,2026-05-23,,DC United,CF Montréal,4,4,90,,varDecision,P. Owusu,False,,,,,,,,
mls_2026,2026-05-23,,DC United,CF Montréal,4,4,90,,injuryTime,,,,,,,,10,,
mls_2026,2026-05-23,,FC Cincinnati,Orlando City SC,6,2,10,,card,A. Marín,False,yellow,,,,,,,
mls_2026,2026-05-23,,FC Cincinnati,Orlando City SC,6,2,16,,goal,M. Ojeda,False,,,,,,,0,1
mls_2026,2026-05-23,,FC Cincinnati,Orlando City SC,6,2,32,,card,G. Valenzuela,True,yellow,,,,,,,
mls_2026,2026-05-23,,FC Cincinnati,Orlando City SC,6,2,40,,card,T. Souza,False,yellow,,,,,,,
mls_2026,2026-05-23,,FC Cincinnati,Orlando City SC,6,2,42,,goal,K. M. Dem,True,,,,,,,1,1
mls_2026,2026-05-23,,FC Cincinnati,Orlando City SC,6,2,45,,period,,,,,,,HT,,2,1
mls_2026,2026-05-23,,FC Cincinnati,Orlando City SC,6,2,45,2,goal,Evander,True,,,,,,,2,1
mls_2026,2026-05-23,,FC Cincinnati,Orlando City SC,6,2,45,,injuryTime,,,,,,,,6,,
mls_2026,2026-05-23,,FC Cincinnati,Orlando City SC,6,2,46,,substitution,,False,,,T. Spicer,T. Souza,,,,
mls_2026,2026-05-23,,FC Cincinnati,Orlando City SC,6,2,47,,card,M. Miazga,True,yellow,,,,,,,
mls_2026,2026-05-23,,FC Cincinnati,Orlando City SC,6,2,48,,goal,M. Ojeda,False,,,,,,,2,2
mls_2026,2026-05-23,,FC Cincinnati,Orlando City SC,6,2,52,,goal,K. M. Dem,True,,,,,,,3,2
mls_2026,2026-05-23,,FC Cincinnati,Orlando City SC,6,2,57,,substitution,,False,,,M. Pašalić,J. Ellis,,,,
mls_2026,2026-05-23,,FC Cincinnati,Orlando City SC,6,2,58,,goal,Evander,True,,,,,,,4,2
mls_2026,2026-05-23,,FC Cincinnati,Orlando City SC,6,2,70,,card,D. Brekalo,False,yellow,,,,,,,
mls_2026,2026-05-23,,FC Cincinnati,Orlando City SC,6,2,72,,substitution,,False,,,D. McGuire,A. Marín,,,,
mls_2026,2026-05-23,,FC Cincinnati,Orlando City SC,6,2,72,,substitution,,False,,,W. Cartagena,G. Dorsey,,,,
mls_2026,2026-05-23,,FC Cincinnati,Orlando City SC,6,2,74,,substitution,,True,,,T. Anunga,O. Nwobodo,,,,
mls_2026,2026-05-23,,FC Cincinnati,Orlando City SC,6,2,77,,goal,K. Denkey,True,,,,,,,5,2
mls_2026,2026-05-23,,FC Cincinnati,Orlando City SC,6,2,83,,substitution,,True,,,T. Barlow,K. M. Dem,,,,
mls_2026,2026-05-23,,FC Cincinnati,Orlando City SC,6,2,83,,substitution,,True,,,E. Echenique,G. Valenzuela,,,,
mls_2026,2026-05-23,,FC Cincinnati,Orlando City SC,6,2,85,,substitution,,False,,,L. Otávio,B. Ojeda,,,,
mls_2026,2026-05-23,,FC Cincinnati,Orlando City SC,6,2,90,,period,,,,,,,Second half,,6,2
mls_2026,2026-05-23,,FC Cincinnati,Orlando City SC,6,2,90,5,substitution,,True,,,A. Jabbari,K. Denkey,,,,
mls_2026,2026-05-23,,FC Cincinnati,Orlando City SC,6,2,90,2,substitution,,True,,,N. Hagglund,S. Gidi,,,,
mls_2026,2026-05-23,,FC Cincinnati,Orlando City SC,6,2,90,1,goal,T. Barlow,True,,,,,,,6,2
mls_2026,2026-05-23,,FC Cincinnati,Orlando City SC,6,2,90,,injuryTime,,,,,,,,7,,
mls_2026,2026-05-23,,Minnesota United,Real Salt Lake,1,1,22,,goal,Z. Booth,False,,,,,,,0,1
mls_2026,2026-05-23,,Minnesota United,Real Salt Lake,1,1,29,,card,D. Yedlin,False,yellow,,,,,,,
mls_2026,2026-05-23,,Minnesota United,Real Salt Lake,1,1,45,,period,,,,,,,HT,,0,1
mls_2026,2026-05-23,,Minnesota United,Real Salt Lake,1,1,45,,varDecision,M. Dieng,True,,,,,,,,
mls_2026,2026-05-23,,Minnesota United,Real Salt Lake,1,1,45,,injuryTime,,,,,,,,4,,
mls_2026,2026-05-23,,Minnesota United,Real Salt Lake,1,1,60,,substitution,,False,,,L. Rodrigues,A. Hezarkhani,,,,
mls_2026,2026-05-23,,Minnesota United,Real Salt Lake,1,1,61,,substitution,,False,,,P. Quinton,D. Yedlin,,,,
mls_2026,2026-05-23,,Minnesota United,Real Salt Lake,1,1,65,,substitution,,True,,,B. Hlongwane,K. Duncan,,,,
mls_2026,2026-05-23,,Minnesota United,Real Salt Lake,1,1,75,,card,N. Caliskan,False,yellow,,,,,,,
mls_2026,2026-05-23,,Minnesota United,Real Salt Lake,1,1,77,,substitution,,True,,,M. González,A. Markanich,,,,
mls_2026,2026-05-23,,Minnesota United,Real Salt Lake,1,1,77,,substitution,,True,,,W. Trapp,N. Triantis,,,,
mls_2026,2026-05-23,,Minnesota United,Real Salt Lake,1,1,79,,substitution,,False,,,V. Olatunji,Z. Booth,,,,
mls_2026,2026-05-23,,Minnesota United,Real Salt Lake,1,1,83,,substitution,,True,,,M. Caldeira,M. Dieng,,,,
mls_2026,2026-05-23,,Minnesota United,Real Salt Lake,1,1,83,,substitution,,True,,,D. Fitz,O. Gene,,,,
mls_2026,2026-05-23,,Minnesota United,Real Salt Lake,1,1,87,,substitution,,False,,,G. Dillon,S. Spierings,,,,
mls_2026,2026-05-23,,Minnesota United,Real Salt Lake,1,1,87,,substitution,,False,,,S. Junqua,L. Engel,,,,
mls_2026,2026-05-23,,Minnesota United,Real Salt Lake,1,1,90,,period,,,,,,,Second half,,1,1
mls_2026,2026-05-23,,Minnesota United,Real Salt Lake,1,1,90,3,goal,M. González,True,,,,,,,1,1
mls_2026,2026-05-23,,Minnesota United,Real Salt Lake,1,1,90,,injuryTime,,,,,,,,6,,
mls_2026,2026-05-23,,St.Louis City,Austin FC,3,0,23,,substitution,,True,,,L. MacNaughton,D. Polvara,,,,
mls_2026,2026-05-23,,St.Louis City,Austin FC,3,0,40,,goal,Guilherme Biro,True,,,,,,,1,0
mls_2026,2026-05-23,,St.Louis City,Austin FC,3,0,45,,period,,,,,,,HT,,1,0
mls_2026,2026-05-23,,St.Louis City,Austin FC,3,0,45,,injuryTime,,,,,,,,2,,
mls_2026,2026-05-23,,St.Louis City,Austin FC,3,0,56,,goal,F. Fall,True,,,,,,,2,0
mls_2026,2026-05-23,,St.Louis City,Austin FC,3,0,60,,substitution,,False,,,J. Nelson,M. Desler,,,,
mls_2026,2026-05-23,,St.Louis City,Austin FC,3,0,60,,substitution,,False,,,B. Vázquez,C. Ramirez,,,,
mls_2026,2026-05-23,,St.Louis City,Austin FC,3,0,76,,substitution,,False,,,Ž. Kolmanič,J. Bell,,,,
mls_2026,2026-05-23,,St.Louis City,Austin FC,3,0,76,,substitution,,False,,,N. Dubersarsky,D. Pereira,,,,
mls_2026,2026-05-23,,St.Louis City,Austin FC,3,0,80,,substitution,,False,,,C. Fodrey,O. Wolff,,,,
mls_2026,2026-05-23,,St.Louis City,Austin FC,3,0,80,,card,N. Dubersarsky,False,yellow,,,,,,,
mls_2026,2026-05-23,,St.Louis City,Austin FC,3,0,84,,card,C. Durkin,True,yellow,,,,,,,
mls_2026,2026-05-23,,St.Louis City,Austin FC,3,0,88,,substitution,,True,,,C. Teuchert,E. Löwen,,,,
mls_2026,2026-05-23,,St.Louis City,Austin FC,3,0,88,,substitution,,True,,,B. McSorley,S. Becher,,,,
mls_2026,2026-05-23,,St.Louis City,Austin FC,3,0,90,,period,,,,,,,FT,,3,0
mls_2026,2026-05-23,,St.Louis City,Austin FC,3,0,90,,goal,D. Edelman,True,,,,,,,3,0
mls_2026,2026-05-23,,St.Louis City,Austin FC,3,0,90,,injuryTime,,,,,,,,5,,
mls_2026,2026-05-24,,Chicago Fire,Toronto FC,2,1,14,,card,M. Henry,False,yellow,,,,,,,
mls_2026,2026-05-24,,Chicago Fire,Toronto FC,2,1,22,,goal,R. Lod,True,,,,,,,1,0
mls_2026,2026-05-24,,Chicago Fire,Toronto FC,2,1,34,,goal,J. Sargent,False,,,,,,,1,1
mls_2026,2026-05-24,,Chicago Fire,Toronto FC,2,1,40,,card,H. Cuypers,True,yellow,,,,,,,
mls_2026,2026-05-24,,Chicago Fire,Toronto FC,2,1,45,,period,,,,,,,HT,,1,1
mls_2026,2026-05-24,,Chicago Fire,Toronto FC,2,1,45,,injuryTime,,,,,,,,2,,
mls_2026,2026-05-24,,Chicago Fire,Toronto FC,2,1,46,,substitution,,False,,,Z. Monlouis,N. Gomis,,,,
mls_2026,2026-05-24,,Chicago Fire,Toronto FC,2,1,60,,card,A. Gutman,True,yellow,,,,,,,
mls_2026,2026-05-24,,Chicago Fire,Toronto FC,2,1,61,,substitution,,True,,,D. T. D'Avilla,M. Pineda,,,,
mls_2026,2026-05-24,,Chicago Fire,Toronto FC,2,1,61,,substitution,,False,,,E. Aristizábal,J. Sargent,,,,
mls_2026,2026-05-24,,Chicago Fire,Toronto FC,2,1,62,,substitution,,True,,,J. Waterman,M. Mbokazi,,,,
mls_2026,2026-05-24,,Chicago Fire,Toronto FC,2,1,65,,goal,A. Gutman,True,,,,,,,2,1
mls_2026,2026-05-24,,Chicago Fire,Toronto FC,2,1,74,,substitution,,False,,,T. Corbeanu,D. Etienne,,,,
mls_2026,2026-05-24,,Chicago Fire,Toronto FC,2,1,74,,substitution,,True,,,P. Dithejane,M. Haile-Selassie,,,,
mls_2026,2026-05-24,,Chicago Fire,Toronto FC,2,1,79,,card,W. Zimmerman,False,yellow,,,,,,,
mls_2026,2026-05-24,,Chicago Fire,Toronto FC,2,1,85,,substitution,,False,,,J. Vilsaint,M. Henry,,,,
mls_2026,2026-05-24,,Chicago Fire,Toronto FC,2,1,86,,substitution,,False,,,R. Edwards,J. Gilman,,,,
mls_2026,2026-05-24,,Chicago Fire,Toronto FC,2,1,87,,card,A. Salétros,True,yellow,,,,,,,
mls_2026,2026-05-24,,Chicago Fire,Toronto FC,2,1,90,,period,,,,,,,Second half,,2,1
mls_2026,2026-05-24,,Chicago Fire,Toronto FC,2,1,90,3,card,C. Brady,True,yellow,,,,,,,
mls_2026,2026-05-24,,Chicago Fire,Toronto FC,2,1,90,3,substitution,,True,,,C. Mueller,P. Zinckernagel,,,,
mls_2026,2026-05-24,,Chicago Fire,Toronto FC,2,1,90,1,card,J. Osorio,False,yellow,,,,,,,
mls_2026,2026-05-24,,Chicago Fire,Toronto FC,2,1,90,1,card,T. Corbeanu,False,yellow,,,,,,,
mls_2026,2026-05-24,,Chicago Fire,Toronto FC,2,1,90,,injuryTime,,,,,,,,4,,
mls_2026,2026-05-24,,Colorado Rapids,FC Dallas,1,2,0,,card,W. Frederick,True,red,Argument,,,,,,
mls_2026,2026-05-24,,Colorado Rapids,FC Dallas,1,2,12,,goal,L. Farrington,False,,,,,,,0,1
mls_2026,2026-05-24,,Colorado Rapids,FC Dallas,1,2,13,,goal,P. Aaronson,True,,,,,,,1,1
mls_2026,2026-05-24,,Colorado Rapids,FC Dallas,1,2,45,,period,,,,,,,HT,,1,2
mls_2026,2026-05-24,,Colorado Rapids,FC Dallas,1,2,45,4,card,L. Farrington,False,yellow,Argument,,,,,,
mls_2026,2026-05-24,,Colorado Rapids,FC Dallas,1,2,45,4,card,L. Herrington,True,yellow,Argument,,,,,,
mls_2026,2026-05-24,,Colorado Rapids,FC Dallas,1,2,45,,goal,S. Moreno,False,,,,,,,1,2
mls_2026,2026-05-24,,Colorado Rapids,FC Dallas,1,2,45,,injuryTime,,,,,,,,3,,
mls_2026,2026-05-24,,Colorado Rapids,FC Dallas,1,2,46,,substitution,,True,,,M. Navarro,J. Travis,,,,
mls_2026,2026-05-24,,Colorado Rapids,FC Dallas,1,2,49,,card,P. Delgado,False,yellow,Foul,,,,,,
mls_2026,2026-05-24,,Colorado Rapids,FC Dallas,1,2,59,,substitution,,True,,,C. Ronan,W. Frederick,,,,
mls_2026,2026-05-24,,Colorado Rapids,FC Dallas,1,2,65,,substitution,,False,,,S. Sarver,H. Johansson,,,,
mls_2026,2026-05-24,,Colorado Rapids,FC Dallas,1,2,65,,substitution,,False,,,C. Cappis,P. Delgado,,,,
mls_2026,2026-05-24,,Colorado Rapids,FC Dallas,1,2,65,,substitution,,False,,,N. Norris,S. Moreno,,,,
mls_2026,2026-05-24,,Colorado Rapids,FC Dallas,1,2,70,,card,M. Navarro,True,yellow,Foul,,,,,,
mls_2026,2026-05-24,,Colorado Rapids,FC Dallas,1,2,73,,card,P. Aaronson,True,yellow,Argument,,,,,,
mls_2026,2026-05-24,,Colorado Rapids,FC Dallas,1,2,75,,substitution,,True,,,D. Sealy,R. Holding,,,,
mls_2026,2026-05-24,,Colorado Rapids,FC Dallas,1,2,75,,substitution,,True,,,A. Manyoma,G. Minoungou,,,,
mls_2026,2026-05-24,,Colorado Rapids,FC Dallas,1,2,81,,substitution,,True,,,K. Rosenberry,R. Cannon,,,,
mls_2026,2026-05-24,,Colorado Rapids,FC Dallas,1,2,83,,substitution,,False,,,N. Simmonds,L. Farrington,,,,
mls_2026,2026-05-24,,Colorado Rapids,FC Dallas,1,2,84,,substitution,,False,,,C. Swann,Ramiro,,,,
mls_2026,2026-05-24,,Colorado Rapids,FC Dallas,1,2,90,,period,,,,,,,FT,,1,2
mls_2026,2026-05-24,,Colorado Rapids,FC Dallas,1,2,90,1,card,S. Sarver,False,yellow,Foul,,,,,,
mls_2026,2026-05-24,,Colorado Rapids,FC Dallas,1,2,90,,injuryTime,,,,,,,,5,,
mls_2026,2026-05-24,,Columbus Crew,Atlanta United,2,0,23,,card,S. Zawadzki,True,yellow,,,,,,,
mls_2026,2026-05-24,,Columbus Crew,Atlanta United,2,0,24,,goal,S. T. Bangoura,True,,,,,,,1,0
mls_2026,2026-05-24,,Columbus Crew,Atlanta United,2,0,45,,period,,,,,,,HT,,2,0
mls_2026,2026-05-24,,Columbus Crew,Atlanta United,2,0,45,2,goal,D. Rossi,True,,,,,,,2,0
mls_2026,2026-05-24,,Columbus Crew,Atlanta United,2,0,45,,injuryTime,,,,,,,,3,,
mls_2026,2026-05-24,,Columbus Crew,Atlanta United,2,0,50,,card,E. Báez,False,yellow,,,,,,,
mls_2026,2026-05-24,,Columbus Crew,Atlanta United,2,0,60,,substitution,,False,,,M. Almirón,L. Brennan,,,,
mls_2026,2026-05-24,,Columbus Crew,Atlanta United,2,0,64,,card,S. T. Bangoura,True,yellow,,,,,,,
mls_2026,2026-05-24,,Columbus Crew,Atlanta United,2,0,69,,substitution,,False,,,S. Santos,S. Lobzhanidze,,,,
mls_2026,2026-05-24,,Columbus Crew,Atlanta United,2,0,69,,substitution,,True,,,D. Chambost,T. Habroune,,,,
mls_2026,2026-05-24,,Columbus Crew,Atlanta United,2,0,69,,substitution,,True,,,Y. Cheberko,S. Moreira,,,,
mls_2026,2026-05-24,,Columbus Crew,Atlanta United,2,0,69,,substitution,,True,,,H. Picard,M. Arfsten,,,,
mls_2026,2026-05-24,,Columbus Crew,Atlanta United,2,0,78,,substitution,,True,,,A. Herrera,M. Farsi,,,,
mls_2026,2026-05-24,,Columbus Crew,Atlanta United,2,0,82,,substitution,,True,,,A. Sejdic,S. T. Bangoura,,,,
mls_2026,2026-05-24,,Columbus Crew,Atlanta United,2,0,90,,period,,,,,,,Second half,,2,0
mls_2026,2026-05-24,,Columbus Crew,Atlanta United,2,0,90,4,card,T. Muyumba,False,yellow,,,,,,,
mls_2026,2026-05-24,,Columbus Crew,Atlanta United,2,0,90,3,card,R. Camacho,True,yellow,,,,,,,
mls_2026,2026-05-24,,Columbus Crew,Atlanta United,2,0,90,3,card,T. Jacob,False,yellow,,,,,,,
mls_2026,2026-05-24,,Columbus Crew,Atlanta United,2,0,90,3,card,E. Mihaj,False,yellow,,,,,,,
mls_2026,2026-05-24,,Columbus Crew,Atlanta United,2,0,90,,injuryTime,,,,,,,,4,,
mls_2026,2026-05-24,,Inter Miami CF,Philadelphia Union,6,4,10,,goal,M. Iloski,False,,,,,,,0,2
mls_2026,2026-05-24,,Inter Miami CF,Philadelphia Union,6,4,10,,card,D. St. Clair,True,yellow,,,,,,,
mls_2026,2026-05-24,,Inter Miami CF,Philadelphia Union,6,4,13,,goal,G. Berterame,True,,,,,,,1,2
mls_2026,2026-05-24,,Inter Miami CF,Philadelphia Union,6,4,16,,card,G. Martínez,False,yellow,,,,,,,
mls_2026,2026-05-24,,Inter Miami CF,Philadelphia Union,6,4,20,,goal,B. Damiani,False,,,,,,,1,3
mls_2026,2026-05-24,,Inter Miami CF,Philadelphia Union,6,4,24,,card,J. Lukić,False,yellow,,,,,,,
mls_2026,2026-05-24,,Inter Miami CF,Philadelphia Union,6,4,29,,goal,L. Suárez,True,,,,,,,2,3
mls_2026,2026-05-24,,Inter Miami CF,Philadelphia Union,6,4,3,,goal,M. Iloski,False,,,,,,,0,1
mls_2026,2026-05-24,,Inter Miami CF,Philadelphia Union,6,4,38,,card,I. Fray,True,yellow,,,,,,,
mls_2026,2026-05-24,,Inter Miami CF,Philadelphia Union,6,4,41,,goal,G. Berterame,True,,,,,,,3,3
mls_2026,2026-05-24,,Inter Miami CF,Philadelphia Union,6,4,44,,goal,L. Suárez,True,,,,,,,4,3
mls_2026,2026-05-24,,Inter Miami CF,Philadelphia Union,6,4,45,,period,,,,,,,HT,,4,4
mls_2026,2026-05-24,,Inter Miami CF,Philadelphia Union,6,4,45,11,card,T. Segovia,True,yellow,,,,,,,
mls_2026,2026-05-24,,Inter Miami CF,Philadelphia Union,6,4,45,8,goal,M. Iloski,False,,,,,,,4,4
mls_2026,2026-05-24,,Inter Miami CF,Philadelphia Union,6,4,45,,varDecision,C. Sullivan,False,,,,,,,,
mls_2026,2026-05-24,,Inter Miami CF,Philadelphia Union,6,4,45,,injuryTime,,,,,,,,9,,
mls_2026,2026-05-24,,Inter Miami CF,Philadelphia Union,6,4,49,,card,S. Reguilón,True,yellow,,,,,,,
mls_2026,2026-05-24,,Inter Miami CF,Philadelphia Union,6,4,57,,substitution,,False,,,E. Alladoh,A. Anello,,,,
mls_2026,2026-05-24,,Inter Miami CF,Philadelphia Union,6,4,66,,substitution,,False,,,A. Bedoya,C. Sullivan,,,,
mls_2026,2026-05-24,,Inter Miami CF,Philadelphia Union,6,4,67,,substitution,,True,,,D. Ayala,T. Segovia,,,,
mls_2026,2026-05-24,,Inter Miami CF,Philadelphia Union,6,4,67,,substitution,,False,,,J. Rafanello,G. Martínez,,,,
mls_2026,2026-05-24,,Inter Miami CF,Philadelphia Union,6,4,68,,substitution,,True,,,F. Mura,S. Reguilón,,,,
mls_2026,2026-05-24,,Inter Miami CF,Philadelphia Union,6,4,73,,substitution,,True,,,M. Silvetti,L. Messi,,,,
mls_2026,2026-05-24,,Inter Miami CF,Philadelphia Union,6,4,75,,card,D. Jean Jacques,False,yellow,,,,,,,
mls_2026,2026-05-24,,Inter Miami CF,Philadelphia Union,6,4,81,,goal,L. Suárez,True,,,,,,,5,4
mls_2026,2026-05-24,,Inter Miami CF,Philadelphia Union,6,4,83,,substitution,,False,,,P. N. Ossibadjouo,B. Damiani,,,,
mls_2026,2026-05-24,,Inter Miami CF,Philadelphia Union,6,4,83,,substitution,,False,,,F. Sundstrom,F. Westfield,,,,
mls_2026,2026-05-24,,Inter Miami CF,Philadelphia Union,6,4,88,,substitution,,True,,,N. Allen,I. Fray,,,,
mls_2026,2026-05-24,,Inter Miami CF,Philadelphia Union,6,4,88,,substitution,,True,,,D. Ruíz,Y. Bright,,,,
mls_2026,2026-05-24,,Inter Miami CF,Philadelphia Union,6,4,90,,period,,,,,,,Second half,,6,4
mls_2026,2026-05-24,,Inter Miami CF,Philadelphia Union,6,4,90,7,card,N. Allen,True,yellow,,,,,,,
mls_2026,2026-05-24,,Inter Miami CF,Philadelphia Union,6,4,90,3,goal,R. De Paul,True,,,,,,,6,4
mls_2026,2026-05-24,,Inter Miami CF,Philadelphia Union,6,4,90,2,card,G. Luján,True,yellow,,,,,,,
mls_2026,2026-05-24,,Inter Miami CF,Philadelphia Union,6,4,90,,injuryTime,,,,,,,,8,,
mls_2026,2026-05-24,,LA Galaxy,Houston Dynamo,1,1,20,,card,M. Bogusz,False,yellow,,,,,,,
mls_2026,2026-05-24,,LA Galaxy,Houston Dynamo,1,1,28,,goal,J. Paintsil,True,,,,,,,1,0
mls_2026,2026-05-24,,LA Galaxy,Houston Dynamo,1,1,29,,varDecision,J. Paintsil,True,,,,,,,,
mls_2026,2026-05-24,,LA Galaxy,Houston Dynamo,1,1,37,,card,J. Paintsil,True,yellow,,,,,,,
mls_2026,2026-05-24,,LA Galaxy,Houston Dynamo,1,1,38,,card,A. Resch,False,yellow,,,,,,,
mls_2026,2026-05-24,,LA Galaxy,Houston Dynamo,1,1,41,,goal,Guilherme,False,,,,,,,1,1
mls_2026,2026-05-24,,LA Galaxy,Houston Dynamo,1,1,45,,period,,,,,,,HT,,1,1
mls_2026,2026-05-24,,LA Galaxy,Houston Dynamo,1,1,45,,injuryTime,,,,,,,,4,,
mls_2026,2026-05-24,,LA Galaxy,Houston Dynamo,1,1,57,,card,F. Andrade,False,yellow,,,,,,,
mls_2026,2026-05-24,,LA Galaxy,Houston Dynamo,1,1,57,,substitution,,True,,,M. Nascimento,E. Wynder,,,,
mls_2026,2026-05-24,,LA Galaxy,Houston Dynamo,1,1,57,,substitution,,True,,,L. Sanabria,E. Thommy,,,,
mls_2026,2026-05-24,,LA Galaxy,Houston Dynamo,1,1,66,,substitution,,False,,,E. Ponce,O. Lingr,,,,
mls_2026,2026-05-24,,LA Galaxy,Houston Dynamo,1,1,67,,substitution,,True,,,M. Cuevas,M. Yamane,,,,
mls_2026,2026-05-24,,LA Galaxy,Houston Dynamo,1,1,78,,substitution,,False,,,D. Samassékou,Artur,,,,
mls_2026,2026-05-24,,LA Galaxy,Houston Dynamo,1,1,78,,substitution,,False,,,A. Bouzat,H. Herrera,,,,
mls_2026,2026-05-24,,LA Galaxy,Houston Dynamo,1,1,79,,substitution,,True,,,H. Miller,J. Paintsil,,,,
mls_2026,2026-05-24,,LA Galaxy,Houston Dynamo,1,1,85,,substitution,,False,,,I. Aliyu,Guilherme,,,,
mls_2026,2026-05-24,,LA Galaxy,Houston Dynamo,1,1,90,,period,,,,,,,Second half,,1,1
mls_2026,2026-05-24,,LA Galaxy,Houston Dynamo,1,1,90,,injuryTime,,,,,,,,4,,
mls_2026,2026-05-24,,Nashville SC,New York City FC,2,1,16,,goal,J. Palacios,True,,,,,,,1,0
mls_2026,2026-05-24,,Nashville SC,New York City FC,2,1,23,,goal,N. Fernández,False,,,,,,,1,1
mls_2026,2026-05-24,,Nashville SC,New York City FC,2,1,25,,card,K. Trewin,False,yellow,,,,,,,
mls_2026,2026-05-24,,Nashville SC,New York City FC,2,1,45,,period,,,,,,,HT,,1,1
mls_2026,2026-05-24,,Nashville SC,New York City FC,2,1,45,,injuryTime,,,,,,,,5,,
mls_2026,2026-05-24,,Nashville SC,New York City FC,2,1,49,,goal,M. Woledzi,True,,,,,,,2,1
mls_2026,2026-05-24,,Nashville SC,New York City FC,2,1,65,,card,A. Qasem,True,yellow,,,,,,,
mls_2026,2026-05-24,,Nashville SC,New York City FC,2,1,66,,substitution,,False,,,J. Shore,A. Farnos,,,,
mls_2026,2026-05-24,,Nashville SC,New York City FC,2,1,66,,substitution,,False,,,H. Wolf,M. Jones,,,,
mls_2026,2026-05-24,,Nashville SC,New York City FC,2,1,72,,substitution,,True,,,S. Surridge,A. Qasem,,,,
mls_2026,2026-05-24,,Nashville SC,New York City FC,2,1,78,,substitution,,False,,,M. Carrizo,A. Perea,,,,
mls_2026,2026-05-24,,Nashville SC,New York City FC,2,1,79,,substitution,,True,,,A. Muyl,W. Madrigal,,,,
mls_2026,2026-05-24,,Nashville SC,New York City FC,2,1,79,,substitution,,True,,,C. Brunet,B. Acosta,,,,
mls_2026,2026-05-24,,Nashville SC,New York City FC,2,1,85,,substitution,,False,,,K. Pierre,K. Trewin,,,,
mls_2026,2026-05-24,,Nashville SC,New York City FC,2,1,85,,substitution,,False,,,S. Garfield-Reid,N. Cavallo,,,,
mls_2026,2026-05-24,,Nashville SC,New York City FC,2,1,86,,card,C. Espinoza,True,yellow,,,,,,,
mls_2026,2026-05-24,,Nashville SC,New York City FC,2,1,89,,substitution,,True,,,J. Bauer,C. Espinoza,,,,
mls_2026,2026-05-24,,Nashville SC,New York City FC,2,1,90,,period,,,,,,,FT,,2,1
mls_2026,2026-05-24,,Nashville SC,New York City FC,2,1,90,5,substitution,,False,,,,H. Wolf,,,,
mls_2026,2026-05-24,,Nashville SC,New York City FC,2,1,90,,injuryTime,,,,,,,,6,,
mls_2026,2026-05-24,,Portland Timbers,San Jose Earthquakes,1,3,12,,goal,P. Judd,False,,,,,,,0,2
mls_2026,2026-05-24,,Portland Timbers,San Jose Earthquakes,1,3,18,,goal,A. Alves,True,,,,,,,1,2
mls_2026,2026-05-24,,Portland Timbers,San Jose Earthquakes,1,3,2,,goal,P. Judd,False,,,,,,,0,1
mls_2026,2026-05-24,,Portland Timbers,San Jose Earthquakes,1,3,24,,goal,D. Munie,False,,,,,,,1,3
mls_2026,2026-05-24,,Portland Timbers,San Jose Earthquakes,1,3,41,,card,R. Roberts,False,yellow,,,,,,,
mls_2026,2026-05-24,,Portland Timbers,San Jose Earthquakes,1,3,45,,period,,,,,,,HT,,1,3
mls_2026,2026-05-24,,Portland Timbers,San Jose Earthquakes,1,3,45,2,card,B. Kikanović,False,yellow,,,,,,,
mls_2026,2026-05-24,,Portland Timbers,San Jose Earthquakes,1,3,45,,injuryTime,,,,,,,,4,,
mls_2026,2026-05-24,,Portland Timbers,San Jose Earthquakes,1,3,46,,substitution,,False,,,I. Harkes,N. Fernandez,,,,
mls_2026,2026-05-24,,Portland Timbers,San Jose Earthquakes,1,3,46,,substitution,,False,,,J. Jasinski,B. Kikanović,,,,
mls_2026,2026-05-24,,Portland Timbers,San Jose Earthquakes,1,3,51,,card,K. Miller,True,yellow,,,,,,,
mls_2026,2026-05-24,,Portland Timbers,San Jose Earthquakes,1,3,56,,substitution,,True,,,I. Smith,K. Miller,,,,
mls_2026,2026-05-24,,Portland Timbers,San Jose Earthquakes,1,3,63,,substitution,,False,,,D. Johnson,P. Judd,,,,
mls_2026,2026-05-24,,Portland Timbers,San Jose Earthquakes,1,3,70,,substitution,,True,,,A. Aravena,J. Ortíz,,,,
mls_2026,2026-05-24,,Portland Timbers,San Jose Earthquakes,1,3,70,,substitution,,True,,,J. Mosquera,B. Bye,,,,
mls_2026,2026-05-24,,Portland Timbers,San Jose Earthquakes,1,3,70,,substitution,,False,,,P. Marie,J. Skahan,,,,
mls_2026,2026-05-24,,Portland Timbers,San Jose Earthquakes,1,3,73,,card,R. Vieira,False,yellow,,,,,,,
mls_2026,2026-05-24,,Portland Timbers,San Jose Earthquakes,1,3,82,,substitution,,False,,,D. Romney,J. Ricketts,,,,
mls_2026,2026-05-24,,Portland Timbers,San Jose Earthquakes,1,3,83,,substitution,,True,,,F. Mora,K. Kelsy,,,,
mls_2026,2026-05-24,,Portland Timbers,San Jose Earthquakes,1,3,83,,substitution,,True,,,A. Lassiter,A. Alves,,,,
mls_2026,2026-05-24,,Portland Timbers,San Jose Earthquakes,1,3,85,,card,Daniel,False,yellow,,,,,,,
mls_2026,2026-05-24,,Portland Timbers,San Jose Earthquakes,1,3,90,,period,,,,,,,FT,,1,3
mls_2026,2026-05-24,,Portland Timbers,San Jose Earthquakes,1,3,90,,injuryTime,,,,,,,,7,,
mls_2026,2026-05-24,,San Diego FC,Vancouver Whitecaps,2,4,30,,goal,B. White,False,,,,,,,0,1
mls_2026,2026-05-24,,San Diego FC,Vancouver Whitecaps,2,4,45,,period,,,,,,,HT,,0,2
mls_2026,2026-05-24,,San Diego FC,Vancouver Whitecaps,2,4,45,,goal,B. White,False,,,,,,,0,2
mls_2026,2026-05-24,,San Diego FC,Vancouver Whitecaps,2,4,45,,injuryTime,,,,,,,,3,,
mls_2026,2026-05-24,,San Diego FC,Vancouver Whitecaps,2,4,46,,substitution,,True,,,L. Bombino,K. Sargeant,,,,
mls_2026,2026-05-24,,San Diego FC,Vancouver Whitecaps,2,4,50,,card,B. White,False,yellow,,,,,,,
mls_2026,2026-05-24,,San Diego FC,Vancouver Whitecaps,2,4,53,,goal,D. Vazquez,True,,,,,,,1,2
mls_2026,2026-05-24,,San Diego FC,Vancouver Whitecaps,2,4,54,,card,L. Bombino,True,yellow,,,,,,,
mls_2026,2026-05-24,,San Diego FC,Vancouver Whitecaps,2,4,63,,substitution,,False,,,B. Quiñonez,A. Jackson,,,,
mls_2026,2026-05-24,,San Diego FC,Vancouver Whitecaps,2,4,63,,card,J. Badwal,False,yellow,,,,,,,
mls_2026,2026-05-24,,San Diego FC,Vancouver Whitecaps,2,4,67,,goal,B. Quiñonez,False,,,,,,,1,3
mls_2026,2026-05-24,,San Diego FC,Vancouver Whitecaps,2,4,71,,substitution,,True,,,A. Alvarado Jr,D. Vazquez,,,,
mls_2026,2026-05-24,,San Diego FC,Vancouver Whitecaps,2,4,71,,substitution,,True,,,A. Saidi,P. Soma,,,,
mls_2026,2026-05-24,,San Diego FC,Vancouver Whitecaps,2,4,72,,card,L. Bombino,True,yellowRed,,,,,,,
mls_2026,2026-05-24,,San Diego FC,Vancouver Whitecaps,2,4,74,,substitution,,False,,,R. Priso,K. Cabrera,,,,
mls_2026,2026-05-24,,San Diego FC,Vancouver Whitecaps,2,4,75,,goal,R. Priso,False,,,,,,,1,4
mls_2026,2026-05-24,,San Diego FC,Vancouver Whitecaps,2,4,75,,substitution,,True,,,I. Pilcher,A. Pellegrino,,,,
mls_2026,2026-05-24,,San Diego FC,Vancouver Whitecaps,2,4,84,,substitution,,False,,,N. Djordjevic,J. Badwal,,,,
mls_2026,2026-05-24,,San Diego FC,Vancouver Whitecaps,2,4,84,,substitution,,False,,,R. Elloumi,B. White,,,,
mls_2026,2026-05-24,,San Diego FC,Vancouver Whitecaps,2,4,84,,substitution,,False,,,M. Gherasimencov,T. Johnson,,,,
mls_2026,2026-05-24,,San Diego FC,Vancouver Whitecaps,2,4,86,,substitution,,True,,,B. Zamblé,M. Ingvartsen,,,,
mls_2026,2026-05-24,,San Diego FC,Vancouver Whitecaps,2,4,87,,card,O. Verhoeven,True,yellow,,,,,,,
mls_2026,2026-05-24,,San Diego FC,Vancouver Whitecaps,2,4,90,,period,,,,,,,Second half,,2,4
mls_2026,2026-05-24,,San Diego FC,Vancouver Whitecaps,2,4,90,2,card,B. Quiñonez,False,yellow,,,,,,,
mls_2026,2026-05-24,,San Diego FC,Vancouver Whitecaps,2,4,90,1,goal,B. Zamblé,True,,,,,,,2,4
mls_2026,2026-05-24,,San Diego FC,Vancouver Whitecaps,2,4,90,,injuryTime,,,,,,,,6,,
mls_2026,2026-05-24,,Sporting Kansas City,New York Red Bulls,1,2,19,,substitution,,False,,,R. Mosquera,C. Cowell,,,,
mls_2026,2026-05-24,,Sporting Kansas City,New York Red Bulls,1,2,3,,goal,J. Ruvalcaba,False,,,,,,,0,1
mls_2026,2026-05-24,,Sporting Kansas City,New York Red Bulls,1,2,45,,period,,,,,,,HT,,0,2
mls_2026,2026-05-24,,Sporting Kansas City,New York Red Bulls,1,2,45,3,goal,J. Ruvalcaba,False,,,,,,,0,2
mls_2026,2026-05-24,,Sporting Kansas City,New York Red Bulls,1,2,45,1,card,J. Marshall-Rutty,False,yellow,,,,,,,
mls_2026,2026-05-24,,Sporting Kansas City,New York Red Bulls,1,2,45,,injuryTime,,,,,,,,6,,
mls_2026,2026-05-24,,Sporting Kansas City,New York Red Bulls,1,2,58,,substitution,,True,,,J. Reynolds,J. Davis,,,,
mls_2026,2026-05-24,,Sporting Kansas City,New York Red Bulls,1,2,58,,substitution,,True,,,M. García,Z. Bassong,,,,
mls_2026,2026-05-24,,Sporting Kansas City,New York Red Bulls,1,2,64,,goal,C. Harris,True,,,,,,,1,2
mls_2026,2026-05-24,,Sporting Kansas City,New York Red Bulls,1,2,70,,card,L. B. Johnsen,True,yellow,,,,,,,
mls_2026,2026-05-24,,Sporting Kansas City,New York Red Bulls,1,2,73,,substitution,,False,,,N. Benedetti,G. Berggren,,,,
mls_2026,2026-05-24,,Sporting Kansas City,New York Red Bulls,1,2,73,,substitution,,False,,,R. Mitchell,J. Ruvalcaba,,,,
mls_2026,2026-05-24,,Sporting Kansas City,New York Red Bulls,1,2,76,,substitution,,True,,,S. Afrifa,T. Calheira,,,,
mls_2026,2026-05-24,,Sporting Kansas City,New York Red Bulls,1,2,79,,substitution,,False,,,C. Harper,R. Mosquera,,,,
mls_2026,2026-05-24,,Sporting Kansas City,New York Red Bulls,1,2,80,,substitution,,False,,,J. Bazán,O. Valencia,,,,
mls_2026,2026-05-24,,Sporting Kansas City,New York Red Bulls,1,2,82,,substitution,,True,,,S. Suleymanov,Capita,,,,
mls_2026,2026-05-24,,Sporting Kansas City,New York Red Bulls,1,2,87,,card,N. Benedetti,False,yellow,,,,,,,
mls_2026,2026-05-24,,Sporting Kansas City,New York Red Bulls,1,2,90,,period,,,,,,,Second half,,1,2
mls_2026,2026-05-24,,Sporting Kansas City,New York Red Bulls,1,2,90,,injuryTime,,,,,,,,3,,
mls_2026,2026-05-25,,Los Angeles FC,Seattle Sounders FC,1,0,45,,period,,,,,,,HT,,0,0
mls_2026,2026-05-25,,Los Angeles FC,Seattle Sounders FC,1,0,63,,substitution,,False,,,A. Lopez,K. Kee-hee,,,,
mls_2026,2026-05-25,,Los Angeles FC,Seattle Sounders FC,1,0,63,,substitution,,False,,,S. Brunell,H. Dotson,,,,
mls_2026,2026-05-25,,Los Angeles FC,Seattle Sounders FC,1,0,69,,substitution,,False,,,D. Musovski,P. Rothrock,,,,
mls_2026,2026-05-25,,Los Angeles FC,Seattle Sounders FC,1,0,79,,substitution,,True,,,S. Eustaquio,M. Choinière,,,,
mls_2026,2026-05-25,,Los Angeles FC,Seattle Sounders FC,1,0,79,,substitution,,True,,,T. Boyd,D. M. Morales,,,,
mls_2026,2026-05-25,,Los Angeles FC,Seattle Sounders FC,1,0,83,,substitution,,True,,,N. Tafari,A. Long,,,,
mls_2026,2026-05-25,,Los Angeles FC,Seattle Sounders FC,1,0,86,,goal,T. Tillman,True,,,,,,,1,0
mls_2026,2026-05-25,,Los Angeles FC,Seattle Sounders FC,1,0,90,,period,,,,,,,Second half,,1,0
mls_2026,2026-05-25,,Los Angeles FC,Seattle Sounders FC,1,0,90,2,substitution,,True,,,A. Smoliakov,D. Bouanga,,,,
mls_2026,2026-05-25,,Los Angeles FC,Seattle Sounders FC,1,0,90,,substitution,,False,,,P. Kingston,K. Kossa-Rienzi,,,,
mls_2026,2026-05-25,,Los Angeles FC,Seattle Sounders FC,1,0,90,,substitution,,False,,,O. D. Rosario,J. Ferreira,,,,
mls_2026,2026-05-25,,Los Angeles FC,Seattle Sounders FC,1,0,90,,injuryTime,,,,,,,,3,,
mls_2026,2026-07-16,,CF Montréal,Toronto FC,0,0,45,,period,,,,,,,HT,,0,0
mls_2026,2026-07-16,,CF Montréal,Toronto FC,0,0,45,,injuryTime,,,,,,,,1,,
mls_2026,2026-07-16,,CF Montréal,Toronto FC,0,0,60,,substitution,,True,,,D. Pereira,S. Piette,,,,
mls_2026,2026-07-16,,CF Montréal,Toronto FC,0,0,60,,substitution,,True,,,F. Herbers,V. Loturi,,,,
mls_2026,2026-07-16,,CF Montréal,Toronto FC,0,0,61,,substitution,,False,,,J. Vilsaint,K. Franklin,,,,
mls_2026,2026-07-16,,CF Montréal,Toronto FC,0,0,62,,substitution,,False,,,M. Henry,T. Corbeanu,,,,
mls_2026,2026-07-16,,CF Montréal,Toronto FC,0,0,64,,card,D. Pereira,True,yellow,,,,,,,
mls_2026,2026-07-16,,CF Montréal,Toronto FC,0,0,69,,card,D. Sallói,False,yellow,,,,,,,
mls_2026,2026-07-16,,CF Montréal,Toronto FC,0,0,74,,substitution,,False,,,Đ. Mihailović,D. Etienne,,,,
mls_2026,2026-07-16,,CF Montréal,Toronto FC,0,0,77,,substitution,,True,,,O. Graham-Roache,D. Rios,,,,
mls_2026,2026-07-16,,CF Montréal,Toronto FC,0,0,88,,substitution,,True,,,O. Escobar,N. Streit,,,,
mls_2026,2026-07-16,,CF Montréal,Toronto FC,0,0,90,,period,,,,,,,FT,,0,0
mls_2026,2026-07-16,,CF Montréal,Toronto FC,0,0,90,,injuryTime,,,,,,,,4,,
mls_2026,2026-07-17,,Seattle Sounders FC,Portland Timbers,1,5,19,,goal,K. Kelsy,False,,,,,,,0,1
mls_2026,2026-07-17,,Seattle Sounders FC,Portland Timbers,1,5,41,,card,J. Ragen,True,yellow,,,,,,,
mls_2026,2026-07-17,,Seattle Sounders FC,Portland Timbers,1,5,45,,period,,,,,,,HT,,0,1
mls_2026,2026-07-17,,Seattle Sounders FC,Portland Timbers,1,5,45,,injuryTime,,,,,,,,2,,
mls_2026,2026-07-17,,Seattle Sounders FC,Portland Timbers,1,5,46,,substitution,,True,,,D. Musovski,J. Morris,,,,
mls_2026,2026-07-17,,Seattle Sounders FC,Portland Timbers,1,5,49,,card,P. Rothrock,True,yellow,,,,,,,
mls_2026,2026-07-17,,Seattle Sounders FC,Portland Timbers,1,5,56,,goal,K. Miller,False,,,,,,,0,2
mls_2026,2026-07-17,,Seattle Sounders FC,Portland Timbers,1,5,60,,goal,C. Bassett,False,,,,,,,0,3
mls_2026,2026-07-17,,Seattle Sounders FC,Portland Timbers,1,5,63,,goal,K. Kelsy,False,,,,,,,0,4
mls_2026,2026-07-17,,Seattle Sounders FC,Portland Timbers,1,5,64,,substitution,,True,,,P. Arriola,J. Ferreira,,,,
mls_2026,2026-07-17,,Seattle Sounders FC,Portland Timbers,1,5,64,,substitution,,True,,,P. Kingston,K. Kossa-Rienzi,,,,
mls_2026,2026-07-17,,Seattle Sounders FC,Portland Timbers,1,5,64,,substitution,,True,,,O. D. Rosario,S. Brunell,,,,
mls_2026,2026-07-17,,Seattle Sounders FC,Portland Timbers,1,5,73,,substitution,,False,,,J. Caicedo,C. Bassett,,,,
mls_2026,2026-07-17,,Seattle Sounders FC,Portland Timbers,1,5,73,,substitution,,False,,,A. Aravena,A. Lassiter,,,,
mls_2026,2026-07-17,,Seattle Sounders FC,Portland Timbers,1,5,82,,varDecision,P. Rothrock,True,,,,,,,,
mls_2026,2026-07-17,,Seattle Sounders FC,Portland Timbers,1,5,84,,substitution,,True,,,S. Hawkins,A. Lopez,,,,
mls_2026,2026-07-17,,Seattle Sounders FC,Portland Timbers,1,5,87,,goal,H. Dotson,True,,,,,,,1,4
mls_2026,2026-07-17,,Seattle Sounders FC,Portland Timbers,1,5,87,,substitution,,False,,,J. Ortíz,D. Chará,,,,
mls_2026,2026-07-17,,Seattle Sounders FC,Portland Timbers,1,5,87,,substitution,,False,,,F. Mora,K. Kelsy,,,,
mls_2026,2026-07-17,,Seattle Sounders FC,Portland Timbers,1,5,90,,period,,,,,,,FT,,1,5
mls_2026,2026-07-17,,Seattle Sounders FC,Portland Timbers,1,5,90,8,goal,A. Aravena,False,,,,,,,1,5
mls_2026,2026-07-17,,Seattle Sounders FC,Portland Timbers,1,5,90,1,substitution,,False,,,I. Smith,A. Alves,,,,
mls_2026,2026-07-17,,Seattle Sounders FC,Portland Timbers,1,5,90,,injuryTime,,,,,,,,10,,
mls_2026,2026-07-17,,St.Louis City,Sporting Kansas City,3,2,28,,goal,J. Sang-bin,True,,,,,,,1,0
mls_2026,2026-07-17,,St.Louis City,Sporting Kansas City,3,2,36,,goal,M. Hartel,True,,,,,,,2,0
mls_2026,2026-07-17,,St.Louis City,Sporting Kansas City,3,2,42,,goal,Capita,False,,,,,,,2,1
mls_2026,2026-07-17,,St.Louis City,Sporting Kansas City,3,2,45,,period,,,,,,,HT,,2,1
mls_2026,2026-07-17,,St.Louis City,Sporting Kansas City,3,2,45,,injuryTime,,,,,,,,5,,
mls_2026,2026-07-17,,St.Louis City,Sporting Kansas City,3,2,46,,substitution,,False,,,E. Karić,J. Reid,,,,
mls_2026,2026-07-17,,St.Louis City,Sporting Kansas City,3,2,46,,substitution,,True,,,R. Santos,C. Wallem,,,,
mls_2026,2026-07-17,,St.Louis City,Sporting Kansas City,3,2,46,,substitution,,False,,,J. Davis,I. James,,,,
mls_2026,2026-07-17,,St.Louis City,Sporting Kansas City,3,2,64,,substitution,,True,,,M. Perez,J. Sang-bin,,,,
mls_2026,2026-07-17,,St.Louis City,Sporting Kansas City,3,2,75,,substitution,,False,,,E. Bartlow,O. Blorian,,,,
mls_2026,2026-07-17,,St.Louis City,Sporting Kansas City,3,2,76,,goal,D. Joveljić,False,,,,,,,2,2
mls_2026,2026-07-17,,St.Louis City,Sporting Kansas City,3,2,76,,substitution,,False,,,K. Agyabeng,Z. Bassong,,,,
mls_2026,2026-07-17,,St.Louis City,Sporting Kansas City,3,2,78,,card,Capita,False,yellow,,,,,,,
mls_2026,2026-07-17,,St.Louis City,Sporting Kansas City,3,2,82,,varDecision,S. Becher,True,,,,,,,,
mls_2026,2026-07-17,,St.Louis City,Sporting Kansas City,3,2,85,,goal,E. Löwen,True,,,,,,,3,2
mls_2026,2026-07-17,,St.Louis City,Sporting Kansas City,3,2,85,,substitution,,False,,,S. Afrifa,Capita,,,,
mls_2026,2026-07-17,,St.Louis City,Sporting Kansas City,3,2,88,,substitution,,True,,,J. Orozco,T. Totland,,,,
mls_2026,2026-07-17,,St.Louis City,Sporting Kansas City,3,2,88,,substitution,,True,,,T. Ostrák,E. Löwen,,,,
mls_2026,2026-07-17,,St.Louis City,Sporting Kansas City,3,2,90,,period,,,,,,,FT,,3,2
mls_2026,2026-07-17,,St.Louis City,Sporting Kansas City,3,2,90,7,card,D. Edelman,True,yellow,,,,,,,
mls_2026,2026-07-17,,St.Louis City,Sporting Kansas City,3,2,90,6,substitution,,True,,,P. Ault,S. Becher,,,,
mls_2026,2026-07-17,,St.Louis City,Sporting Kansas City,3,2,90,,card,B. Lundt,True,yellow,,,,,,,
mls_2026,2026-07-17,,St.Louis City,Sporting Kansas City,3,2,90,,injuryTime,,,,,,,,8,,
mls_2026,2026-07-18,,LA Galaxy,Los Angeles FC,0,3,22,,substitution,,True,,,H. Miller,E. Thommy,,,,
mls_2026,2026-07-18,,LA Galaxy,Los Angeles FC,0,3,26,,goal,M. Delgado,False,,,,,,,0,1
mls_2026,2026-07-18,,LA Galaxy,Los Angeles FC,0,3,34,,card,E. Cerrillo,True,yellow,,,,,,,
mls_2026,2026-07-18,,LA Galaxy,Los Angeles FC,0,3,45,,period,,,,,,,HT,,0,2
mls_2026,2026-07-18,,LA Galaxy,Los Angeles FC,0,3,45,2,card,J. Glesnes,True,yellow,,,,,,,
mls_2026,2026-07-18,,LA Galaxy,Los Angeles FC,0,3,45,1,goal,D. Bouanga,False,,,,,,,0,2
mls_2026,2026-07-18,,LA Galaxy,Los Angeles FC,0,3,45,,injuryTime,,,,,,,,6,,
mls_2026,2026-07-18,,LA Galaxy,Los Angeles FC,0,3,57,,goal,S. Heung-min,False,,,,,,,0,3
mls_2026,2026-07-18,,LA Galaxy,Los Angeles FC,0,3,65,,substitution,,True,,,C. Garcés,E. Cerrillo,,,,
mls_2026,2026-07-18,,LA Galaxy,Los Angeles FC,0,3,65,,substitution,,True,,,R. Taylor,M. Yamane,,,,
mls_2026,2026-07-18,,LA Galaxy,Los Angeles FC,0,3,65,,substitution,,True,,,J. Aude,J. Nelson,,,,
mls_2026,2026-07-18,,LA Galaxy,Los Angeles FC,0,3,66,,substitution,,False,,,D. M. Morales,J. Shaffelburg,,,,
mls_2026,2026-07-18,,LA Galaxy,Los Angeles FC,0,3,75,,substitution,,False,,,K. Nielsen,Y. Cheberko,,,,
mls_2026,2026-07-18,,LA Galaxy,Los Angeles FC,0,3,76,,substitution,,False,,,T. Boyd,S. Heung-min,,,,
mls_2026,2026-07-18,,LA Galaxy,Los Angeles FC,0,3,80,,card,H. Miller,True,yellow,,,,,,,
mls_2026,2026-07-18,,LA Galaxy,Los Angeles FC,0,3,81,,substitution,,True,,,R. Ramos,J. Paintsil,,,,
mls_2026,2026-07-18,,LA Galaxy,Los Angeles FC,0,3,85,,substitution,,False,,,J. Ebobisse,D. Bouanga,,,,
mls_2026,2026-07-18,,LA Galaxy,Los Angeles FC,0,3,85,,substitution,,False,,,J. Terry,M. Choinière,,,,
mls_2026,2026-07-18,,LA Galaxy,Los Angeles FC,0,3,90,,period,,,,,,,FT,,0,3
mls_2026,2026-07-18,,LA Galaxy,Los Angeles FC,0,3,90,,injuryTime,,,,,,,,3,,
mls_2026,2026-07-18,,Nashville SC,Atlanta United,1,0,11,,substitution,,False,,,W. Reilly,A. Fortune,,,,
mls_2026,2026-07-18,,Nashville SC,Atlanta United,1,0,45,,period,,,,,,,HT,,0,0
mls_2026,2026-07-18,,Nashville SC,Atlanta United,1,0,45,,injuryTime,,,,,,,,4,,
mls_2026,2026-07-18,,Nashville SC,Atlanta United,1,0,62,,substitution,,False,,,R. Hernández,M. Edwards,,,,
mls_2026,2026-07-18,,Nashville SC,Atlanta United,1,0,63,,substitution,,True,,,A. Najar,J. Bauer,,,,
mls_2026,2026-07-18,,Nashville SC,Atlanta United,1,0,63,,substitution,,True,,,B. Acosta,E. Tagseth,,,,
mls_2026,2026-07-18,,Nashville SC,Atlanta United,1,0,73,,substitution,,True,,,J. Palacios,J. Maher,,,,
mls_2026,2026-07-18,,Nashville SC,Atlanta United,1,0,73,,substitution,,True,,,A. Muyl,A. Qasem,,,,
mls_2026,2026-07-18,,Nashville SC,Atlanta United,1,0,79,,goal,S. Mohammed,True,,,,,,,1,0
mls_2026,2026-07-18,,Nashville SC,Atlanta United,1,0,83,,substitution,,False,,,E. Latte Lath,C. Sanchez,,,,
mls_2026,2026-07-18,,Nashville SC,Atlanta United,1,0,83,,substitution,,False,,,F. Picault,L. Brennan,,,,
mls_2026,2026-07-18,,Nashville SC,Atlanta United,1,0,85,,card,S. Mohammed,True,yellow,,,,,,,
mls_2026,2026-07-18,,Nashville SC,Atlanta United,1,0,90,,period,,,,,,,FT,,1,0
mls_2026,2026-07-18,,Nashville SC,Atlanta United,1,0,90,10,card,E. Mihaj,False,yellow,,,,,,,
mls_2026,2026-07-18,,Nashville SC,Atlanta United,1,0,90,5,substitution,,True,,,J. Knight,S. Mohammed,,,,
mls_2026,2026-07-18,,Nashville SC,Atlanta United,1,0,90,,injuryTime,,,,,,,,10,,
mls_2026,2026-07-22,,Columbus Crew,New York City FC,1,2,28,,goal,N. Fernández,False,,,,,,,0,1
mls_2026,2026-07-22,,Columbus Crew,New York City FC,1,2,40,,card,T. Gray,False,yellow,Foul,,,,,,
mls_2026,2026-07-22,,Columbus Crew,New York City FC,1,2,45,,period,,,,,,,HT,,0,1
mls_2026,2026-07-22,,Columbus Crew,New York City FC,1,2,45,,injuryTime,,,,,,,,3,,
mls_2026,2026-07-22,,Columbus Crew,New York City FC,1,2,55,,substitution,,False,,,H. Wolf,B. Traore,,,,
mls_2026,2026-07-22,,Columbus Crew,New York City FC,1,2,55,,substitution,,False,,,T. Magno,M. Jones,,,,
mls_2026,2026-07-22,,Columbus Crew,New York City FC,1,2,57,,card,J. Thiaré,True,yellow,Foul,,,,,,
mls_2026,2026-07-22,,Columbus Crew,New York City FC,1,2,60,,card,M. Arfsten,True,yellow,Foul,,,,,,
mls_2026,2026-07-22,,Columbus Crew,New York City FC,1,2,63,,substitution,,True,,,H. Picard,T. Karumanchi,,,,
mls_2026,2026-07-22,,Columbus Crew,New York City FC,1,2,64,,substitution,,True,,,S. Moreira,M. Amundsen,,,,
mls_2026,2026-07-22,,Columbus Crew,New York City FC,1,2,70,,goal,A. Ojeda,False,,,,,,,0,2
mls_2026,2026-07-22,,Columbus Crew,New York City FC,1,2,74,,substitution,,True,,,D. Chambost,S. T. Bangoura,,,,
mls_2026,2026-07-22,,Columbus Crew,New York City FC,1,2,75,,substitution,,True,,,D. Gazdag,J. Thiaré,,,,
mls_2026,2026-07-22,,Columbus Crew,New York City FC,1,2,77,,substitution,,False,,,K. Pierre,J. Shore,,,,
mls_2026,2026-07-22,,Columbus Crew,New York City FC,1,2,82,,card,T. Habroune,True,yellow,Foul,,,,,,
mls_2026,2026-07-22,,Columbus Crew,New York City FC,1,2,83,,substitution,,True,,,C. Adams,N. Akhundzade,,,,
mls_2026,2026-07-22,,Columbus Crew,New York City FC,1,2,83,,substitution,,False,,,M. Carrizo,N. Cavallo,,,,
mls_2026,2026-07-22,,Columbus Crew,New York City FC,1,2,90,,period,,,,,,,FT,,1,2
mls_2026,2026-07-22,,Columbus Crew,New York City FC,1,2,90,5,card,J. Sands,False,yellow,Foul,,,,,,
mls_2026,2026-07-22,,Columbus Crew,New York City FC,1,2,90,3,goal,D. Gazdag,True,,,,,,,1,2
mls_2026,2026-07-22,,Columbus Crew,New York City FC,1,2,90,,injuryTime,,,,,,,,9,,
mls_2026,2026-07-22,,Columbus Crew,New York City FC,1,2,90,,varDecision,C. Adams,True,,,,,,,,
mls_2026,2026-07-22,,FC Cincinnati,Vancouver Whitecaps,4,3,12,,goal,J. Badwal,False,,,,,,,1,1
mls_2026,2026-07-22,,FC Cincinnati,Vancouver Whitecaps,4,3,17,,card,M. Laborda,False,yellow,Handball,,,,,,
mls_2026,2026-07-22,,FC Cincinnati,Vancouver Whitecaps,4,3,2,,card,T. Blackmon,False,yellow,Foul,,,,,,
mls_2026,2026-07-22,,FC Cincinnati,Vancouver Whitecaps,4,3,24,,goal,R. Gauld,False,,,,,,,1,2
mls_2026,2026-07-22,,FC Cincinnati,Vancouver Whitecaps,4,3,28,,goal,K. Denkey,True,,,,,,,2,2
mls_2026,2026-07-22,,FC Cincinnati,Vancouver Whitecaps,4,3,36,,goal,Evander,True,,,,,,,3,2
mls_2026,2026-07-22,,FC Cincinnati,Vancouver Whitecaps,4,3,41,,card,P. Bucha,True,yellow,Foul,,,,,,
mls_2026,2026-07-22,,FC Cincinnati,Vancouver Whitecaps,4,3,44,,substitution,,False,,,C. T. Sabaly,B. Quiñonez,,,,
mls_2026,2026-07-22,,FC Cincinnati,Vancouver Whitecaps,4,3,45,,period,,,,,,,HT,,3,2
mls_2026,2026-07-22,,FC Cincinnati,Vancouver Whitecaps,4,3,45,,injuryTime,,,,,,,,5,,
mls_2026,2026-07-22,,FC Cincinnati,Vancouver Whitecaps,4,3,48,,card,É. Ocampo,False,yellow,Foul,,,,,,
mls_2026,2026-07-22,,FC Cincinnati,Vancouver Whitecaps,4,3,56,,goal,P. Bucha,True,,,,,,,4,2
mls_2026,2026-07-22,,FC Cincinnati,Vancouver Whitecaps,4,3,58,,goal,R. Gauld,False,,,,,,,4,3
mls_2026,2026-07-22,,FC Cincinnati,Vancouver Whitecaps,4,3,59,,card,A. Cubas,False,yellow,Foul,,,,,,
mls_2026,2026-07-22,,FC Cincinnati,Vancouver Whitecaps,4,3,62,,substitution,,False,,,J. Ngando,J. Badwal,,,,
mls_2026,2026-07-22,,FC Cincinnati,Vancouver Whitecaps,4,3,63,,substitution,,False,,,N. Djordjevic,R. Gauld,,,,
mls_2026,2026-07-22,,FC Cincinnati,Vancouver Whitecaps,4,3,64,,substitution,,True,,,K. Smith,M. Robinson,,,,
mls_2026,2026-07-22,,FC Cincinnati,Vancouver Whitecaps,4,3,64,,substitution,,True,,,T. Barlow,K. M. Dem,,,,
mls_2026,2026-07-22,,FC Cincinnati,Vancouver Whitecaps,4,3,64,,substitution,,True,,,B. Ramírez,E. Echenique,,,,
mls_2026,2026-07-22,,FC Cincinnati,Vancouver Whitecaps,4,3,78,,card,B. White,False,yellow,Foul,,,,,,
mls_2026,2026-07-22,,FC Cincinnati,Vancouver Whitecaps,4,3,84,,substitution,,False,,,R. Elloumi,A. Cubas,,,,
mls_2026,2026-07-22,,FC Cincinnati,Vancouver Whitecaps,4,3,84,,substitution,,False,,,R. Veselinović,É. Ocampo,,,,
mls_2026,2026-07-22,,FC Cincinnati,Vancouver Whitecaps,4,3,89,,substitution,,True,,,T. Hadebe,S. Gidi,,,,
mls_2026,2026-07-22,,FC Cincinnati,Vancouver Whitecaps,4,3,89,,substitution,,True,,,A. Jabbari,K. Denkey,,,,
mls_2026,2026-07-22,,FC Cincinnati,Vancouver Whitecaps,4,3,9,,goal,P. Bucha,True,,,,,,,1,0
mls_2026,2026-07-22,,FC Cincinnati,Vancouver Whitecaps,4,3,90,,period,,,,,,,FT,,4,3
mls_2026,2026-07-22,,FC Cincinnati,Vancouver Whitecaps,4,3,90,,injuryTime,,,,,,,,7,,
mls_2026,2026-07-22,,Inter Miami CF,Chicago Fire,3,2,18,,goal,R. Ríos Novo,False,,,,,,,0,1
mls_2026,2026-07-22,,Inter Miami CF,Chicago Fire,3,2,27,,goal,L. Suárez,True,,,,,,,1,1
mls_2026,2026-07-22,,Inter Miami CF,Chicago Fire,3,2,45,,period,,,,,,,HT,,1,1
mls_2026,2026-07-22,,Inter Miami CF,Chicago Fire,3,2,45,,injuryTime,,,,,,,,4,,
mls_2026,2026-07-22,,Inter Miami CF,Chicago Fire,3,2,51,,goal,L. Suárez,True,,,,,,,2,1
mls_2026,2026-07-22,,Inter Miami CF,Chicago Fire,3,2,62,,substitution,,False,,,R. Lod,R. Lewandowski,,,,
mls_2026,2026-07-22,,Inter Miami CF,Chicago Fire,3,2,63,,substitution,,False,,,M. Pineda,D. T. D'Avilla,,,,
mls_2026,2026-07-22,,Inter Miami CF,Chicago Fire,3,2,63,,substitution,,False,,,P. Dithejane,P. Zinckernagel,,,,
mls_2026,2026-07-22,,Inter Miami CF,Chicago Fire,3,2,64,,card,J. Elliott,False,yellow,Foul,,,,,,
mls_2026,2026-07-22,,Inter Miami CF,Chicago Fire,3,2,67,,goal,P. Dithejane,False,,,,,,,2,2
mls_2026,2026-07-22,,Inter Miami CF,Chicago Fire,3,2,69,,substitution,,True,,,P. Plambeck,D. Ruíz,,,,
mls_2026,2026-07-22,,Inter Miami CF,Chicago Fire,3,2,74,,substitution,,True,,,D. Pinter,M. Silvetti,,,,
mls_2026,2026-07-22,,Inter Miami CF,Chicago Fire,3,2,85,,substitution,,True,,,N. Allen,I. Fray,,,,
mls_2026,2026-07-22,,Inter Miami CF,Chicago Fire,3,2,87,,goal,P. Plambeck,True,,,,,,,3,2
mls_2026,2026-07-22,,Inter Miami CF,Chicago Fire,3,2,88,,substitution,,False,,,V. Radojević,A. Gutman,,,,
mls_2026,2026-07-22,,Inter Miami CF,Chicago Fire,3,2,88,,substitution,,False,,,J. Shokalook,M. Haile-Selassie,,,,
mls_2026,2026-07-22,,Inter Miami CF,Chicago Fire,3,2,90,,period,,,,,,,FT,,3,2
mls_2026,2026-07-22,,Inter Miami CF,Chicago Fire,3,2,90,7,card,S. Reguilón,True,yellow,Foul,,,,,,
mls_2026,2026-07-22,,Inter Miami CF,Chicago Fire,3,2,90,,injuryTime,,,,,,,,8,,
mls_2026,2026-07-22,,New England Revolution,Toronto FC,0,0,45,,period,,,,,,,HT,,0,0
mls_2026,2026-07-22,,New England Revolution,Toronto FC,0,0,46,,substitution,,False,,,J. Sargent,E. Aristizábal,,,,
mls_2026,2026-07-22,,New England Revolution,Toronto FC,0,0,56,,card,M. Polster,True,yellow,Foul,,,,,,
mls_2026,2026-07-22,,New England Revolution,Toronto FC,0,0,60,,substitution,,True,,,M. Zambrano,G. Yow,,,,
mls_2026,2026-07-22,,New England Revolution,Toronto FC,0,0,64,,substitution,,False,,,T. Corbeanu,J. Vilsaint,,,,
mls_2026,2026-07-22,,New England Revolution,Toronto FC,0,0,64,,substitution,,False,,,M. Henry,D. Kerr,,,,
mls_2026,2026-07-22,,New England Revolution,Toronto FC,0,0,71,,substitution,,False,,,Z. Monlouis,R. Chukwu,,,,
mls_2026,2026-07-22,,New England Revolution,Toronto FC,0,0,73,,substitution,,True,,,W. Harris,D. Turgeman,,,,
mls_2026,2026-07-22,,New England Revolution,Toronto FC,0,0,73,,substitution,,True,,,L. Langoni,M. Polster,,,,
mls_2026,2026-07-22,,New England Revolution,Toronto FC,0,0,86,,substitution,,True,,,J. Yueill,A. Yusuf,,,,
mls_2026,2026-07-22,,New England Revolution,Toronto FC,0,0,86,,substitution,,True,,,B. Ceballos,E. Kohler,,,,
mls_2026,2026-07-22,,New England Revolution,Toronto FC,0,0,90,,period,,,,,,,FT,,0,0
mls_2026,2026-07-22,,New England Revolution,Toronto FC,0,0,90,3,card,B. Raines,True,yellow,Foul,,,,,,
mls_2026,2026-07-22,,New England Revolution,Toronto FC,0,0,90,,injuryTime,,,,,,,,5,,
mls_2026,2026-07-22,,Philadelphia Union,New York Red Bulls,3,1,38,,goal,C. Cowell,False,,,,,,,1,1
mls_2026,2026-07-22,,Philadelphia Union,New York Red Bulls,3,1,45,,period,,,,,,,HT,,1,1
mls_2026,2026-07-22,,Philadelphia Union,New York Red Bulls,3,1,45,,injuryTime,,,,,,,,3,,
mls_2026,2026-07-22,,Philadelphia Union,New York Red Bulls,3,1,46,,substitution,,False,,,O. Valencia,M. D. Santos,,,,
mls_2026,2026-07-22,,Philadelphia Union,New York Red Bulls,3,1,56,,substitution,,True,,,N. Pierre,J. Sery Larsen,,,,
mls_2026,2026-07-22,,Philadelphia Union,New York Red Bulls,3,1,57,,goal,I. Vassilev,True,,,,,,,2,1
mls_2026,2026-07-22,,Philadelphia Union,New York Red Bulls,3,1,66,,goal,N. Pierre,True,,,,,,,3,1
mls_2026,2026-07-22,,Philadelphia Union,New York Red Bulls,3,1,73,,substitution,,True,,,Q. Sullivan,I. Vassilev,,,,
mls_2026,2026-07-22,,Philadelphia Union,New York Red Bulls,3,1,74,,substitution,,False,,,G. Berggren,E. Forsberg,,,,
mls_2026,2026-07-22,,Philadelphia Union,New York Red Bulls,3,1,74,,substitution,,False,,,M. Sofo,C. Cowell,,,,
mls_2026,2026-07-22,,Philadelphia Union,New York Red Bulls,3,1,74,,substitution,,False,,,J. Bazán,J. Marshall-Rutty,,,,
mls_2026,2026-07-22,,Philadelphia Union,New York Red Bulls,3,1,77,,card,R. Donkor,False,yellow,Foul,,,,,,
mls_2026,2026-07-22,,Philadelphia Union,New York Red Bulls,3,1,85,,card,O. Valencia,False,yellow,Foul,,,,,,
mls_2026,2026-07-22,,Philadelphia Union,New York Red Bulls,3,1,85,,substitution,,True,,,J. Bueno,C. Sullivan,,,,
mls_2026,2026-07-22,,Philadelphia Union,New York Red Bulls,3,1,85,,substitution,,True,,,E. Alladoh,M. Iloski,,,,
mls_2026,2026-07-22,,Philadelphia Union,New York Red Bulls,3,1,88,,card,G. Berggren,False,yellow,Argument,,,,,,
mls_2026,2026-07-22,,Philadelphia Union,New York Red Bulls,3,1,9,,goal,M. Iloski,True,,,,,,,1,0
mls_2026,2026-07-22,,Philadelphia Union,New York Red Bulls,3,1,90,,period,,,,,,,FT,,3,1
mls_2026,2026-07-22,,Philadelphia Union,New York Red Bulls,3,1,90,,injuryTime,,,,,,,,9,,
mls_2026,2026-07-23,,Austin FC,Seattle Sounders FC,3,1,11,,goal,I. Sánchez,True,,,,,,,1,0
mls_2026,2026-07-23,,Austin FC,Seattle Sounders FC,3,1,26,,goal,P. Rothrock,False,,,,,,,1,1
mls_2026,2026-07-23,,Austin FC,Seattle Sounders FC,3,1,41,,card,B. Schmetzer,False,yellow,Argument,,,,,,
mls_2026,2026-07-23,,Austin FC,Seattle Sounders FC,3,1,45,,period,,,,,,,HT,,1,1
mls_2026,2026-07-23,,Austin FC,Seattle Sounders FC,3,1,45,,injuryTime,,,,,,,,4,,
mls_2026,2026-07-23,,Austin FC,Seattle Sounders FC,3,1,59,,card,J. Ragen,False,yellow,Foul,,,,,,
mls_2026,2026-07-23,,Austin FC,Seattle Sounders FC,3,1,60,,card,B. Sabović,True,yellow,Foul,,,,,,
mls_2026,2026-07-23,,Austin FC,Seattle Sounders FC,3,1,62,,substitution,,True,,,P. Płacheta,J. Rosales,,,,
mls_2026,2026-07-23,,Austin FC,Seattle Sounders FC,3,1,62,,substitution,,True,,,O. Wolff,B. Sabović,,,,
mls_2026,2026-07-23,,Austin FC,Seattle Sounders FC,3,1,62,,substitution,,False,,,O. D. Rosario,D. Musovski,,,,
mls_2026,2026-07-23,,Austin FC,Seattle Sounders FC,3,1,63,,substitution,,True,,,M. Đorđević,B. Hines-Ike,,,,
mls_2026,2026-07-23,,Austin FC,Seattle Sounders FC,3,1,66,,substitution,,False,,,K. Kossa-Rienzi,P. Kingston,,,,
mls_2026,2026-07-23,,Austin FC,Seattle Sounders FC,3,1,67,,substitution,,False,,,P. Arriola,S. Brunell,,,,
mls_2026,2026-07-23,,Austin FC,Seattle Sounders FC,3,1,83,,substitution,,True,,,E. Torres,F. Torres,,,,
mls_2026,2026-07-23,,Austin FC,Seattle Sounders FC,3,1,83,,substitution,,True,,,C. Ramirez,B. Vázquez,,,,
mls_2026,2026-07-23,,Austin FC,Seattle Sounders FC,3,1,86,,goal,M. Uzuni,True,,,,,,,2,1
mls_2026,2026-07-23,,Austin FC,Seattle Sounders FC,3,1,88,,card,M. Uzuni,True,yellow,,,,,,,
mls_2026,2026-07-23,,Austin FC,Seattle Sounders FC,3,1,88,,substitution,,False,,,S. Gomez,N. Tolo,,,,
mls_2026,2026-07-23,,Austin FC,Seattle Sounders FC,3,1,90,,period,,,,,,,FT,,3,1
mls_2026,2026-07-23,,Austin FC,Seattle Sounders FC,3,1,90,4,card,J. Ragen,False,yellowRed,Foul,,,,,,
mls_2026,2026-07-23,,Austin FC,Seattle Sounders FC,3,1,90,1,goal,C. Ramirez,True,,,,,,,3,1
mls_2026,2026-07-23,,Austin FC,Seattle Sounders FC,3,1,90,,injuryTime,,,,,,,,7,,
mls_2026,2026-07-23,,Charlotte FC,Atlanta United,2,2,16,,goal,K. C. Vargas,True,,,,,,,1,0
mls_2026,2026-07-23,,Charlotte FC,Atlanta United,2,2,19,,varDecision,W. Reilly,False,,,,,,,,
mls_2026,2026-07-23,,Charlotte FC,Atlanta United,2,2,22,,card,W. Reilly,False,yellow,Foul,,,,,,
mls_2026,2026-07-23,,Charlotte FC,Atlanta United,2,2,45,,period,,,,,,,HT,,2,0
mls_2026,2026-07-23,,Charlotte FC,Atlanta United,2,2,45,,goal,L. Abada,True,,,,,,,2,0
mls_2026,2026-07-23,,Charlotte FC,Atlanta United,2,2,45,,injuryTime,,,,,,,,8,,
mls_2026,2026-07-23,,Charlotte FC,Atlanta United,2,2,48,,card,A. Miranchuk,False,yellow,Argument,,,,,,
mls_2026,2026-07-23,,Charlotte FC,Atlanta United,2,2,57,,goal,E. Báez,False,,,,,,,2,1
mls_2026,2026-07-23,,Charlotte FC,Atlanta United,2,2,63,,substitution,,True,,,D. Diani,L. D. L. Torre,,,,
mls_2026,2026-07-23,,Charlotte FC,Atlanta United,2,2,63,,substitution,,True,,,R. Aloko,L. Abada,,,,
mls_2026,2026-07-23,,Charlotte FC,Atlanta United,2,2,63,,substitution,,True,,,I. Toklomati,A. Goodwin,,,,
mls_2026,2026-07-23,,Charlotte FC,Atlanta United,2,2,64,,substitution,,True,,,N. Byrne,W. Cleary,,,,
mls_2026,2026-07-23,,Charlotte FC,Atlanta United,2,2,76,,goal,M. Almirón,False,,,,,,,2,2
mls_2026,2026-07-23,,Charlotte FC,Atlanta United,2,2,79,,card,N. Byrne,True,yellow,Foul,,,,,,
mls_2026,2026-07-23,,Charlotte FC,Atlanta United,2,2,82,,substitution,,False,,,L. Brennan,F. Picault,,,,
mls_2026,2026-07-23,,Charlotte FC,Atlanta United,2,2,85,,substitution,,True,,,T. Smalls,K. C. Vargas,,,,
mls_2026,2026-07-23,,Charlotte FC,Atlanta United,2,2,89,,substitution,,False,,,I. Suarez-Couri,C. Sanchez,,,,
mls_2026,2026-07-23,,Charlotte FC,Atlanta United,2,2,90,,period,,,,,,,FT,,2,2
mls_2026,2026-07-23,,Charlotte FC,Atlanta United,2,2,90,10,card,T. Jacob,False,yellow,Handball,,,,,,
mls_2026,2026-07-23,,Charlotte FC,Atlanta United,2,2,90,3,substitution,,False,,,S. Gregersen,J. Alonso,,,,
mls_2026,2026-07-23,,Charlotte FC,Atlanta United,2,2,90,,injuryTime,,,,,,,,9,,
mls_2026,2026-07-23,,Colorado Rapids,San Diego FC,1,0,19,,card,C. McVey,False,yellow,Foul,,,,,,
mls_2026,2026-07-23,,Colorado Rapids,San Diego FC,1,0,22,,card,L. Williams,True,yellow,Foul,,,,,,
mls_2026,2026-07-23,,Colorado Rapids,San Diego FC,1,0,28,,card,R. Cannon,True,yellow,Foul,,,,,,
mls_2026,2026-07-23,,Colorado Rapids,San Diego FC,1,0,45,,period,,,,,,,HT,,0,0
mls_2026,2026-07-23,,Colorado Rapids,San Diego FC,1,0,45,,injuryTime,,,,,,,,1,,
mls_2026,2026-07-23,,Colorado Rapids,San Diego FC,1,0,70,,substitution,,False,,,A. Alvarado Jr,A. Godoy,,,,
mls_2026,2026-07-23,,Colorado Rapids,San Diego FC,1,0,70,,substitution,,False,,,I. Murphy,K. Sargeant,,,,
mls_2026,2026-07-23,,Colorado Rapids,San Diego FC,1,0,71,,card,I. Murphy,False,yellow,Time wasting,,,,,,
mls_2026,2026-07-23,,Colorado Rapids,San Diego FC,1,0,72,,substitution,,True,,,D. Yapi,G. Minoungou,,,,
mls_2026,2026-07-23,,Colorado Rapids,San Diego FC,1,0,82,,card,R. Navarro,True,yellow,Persistent fouling,,,,,,
mls_2026,2026-07-23,,Colorado Rapids,San Diego FC,1,0,83,,substitution,,False,,,L. Morgan,M. Ingvartsen,,,,
mls_2026,2026-07-23,,Colorado Rapids,San Diego FC,1,0,84,,card,D. Yapi,True,yellow,Time wasting,,,,,,
mls_2026,2026-07-23,,Colorado Rapids,San Diego FC,1,0,88,,varDecision,J. Tverskov,False,,,,,,,,
mls_2026,2026-07-23,,Colorado Rapids,San Diego FC,1,0,90,,period,,,,,,,FT,,1,0
mls_2026,2026-07-23,,Colorado Rapids,San Diego FC,1,0,90,5,goal,L. Williams,True,,,,,,,1,0
mls_2026,2026-07-23,,Colorado Rapids,San Diego FC,1,0,90,5,card,L. Morgan,False,yellow,,,,,,,
mls_2026,2026-07-23,,Colorado Rapids,San Diego FC,1,0,90,3,substitution,,True,,,D. Phillip,J. Atencio,,,,
mls_2026,2026-07-23,,Colorado Rapids,San Diego FC,1,0,90,2,substitution,,False,,,B. Zamblé,A. Mighten,,,,
mls_2026,2026-07-23,,Colorado Rapids,San Diego FC,1,0,90,,substitution,,True,,,L. Herrington,R. Cannon,,,,
mls_2026,2026-07-23,,Colorado Rapids,San Diego FC,1,0,90,,substitution,,True,,,N. Cobb,R. Holding,,,,
mls_2026,2026-07-23,,Colorado Rapids,San Diego FC,1,0,90,,injuryTime,,,,,,,,6,,
mls_2026,2026-07-23,,Houston Dynamo,DC United,1,1,40,,goal,H. Herrera,True,,,,,,,1,0
mls_2026,2026-07-23,,Houston Dynamo,DC United,1,1,45,,period,,,,,,,HT,,1,0
mls_2026,2026-07-23,,Houston Dynamo,DC United,1,1,45,,injuryTime,,,,,,,,5,,
mls_2026,2026-07-23,,Houston Dynamo,DC United,1,1,53,,substitution,,False,,,M. Peltola,J. Hopkins,,,,
mls_2026,2026-07-23,,Houston Dynamo,DC United,1,1,59,,substitution,,True,,,E. Ponce,D. McGuire,,,,
mls_2026,2026-07-23,,Houston Dynamo,DC United,1,1,61,,substitution,,True,,,E. Sviatchenko,L. Halter,,,,
mls_2026,2026-07-23,,Houston Dynamo,DC United,1,1,67,,substitution,,False,,,H. Kijima,Peglow,,,,
mls_2026,2026-07-23,,Houston Dynamo,DC United,1,1,67,,substitution,,False,,,N. Ordaz,L. Munteanu,,,,
mls_2026,2026-07-23,,Houston Dynamo,DC United,1,1,67,,substitution,,False,,,J. Stroud,B. Servania,,,,
mls_2026,2026-07-23,,Houston Dynamo,DC United,1,1,67,,card,S. Hefti,False,yellow,Foul,,,,,,
mls_2026,2026-07-23,,Houston Dynamo,DC United,1,1,70,,card,Artur,True,yellow,Foul,,,,,,
mls_2026,2026-07-23,,Houston Dynamo,DC United,1,1,71,,card,T. Baribo,False,yellow,Argument,,,,,,
mls_2026,2026-07-23,,Houston Dynamo,DC United,1,1,72,,card,A. Dozzell,False,yellow,Foul,,,,,,
mls_2026,2026-07-23,,Houston Dynamo,DC United,1,1,77,,substitution,,True,,,F. Negri,L. Ennali,,,,
mls_2026,2026-07-23,,Houston Dynamo,DC United,1,1,78,,goal,T. Baribo,False,,,,,,,1,1
mls_2026,2026-07-23,,Houston Dynamo,DC United,1,1,78,,substitution,,True,,,D. Samassékou,H. Herrera,,,,
mls_2026,2026-07-23,,Houston Dynamo,DC United,1,1,88,,substitution,,True,,,D. Holmes,F. Andrade,,,,
mls_2026,2026-07-23,,Houston Dynamo,DC United,1,1,88,,substitution,,False,,,N. Markovic,A. Dozzell,,,,
mls_2026,2026-07-23,,Houston Dynamo,DC United,1,1,88,,substitution,,True,,,O. Lingr,M. Bogusz,,,,
mls_2026,2026-07-23,,Houston Dynamo,DC United,1,1,90,,period,,,,,,,FT,,1,1
mls_2026,2026-07-23,,Houston Dynamo,DC United,1,1,90,7,card,E. Sviatchenko,True,yellow,Handball,,,,,,
mls_2026,2026-07-23,,Houston Dynamo,DC United,1,1,90,5,card,J. Stroud,False,yellow,Foul,,,,,,
mls_2026,2026-07-23,,Houston Dynamo,DC United,1,1,90,,injuryTime,,,,,,,,8,,
mls_2026,2026-07-23,,LA Galaxy,St.Louis City,1,3,42,,goal,L. MacNaughton,False,,,,,,,0,1
mls_2026,2026-07-23,,LA Galaxy,St.Louis City,1,3,45,,period,,,,,,,HT,,0,2
mls_2026,2026-07-23,,LA Galaxy,St.Louis City,1,3,45,2,card,M. Reus,True,yellow,Argument,,,,,,
mls_2026,2026-07-23,,LA Galaxy,St.Louis City,1,3,45,1,card,C. Garcés,True,yellow,Argument,,,,,,
mls_2026,2026-07-23,,LA Galaxy,St.Louis City,1,3,45,1,goal,M. Hartel,False,,,,,,,0,2
mls_2026,2026-07-23,,LA Galaxy,St.Louis City,1,3,45,,injuryTime,,,,,,,,2,,
mls_2026,2026-07-23,,LA Galaxy,St.Louis City,1,3,49,,card,C. Garcés,True,yellowRed,Time wasting,,,,,,
mls_2026,2026-07-23,,LA Galaxy,St.Louis City,1,3,56,,card,L. MacNaughton,False,yellow,Foul,,,,,,
mls_2026,2026-07-23,,LA Galaxy,St.Louis City,1,3,59,,substitution,,True,,,R. Taylor,M. Reus,,,,
mls_2026,2026-07-23,,LA Galaxy,St.Louis City,1,3,62,,substitution,,False,,,R. Santos,M. Joyner,,,,
mls_2026,2026-07-23,,LA Galaxy,St.Louis City,1,3,62,,substitution,,False,,,J. Orozco,L. MacNaughton,,,,
mls_2026,2026-07-23,,LA Galaxy,St.Louis City,1,3,62,,substitution,,False,,,J. Sang-bin,E. Löwen,,,,
mls_2026,2026-07-23,,LA Galaxy,St.Louis City,1,3,64,,substitution,,True,,,J. Aude,J. Nelson,,,,
mls_2026,2026-07-23,,LA Galaxy,St.Louis City,1,3,65,,substitution,,True,,,I. Parente,L. Sanabria,,,,
mls_2026,2026-07-23,,LA Galaxy,St.Louis City,1,3,68,,goal,S. Becher,False,,,,,,,0,3
mls_2026,2026-07-23,,LA Galaxy,St.Louis City,1,3,71,,card,J. Glesnes,True,yellow,Argument,,,,,,
mls_2026,2026-07-23,,LA Galaxy,St.Louis City,1,3,74,,substitution,,True,,,M. Yoshida,E. Wynder,,,,
mls_2026,2026-07-23,,LA Galaxy,St.Louis City,1,3,74,,substitution,,True,,,T. Elgersma,J. Paintsil,,,,
mls_2026,2026-07-23,,LA Galaxy,St.Louis City,1,3,86,,substitution,,False,,,M. Perez,D. Edelman,,,,
mls_2026,2026-07-23,,LA Galaxy,St.Louis City,1,3,86,,substitution,,False,,,P. Ault,S. Becher,,,,
mls_2026,2026-07-23,,LA Galaxy,St.Louis City,1,3,86,,goal,T. Elgersma,True,,,,,,,1,3
mls_2026,2026-07-23,,LA Galaxy,St.Louis City,1,3,90,,period,,,,,,,FT,,1,3
mls_2026,2026-07-23,,LA Galaxy,St.Louis City,1,3,90,,injuryTime,,,,,,,,5,,
mls_2026,2026-07-23,,Los Angeles FC,Real Salt Lake,3,1,11,,goal,S. Heung-min,True,,,,,,,1,0
mls_2026,2026-07-23,,Los Angeles FC,Real Salt Lake,3,1,40,,goal,D. Bouanga,True,,,,,,,2,0
mls_2026,2026-07-23,,Los Angeles FC,Real Salt Lake,3,1,45,,period,,,,,,,HT,,2,0
mls_2026,2026-07-23,,Los Angeles FC,Real Salt Lake,3,1,45,,injuryTime,,,,,,,,2,,
mls_2026,2026-07-23,,Los Angeles FC,Real Salt Lake,3,1,64,,substitution,,False,,,V. Olatunji,S. Spierings,,,,
mls_2026,2026-07-23,,Los Angeles FC,Real Salt Lake,3,1,64,,substitution,,True,,,J. Terry,M. Choinière,,,,
mls_2026,2026-07-23,,Los Angeles FC,Real Salt Lake,3,1,64,,substitution,,True,,,D. M. Morales,J. Shaffelburg,,,,
mls_2026,2026-07-23,,Los Angeles FC,Real Salt Lake,3,1,68,,goal,D. Yedlin,True,,,,,,,3,0
mls_2026,2026-07-23,,Los Angeles FC,Real Salt Lake,3,1,72,,substitution,,True,,,J. Ebobisse,S. Heung-min,,,,
mls_2026,2026-07-23,,Los Angeles FC,Real Salt Lake,3,1,78,,substitution,,False,,,S. Lobzhanidze,D. Luna,,,,
mls_2026,2026-07-23,,Los Angeles FC,Real Salt Lake,3,1,79,,substitution,,False,,,G. Dillon,M. Guilavogui,,,,
mls_2026,2026-07-23,,Los Angeles FC,Real Salt Lake,3,1,79,,substitution,,False,,,Z. Booth,S. Solans,,,,
mls_2026,2026-07-23,,Los Angeles FC,Real Salt Lake,3,1,84,,substitution,,False,,,A. Katranis,J. Sanabria,,,,
mls_2026,2026-07-23,,Los Angeles FC,Real Salt Lake,3,1,84,,substitution,,True,,,K. Nielsen,R. Hollingshead,,,,
mls_2026,2026-07-23,,Los Angeles FC,Real Salt Lake,3,1,84,,substitution,,True,,,T. Boyd,D. Bouanga,,,,
mls_2026,2026-07-23,,Los Angeles FC,Real Salt Lake,3,1,86,,goal,L. Engel,False,,,,,,,3,1
mls_2026,2026-07-23,,Los Angeles FC,Real Salt Lake,3,1,90,,period,,,,,,,FT,,3,1
mls_2026,2026-07-23,,Los Angeles FC,Real Salt Lake,3,1,90,,injuryTime,,,,,,,,5,,
mls_2026,2026-07-23,,Nashville SC,CF Montréal,1,0,45,,period,,,,,,,HT,,0,0
mls_2026,2026-07-23,,Nashville SC,CF Montréal,1,0,57,,substitution,,True,,,A. Najar,J. Bauer,,,,
mls_2026,2026-07-23,,Nashville SC,CF Montréal,1,0,66,,substitution,,True,,,A. Qasem,A. Muyl,,,,
mls_2026,2026-07-23,,Nashville SC,CF Montréal,1,0,66,,substitution,,True,,,B. Acosta,E. Tagseth,,,,
mls_2026,2026-07-23,,Nashville SC,CF Montréal,1,0,68,,goal,S. Surridge,True,,,,,,,1,0
mls_2026,2026-07-23,,Nashville SC,CF Montréal,1,0,74,,substitution,,False,,,E. Morales,J. Neal,,,,
mls_2026,2026-07-23,,Nashville SC,CF Montréal,1,0,74,,substitution,,False,,,D. Rios,F. Herbers,,,,
mls_2026,2026-07-23,,Nashville SC,CF Montréal,1,0,82,,substitution,,False,,,O. Escobar,N. Streit,,,,
mls_2026,2026-07-23,,Nashville SC,CF Montréal,1,0,86,,card,S. Surridge,True,yellow,Foul,,,,,,
mls_2026,2026-07-23,,Nashville SC,CF Montréal,1,0,88,,substitution,,False,,,F. Amaya,M. Longstaff,,,,
mls_2026,2026-07-23,,Nashville SC,CF Montréal,1,0,89,,substitution,,True,,,J. Maher,S. Mohammed,,,,
mls_2026,2026-07-23,,Nashville SC,CF Montréal,1,0,90,,period,,,,,,,FT,,1,0
mls_2026,2026-07-23,,Nashville SC,CF Montréal,1,0,90,7,card,P. Owusu,False,yellow,Foul,,,,,,
mls_2026,2026-07-23,,Nashville SC,CF Montréal,1,0,90,,substitution,,True,,,C. Brunet,M. Corcoran,,,,
mls_2026,2026-07-23,,Nashville SC,CF Montréal,1,0,90,,injuryTime,,,,,,,,7,,
mls_2026,2026-07-23,,Portland Timbers,FC Dallas,2,2,37,,card,K. Miller,True,yellow,Foul,,,,,,
mls_2026,2026-07-23,,Portland Timbers,FC Dallas,2,2,45,,period,,,,,,,HT,,0,1
mls_2026,2026-07-23,,Portland Timbers,FC Dallas,2,2,45,1,goal,P. Delgado,False,,,,,,,0,1
mls_2026,2026-07-23,,Portland Timbers,FC Dallas,2,2,45,,injuryTime,,,,,,,,2,,
mls_2026,2026-07-23,,Portland Timbers,FC Dallas,2,2,55,,substitution,,True,,,D. Chará,J. Caicedo,,,,
mls_2026,2026-07-23,,Portland Timbers,FC Dallas,2,2,55,,substitution,,True,,,K. Velde,A. Lassiter,,,,
mls_2026,2026-07-23,,Portland Timbers,FC Dallas,2,2,59,,card,H. Johansson,False,yellow,Argument,,,,,,
mls_2026,2026-07-23,,Portland Timbers,FC Dallas,2,2,62,,substitution,,False,,,S. Sarver,S. Moreno,,,,
mls_2026,2026-07-23,,Portland Timbers,FC Dallas,2,2,62,,substitution,,False,,,B. Kamungo,P. Delgado,,,,
mls_2026,2026-07-23,,Portland Timbers,FC Dallas,2,2,62,,substitution,,False,,,P. Musa,L. Farrington,,,,
mls_2026,2026-07-23,,Portland Timbers,FC Dallas,2,2,66,,goal,K. Kelsy,True,,,,,,,1,1
mls_2026,2026-07-23,,Portland Timbers,FC Dallas,2,2,81,,substitution,,True,,,A. Aravena,C. Bassett,,,,
mls_2026,2026-07-23,,Portland Timbers,FC Dallas,2,2,81,,substitution,,True,,,F. Mora,K. Kelsy,,,,
mls_2026,2026-07-23,,Portland Timbers,FC Dallas,2,2,84,,substitution,,False,,,S. Ibeagha,H. Johansson,,,,
mls_2026,2026-07-23,,Portland Timbers,FC Dallas,2,2,84,,substitution,,False,,,R. Binyamin,J. Valiente,,,,
mls_2026,2026-07-23,,Portland Timbers,FC Dallas,2,2,88,,goal,P. Musa,False,,,,,,,1,2
mls_2026,2026-07-23,,Portland Timbers,FC Dallas,2,2,90,,period,,,,,,,FT,,2,2
mls_2026,2026-07-23,,Portland Timbers,FC Dallas,2,2,90,6,card,S. Ibeagha,False,yellow,Foul,,,,,,
mls_2026,2026-07-23,,Portland Timbers,FC Dallas,2,2,90,4,card,D. Chará,True,yellow,Foul,,,,,,
mls_2026,2026-07-23,,Portland Timbers,FC Dallas,2,2,90,2,goal,F. Mora,True,,,,,,,2,2
mls_2026,2026-07-23,,Portland Timbers,FC Dallas,2,2,90,,card,B. Bye,True,yellow,Foul,,,,,,
mls_2026,2026-07-23,,Portland Timbers,FC Dallas,2,2,90,,injuryTime,,,,,,,,9,,
mls_2026,2026-07-23,,San Jose Earthquakes,Orlando City SC,0,4,29,,goal,I. Angulo,False,,,,,,,0,2
mls_2026,2026-07-23,,San Jose Earthquakes,Orlando City SC,0,4,36,,card,E. Atuesta,False,yellow,Foul,,,,,,
mls_2026,2026-07-23,,San Jose Earthquakes,Orlando City SC,0,4,45,,period,,,,,,,HT,,0,2
mls_2026,2026-07-23,,San Jose Earthquakes,Orlando City SC,0,4,45,1,card,T. Werner,True,yellow,Foul,,,,,,
mls_2026,2026-07-23,,San Jose Earthquakes,Orlando City SC,0,4,45,,injuryTime,,,,,,,,6,,
mls_2026,2026-07-23,,San Jose Earthquakes,Orlando City SC,0,4,46,,substitution,,True,,,J. Skahan,N. Fernandez,,,,
mls_2026,2026-07-23,,San Jose Earthquakes,Orlando City SC,0,4,48,,goal,A. Griezmann,False,,,,,,,0,3
mls_2026,2026-07-23,,San Jose Earthquakes,Orlando City SC,0,4,52,,card,R. Vieira,True,yellow,Foul,,,,,,
mls_2026,2026-07-23,,San Jose Earthquakes,Orlando City SC,0,4,59,,substitution,,False,,,T. Spicer,T. Souza,,,,
mls_2026,2026-07-23,,San Jose Earthquakes,Orlando City SC,0,4,67,,card,P. Judd,True,yellow,Argument,,,,,,
mls_2026,2026-07-23,,San Jose Earthquakes,Orlando City SC,0,4,7,,goal,D. Brekalo,False,,,,,,,0,1
mls_2026,2026-07-23,,San Jose Earthquakes,Orlando City SC,0,4,72,,goal,B. Ojeda,False,,,,,,,0,4
mls_2026,2026-07-23,,San Jose Earthquakes,Orlando City SC,0,4,74,,substitution,,True,,,D. Johnson,T. Werner,,,,
mls_2026,2026-07-23,,San Jose Earthquakes,Orlando City SC,0,4,74,,substitution,,True,,,P. Marie,J. Ricketts,,,,
mls_2026,2026-07-23,,San Jose Earthquakes,Orlando City SC,0,4,79,,substitution,,False,,,H. Sarajian,I. Angulo,,,,
mls_2026,2026-07-23,,San Jose Earthquakes,Orlando City SC,0,4,79,,substitution,,False,,,L. Otávio,E. Atuesta,,,,
mls_2026,2026-07-23,,San Jose Earthquakes,Orlando City SC,0,4,79,,substitution,,False,,,B. Rhein,A. Marín,,,,
mls_2026,2026-07-23,,San Jose Earthquakes,Orlando City SC,0,4,80,,card,H. Sarajian,False,yellow,Simulation,,,,,,
mls_2026,2026-07-23,,San Jose Earthquakes,Orlando City SC,0,4,81,,substitution,,True,,,J. Gonzalez,R. Vieira,,,,
mls_2026,2026-07-23,,San Jose Earthquakes,Orlando City SC,0,4,84,,substitution,,False,,,Z. Taifi,J. Ellis,,,,
mls_2026,2026-07-23,,San Jose Earthquakes,Orlando City SC,0,4,86,,substitution,,True,,,I. Harkes,B. Leroux,,,,
mls_2026,2026-07-23,,San Jose Earthquakes,Orlando City SC,0,4,90,,period,,,,,,,FT,,0,4
mls_2026,2026-07-23,,San Jose Earthquakes,Orlando City SC,0,4,90,4,card,D. Munie,True,yellow,Foul,,,,,,
mls_2026,2026-07-23,,San Jose Earthquakes,Orlando City SC,0,4,90,,injuryTime,,,,,,,,5,,
mls_2026,2026-07-23,,Sporting Kansas City,Minnesota United,2,1,21,,card,K. Duncan,False,yellow,Foul,,,,,,
mls_2026,2026-07-23,,Sporting Kansas City,Minnesota United,2,1,28,,goal,D. Joveljić,True,,,,,,,1,0
mls_2026,2026-07-23,,Sporting Kansas City,Minnesota United,2,1,45,,period,,,,,,,HT,,1,0
mls_2026,2026-07-23,,Sporting Kansas City,Minnesota United,2,1,45,2,card,Capita,True,yellow,Foul,,,,,,
mls_2026,2026-07-23,,Sporting Kansas City,Minnesota United,2,1,45,,injuryTime,,,,,,,,2,,
mls_2026,2026-07-23,,Sporting Kansas City,Minnesota United,2,1,54,,goal,M. García,True,,,,,,,2,0
mls_2026,2026-07-23,,Sporting Kansas City,Minnesota United,2,1,56,,card,J. Pereyra,False,yellow,Foul,,,,,,
mls_2026,2026-07-23,,Sporting Kansas City,Minnesota United,2,1,64,,substitution,,False,,,B. Hlongwane,K. Duncan,,,,
mls_2026,2026-07-23,,Sporting Kansas City,Minnesota United,2,1,64,,substitution,,False,,,M. Dieng,K. Yeboah,,,,
mls_2026,2026-07-23,,Sporting Kansas City,Minnesota United,2,1,72,,substitution,,True,,,S. Afrifa,Capita,,,,
mls_2026,2026-07-23,,Sporting Kansas City,Minnesota United,2,1,72,,substitution,,True,,,K. Agyabeng,M. García,,,,
mls_2026,2026-07-23,,Sporting Kansas City,Minnesota United,2,1,74,,card,D. Joveljić,True,yellow,Foul,,,,,,
mls_2026,2026-07-23,,Sporting Kansas City,Minnesota United,2,1,75,,substitution,,False,,,M. González,O. Gene,,,,
mls_2026,2026-07-23,,Sporting Kansas City,Minnesota United,2,1,75,,substitution,,False,,,J. Díaz,D. Padelford,,,,
mls_2026,2026-07-23,,Sporting Kansas City,Minnesota United,2,1,75,,goal,D. Padelford,False,,,,,,,2,1
mls_2026,2026-07-23,,Sporting Kansas City,Minnesota United,2,1,79,,substitution,,True,,,J. Bartlett,Z. Bassong,,,,
mls_2026,2026-07-23,,Sporting Kansas City,Minnesota United,2,1,79,,substitution,,True,,,J. Reid,E. Karić,,,,
mls_2026,2026-07-23,,Sporting Kansas City,Minnesota United,2,1,84,,card,B. Hlongwane,False,yellow,Foul,,,,,,
mls_2026,2026-07-23,,Sporting Kansas City,Minnesota United,2,1,85,,substitution,,False,,,J. Gressel,T. Chancalay,,,,
mls_2026,2026-07-23,,Sporting Kansas City,Minnesota United,2,1,90,,period,,,,,,,FT,,2,1
mls_2026,2026-07-23,,Sporting Kansas City,Minnesota United,2,1,90,,injuryTime,,,,,,,,4,,
mls_2026,2026-07-25,,CF Montréal,Inter Miami CF,0,1,23,,card,I. Fray,False,yellow,Foul,,,,,,
mls_2026,2026-07-25,,CF Montréal,Inter Miami CF,0,1,45,,period,,,,,,,HT,,0,0
mls_2026,2026-07-25,,CF Montréal,Inter Miami CF,0,1,45,,injuryTime,,,,,,,,1,,
mls_2026,2026-07-25,,CF Montréal,Inter Miami CF,0,1,59,,substitution,,False,,,N. Allen,S. Reguilón,,,,
mls_2026,2026-07-25,,CF Montréal,Inter Miami CF,0,1,61,,substitution,,True,,,D. Pereira,S. Piette,,,,
mls_2026,2026-07-25,,CF Montréal,Inter Miami CF,0,1,62,,substitution,,True,,,N. Streit,D. Rios,,,,
mls_2026,2026-07-25,,CF Montréal,Inter Miami CF,0,1,80,,substitution,,False,,,P. Plambeck,G. Berterame,,,,
mls_2026,2026-07-25,,CF Montréal,Inter Miami CF,0,1,80,,substitution,,True,,,F. Herbers,M. Longstaff,,,,
mls_2026,2026-07-25,,CF Montréal,Inter Miami CF,0,1,81,,goal,L. Suárez,False,,,,,,,0,1
mls_2026,2026-07-25,,CF Montréal,Inter Miami CF,0,1,84,,card,T. Segovia,False,yellow,Foul,,,,,,
mls_2026,2026-07-25,,CF Montréal,Inter Miami CF,0,1,90,,period,,,,,,,FT,,0,1
mls_2026,2026-07-25,,CF Montréal,Inter Miami CF,0,1,90,11,substitution,,True,,,B. Craig,E. Morales,,,,
mls_2026,2026-07-25,,CF Montréal,Inter Miami CF,0,1,90,8,substitution,,False,,,D. Ruíz,Y. Bright,,,,
mls_2026,2026-07-25,,CF Montréal,Inter Miami CF,0,1,90,6,substitution,,True,,,O. Escobar,V. Loturi,,,,
mls_2026,2026-07-25,,CF Montréal,Inter Miami CF,0,1,90,,injuryTime,,,,,,,,13,,
mls_2026,2026-07-25,,Columbus Crew,FC Cincinnati,2,1,41,,goal,J. Thiaré,True,,,,,,,1,1
mls_2026,2026-07-25,,Columbus Crew,FC Cincinnati,2,1,45,,period,,,,,,,HT,,2,1
mls_2026,2026-07-25,,Columbus Crew,FC Cincinnati,2,1,45,6,goal,D. Gazdag,True,,,,,,,2,1
mls_2026,2026-07-25,,Columbus Crew,FC Cincinnati,2,1,45,,injuryTime,,,,,,,,3,,
mls_2026,2026-07-25,,Columbus Crew,FC Cincinnati,2,1,46,,substitution,,True,,,A. Gomes,S. T. Bangoura,,,,
mls_2026,2026-07-25,,Columbus Crew,FC Cincinnati,2,1,64,,substitution,,False,,,B. Ramírez,E. Echenique,,,,
mls_2026,2026-07-25,,Columbus Crew,FC Cincinnati,2,1,64,,substitution,,False,,,T. Barlow,K. M. Dem,,,,
mls_2026,2026-07-25,,Columbus Crew,FC Cincinnati,2,1,66,,card,M. Miazga,False,yellow,Foul,,,,,,
mls_2026,2026-07-25,,Columbus Crew,FC Cincinnati,2,1,70,,substitution,,False,,,A. Jabbari,K. Denkey,,,,
mls_2026,2026-07-25,,Columbus Crew,FC Cincinnati,2,1,70,,substitution,,False,,,K. Smith,M. Miazga,,,,
mls_2026,2026-07-25,,Columbus Crew,FC Cincinnati,2,1,70,,substitution,,True,,,T. Karumanchi,D. Chambost,,,,
mls_2026,2026-07-25,,Columbus Crew,FC Cincinnati,2,1,79,,substitution,,True,,,H. Picard,J. Thiaré,,,,
mls_2026,2026-07-25,,Columbus Crew,FC Cincinnati,2,1,85,,substitution,,True,,,M. Amundsen,S. Moreira,,,,
mls_2026,2026-07-25,,Columbus Crew,FC Cincinnati,2,1,85,,substitution,,True,,,C. Adams,D. Gazdag,,,,
mls_2026,2026-07-25,,Columbus Crew,FC Cincinnati,2,1,85,,substitution,,False,,,T. Anunga,O. Nwobodo,,,,
mls_2026,2026-07-25,,Columbus Crew,FC Cincinnati,2,1,9,,goal,K. Denkey,False,,,,,,,0,1
mls_2026,2026-07-25,,Columbus Crew,FC Cincinnati,2,1,90,,period,,,,,,,FT,,2,1
mls_2026,2026-07-25,,Columbus Crew,FC Cincinnati,2,1,90,4,card,A. Gomes,True,yellow,Argument,,,,,,
mls_2026,2026-07-25,,Columbus Crew,FC Cincinnati,2,1,90,4,card,G. Valenzuela,False,red,Violent conduct,,,,,,
mls_2026,2026-07-25,,Columbus Crew,FC Cincinnati,2,1,90,,injuryTime,,,,,,,,3,,
mls_2026,2026-07-25,,DC United,Toronto FC,2,1,41,,goal,K. Rowles,True,,,,,,,1,0
mls_2026,2026-07-25,,DC United,Toronto FC,2,1,45,,period,,,,,,,HT,,1,0
mls_2026,2026-07-25,,DC United,Toronto FC,2,1,45,,injuryTime,,,,,,,,2,,
mls_2026,2026-07-25,,DC United,Toronto FC,2,1,46,,substitution,,False,,,A. Coello,Z. Monlouis,,,,
mls_2026,2026-07-25,,DC United,Toronto FC,2,1,53,,card,L. Munteanu,True,yellow,Foul,,,,,,
mls_2026,2026-07-25,,DC United,Toronto FC,2,1,54,,substitution,,False,,,D. Kerr,E. Aristizábal,,,,
mls_2026,2026-07-25,,DC United,Toronto FC,2,1,54,,substitution,,False,,,Đ. Mihailović,D. Etienne,,,,
mls_2026,2026-07-25,,DC United,Toronto FC,2,1,65,,substitution,,True,,,J. Stroud,Peglow,,,,
mls_2026,2026-07-25,,DC United,Toronto FC,2,1,65,,substitution,,True,,,M. Peltola,J. Hopkins,,,,
mls_2026,2026-07-25,,DC United,Toronto FC,2,1,76,,goal,T. Corbeanu,False,,,,,,,1,1
mls_2026,2026-07-25,,DC United,Toronto FC,2,1,80,,substitution,,True,,,H. Kijima,B. Servania,,,,
mls_2026,2026-07-25,,DC United,Toronto FC,2,1,80,,substitution,,True,,,S. Nealis,K. Rowles,,,,
mls_2026,2026-07-25,,DC United,Toronto FC,2,1,85,,substitution,,True,,,N. Ordaz,L. Munteanu,,,,
mls_2026,2026-07-25,,DC United,Toronto FC,2,1,88,,card,J. Osorio,False,yellow,Foul,,,,,,
mls_2026,2026-07-25,,DC United,Toronto FC,2,1,90,,period,,,,,,,FT,,2,1
mls_2026,2026-07-25,,DC United,Toronto FC,2,1,90,10,goal,T. Baribo,True,,,,,,,2,1
mls_2026,2026-07-25,,DC United,Toronto FC,2,1,90,8,varDecision,A. Dozzell,True,,,,,,,,
mls_2026,2026-07-25,,DC United,Toronto FC,2,1,90,2,substitution,,False,,,M. Henry,T. Corbeanu,,,,
mls_2026,2026-07-25,,DC United,Toronto FC,2,1,90,,injuryTime,,,,,,,,8,,
mls_2026,2026-07-25,,New England Revolution,Atlanta United,4,1,11,,goal,C. Gil,True,,,,,,,1,0
mls_2026,2026-07-25,,New England Revolution,Atlanta United,4,1,20,,card,A. Yusuf,True,yellow,Foul,,,,,,
mls_2026,2026-07-25,,New England Revolution,Atlanta United,4,1,31,,card,M. Edwards,False,yellow,Foul,,,,,,
mls_2026,2026-07-25,,New England Revolution,Atlanta United,4,1,36,,goal,D. Turgeman,True,,,,,,,2,0
mls_2026,2026-07-25,,New England Revolution,Atlanta United,4,1,45,,period,,,,,,,HT,,2,0
mls_2026,2026-07-25,,New England Revolution,Atlanta United,4,1,45,,injuryTime,,,,,,,,3,,
mls_2026,2026-07-25,,New England Revolution,Atlanta United,4,1,52,,card,W. Reilly,False,yellow,Foul,,,,,,
mls_2026,2026-07-25,,New England Revolution,Atlanta United,4,1,56,,goal,P. Miller,True,,,,,,,3,0
mls_2026,2026-07-25,,New England Revolution,Atlanta United,4,1,59,,substitution,,False,,,L. Brennan,T. Muyumba,,,,
mls_2026,2026-07-25,,New England Revolution,Atlanta United,4,1,59,,substitution,,True,,,J. Yueill,A. Yusuf,,,,
mls_2026,2026-07-25,,New England Revolution,Atlanta United,4,1,67,,goal,B. Raines,True,,,,,,,4,0
mls_2026,2026-07-25,,New England Revolution,Atlanta United,4,1,68,,substitution,,True,,,G. Yow,P. Miller,,,,
mls_2026,2026-07-25,,New England Revolution,Atlanta United,4,1,68,,substitution,,True,,,W. Harris,D. Turgeman,,,,
mls_2026,2026-07-25,,New England Revolution,Atlanta United,4,1,68,,substitution,,True,,,L. Langoni,M. Zambrano,,,,
mls_2026,2026-07-25,,New England Revolution,Atlanta United,4,1,69,,substitution,,False,,,R. Hernández,M. Edwards,,,,
mls_2026,2026-07-25,,New England Revolution,Atlanta United,4,1,70,,card,W. Harris,True,yellow,Foul,,,,,,
mls_2026,2026-07-25,,New England Revolution,Atlanta United,4,1,79,,substitution,,True,,,C. Baker,M. Polster,,,,
mls_2026,2026-07-25,,New England Revolution,Atlanta United,4,1,79,,substitution,,False,,,C. Togashi,F. Picault,,,,
mls_2026,2026-07-25,,New England Revolution,Atlanta United,4,1,79,,substitution,,False,,,E. Mihaj,S. Gregersen,,,,
mls_2026,2026-07-25,,New England Revolution,Atlanta United,4,1,85,,goal,M. Almirón,False,,,,,,,4,1
mls_2026,2026-07-25,,New England Revolution,Atlanta United,4,1,90,,period,,,,,,,FT,,4,1
mls_2026,2026-07-25,,New England Revolution,Atlanta United,4,1,90,,injuryTime,,,,,,,,6,,
mls_2026,2026-07-25,,New York City FC,Chicago Fire,3,1,10,,goal,N. Fernández,True,,,,,,,1,0
mls_2026,2026-07-25,,New York City FC,Chicago Fire,3,1,21,,goal,J. Waterman,False,,,,,,,1,1
mls_2026,2026-07-25,,New York City FC,Chicago Fire,3,1,29,,goal,A. Ojeda,True,,,,,,,2,1
mls_2026,2026-07-25,,New York City FC,Chicago Fire,3,1,41,,goal,M. Jones,True,,,,,,,3,1
mls_2026,2026-07-25,,New York City FC,Chicago Fire,3,1,45,,period,,,,,,,HT,,3,1
mls_2026,2026-07-25,,New York City FC,Chicago Fire,3,1,45,,injuryTime,,,,,,,,5,,
mls_2026,2026-07-25,,New York City FC,Chicago Fire,3,1,46,,substitution,,False,,,J. Dean,L. Barroso,,,,
mls_2026,2026-07-25,,New York City FC,Chicago Fire,3,1,46,,substitution,,False,,,R. Lewandowski,M. Haile-Selassie,,,,
mls_2026,2026-07-25,,New York City FC,Chicago Fire,3,1,51,,card,D. T. D'Avilla,False,yellow,Foul,,,,,,
mls_2026,2026-07-25,,New York City FC,Chicago Fire,3,1,62,,card,N. Fernández,True,yellow,Foul,,,,,,
mls_2026,2026-07-25,,New York City FC,Chicago Fire,3,1,63,,substitution,,False,,,M. Pineda,D. T. D'Avilla,,,,
mls_2026,2026-07-25,,New York City FC,Chicago Fire,3,1,69,,substitution,,True,,,B. Traore,M. Jones,,,,
mls_2026,2026-07-25,,New York City FC,Chicago Fire,3,1,71,,substitution,,False,,,A. Gutman,V. Radojević,,,,
mls_2026,2026-07-25,,New York City FC,Chicago Fire,3,1,71,,substitution,,False,,,P. Dithejane,R. Lod,,,,
mls_2026,2026-07-25,,New York City FC,Chicago Fire,3,1,77,,card,J. Waterman,False,yellow,Off the ball foul,,,,,,
mls_2026,2026-07-25,,New York City FC,Chicago Fire,3,1,80,,card,P. Dithejane,False,yellow,Foul,,,,,,
mls_2026,2026-07-25,,New York City FC,Chicago Fire,3,1,85,,substitution,,True,,,H. Wolf,T. Magno,,,,
mls_2026,2026-07-25,,New York City FC,Chicago Fire,3,1,85,,substitution,,True,,,A. Farnos,J. Shore,,,,
mls_2026,2026-07-25,,New York City FC,Chicago Fire,3,1,90,,period,,,,,,,FT,,3,1
mls_2026,2026-07-25,,New York City FC,Chicago Fire,3,1,90,2,substitution,,True,,,M. Ilenič,A. Ojeda,,,,
mls_2026,2026-07-25,,New York City FC,Chicago Fire,3,1,90,,injuryTime,,,,,,,,5,,
mls_2026,2026-07-25,,New York Red Bulls,Charlotte FC,0,2,12,,goal,A. Westwood,False,,,,,,,0,2
mls_2026,2026-07-25,,New York Red Bulls,Charlotte FC,0,2,45,,period,,,,,,,HT,,0,2
mls_2026,2026-07-25,,New York Red Bulls,Charlotte FC,0,2,45,,injuryTime,,,,,,,,3,,
mls_2026,2026-07-25,,New York Red Bulls,Charlotte FC,0,2,47,,card,L. Abada,False,yellow,Foul,,,,,,
mls_2026,2026-07-25,,New York Red Bulls,Charlotte FC,0,2,56,,card,J. Ruvalcaba,True,yellow,Argument,,,,,,
mls_2026,2026-07-25,,New York Red Bulls,Charlotte FC,0,2,61,,substitution,,False,,,W. Cleary,H. Toffolo,,,,
mls_2026,2026-07-25,,New York Red Bulls,Charlotte FC,0,2,7,,goal,P. Biel,False,,,,,,,0,1
mls_2026,2026-07-25,,New York Red Bulls,Charlotte FC,0,2,70,,substitution,,True,,,M. Jiménez,E. Forsberg,,,,
mls_2026,2026-07-25,,New York Red Bulls,Charlotte FC,0,2,70,,substitution,,True,,,J. Marshall-Rutty,D. Nealis,,,,
mls_2026,2026-07-25,,New York Red Bulls,Charlotte FC,0,2,70,,substitution,,True,,,M. Sofo,C. Cowell,,,,
mls_2026,2026-07-25,,New York Red Bulls,Charlotte FC,0,2,71,,substitution,,False,,,D. Diani,L. D. L. Torre,,,,
mls_2026,2026-07-25,,New York Red Bulls,Charlotte FC,0,2,71,,substitution,,False,,,T. Smalls,L. Abada,,,,
mls_2026,2026-07-25,,New York Red Bulls,Charlotte FC,0,2,76,,card,A. Mehmeti,True,yellow,Foul,,,,,,
mls_2026,2026-07-25,,New York Red Bulls,Charlotte FC,0,2,82,,substitution,,False,,,B. Bronico,P. Biel,,,,
mls_2026,2026-07-25,,New York Red Bulls,Charlotte FC,0,2,82,,substitution,,False,,,A. Goodwin,I. Toklomati,,,,
mls_2026,2026-07-25,,New York Red Bulls,Charlotte FC,0,2,84,,substitution,,True,,,A. Rojas,J. Ruvalcaba,,,,
mls_2026,2026-07-25,,New York Red Bulls,Charlotte FC,0,2,84,,substitution,,True,,,O. Valencia,M. D. Santos,,,,
mls_2026,2026-07-25,,New York Red Bulls,Charlotte FC,0,2,85,,card,O. Valencia,True,yellow,Foul,,,,,,
mls_2026,2026-07-25,,New York Red Bulls,Charlotte FC,0,2,90,,period,,,,,,,FT,,0,2
mls_2026,2026-07-25,,New York Red Bulls,Charlotte FC,0,2,90,3,card,A. Mehmeti,True,yellowRed,Argument,,,,,,
mls_2026,2026-07-25,,New York Red Bulls,Charlotte FC,0,2,90,1,card,J. Che,True,yellow,Foul,,,,,,
mls_2026,2026-07-25,,New York Red Bulls,Charlotte FC,0,2,90,,injuryTime,,,,,,,,5,,
mls_2026,2026-07-25,,Philadelphia Union,Seattle Sounders FC,1,0,12,,card,H. Dotson,False,yellow,Handball,,,,,,
mls_2026,2026-07-25,,Philadelphia Union,Seattle Sounders FC,1,0,31,,goal,M. Iloski,True,,,,,,,1,0
mls_2026,2026-07-25,,Philadelphia Union,Seattle Sounders FC,1,0,45,,period,,,,,,,HT,,1,0
mls_2026,2026-07-25,,Philadelphia Union,Seattle Sounders FC,1,0,45,,injuryTime,,,,,,,,2,,
mls_2026,2026-07-25,,Philadelphia Union,Seattle Sounders FC,1,0,59,,substitution,,False,,,G. Sandnes,A. Lopez,,,,
mls_2026,2026-07-25,,Philadelphia Union,Seattle Sounders FC,1,0,60,,substitution,,False,,,P. Kingston,K. Kossa-Rienzi,,,,
mls_2026,2026-07-25,,Philadelphia Union,Seattle Sounders FC,1,0,60,,substitution,,False,,,J. Ferreira,P. Arriola,,,,
mls_2026,2026-07-25,,Philadelphia Union,Seattle Sounders FC,1,0,65,,substitution,,True,,,Q. Sullivan,I. Vassilev,,,,
mls_2026,2026-07-25,,Philadelphia Union,Seattle Sounders FC,1,0,65,,substitution,,True,,,E. Alladoh,B. Damiani,,,,
mls_2026,2026-07-25,,Philadelphia Union,Seattle Sounders FC,1,0,80,,substitution,,False,,,S. Gomez,H. Dotson,,,,
mls_2026,2026-07-25,,Philadelphia Union,Seattle Sounders FC,1,0,80,,substitution,,False,,,D. Musovski,O. D. Rosario,,,,
mls_2026,2026-07-25,,Philadelphia Union,Seattle Sounders FC,1,0,80,,substitution,,True,,,J. Bueno,D. Jean Jacques,,,,
mls_2026,2026-07-25,,Philadelphia Union,Seattle Sounders FC,1,0,89,,substitution,,True,,,A. Bedoya,C. Sullivan,,,,
mls_2026,2026-07-25,,Philadelphia Union,Seattle Sounders FC,1,0,90,,period,,,,,,,FT,,1,0
mls_2026,2026-07-26,,Houston Dynamo,Austin FC,3,0,12,,goal,M. Bogusz,True,,,,,,,1,0
mls_2026,2026-07-26,,Houston Dynamo,Austin FC,3,0,18,,card,I. Sánchez,False,yellow,Foul,,,,,,
mls_2026,2026-07-26,,Houston Dynamo,Austin FC,3,0,29,,goal,M. Bogusz,True,,,,,,,2,0
mls_2026,2026-07-26,,Houston Dynamo,Austin FC,3,0,32,,goal,Guilherme,True,,,,,,,3,0
mls_2026,2026-07-26,,Houston Dynamo,Austin FC,3,0,42,,card,F. Andrade,True,yellow,Persistent fouling,,,,,,
mls_2026,2026-07-26,,Houston Dynamo,Austin FC,3,0,45,,period,,,,,,,HT,,3,0
mls_2026,2026-07-26,,Houston Dynamo,Austin FC,3,0,45,,injuryTime,,,,,,,,5,,
mls_2026,2026-07-26,,Houston Dynamo,Austin FC,3,0,60,,substitution,,False,,,J. Rosales,P. Płacheta,,,,
mls_2026,2026-07-26,,Houston Dynamo,Austin FC,3,0,60,,substitution,,False,,,B. Sabović,I. Sánchez,,,,
mls_2026,2026-07-26,,Houston Dynamo,Austin FC,3,0,62,,card,B. Sabović,False,yellow,Argument,,,,,,
mls_2026,2026-07-26,,Houston Dynamo,Austin FC,3,0,62,,card,L. Halter,True,yellow,Argument,,,,,,
mls_2026,2026-07-26,,Houston Dynamo,Austin FC,3,0,63,,substitution,,True,,,Artur,D. Samassékou,,,,
mls_2026,2026-07-26,,Houston Dynamo,Austin FC,3,0,70,,substitution,,False,,,M. Đorđević,O. Svatok,,,,
mls_2026,2026-07-26,,Houston Dynamo,Austin FC,3,0,70,,substitution,,True,,,D. McGuire,E. Ponce,,,,
mls_2026,2026-07-26,,Houston Dynamo,Austin FC,3,0,70,,substitution,,True,,,J. McGlynn,A. Bouzat,,,,
mls_2026,2026-07-26,,Houston Dynamo,Austin FC,3,0,71,,substitution,,False,,,E. Torres,F. Torres,,,,
mls_2026,2026-07-26,,Houston Dynamo,Austin FC,3,0,82,,substitution,,False,,,Ž. Kolmanič,J. Gallagher,,,,
mls_2026,2026-07-26,,Houston Dynamo,Austin FC,3,0,84,,substitution,,True,,,O. Lingr,Guilherme,,,,
mls_2026,2026-07-26,,Houston Dynamo,Austin FC,3,0,85,,substitution,,True,,,E. Sviatchenko,L. Halter,,,,
mls_2026,2026-07-26,,Houston Dynamo,Austin FC,3,0,90,,period,,,,,,,FT,,3,0
mls_2026,2026-07-26,,Houston Dynamo,Austin FC,3,0,90,,injuryTime,,,,,,,,5,,
mls_2026,2026-07-26,,Los Angeles FC,Sporting Kansas City,4,0,2,,card,M. García,False,yellow,Foul,,,,,,
mls_2026,2026-07-26,,Los Angeles FC,Sporting Kansas City,4,0,37,,goal,D. Bouanga,True,,,,,,,2,0
mls_2026,2026-07-26,,Los Angeles FC,Sporting Kansas City,4,0,45,,period,,,,,,,HT,,3,0
mls_2026,2026-07-26,,Los Angeles FC,Sporting Kansas City,4,0,45,4,goal,D. M. Morales,True,,,,,,,3,0
mls_2026,2026-07-26,,Los Angeles FC,Sporting Kansas City,4,0,45,,injuryTime,,,,,,,,4,,
mls_2026,2026-07-26,,Los Angeles FC,Sporting Kansas City,4,0,46,,substitution,,True,,,E. Segura,T. Tillman,,,,
mls_2026,2026-07-26,,Los Angeles FC,Sporting Kansas City,4,0,5,,goal,S. Heung-min,True,,,,,,,1,0
mls_2026,2026-07-26,,Los Angeles FC,Sporting Kansas City,4,0,62,,substitution,,False,,,S. Suleymanov,S. Afrifa,,,,
mls_2026,2026-07-26,,Los Angeles FC,Sporting Kansas City,4,0,62,,substitution,,True,,,J. Terry,M. Delgado,,,,
mls_2026,2026-07-26,,Los Angeles FC,Sporting Kansas City,4,0,62,,substitution,,False,,,K. Agyabeng,M. García,,,,
mls_2026,2026-07-26,,Los Angeles FC,Sporting Kansas City,4,0,69,,substitution,,False,,,M. Mosquera,O. Blorian,,,,
mls_2026,2026-07-26,,Los Angeles FC,Sporting Kansas City,4,0,75,,card,C. Harris,False,yellow,Foul,,,,,,
mls_2026,2026-07-26,,Los Angeles FC,Sporting Kansas City,4,0,78,,substitution,,True,,,R. Raposo,R. Hollingshead,,,,
mls_2026,2026-07-26,,Los Angeles FC,Sporting Kansas City,4,0,78,,substitution,,True,,,T. Boyd,D. M. Morales,,,,
mls_2026,2026-07-26,,Los Angeles FC,Sporting Kansas City,4,0,85,,goal,D. Bouanga,True,,,,,,,4,0
mls_2026,2026-07-26,,Los Angeles FC,Sporting Kansas City,4,0,85,,substitution,,True,,,J. Ebobisse,S. Heung-min,,,,
mls_2026,2026-07-26,,Los Angeles FC,Sporting Kansas City,4,0,90,,period,,,,,,,FT,,4,0
mls_2026,2026-07-26,,Los Angeles FC,Sporting Kansas City,4,0,90,,injuryTime,,,,,,,,4,,
mls_2026,2026-07-26,,Minnesota United,Vancouver Whitecaps,0,0,11,,substitution,,False,,,M. Gherasimencov,R. Veselinović,,,,
mls_2026,2026-07-26,,Minnesota United,Vancouver Whitecaps,0,0,17,,card,M. Dieng,True,yellow,Foul,,,,,,
mls_2026,2026-07-26,,Minnesota United,Vancouver Whitecaps,0,0,24,,card,J. Badwal,False,yellow,Foul,,,,,,
mls_2026,2026-07-26,,Minnesota United,Vancouver Whitecaps,0,0,45,,period,,,,,,,HT,,0,0
mls_2026,2026-07-26,,Minnesota United,Vancouver Whitecaps,0,0,45,,injuryTime,,,,,,,,2,,
mls_2026,2026-07-26,,Minnesota United,Vancouver Whitecaps,0,0,46,,substitution,,False,,,R. Gauld,O. Larraz,,,,
mls_2026,2026-07-26,,Minnesota United,Vancouver Whitecaps,0,0,46,,substitution,,False,,,N. Djordjevic,C. T. Sabaly,,,,
mls_2026,2026-07-26,,Minnesota United,Vancouver Whitecaps,0,0,57,,substitution,,True,,,C. Harvey,J. Díaz,,,,
mls_2026,2026-07-26,,Minnesota United,Vancouver Whitecaps,0,0,68,,substitution,,True,,,T. Chancalay,K. Yeboah,,,,
mls_2026,2026-07-26,,Minnesota United,Vancouver Whitecaps,0,0,68,,substitution,,True,,,P. Stroud,W. Trapp,,,,
mls_2026,2026-07-26,,Minnesota United,Vancouver Whitecaps,0,0,69,,substitution,,False,,,R. Elloumi,B. White,,,,
mls_2026,2026-07-26,,Minnesota United,Vancouver Whitecaps,0,0,81,,substitution,,True,,,B. Hlongwane,K. Duncan,,,,
mls_2026,2026-07-26,,Minnesota United,Vancouver Whitecaps,0,0,81,,substitution,,True,,,D. Padelford,A. Markanich,,,,
mls_2026,2026-07-26,,Minnesota United,Vancouver Whitecaps,0,0,87,,card,M. Boxall,True,yellow,Foul,,,,,,
mls_2026,2026-07-26,,Minnesota United,Vancouver Whitecaps,0,0,90,,period,,,,,,,FT,,0,0
mls_2026,2026-07-26,,Minnesota United,Vancouver Whitecaps,0,0,90,,substitution,,False,,,S. Adekugbe,T. Johnson,,,,
mls_2026,2026-07-26,,Minnesota United,Vancouver Whitecaps,0,0,90,,injuryTime,,,,,,,,5,,
mls_2026,2026-07-26,,Orlando City SC,Nashville SC,1,0,20,,card,T. Souza,True,yellow,Foul,,,,,,
mls_2026,2026-07-26,,Orlando City SC,Nashville SC,1,0,45,,period,,,,,,,HT,,0,0
mls_2026,2026-07-26,,Orlando City SC,Nashville SC,1,0,45,,injuryTime,,,,,,,,2,,
mls_2026,2026-07-26,,Orlando City SC,Nashville SC,1,0,46,,substitution,,False,,,A. Qasem,A. Muyl,,,,
mls_2026,2026-07-26,,Orlando City SC,Nashville SC,1,0,53,,substitution,,True,,,T. Spicer,T. Souza,,,,
mls_2026,2026-07-26,,Orlando City SC,Nashville SC,1,0,65,,substitution,,False,,,J. Knight,S. Mohammed,,,,
mls_2026,2026-07-26,,Orlando City SC,Nashville SC,1,0,65,,substitution,,False,,,E. Tagseth,B. Acosta,,,,
mls_2026,2026-07-26,,Orlando City SC,Nashville SC,1,0,70,,substitution,,True,,,Iago,D. Brekalo,,,,
mls_2026,2026-07-26,,Orlando City SC,Nashville SC,1,0,70,,substitution,,True,,,A. Marín,B. Rhein,,,,
mls_2026,2026-07-26,,Orlando City SC,Nashville SC,1,0,72,,goal,T. Spicer,True,,,,,,,1,0
mls_2026,2026-07-26,,Orlando City SC,Nashville SC,1,0,76,,substitution,,False,,,D. Lovitz,A. Najar,,,,
mls_2026,2026-07-26,,Orlando City SC,Nashville SC,1,0,86,,substitution,,True,,,W. Cartagena,L. Otávio,,,,
mls_2026,2026-07-26,,Orlando City SC,Nashville SC,1,0,86,,substitution,,True,,,H. Sarajian,J. Ellis,,,,
mls_2026,2026-07-26,,Orlando City SC,Nashville SC,1,0,90,,period,,,,,,,FT,,1,0
mls_2026,2026-07-26,,Orlando City SC,Nashville SC,1,0,90,5,substitution,,False,,,W. Pacius,M. Corcoran,,,,
mls_2026,2026-07-26,,Orlando City SC,Nashville SC,1,0,90,,injuryTime,,,,,,,,6,,
mls_2026,2026-07-26,,Portland Timbers,Real Salt Lake,2,1,10,,card,C. Bassett,True,yellow,Foul,,,,,,
mls_2026,2026-07-26,,Portland Timbers,Real Salt Lake,2,1,18,,goal,J. Sanabria,False,,,,,,,0,1
mls_2026,2026-07-26,,Portland Timbers,Real Salt Lake,2,1,33,,varDecision,M. Guilavogui,False,,,,,,,,
mls_2026,2026-07-26,,Portland Timbers,Real Salt Lake,2,1,34,,card,M. Guilavogui,False,red,Violent conduct,,,,,,
mls_2026,2026-07-26,,Portland Timbers,Real Salt Lake,2,1,41,,card,D. Chará,True,yellow,Foul,,,,,,
mls_2026,2026-07-26,,Portland Timbers,Real Salt Lake,2,1,45,,period,,,,,,,HT,,0,1
mls_2026,2026-07-26,,Portland Timbers,Real Salt Lake,2,1,45,,injuryTime,,,,,,,,6,,
mls_2026,2026-07-26,,Portland Timbers,Real Salt Lake,2,1,55,,card,S. Solans,False,yellow,Foul,,,,,,
mls_2026,2026-07-26,,Portland Timbers,Real Salt Lake,2,1,56,,goal,F. Mora,True,,,,,,,1,1
mls_2026,2026-07-26,,Portland Timbers,Real Salt Lake,2,1,57,,substitution,,True,,,A. Alves,A. Lassiter,,,,
mls_2026,2026-07-26,,Portland Timbers,Real Salt Lake,2,1,58,,substitution,,False,,,S. Junqua,D. Yedlin,,,,
mls_2026,2026-07-26,,Portland Timbers,Real Salt Lake,2,1,67,,goal,F. Mora,True,,,,,,,2,1
mls_2026,2026-07-26,,Portland Timbers,Real Salt Lake,2,1,72,,substitution,,True,,,A. Aravena,F. Mora,,,,
mls_2026,2026-07-26,,Portland Timbers,Real Salt Lake,2,1,72,,substitution,,True,,,J. Caicedo,D. Chará,,,,
mls_2026,2026-07-26,,Portland Timbers,Real Salt Lake,2,1,74,,substitution,,False,,,J. Arias,L. Engel,,,,
mls_2026,2026-07-26,,Portland Timbers,Real Salt Lake,2,1,74,,substitution,,False,,,S. Lobzhanidze,D. Luna,,,,
mls_2026,2026-07-26,,Portland Timbers,Real Salt Lake,2,1,74,,substitution,,False,,,V. Olatunji,S. Solans,,,,
mls_2026,2026-07-26,,Portland Timbers,Real Salt Lake,2,1,85,,substitution,,False,,,A. Katranis,J. Sanabria,,,,
mls_2026,2026-07-26,,Portland Timbers,Real Salt Lake,2,1,86,,substitution,,True,,,J. Ortíz,C. Bassett,,,,
mls_2026,2026-07-26,,Portland Timbers,Real Salt Lake,2,1,90,,period,,,,,,,FT,,2,1
mls_2026,2026-07-26,,Portland Timbers,Real Salt Lake,2,1,90,,injuryTime,,,,,,,,5,,
mls_2026,2026-07-26,,San Diego FC,FC Dallas,1,0,19,,substitution,,False,,,J. Sirois,Daniel,,,,
mls_2026,2026-07-26,,San Diego FC,FC Dallas,1,0,45,,period,,,,,,,HT,,0,0
mls_2026,2026-07-26,,San Diego FC,FC Dallas,1,0,45,,injuryTime,,,,,,,,4,,
mls_2026,2026-07-26,,San Diego FC,FC Dallas,1,0,46,,substitution,,False,,,B. Kamungo,J. Valiente,,,,
mls_2026,2026-07-26,,San Diego FC,FC Dallas,1,0,50,,goal,A. Alvarado Jr,True,,,,,,,1,0
mls_2026,2026-07-26,,San Diego FC,FC Dallas,1,0,61,,substitution,,False,,,A. Julio,R. Binyamin,,,,
mls_2026,2026-07-26,,San Diego FC,FC Dallas,1,0,61,,substitution,,False,,,S. Moreno,P. Delgado,,,,
mls_2026,2026-07-26,,San Diego FC,FC Dallas,1,0,73,,substitution,,True,,,D. Vazquez,M. Ingvartsen,,,,
mls_2026,2026-07-26,,San Diego FC,FC Dallas,1,0,73,,substitution,,True,,,A. Godoy,A. Alvarado Jr,,,,
mls_2026,2026-07-26,,San Diego FC,FC Dallas,1,0,79,,substitution,,False,,,L. Farrington,S. Ibeagha,,,,
mls_2026,2026-07-26,,San Diego FC,FC Dallas,1,0,81,,card,B. Kamungo,False,yellow,Foul,,,,,,
mls_2026,2026-07-26,,San Diego FC,FC Dallas,1,0,86,,substitution,,True,,,L. Bombino,K. Sargeant,,,,
mls_2026,2026-07-26,,San Diego FC,FC Dallas,1,0,87,,substitution,,True,,,L. Morgan,O. Valakari,,,,
mls_2026,2026-07-26,,San Diego FC,FC Dallas,1,0,88,,card,A. Julio,False,yellow,Foul,,,,,,
mls_2026,2026-07-26,,San Diego FC,FC Dallas,1,0,90,,period,,,,,,,FT,,1,0
mls_2026,2026-07-26,,San Diego FC,FC Dallas,1,0,90,,injuryTime,,,,,,,,4,,
mls_2026,2026-07-26,,San Jose Earthquakes,LA Galaxy,1,1,13,,goal,J. Paintsil,False,,,,,,,0,1
mls_2026,2026-07-26,,San Jose Earthquakes,LA Galaxy,1,1,20,,substitution,,True,,,I. Harkes,J. Gonzalez,,,,
mls_2026,2026-07-26,,San Jose Earthquakes,LA Galaxy,1,1,43,,card,L. Sanabria,False,yellow,Foul,,,,,,
mls_2026,2026-07-26,,San Jose Earthquakes,LA Galaxy,1,1,45,,period,,,,,,,HT,,0,1
mls_2026,2026-07-26,,San Jose Earthquakes,LA Galaxy,1,1,45,3,card,J. Aude,False,yellow,Foul,,,,,,
mls_2026,2026-07-26,,San Jose Earthquakes,LA Galaxy,1,1,45,,injuryTime,,,,,,,,3,,
mls_2026,2026-07-26,,San Jose Earthquakes,LA Galaxy,1,1,60,,substitution,,False,,,J. Nelson,J. Aude,,,,
mls_2026,2026-07-26,,San Jose Earthquakes,LA Galaxy,1,1,60,,substitution,,False,,,E. Wynder,R. Taylor,,,,
mls_2026,2026-07-26,,San Jose Earthquakes,LA Galaxy,1,1,62,,goal,R. Roberts,True,,,,,,,1,1
mls_2026,2026-07-26,,San Jose Earthquakes,LA Galaxy,1,1,73,,substitution,,True,,,P. Marie,N. Fernandez,,,,
mls_2026,2026-07-26,,San Jose Earthquakes,LA Galaxy,1,1,73,,substitution,,True,,,D. Johnson,J. Skahan,,,,
mls_2026,2026-07-26,,San Jose Earthquakes,LA Galaxy,1,1,79,,card,B. Leroux,True,yellow,Foul,,,,,,
mls_2026,2026-07-26,,San Jose Earthquakes,LA Galaxy,1,1,81,,card,I. Harkes,True,yellow,Foul,,,,,,
mls_2026,2026-07-26,,San Jose Earthquakes,LA Galaxy,1,1,82,,substitution,,False,,,I. Parente,L. Sanabria,,,,
mls_2026,2026-07-26,,San Jose Earthquakes,LA Galaxy,1,1,90,,period,,,,,,,FT,,1,1
mls_2026,2026-07-26,,San Jose Earthquakes,LA Galaxy,1,1,90,7,card,J. Paintsil,False,yellow,Argument,,,,,,
mls_2026,2026-07-26,,San Jose Earthquakes,LA Galaxy,1,1,90,7,card,B. Kikanović,True,yellow,Argument,,,,,,
mls_2026,2026-07-26,,San Jose Earthquakes,LA Galaxy,1,1,90,,card,J. Ricketts,True,yellow,Foul,,,,,,
mls_2026,2026-07-26,,San Jose Earthquakes,LA Galaxy,1,1,90,,injuryTime,,,,,,,,4,,
mls_2026,2026-07-26,,St.Louis City,Colorado Rapids,1,0,12,,card,R. Holding,False,red,Professional foul last man,,,,,,
mls_2026,2026-07-26,,St.Louis City,Colorado Rapids,1,0,17,,substitution,,False,,,M. Navarro,D. Sealy,,,,
mls_2026,2026-07-26,,St.Louis City,Colorado Rapids,1,0,25,,card,H. Ojediran,False,yellow,Foul,,,,,,
mls_2026,2026-07-26,,St.Louis City,Colorado Rapids,1,0,45,,period,,,,,,,HT,,0,0
mls_2026,2026-07-26,,St.Louis City,Colorado Rapids,1,0,45,3,card,C. Durkin,True,yellow,Foul,,,,,,
mls_2026,2026-07-26,,St.Louis City,Colorado Rapids,1,0,45,,injuryTime,,,,,,,,4,,
mls_2026,2026-07-26,,St.Louis City,Colorado Rapids,1,0,46,,substitution,,False,,,N. Cobb,R. Cannon,,,,
mls_2026,2026-07-26,,St.Louis City,Colorado Rapids,1,0,46,,substitution,,False,,,G. Minoungou,D. Yapi,,,,
mls_2026,2026-07-26,,St.Louis City,Colorado Rapids,1,0,55,,substitution,,False,,,K. Thompson,H. Ojediran,,,,
mls_2026,2026-07-26,,St.Louis City,Colorado Rapids,1,0,58,,substitution,,True,,,E. Löwen,J. Sang-bin,,,,
mls_2026,2026-07-26,,St.Louis City,Colorado Rapids,1,0,68,,card,J. Atencio,False,yellow,Foul,,,,,,
mls_2026,2026-07-26,,St.Louis City,Colorado Rapids,1,0,69,,substitution,,False,,,W. Frederick,J. Atencio,,,,
mls_2026,2026-07-26,,St.Louis City,Colorado Rapids,1,0,76,,substitution,,True,,,T. Ostrák,C. Durkin,,,,
mls_2026,2026-07-26,,St.Louis City,Colorado Rapids,1,0,76,,substitution,,True,,,P. Ault,S. Becher,,,,
mls_2026,2026-07-26,,St.Louis City,Colorado Rapids,1,0,83,,goal,T. Ostrák,True,,,,,,,1,0
mls_2026,2026-07-26,,St.Louis City,Colorado Rapids,1,0,87,,substitution,,True,,,L. MacNaughton,J. Orozco,,,,
mls_2026,2026-07-26,,St.Louis City,Colorado Rapids,1,0,87,,substitution,,True,,,M. Perez,M. Hartel,,,,
mls_2026,2026-07-26,,St.Louis City,Colorado Rapids,1,0,90,,period,,,,,,,FT,,1,0
mls_2026,2026-07-26,,St.Louis City,Colorado Rapids,1,0,90,6,card,K. Thompson,False,yellow,Argument,,,,,,
mls_2026,2026-07-26,,St.Louis City,Colorado Rapids,1,0,90,,injuryTime,,,,,,,,5,,
mls_2026,2026-07-31,,New York City FC,Toronto FC,1,1,11,,card,T. Magno,True,yellow,Foul,,,,,,
mls_2026,2026-07-31,,New York City FC,Toronto FC,1,1,18,,card,N. Fernández,True,yellow,Time wasting,,,,,,
mls_2026,2026-07-31,,New York City FC,Toronto FC,1,1,45,,period,,,,,,,HT,,1,1
mls_2026,2026-07-31,,New York City FC,Toronto FC,1,1,45,6,goal,Đ. Mihailović,False,,,,,,,1,1
mls_2026,2026-07-31,,New York City FC,Toronto FC,1,1,45,6,card,J. Osorio,False,yellow,Foul,,,,,,
mls_2026,2026-07-31,,New York City FC,Toronto FC,1,1,45,,injuryTime,,,,,,,,6,,
mls_2026,2026-07-31,,New York City FC,Toronto FC,1,1,56,,card,N. Dorsch,False,yellow,Foul,,,,,,
mls_2026,2026-07-31,,New York City FC,Toronto FC,1,1,59,,substitution,,True,,,H. Wolf,A. Ojeda,,,,
mls_2026,2026-07-31,,New York City FC,Toronto FC,1,1,59,,substitution,,True,,,M. Jones,B. Traore,,,,
mls_2026,2026-07-31,,New York City FC,Toronto FC,1,1,6,,card,R. Laryea,False,yellow,Foul,,,,,,
mls_2026,2026-07-31,,New York City FC,Toronto FC,1,1,61,,card,J. Gilman,False,yellow,Foul,,,,,,
mls_2026,2026-07-31,,New York City FC,Toronto FC,1,1,71,,substitution,,False,,,D. Kerr,J. Sargent,,,,
mls_2026,2026-07-31,,New York City FC,Toronto FC,1,1,71,,substitution,,False,,,A. Coello,N. Dorsch,,,,
mls_2026,2026-07-31,,New York City FC,Toronto FC,1,1,72,,substitution,,True,,,M. Carrizo,T. Magno,,,,
mls_2026,2026-07-31,,New York City FC,Toronto FC,1,1,72,,substitution,,False,,,D. Etienne,Đ. Mihailović,,,,
mls_2026,2026-07-31,,New York City FC,Toronto FC,1,1,8,,goal,N. Fernández,True,,,,,,,1,0
mls_2026,2026-07-31,,New York City FC,Toronto FC,1,1,86,,substitution,,True,,,M. Ilenič,T. Martins,,,,
mls_2026,2026-07-31,,New York City FC,Toronto FC,1,1,86,,substitution,,True,,,S. Garfield-Reid,N. Fernández,,,,
mls_2026,2026-07-31,,New York City FC,Toronto FC,1,1,87,,substitution,,False,,,M. Henry,T. Corbeanu,,,,
mls_2026,2026-07-31,,New York City FC,Toronto FC,1,1,90,,period,,,,,,,FT,,1,1
mls_2026,2026-07-31,,New York City FC,Toronto FC,1,1,90,,injuryTime,,,,,,,,5,,
mls_2026,2026-08-01,,CF Montréal,New England Revolution,2,2,30,,goal,C. Gil,False,,,,,,,0,1
mls_2026,2026-08-01,,CF Montréal,New England Revolution,2,2,36,,card,S. Breza,True,yellow,Argument,,,,,,
mls_2026,2026-08-01,,CF Montréal,New England Revolution,2,2,36,,goal,D. Turgeman,False,,,,,,,0,2
mls_2026,2026-08-01,,CF Montréal,New England Revolution,2,2,45,,period,,,,,,,HT,,0,2
mls_2026,2026-08-01,,CF Montréal,New England Revolution,2,2,45,,injuryTime,,,,,,,,4,,
mls_2026,2026-08-01,,CF Montréal,New England Revolution,2,2,46,,substitution,,True,,,O. Escobar,M. Longstaff,,,,
mls_2026,2026-08-01,,CF Montréal,New England Revolution,2,2,52,,goal,B. Vera,True,,,,,,,1,2
mls_2026,2026-08-01,,CF Montréal,New England Revolution,2,2,56,,substitution,,False,,,L. Langoni,M. Zambrano,,,,
mls_2026,2026-08-01,,CF Montréal,New England Revolution,2,2,59,,goal,P. Owusu,True,,,,,,,2,2
mls_2026,2026-08-01,,CF Montréal,New England Revolution,2,2,71,,substitution,,True,,,F. Herbers,D. Rios,,,,
mls_2026,2026-08-01,,CF Montréal,New England Revolution,2,2,73,,substitution,,False,,,W. Harris,D. Turgeman,,,,
mls_2026,2026-08-01,,CF Montréal,New England Revolution,2,2,73,,substitution,,False,,,C. Baker,M. Polster,,,,
mls_2026,2026-08-01,,CF Montréal,New England Revolution,2,2,85,,substitution,,True,,,S. Piette,H. Synchuk,,,,
mls_2026,2026-08-01,,CF Montréal,New England Revolution,2,2,85,,substitution,,True,,,B. Craig,V. Loturi,,,,
mls_2026,2026-08-01,,CF Montréal,New England Revolution,2,2,86,,substitution,,False,,,J. Yueill,A. Yusuf,,,,
mls_2026,2026-08-01,,CF Montréal,New England Revolution,2,2,86,,substitution,,False,,,G. Yow,P. Miller,,,,
mls_2026,2026-08-01,,CF Montréal,New England Revolution,2,2,90,,period,,,,,,,FT,,2,2
mls_2026,2026-08-01,,CF Montréal,New England Revolution,2,2,90,,injuryTime,,,,,,,,4,,
mls_2026,2026-08-01,,DC United,Nashville SC,2,2,32,,goal,S. Surridge,False,,,,,,,0,1
mls_2026,2026-08-01,,DC United,Nashville SC,2,2,40,,goal,S. Mohammed,False,,,,,,,0,2
mls_2026,2026-08-01,,DC United,Nashville SC,2,2,45,,period,,,,,,,HT,,0,2
mls_2026,2026-08-01,,DC United,Nashville SC,2,2,45,3,card,S. Mohammed,False,yellow,Argument,,,,,,
mls_2026,2026-08-01,,DC United,Nashville SC,2,2,45,3,card,T. Baribo,True,yellow,Argument,,,,,,
mls_2026,2026-08-01,,DC United,Nashville SC,2,2,45,,injuryTime,,,,,,,,4,,
mls_2026,2026-08-01,,DC United,Nashville SC,2,2,56,,goal,S. Hefti,True,,,,,,,1,2
mls_2026,2026-08-01,,DC United,Nashville SC,2,2,60,,varDecision,S. Hefti,True,,,,,,,,
mls_2026,2026-08-01,,DC United,Nashville SC,2,2,62,,substitution,,False,,,E. Saad,A. Qasem,,,,
mls_2026,2026-08-01,,DC United,Nashville SC,2,2,62,,substitution,,False,,,W. Madrigal,S. Mohammed,,,,
mls_2026,2026-08-01,,DC United,Nashville SC,2,2,64,,substitution,,True,,,M. Peltola,B. Servania,,,,
mls_2026,2026-08-01,,DC United,Nashville SC,2,2,64,,substitution,,True,,,N. Ordaz,J. Hopkins,,,,
mls_2026,2026-08-01,,DC United,Nashville SC,2,2,72,,card,L. Bartlett,True,yellow,Foul,,,,,,
mls_2026,2026-08-01,,DC United,Nashville SC,2,2,73,,substitution,,False,,,B. Acosta,H. Mukhtar,,,,
mls_2026,2026-08-01,,DC United,Nashville SC,2,2,77,,goal,T. Baribo,True,,,,,,,2,2
mls_2026,2026-08-01,,DC United,Nashville SC,2,2,84,,card,E. Saad,False,yellow,Foul,,,,,,
mls_2026,2026-08-01,,DC United,Nashville SC,2,2,84,,substitution,,False,,,R. Baker-Whiting,A. Najar,,,,
mls_2026,2026-08-01,,DC United,Nashville SC,2,2,84,,substitution,,False,,,J. Bauer,E. Tagseth,,,,
mls_2026,2026-08-01,,DC United,Nashville SC,2,2,90,,period,,,,,,,FT,,2,2
mls_2026,2026-08-01,,DC United,Nashville SC,2,2,90,10,card,M. Corcoran,False,yellow,Foul,,,,,,
mls_2026,2026-08-01,,DC United,Nashville SC,2,2,90,1,substitution,,True,,,J. Stroud,L. Munteanu,,,,
mls_2026,2026-08-01,,DC United,Nashville SC,2,2,90,,injuryTime,,,,,,,,10,,
mls_2026,2026-08-01,,New York Red Bulls,Orlando City SC,3,2,23,,goal,M. Jiménez,True,,,,,,,1,0
mls_2026,2026-08-01,,New York Red Bulls,Orlando City SC,3,2,27,,card,D. Nealis,True,yellow,Foul,,,,,,
mls_2026,2026-08-01,,New York Red Bulls,Orlando City SC,3,2,43,,goal,E. Forsberg,True,,,,,,,2,0
mls_2026,2026-08-01,,New York Red Bulls,Orlando City SC,3,2,45,,period,,,,,,,HT,,2,0
mls_2026,2026-08-01,,New York Red Bulls,Orlando City SC,3,2,45,,injuryTime,,,,,,,,3,,
mls_2026,2026-08-01,,New York Red Bulls,Orlando City SC,3,2,46,,substitution,,False,,,T. Spicer,T. Souza,,,,
mls_2026,2026-08-01,,New York Red Bulls,Orlando City SC,3,2,46,,substitution,,False,,,B. Rhein,A. Marín,,,,
mls_2026,2026-08-01,,New York Red Bulls,Orlando City SC,3,2,52,,goal,T. Spicer,False,,,,,,,2,1
mls_2026,2026-08-01,,New York Red Bulls,Orlando City SC,3,2,59,,card,J. Che,True,yellow,Time wasting,,,,,,
mls_2026,2026-08-01,,New York Red Bulls,Orlando City SC,3,2,60,,goal,M. Jiménez,True,,,,,,,3,1
mls_2026,2026-08-01,,New York Red Bulls,Orlando City SC,3,2,62,,substitution,,False,,,L. Otávio,E. Atuesta,,,,
mls_2026,2026-08-01,,New York Red Bulls,Orlando City SC,3,2,63,,goal,G. Dorsey,False,,,,,,,3,2
mls_2026,2026-08-01,,New York Red Bulls,Orlando City SC,3,2,69,,card,I. Angulo,False,yellow,Argument,,,,,,
mls_2026,2026-08-01,,New York Red Bulls,Orlando City SC,3,2,70,,substitution,,True,,,M. Sofo,M. Jiménez,,,,
mls_2026,2026-08-01,,New York Red Bulls,Orlando City SC,3,2,72,,substitution,,False,,,Z. Taifi,G. Dorsey,,,,
mls_2026,2026-08-01,,New York Red Bulls,Orlando City SC,3,2,75,,substitution,,True,,,J. Marshall-Rutty,M. D. Santos,,,,
mls_2026,2026-08-01,,New York Red Bulls,Orlando City SC,3,2,75,,substitution,,True,,,T. Parker,D. Nealis,,,,
mls_2026,2026-08-01,,New York Red Bulls,Orlando City SC,3,2,85,,substitution,,True,,,N. Benedetti,E. Forsberg,,,,
mls_2026,2026-08-01,,New York Red Bulls,Orlando City SC,3,2,85,,substitution,,True,,,C. Harper,C. Cowell,,,,
mls_2026,2026-08-01,,New York Red Bulls,Orlando City SC,3,2,87,,substitution,,False,,,H. Sarajian,J. Ellis,,,,
mls_2026,2026-08-01,,New York Red Bulls,Orlando City SC,3,2,88,,card,H. Sarajian,False,yellow,Foul,,,,,,
mls_2026,2026-08-01,,New York Red Bulls,Orlando City SC,3,2,90,,period,,,,,,,FT,,3,2
mls_2026,2026-08-01,,New York Red Bulls,Orlando City SC,3,2,90,6,card,J. Marshall-Rutty,True,yellow,Time wasting,,,,,,
mls_2026,2026-08-01,,New York Red Bulls,Orlando City SC,3,2,90,,injuryTime,,,,,,,,7,,
mls_2026,2026-08-01,,Philadelphia Union,Atlanta United,3,2,26,,card,E. Mihaj,False,red,Foul,,,,,,
mls_2026,2026-08-01,,Philadelphia Union,Atlanta United,3,2,28,,card,M. Iloski,True,yellow,Foul,,,,,,
mls_2026,2026-08-01,,Philadelphia Union,Atlanta United,3,2,30,,goal,M. Almirón,False,,,,,,,0,1
mls_2026,2026-08-01,,Philadelphia Union,Atlanta United,3,2,45,,period,,,,,,,HT,,0,1
mls_2026,2026-08-01,,Philadelphia Union,Atlanta United,3,2,45,,injuryTime,,,,,,,,5,,
mls_2026,2026-08-01,,Philadelphia Union,Atlanta United,3,2,53,,card,N. Harriel,True,yellow,Foul,,,,,,
mls_2026,2026-08-01,,Philadelphia Union,Atlanta United,3,2,56,,substitution,,True,,,Q. Sullivan,I. Vassilev,,,,
mls_2026,2026-08-01,,Philadelphia Union,Atlanta United,3,2,57,,substitution,,True,,,J. Bueno,J. Lukić,,,,
mls_2026,2026-08-01,,Philadelphia Union,Atlanta United,3,2,59,,card,L. Hoyos,False,yellow,Time wasting,,,,,,
mls_2026,2026-08-01,,Philadelphia Union,Atlanta United,3,2,66,,goal,T. Muyumba,False,,,,,,,0,2
mls_2026,2026-08-01,,Philadelphia Union,Atlanta United,3,2,68,,card,B. Damiani,True,yellow,Foul,,,,,,
mls_2026,2026-08-01,,Philadelphia Union,Atlanta United,3,2,71,,substitution,,True,,,E. Alladoh,B. Damiani,,,,
mls_2026,2026-08-01,,Philadelphia Union,Atlanta United,3,2,71,,substitution,,True,,,A. Anello,N. Harriel,,,,
mls_2026,2026-08-01,,Philadelphia Union,Atlanta United,3,2,73,,goal,M. Iloski,True,,,,,,,1,2
mls_2026,2026-08-01,,Philadelphia Union,Atlanta United,3,2,78,,substitution,,False,,,S. Gregersen,A. Miranchuk,,,,
mls_2026,2026-08-01,,Philadelphia Union,Atlanta United,3,2,78,,substitution,,False,,,L. Brennan,F. Picault,,,,
mls_2026,2026-08-01,,Philadelphia Union,Atlanta United,3,2,84,,substitution,,False,,,A. Kovac,M. Almirón,,,,
mls_2026,2026-08-01,,Philadelphia Union,Atlanta United,3,2,88,,substitution,,False,,,R. Hernández,T. Muyumba,,,,
mls_2026,2026-08-01,,Philadelphia Union,Atlanta United,3,2,90,,period,,,,,,,FT,,3,2
mls_2026,2026-08-01,,Philadelphia Union,Atlanta United,3,2,90,9,substitution,,True,,,A. Bedoya,C. Sullivan,,,,
mls_2026,2026-08-01,,Philadelphia Union,Atlanta United,3,2,90,7,goal,E. Alladoh,True,,,,,,,3,2
mls_2026,2026-08-01,,Philadelphia Union,Atlanta United,3,2,90,6,goal,N. Pierre,True,,,,,,,2,2
mls_2026,2026-08-01,,Philadelphia Union,Atlanta United,3,2,90,2,card,E. Báez,False,yellow,Time wasting,,,,,,
mls_2026,2026-08-01,,Philadelphia Union,Atlanta United,3,2,90,,injuryTime,,,,,,,,8,,
mls_2026,2026-08-01,,Vancouver Whitecaps,Los Angeles FC,1,1,37,,goal,S. Heung-min,False,,,,,,,0,1
mls_2026,2026-08-01,,Vancouver Whitecaps,Los Angeles FC,1,1,45,,period,,,,,,,HT,,0,1
mls_2026,2026-08-01,,Vancouver Whitecaps,Los Angeles FC,1,1,45,,injuryTime,,,,,,,,2,,
mls_2026,2026-08-01,,Vancouver Whitecaps,Los Angeles FC,1,1,48,,card,R. Hollingshead,False,yellow,Foul,,,,,,
mls_2026,2026-08-01,,Vancouver Whitecaps,Los Angeles FC,1,1,56,,card,R. Gauld,True,yellow,Foul,,,,,,
mls_2026,2026-08-01,,Vancouver Whitecaps,Los Angeles FC,1,1,72,,substitution,,True,,,E. Sabbi,R. Gauld,,,,
mls_2026,2026-08-01,,Vancouver Whitecaps,Los Angeles FC,1,1,72,,substitution,,True,,,C. T. Sabaly,A. Cubas,,,,
mls_2026,2026-08-01,,Vancouver Whitecaps,Los Angeles FC,1,1,72,,substitution,,False,,,M. Delgado,T. Tillman,,,,
mls_2026,2026-08-01,,Vancouver Whitecaps,Los Angeles FC,1,1,72,,substitution,,False,,,D. M. Morales,J. Shaffelburg,,,,
mls_2026,2026-08-01,,Vancouver Whitecaps,Los Angeles FC,1,1,76,,goal,T. Müller,True,,,,,,,1,1
mls_2026,2026-08-01,,Vancouver Whitecaps,Los Angeles FC,1,1,82,,substitution,,True,,,R. Priso,J. Badwal,,,,
mls_2026,2026-08-01,,Vancouver Whitecaps,Los Angeles FC,1,1,90,,period,,,,,,,FT,,1,1
mls_2026,2026-08-01,,Vancouver Whitecaps,Los Angeles FC,1,1,90,,injuryTime,,,,,,,,5,,
mls_2026,2026-08-02,,Chicago Fire,Charlotte FC,2,1,10,,card,A. Salétros,True,yellow,,,,,,,
mls_2026,2026-08-02,,Chicago Fire,Charlotte FC,2,1,18,,goal,P. Biel,False,,,,,,,0,1
mls_2026,2026-08-02,,Chicago Fire,Charlotte FC,2,1,20,,goal,R. Lewandowski,True,,,,,,,1,1
mls_2026,2026-08-02,,Chicago Fire,Charlotte FC,2,1,45,,period,,,,,,,HT,,1,1
mls_2026,2026-08-02,,Chicago Fire,Charlotte FC,2,1,45,,injuryTime,,,,,,,,2,,
mls_2026,2026-08-02,,Chicago Fire,Charlotte FC,2,1,59,,card,J. Waterman,True,yellow,Foul,,,,,,
mls_2026,2026-08-02,,Chicago Fire,Charlotte FC,2,1,68,,goal,R. Lewandowski,True,,,,,,,2,1
mls_2026,2026-08-02,,Chicago Fire,Charlotte FC,2,1,69,,substitution,,False,,,D. Schnegg,H. Toffolo,,,,
mls_2026,2026-08-02,,Chicago Fire,Charlotte FC,2,1,74,,substitution,,True,,,P. Dithejane,J. Bamba,,,,
mls_2026,2026-08-02,,Chicago Fire,Charlotte FC,2,1,77,,substitution,,False,,,R. Aloko,L. Abada,,,,
mls_2026,2026-08-02,,Chicago Fire,Charlotte FC,2,1,86,,substitution,,False,,,A. Goodwin,I. Toklomati,,,,
mls_2026,2026-08-02,,Chicago Fire,Charlotte FC,2,1,86,,substitution,,False,,,B. Bronico,L. D. L. Torre,,,,
mls_2026,2026-08-02,,Chicago Fire,Charlotte FC,2,1,88,,substitution,,True,,,M. Pineda,D. T. D'Avilla,,,,
mls_2026,2026-08-02,,Chicago Fire,Charlotte FC,2,1,88,,substitution,,True,,,M. Haile-Selassie,R. Lod,,,,
mls_2026,2026-08-02,,Chicago Fire,Charlotte FC,2,1,90,,period,,,,,,,FT,,2,1
mls_2026,2026-08-02,,Chicago Fire,Charlotte FC,2,1,90,5,card,R. Lewandowski,True,yellow,Argument,,,,,,
mls_2026,2026-08-02,,Chicago Fire,Charlotte FC,2,1,90,,injuryTime,,,,,,,,5,,
mls_2026,2026-08-02,,Colorado Rapids,Austin FC,1,0,45,,period,,,,,,,HT,,0,0
mls_2026,2026-08-02,,Colorado Rapids,Austin FC,1,0,58,,substitution,,True,,,J. Atencio,H. Ojediran,,,,
mls_2026,2026-08-02,,Colorado Rapids,Austin FC,1,0,62,,substitution,,True,,,D. Yapi,D. Sealy,,,,
mls_2026,2026-08-02,,Colorado Rapids,Austin FC,1,0,62,,substitution,,True,,,D. Phillip,W. Frederick,,,,
mls_2026,2026-08-02,,Colorado Rapids,Austin FC,1,0,64,,substitution,,False,,,I. Sánchez,O. Wolff,,,,
mls_2026,2026-08-02,,Colorado Rapids,Austin FC,1,0,64,,substitution,,False,,,E. Torres,F. Torres,,,,
mls_2026,2026-08-02,,Colorado Rapids,Austin FC,1,0,70,,card,E. Torres,False,yellow,Persistent fouling,,,,,,
mls_2026,2026-08-02,,Colorado Rapids,Austin FC,1,0,72,,card,J. Rosales,False,yellow,Foul,,,,,,
mls_2026,2026-08-02,,Colorado Rapids,Austin FC,1,0,74,,substitution,,False,,,J. Nelson,J. Gallagher,,,,
mls_2026,2026-08-02,,Colorado Rapids,Austin FC,1,0,74,,substitution,,False,,,P. Płacheta,B. Sabović,,,,
mls_2026,2026-08-02,,Colorado Rapids,Austin FC,1,0,80,,substitution,,False,,,C. Ramirez,B. Vázquez,,,,
mls_2026,2026-08-02,,Colorado Rapids,Austin FC,1,0,85,,substitution,,True,,,K. Rosenberry,G. Minoungou,,,,
mls_2026,2026-08-02,,Colorado Rapids,Austin FC,1,0,85,,substitution,,True,,,A. Harris,R. Cannon,,,,
mls_2026,2026-08-02,,Colorado Rapids,Austin FC,1,0,90,,period,,,,,,,FT,,1,0
mls_2026,2026-08-02,,Colorado Rapids,Austin FC,1,0,90,5,card,R. Navarro,True,yellow,,,,,,,
mls_2026,2026-08-02,,Colorado Rapids,Austin FC,1,0,90,4,goal,R. Navarro,True,,,,,,,1,0
mls_2026,2026-08-02,,Colorado Rapids,Austin FC,1,0,90,3,card,M. Uzuni,False,yellow,Argument,,,,,,
mls_2026,2026-08-02,,Colorado Rapids,Austin FC,1,0,90,,injuryTime,,,,,,,,4,,
mls_2026,2026-08-02,,FC Cincinnati,San Jose Earthquakes,4,2,20,,card,K. Smith,True,yellow,Foul,,,,,,
mls_2026,2026-08-02,,FC Cincinnati,San Jose Earthquakes,4,2,26,,goal,D. Munie,False,,,,,,,0,1
mls_2026,2026-08-02,,FC Cincinnati,San Jose Earthquakes,4,2,33,,goal,B. Ramírez,True,,,,,,,1,1
mls_2026,2026-08-02,,FC Cincinnati,San Jose Earthquakes,4,2,45,,period,,,,,,,HT,,1,1
mls_2026,2026-08-02,,FC Cincinnati,San Jose Earthquakes,4,2,45,,injuryTime,,,,,,,,2,,
mls_2026,2026-08-02,,FC Cincinnati,San Jose Earthquakes,4,2,46,,substitution,,False,,,I. Harkes,N. Fernandez,,,,
mls_2026,2026-08-02,,FC Cincinnati,San Jose Earthquakes,4,2,56,,goal,T. Werner,False,,,,,,,1,2
mls_2026,2026-08-02,,FC Cincinnati,San Jose Earthquakes,4,2,60,,substitution,,False,,,J. Ricketts,V. Costa,,,,
mls_2026,2026-08-02,,FC Cincinnati,San Jose Earthquakes,4,2,70,,substitution,,True,,,T. Hadebe,K. Smith,,,,
mls_2026,2026-08-02,,FC Cincinnati,San Jose Earthquakes,4,2,70,,substitution,,True,,,T. Barlow,K. M. Dem,,,,
mls_2026,2026-08-02,,FC Cincinnati,San Jose Earthquakes,4,2,73,,substitution,,False,,,J. Skahan,O. Bouda,,,,
mls_2026,2026-08-02,,FC Cincinnati,San Jose Earthquakes,4,2,80,,goal,T. Barlow,True,,,,,,,2,2
mls_2026,2026-08-02,,FC Cincinnati,San Jose Earthquakes,4,2,81,,substitution,,False,,,D. Romney,R. Vieira,,,,
mls_2026,2026-08-02,,FC Cincinnati,San Jose Earthquakes,4,2,81,,substitution,,False,,,J. Jasinski,B. Kikanović,,,,
mls_2026,2026-08-02,,FC Cincinnati,San Jose Earthquakes,4,2,82,,goal,Evander,True,,,,,,,3,2
mls_2026,2026-08-02,,FC Cincinnati,San Jose Earthquakes,4,2,87,,card,P. Bucha,True,yellow,Foul,,,,,,
mls_2026,2026-08-02,,FC Cincinnati,San Jose Earthquakes,4,2,88,,substitution,,True,,,A. Powell,E. Echenique,,,,
mls_2026,2026-08-02,,FC Cincinnati,San Jose Earthquakes,4,2,89,,card,M. Robinson,True,yellow,Foul,,,,,,
mls_2026,2026-08-02,,FC Cincinnati,San Jose Earthquakes,4,2,89,,substitution,,True,,,T. Anunga,O. Nwobodo,,,,
mls_2026,2026-08-02,,FC Cincinnati,San Jose Earthquakes,4,2,90,,period,,,,,,,FT,,4,2
mls_2026,2026-08-02,,FC Cincinnati,San Jose Earthquakes,4,2,90,5,goal,A. Jabbari,True,,,,,,,4,2
mls_2026,2026-08-02,,FC Cincinnati,San Jose Earthquakes,4,2,90,3,substitution,,True,,,A. Jabbari,K. Denkey,,,,
mls_2026,2026-08-02,,FC Cincinnati,San Jose Earthquakes,4,2,90,,injuryTime,,,,,,,,7,,
mls_2026,2026-08-02,,Inter Miami CF,Columbus Crew,2,2,16,,goal,L. Suárez,True,,,,,,,1,0
mls_2026,2026-08-02,,Inter Miami CF,Columbus Crew,2,2,34,,goal,Casemiro,False,,,,,,,1,1
mls_2026,2026-08-02,,Inter Miami CF,Columbus Crew,2,2,45,,period,,,,,,,HT,,2,1
mls_2026,2026-08-02,,Inter Miami CF,Columbus Crew,2,2,45,6,varDecision,N. Allen,True,,,,,,,,
mls_2026,2026-08-02,,Inter Miami CF,Columbus Crew,2,2,45,5,goal,N. Allen,True,,,,,,,2,1
mls_2026,2026-08-02,,Inter Miami CF,Columbus Crew,2,2,45,,injuryTime,,,,,,,,6,,
mls_2026,2026-08-02,,Inter Miami CF,Columbus Crew,2,2,53,,substitution,,True,,,L. Messi,D. Pinter,,,,
mls_2026,2026-08-02,,Inter Miami CF,Columbus Crew,2,2,61,,substitution,,False,,,S. T. Bangoura,D. Chambost,,,,
mls_2026,2026-08-02,,Inter Miami CF,Columbus Crew,2,2,62,,substitution,,False,,,B. Méndez,D. Gazdag,,,,
mls_2026,2026-08-02,,Inter Miami CF,Columbus Crew,2,2,72,,substitution,,False,,,L. Giaccone,H. Picard,,,,
mls_2026,2026-08-02,,Inter Miami CF,Columbus Crew,2,2,74,,card,S. T. Bangoura,False,yellow,Foul,,,,,,
mls_2026,2026-08-02,,Inter Miami CF,Columbus Crew,2,2,75,,substitution,,True,,,D. Ayala,Y. Bright,,,,
mls_2026,2026-08-02,,Inter Miami CF,Columbus Crew,2,2,75,,substitution,,True,,,D. Ruíz,F. Mura,,,,
mls_2026,2026-08-02,,Inter Miami CF,Columbus Crew,2,2,82,,card,Casemiro,True,yellow,Foul,,,,,,
mls_2026,2026-08-02,,Inter Miami CF,Columbus Crew,2,2,84,,goal,B. Méndez,False,,,,,,,2,2
mls_2026,2026-08-02,,Inter Miami CF,Columbus Crew,2,2,86,,substitution,,True,,,P. Plambeck,M. Silvetti,,,,
mls_2026,2026-08-02,,Inter Miami CF,Columbus Crew,2,2,86,,substitution,,False,,,B. Lennon,J. Thiaré,,,,
mls_2026,2026-08-02,,Inter Miami CF,Columbus Crew,2,2,90,,period,,,,,,,FT,,2,2
mls_2026,2026-08-02,,Inter Miami CF,Columbus Crew,2,2,90,5,card,P. Schulte,False,yellow,Time wasting,,,,,,
mls_2026,2026-08-02,,Inter Miami CF,Columbus Crew,2,2,90,,injuryTime,,,,,,,,5,,
mls_2026,2026-08-02,,LA Galaxy,FC Dallas,0,0,31,,card,C. Cappis,False,yellow,Foul,,,,,,
mls_2026,2026-08-02,,LA Galaxy,FC Dallas,0,0,35,,card,Kaick,False,yellow,Foul,,,,,,
mls_2026,2026-08-02,,LA Galaxy,FC Dallas,0,0,4,,card,P. Delgado,False,yellow,Foul,,,,,,
mls_2026,2026-08-02,,LA Galaxy,FC Dallas,0,0,45,,period,,,,,,,HT,,0,0
mls_2026,2026-08-02,,LA Galaxy,FC Dallas,0,0,45,,injuryTime,,,,,,,,1,,
mls_2026,2026-08-02,,LA Galaxy,FC Dallas,0,0,53,,card,J. Glesnes,True,yellow,Foul,,,,,,
mls_2026,2026-08-02,,LA Galaxy,FC Dallas,0,0,63,,card,N. Norris,False,yellow,Foul,,,,,,
mls_2026,2026-08-02,,LA Galaxy,FC Dallas,0,0,66,,substitution,,False,,,A. Julio,L. Farrington,,,,
mls_2026,2026-08-02,,LA Galaxy,FC Dallas,0,0,66,,substitution,,False,,,S. Moreno,P. Delgado,,,,
mls_2026,2026-08-02,,LA Galaxy,FC Dallas,0,0,67,,substitution,,True,,,K. Furuhashi,R. Taylor,,,,
mls_2026,2026-08-02,,LA Galaxy,FC Dallas,0,0,79,,substitution,,False,,,C. Holstad,C. Cappis,,,,
mls_2026,2026-08-02,,LA Galaxy,FC Dallas,0,0,79,,substitution,,False,,,S. Ibeagha,H. Johansson,,,,
mls_2026,2026-08-02,,LA Galaxy,FC Dallas,0,0,86,,card,J. Nelson,True,yellow,Foul,,,,,,
mls_2026,2026-08-02,,LA Galaxy,FC Dallas,0,0,90,,period,,,,,,,FT,,0,0
mls_2026,2026-08-02,,LA Galaxy,FC Dallas,0,0,90,3,substitution,,True,,,T. Elgersma,E. Wynder,,,,
mls_2026,2026-08-02,,LA Galaxy,FC Dallas,0,0,90,3,substitution,,True,,,I. Parente,L. Sanabria,,,,
mls_2026,2026-08-02,,LA Galaxy,FC Dallas,0,0,90,,injuryTime,,,,,,,,4,,
mls_2026,2026-08-02,,Minnesota United,San Diego FC,1,1,3,,goal,T. Chancalay,True,,,,,,,1,0
mls_2026,2026-08-02,,Minnesota United,San Diego FC,1,1,45,,period,,,,,,,HT,,1,0
mls_2026,2026-08-02,,Minnesota United,San Diego FC,1,1,45,,injuryTime,,,,,,,,2,,
mls_2026,2026-08-02,,Minnesota United,San Diego FC,1,1,60,,substitution,,False,,,Gabriel Pirani,A. Alvarado Jr,,,,
mls_2026,2026-08-02,,Minnesota United,San Diego FC,1,1,60,,substitution,,False,,,L. Bombino,K. Sargeant,,,,
mls_2026,2026-08-02,,Minnesota United,San Diego FC,1,1,61,,substitution,,False,,,A. Mighten,D. Vazquez,,,,
mls_2026,2026-08-02,,Minnesota United,San Diego FC,1,1,64,,card,A. Dreyer,False,yellow,Argument,,,,,,
mls_2026,2026-08-02,,Minnesota United,San Diego FC,1,1,64,,card,D. Callender,True,yellow,Argument,,,,,,
mls_2026,2026-08-02,,Minnesota United,San Diego FC,1,1,64,,goal,A. Dreyer,False,,,,,,,1,1
mls_2026,2026-08-02,,Minnesota United,San Diego FC,1,1,65,,substitution,,True,,,K. Yeboah,M. Dieng,,,,
mls_2026,2026-08-02,,Minnesota United,San Diego FC,1,1,65,,substitution,,True,,,D. Padelford,A. Markanich,,,,
mls_2026,2026-08-02,,Minnesota United,San Diego FC,1,1,80,,substitution,,True,,,B. Hlongwane,K. Duncan,,,,
mls_2026,2026-08-02,,Minnesota United,San Diego FC,1,1,80,,substitution,,True,,,M. González,T. Chancalay,,,,
mls_2026,2026-08-02,,Minnesota United,San Diego FC,1,1,83,,substitution,,False,,,A. Godoy,O. Valakari,,,,
mls_2026,2026-08-02,,Minnesota United,San Diego FC,1,1,90,,period,,,,,,,FT,,1,1
mls_2026,2026-08-02,,Minnesota United,San Diego FC,1,1,90,,injuryTime,,,,,,,,6,,
mls_2026,2026-08-02,,Portland Timbers,Seattle Sounders FC,2,1,25,,card,P. Kingston,False,yellow,Foul,,,,,,
mls_2026,2026-08-02,,Portland Timbers,Seattle Sounders FC,2,1,27,,goal,K. Kossa-Rienzi,False,,,,,,,0,1
mls_2026,2026-08-02,,Portland Timbers,Seattle Sounders FC,2,1,30,,card,K. Miller,True,yellow,Foul,,,,,,
mls_2026,2026-08-02,,Portland Timbers,Seattle Sounders FC,2,1,41,,goal,K. Kelsy,True,,,,,,,1,1
mls_2026,2026-08-02,,Portland Timbers,Seattle Sounders FC,2,1,45,,period,,,,,,,HT,,1,1
mls_2026,2026-08-02,,Portland Timbers,Seattle Sounders FC,2,1,45,5,card,K. Kelsy,True,yellow,Simulation,,,,,,
mls_2026,2026-08-02,,Portland Timbers,Seattle Sounders FC,2,1,45,,injuryTime,,,,,,,,8,,
mls_2026,2026-08-02,,Portland Timbers,Seattle Sounders FC,2,1,46,,substitution,,False,,,S. Gomez,P. Kingston,,,,
mls_2026,2026-08-02,,Portland Timbers,Seattle Sounders FC,2,1,65,,substitution,,True,,,A. Alves,A. Lassiter,,,,
mls_2026,2026-08-02,,Portland Timbers,Seattle Sounders FC,2,1,7,,substitution,,False,,,K. Kossa-Rienzi,P. Arriola,,,,
mls_2026,2026-08-02,,Portland Timbers,Seattle Sounders FC,2,1,71,,card,S. Gomez,False,yellow,Foul,,,,,,
mls_2026,2026-08-02,,Portland Timbers,Seattle Sounders FC,2,1,73,,substitution,,False,,,A. Roldán,K. Kee-hee,,,,
mls_2026,2026-08-02,,Portland Timbers,Seattle Sounders FC,2,1,73,,substitution,,False,,,D. Musovski,O. D. Rosario,,,,
mls_2026,2026-08-02,,Portland Timbers,Seattle Sounders FC,2,1,82,,goal,B. Bye,True,,,,,,,2,1
mls_2026,2026-08-02,,Portland Timbers,Seattle Sounders FC,2,1,84,,substitution,,False,,,A. Lopez,K. Kossa-Rienzi,,,,
mls_2026,2026-08-02,,Portland Timbers,Seattle Sounders FC,2,1,88,,substitution,,True,,,I. Smith,K. Kelsy,,,,
mls_2026,2026-08-02,,Portland Timbers,Seattle Sounders FC,2,1,88,,substitution,,True,,,J. Caicedo,C. Bassett,,,,
mls_2026,2026-08-02,,Portland Timbers,Seattle Sounders FC,2,1,90,,period,,,,,,,FT,,2,1
mls_2026,2026-08-02,,Portland Timbers,Seattle Sounders FC,2,1,90,4,substitution,,True,,,O. Fernandez,K. Velde,,,,
mls_2026,2026-08-02,,Portland Timbers,Seattle Sounders FC,2,1,90,,injuryTime,,,,,,,,5,,
mls_2026,2026-08-02,,Sporting Kansas City,Houston Dynamo,0,2,11,,card,L. B. Johnsen,True,yellow,Foul,,,,,,
mls_2026,2026-08-02,,Sporting Kansas City,Houston Dynamo,0,2,45,,period,,,,,,,HT,,0,0
mls_2026,2026-08-02,,Sporting Kansas City,Houston Dynamo,0,2,45,,card,L. B. Johnsen,True,yellowRed,Foul,,,,,,
mls_2026,2026-08-02,,Sporting Kansas City,Houston Dynamo,0,2,55,,goal,Guilherme,False,,,,,,,0,1
mls_2026,2026-08-02,,Sporting Kansas City,Houston Dynamo,0,2,65,,substitution,,True,,,J. Reid,J. Davis,,,,
mls_2026,2026-08-02,,Sporting Kansas City,Houston Dynamo,0,2,65,,substitution,,True,,,W. Meyer,M. Mosquera,,,,
mls_2026,2026-08-02,,Sporting Kansas City,Houston Dynamo,0,2,65,,substitution,,True,,,M. García,K. Agyabeng,,,,
mls_2026,2026-08-02,,Sporting Kansas City,Houston Dynamo,0,2,65,,substitution,,False,,,D. McGuire,E. Ponce,,,,
mls_2026,2026-08-02,,Sporting Kansas City,Houston Dynamo,0,2,71,,goal,A. Bouzat,False,,,,,,,0,2
mls_2026,2026-08-02,,Sporting Kansas City,Houston Dynamo,0,2,82,,substitution,,False,,,D. Holmes,F. Andrade,,,,
mls_2026,2026-08-02,,Sporting Kansas City,Houston Dynamo,0,2,82,,substitution,,False,,,F. Negri,A. Bouzat,,,,
mls_2026,2026-08-02,,Sporting Kansas City,Houston Dynamo,0,2,82,,substitution,,True,,,S. Suleymanov,Capita,,,,
mls_2026,2026-08-02,,Sporting Kansas City,Houston Dynamo,0,2,85,,substitution,,True,,,J. Bartlett,Z. Bassong,,,,
mls_2026,2026-08-02,,Sporting Kansas City,Houston Dynamo,0,2,86,,card,L. Halter,False,yellow,Foul,,,,,,
mls_2026,2026-08-02,,Sporting Kansas City,Houston Dynamo,0,2,90,,period,,,,,,,FT,,0,2
mls_2026,2026-08-02,,Sporting Kansas City,Houston Dynamo,0,2,90,,substitution,,False,,,D. Samassékou,H. Herrera,,,,
mls_2026,2026-08-02,,Sporting Kansas City,Houston Dynamo,0,2,90,,substitution,,False,,,O. Lingr,Guilherme,,,,
mls_2026,2026-08-02,,Sporting Kansas City,Houston Dynamo,0,2,90,,injuryTime,,,,,,,,3,,
mls_2026,2026-08-02,,St.Louis City,Real Salt Lake,1,1,28,,card,E. Löwen,True,yellow,Foul,,,,,,
mls_2026,2026-08-02,,St.Louis City,Real Salt Lake,1,1,29,,card,P. Quinton,False,yellow,Foul,,,,,,
mls_2026,2026-08-02,,St.Louis City,Real Salt Lake,1,1,40,,card,D. Yedlin,False,yellow,Foul,,,,,,
mls_2026,2026-08-02,,St.Louis City,Real Salt Lake,1,1,43,,card,C. Durkin,True,yellow,Foul,,,,,,
mls_2026,2026-08-02,,St.Louis City,Real Salt Lake,1,1,45,,period,,,,,,,HT,,0,0
mls_2026,2026-08-02,,St.Louis City,Real Salt Lake,1,1,45,1,substitution,,False,,,S. Spierings,G. Dillon,,,,
mls_2026,2026-08-02,,St.Louis City,Real Salt Lake,1,1,45,,injuryTime,,,,,,,,1,,
mls_2026,2026-08-02,,St.Louis City,Real Salt Lake,1,1,46,,substitution,,False,,,S. Lobzhanidze,L. Rodrigues,,,,
mls_2026,2026-08-02,,St.Louis City,Real Salt Lake,1,1,5,,card,Z. Booth,False,yellow,Foul,,,,,,
mls_2026,2026-08-02,,St.Louis City,Real Salt Lake,1,1,60,,goal,S. Solans,False,,,,,,,0,1
mls_2026,2026-08-02,,St.Louis City,Real Salt Lake,1,1,65,,substitution,,True,,,A. Mățan,C. Durkin,,,,
mls_2026,2026-08-02,,St.Louis City,Real Salt Lake,1,1,65,,substitution,,True,,,M. Hartel,E. Löwen,,,,
mls_2026,2026-08-02,,St.Louis City,Real Salt Lake,1,1,72,,goal,M. Hartel,True,,,,,,,1,1
mls_2026,2026-08-02,,St.Louis City,Real Salt Lake,1,1,78,,substitution,,False,,,V. Olatunji,D. Luna,,,,
mls_2026,2026-08-02,,St.Louis City,Real Salt Lake,1,1,80,,card,J. Sang-bin,True,yellow,Foul,,,,,,
mls_2026,2026-08-02,,St.Louis City,Real Salt Lake,1,1,84,,substitution,,True,,,T. Ostrák,J. Sang-bin,,,,
mls_2026,2026-08-02,,St.Louis City,Real Salt Lake,1,1,90,,period,,,,,,,FT,,1,1
mls_2026,2026-08-02,,St.Louis City,Real Salt Lake,1,1,90,2,substitution,,True,,,P. Ault,S. Becher,,,,
mls_2026,2026-08-02,,St.Louis City,Real Salt Lake,1,1,90,1,substitution,,False,,,D. Marczuk,Z. Booth,,,,
mls_2026,2026-08-02,,St.Louis City,Real Salt Lake,1,1,90,1,substitution,,False,,,A. Hezarkhani,S. Solans,,,,
mls_2026,2026-08-02,,St.Louis City,Real Salt Lake,1,1,90,,injuryTime,,,,,,,,3,,
mls_2026,2026-08-08,,New England Revolution,Houston Dynamo,0,2,45,,period,,,,,,,HT,,0,1
mls_2026,2026-08-08,,New England Revolution,Houston Dynamo,0,2,45,1,goal,Guilherme,False,,,,,,,0,1
mls_2026,2026-08-08,,New England Revolution,Houston Dynamo,0,2,45,,injuryTime,,,,,,,,4,,
mls_2026,2026-08-08,,New England Revolution,Houston Dynamo,0,2,54,,substitution,,True,,,C. Baker,M. Polster,,,,
mls_2026,2026-08-08,,New England Revolution,Houston Dynamo,0,2,54,,substitution,,True,,,J. Harrison,M. Zambrano,,,,
mls_2026,2026-08-08,,New England Revolution,Houston Dynamo,0,2,54,,card,L. Ennali,False,yellow,Foul,,,,,,
mls_2026,2026-08-08,,New England Revolution,Houston Dynamo,0,2,63,,goal,A. Resch,False,,,,,,,0,2
mls_2026,2026-08-08,,New England Revolution,Houston Dynamo,0,2,72,,substitution,,False,,,A. Bouzat,J. McGlynn,,,,
mls_2026,2026-08-08,,New England Revolution,Houston Dynamo,0,2,79,,substitution,,True,,,G. Yow,P. Miller,,,,
mls_2026,2026-08-08,,New England Revolution,Houston Dynamo,0,2,79,,substitution,,True,,,D. Fagúndez,A. Yusuf,,,,
mls_2026,2026-08-08,,New England Revolution,Houston Dynamo,0,2,81,,substitution,,False,,,D. McGuire,E. Ponce,,,,
mls_2026,2026-08-08,,New England Revolution,Houston Dynamo,0,2,81,,substitution,,False,,,I. Aliyu,M. Bogusz,,,,
mls_2026,2026-08-08,,New England Revolution,Houston Dynamo,0,2,87,,substitution,,True,,,W. Harris,W. Sands,,,,
mls_2026,2026-08-08,,New England Revolution,Houston Dynamo,0,2,89,,substitution,,False,,,O. Lingr,Guilherme,,,,
mls_2026,2026-08-08,,New England Revolution,Houston Dynamo,0,2,89,,substitution,,False,,,D. Samassékou,H. Herrera,,,,
mls_2026,2026-08-08,,New England Revolution,Houston Dynamo,0,2,90,,period,,,,,,,FT,,0,2
mls_2026,2026-08-08,,New England Revolution,Houston Dynamo,0,2,90,,injuryTime,,,,,,,,7,,
mls_2026,2026-08-08,,New England Revolution,Houston Dynamo,0,2,90,,card,B. Olsen,False,yellow,Argument,,,,,,
mls_2026,2026-08-15,,Atlanta United,New York Red Bulls,2,1,45,,period,,,,,,,HT,,0,1
mls_2026,2026-08-15,,Atlanta United,New York Red Bulls,2,1,45,,injuryTime,,,,,,,,1,,
mls_2026,2026-08-15,,Atlanta United,New York Red Bulls,2,1,48,,card,T. Jacob,True,yellow,Foul,,,,,,
mls_2026,2026-08-15,,Atlanta United,New York Red Bulls,2,1,6,,goal,E. Forsberg,False,,,,,,,0,1
mls_2026,2026-08-15,,Atlanta United,New York Red Bulls,2,1,68,,substitution,,True,,,S. Gregersen,M. Edwards,,,,
mls_2026,2026-08-15,,Atlanta United,New York Red Bulls,2,1,69,,goal,T. Muyumba,True,,,,,,,1,1
mls_2026,2026-08-15,,Atlanta United,New York Red Bulls,2,1,71,,substitution,,False,,,J. Ruvalcaba,M. Jiménez,,,,
mls_2026,2026-08-15,,Atlanta United,New York Red Bulls,2,1,79,,substitution,,False,,,J. Marshall-Rutty,M. D. Santos,,,,
mls_2026,2026-08-15,,Atlanta United,New York Red Bulls,2,1,79,,substitution,,False,,,M. Sofo,E. Forsberg,,,,
mls_2026,2026-08-15,,Atlanta United,New York Red Bulls,2,1,79,,substitution,,False,,,C. Harper,C. Cowell,,,,
mls_2026,2026-08-15,,Atlanta United,New York Red Bulls,2,1,80,,substitution,,True,,,S. Alzate,C. Sanchez,,,,
mls_2026,2026-08-15,,Atlanta United,New York Red Bulls,2,1,80,,substitution,,True,,,R. Hernández,E. Báez,,,,
mls_2026,2026-08-15,,Atlanta United,New York Red Bulls,2,1,82,,card,F. Picault,True,yellow,,,,,,,
mls_2026,2026-08-15,,Atlanta United,New York Red Bulls,2,1,82,,goal,F. Picault,True,,,,,,,2,1
mls_2026,2026-08-15,,Atlanta United,New York Red Bulls,2,1,83,,card,E. Báez,True,yellow,Other reason,,,,,,
mls_2026,2026-08-15,,Atlanta United,New York Red Bulls,2,1,86,,substitution,,False,,,E. M. Choupo-Moting,A. Mehmeti,,,,
mls_2026,2026-08-15,,Atlanta United,New York Red Bulls,2,1,86,,substitution,,True,,,L. Brennan,M. Almirón,,,,
mls_2026,2026-08-15,,Atlanta United,New York Red Bulls,2,1,86,,substitution,,True,,,S. Santos,F. Picault,,,,
mls_2026,2026-08-15,,Atlanta United,New York Red Bulls,2,1,90,,period,,,,,,,FT,,2,1
mls_2026,2026-08-15,,Atlanta United,New York Red Bulls,2,1,90,5,card,M. Sofo,False,yellow,Foul,,,,,,
mls_2026,2026-08-15,,Atlanta United,New York Red Bulls,2,1,90,,injuryTime,,,,,,,,8,,
mls_2026,2026-08-15,,CF Montréal,DC United,1,1,19,,card,J. Hopkins,False,yellow,Simulation,,,,,,
mls_2026,2026-08-15,,CF Montréal,DC United,1,1,45,,period,,,,,,,HT,,0,0
mls_2026,2026-08-15,,CF Montréal,DC United,1,1,45,,injuryTime,,,,,,,,1,,
mls_2026,2026-08-15,,CF Montréal,DC United,1,1,48,,varDecision,H. Synchuk,True,,,,,,,,
mls_2026,2026-08-15,,CF Montréal,DC United,1,1,49,,card,K. Kurokawa,False,yellow,Handball,,,,,,
mls_2026,2026-08-15,,CF Montréal,DC United,1,1,50,,goal,P. Owusu,True,,,,,,,1,0
mls_2026,2026-08-15,,CF Montréal,DC United,1,1,62,,substitution,,False,,,J. Stroud,J. Hopkins,,,,
mls_2026,2026-08-15,,CF Montréal,DC United,1,1,62,,substitution,,True,,,M. Longstaff,F. Herbers,,,,
mls_2026,2026-08-15,,CF Montréal,DC United,1,1,62,,substitution,,True,,,D. Bugaj,B. Ceballos,,,,
mls_2026,2026-08-15,,CF Montréal,DC United,1,1,63,,card,L. Petrasso,True,yellow,Foul,,,,,,
mls_2026,2026-08-15,,CF Montréal,DC United,1,1,66,,goal,T. Baribo,False,,,,,,,1,1
mls_2026,2026-08-15,,CF Montréal,DC United,1,1,77,,substitution,,True,,,D. Rios,N. Streit,,,,
mls_2026,2026-08-15,,CF Montréal,DC United,1,1,80,,substitution,,False,,,H. Kijima,K. Nono,,,,
mls_2026,2026-08-15,,CF Montréal,DC United,1,1,88,,substitution,,False,,,N. Ordaz,L. Munteanu,,,,
mls_2026,2026-08-15,,CF Montréal,DC United,1,1,88,,substitution,,False,,,N. Markovic,B. Servania,,,,
mls_2026,2026-08-15,,CF Montréal,DC United,1,1,90,,period,,,,,,,FT,,1,1
mls_2026,2026-08-15,,CF Montréal,DC United,1,1,90,,substitution,,True,,,O. Escobar,V. Loturi,,,,
mls_2026,2026-08-15,,CF Montréal,DC United,1,1,90,,injuryTime,,,,,,,,6,,
mls_2026,2026-08-15,,Charlotte FC,Columbus Crew,3,1,1,,goal,B. Bronico,True,,,,,,,1,0
mls_2026,2026-08-15,,Charlotte FC,Columbus Crew,3,1,39,,card,D. Schnegg,True,yellow,Foul,,,,,,
mls_2026,2026-08-15,,Charlotte FC,Columbus Crew,3,1,41,,goal,C. Adams,False,,,,,,,2,1
mls_2026,2026-08-15,,Charlotte FC,Columbus Crew,3,1,45,,period,,,,,,,HT,,2,1
mls_2026,2026-08-15,,Charlotte FC,Columbus Crew,3,1,45,,injuryTime,,,,,,,,6,,
mls_2026,2026-08-15,,Charlotte FC,Columbus Crew,3,1,46,,substitution,,False,,,B. Méndez,C. Adams,,,,
mls_2026,2026-08-15,,Charlotte FC,Columbus Crew,3,1,46,,substitution,,False,,,A. Gomes,T. Karumanchi,,,,
mls_2026,2026-08-15,,Charlotte FC,Columbus Crew,3,1,46,,substitution,,True,,,A. Saint-Maximin,L. D. L. Torre,,,,
mls_2026,2026-08-15,,Charlotte FC,Columbus Crew,3,1,46,,substitution,,False,,,S. Moreira,L. Giaccone,,,,
mls_2026,2026-08-15,,Charlotte FC,Columbus Crew,3,1,56,,substitution,,True,,,W. Cleary,N. Byrne,,,,
mls_2026,2026-08-15,,Charlotte FC,Columbus Crew,3,1,56,,substitution,,True,,,A. Goodwin,I. Toklomati,,,,
mls_2026,2026-08-15,,Charlotte FC,Columbus Crew,3,1,57,,card,D. Smith,True,yellow,Argument,,,,,,
mls_2026,2026-08-15,,Charlotte FC,Columbus Crew,3,1,60,,card,H. Kessler,True,yellow,Foul,,,,,,
mls_2026,2026-08-15,,Charlotte FC,Columbus Crew,3,1,70,,substitution,,True,,,R. Aloko,L. Abada,,,,
mls_2026,2026-08-15,,Charlotte FC,Columbus Crew,3,1,71,,substitution,,False,,,J. Martínez,D. Gazdag,,,,
mls_2026,2026-08-15,,Charlotte FC,Columbus Crew,3,1,71,,substitution,,False,,,A. Herrera,M. Amundsen,,,,
mls_2026,2026-08-15,,Charlotte FC,Columbus Crew,3,1,73,,goal,P. Biel,True,,,,,,,3,1
mls_2026,2026-08-15,,Charlotte FC,Columbus Crew,3,1,87,,substitution,,True,,,T. Smalls,P. Biel,,,,
mls_2026,2026-08-15,,Charlotte FC,Columbus Crew,3,1,89,,card,A. Westwood,True,yellow,Argument,,,,,,
mls_2026,2026-08-15,,Charlotte FC,Columbus Crew,3,1,9,,goal,L. Abada,True,,,,,,,2,0
mls_2026,2026-08-15,,Charlotte FC,Columbus Crew,3,1,90,,period,,,,,,,FT,,3,1
mls_2026,2026-08-15,,Charlotte FC,Columbus Crew,3,1,90,,injuryTime,,,,,,,,7,,
mls_2026,2026-08-15,,Orlando City SC,FC Cincinnati,1,1,23,,goal,P. Bucha,False,,,,,,,0,1
mls_2026,2026-08-15,,Orlando City SC,FC Cincinnati,1,1,29,,card,R. Jansson,True,yellow,Time wasting,,,,,,
mls_2026,2026-08-15,,Orlando City SC,FC Cincinnati,1,1,39,,substitution,,True,,,A. Marín,B. Rhein,,,,
mls_2026,2026-08-15,,Orlando City SC,FC Cincinnati,1,1,45,,period,,,,,,,HT,,0,1
mls_2026,2026-08-15,,Orlando City SC,FC Cincinnati,1,1,45,,injuryTime,,,,,,,,6,,
mls_2026,2026-08-15,,Orlando City SC,FC Cincinnati,1,1,46,,substitution,,True,,,M. Pašalić,J. Gerbet,,,,
mls_2026,2026-08-15,,Orlando City SC,FC Cincinnati,1,1,46,,substitution,,False,,,T. Anunga,O. Nwobodo,,,,
mls_2026,2026-08-15,,Orlando City SC,FC Cincinnati,1,1,48,,goal,T. Spicer,True,,,,,,,1,1
mls_2026,2026-08-15,,Orlando City SC,FC Cincinnati,1,1,54,,varDecision,Evander,False,,,,,,,,
mls_2026,2026-08-15,,Orlando City SC,FC Cincinnati,1,1,55,,card,Evander,False,yellow,Simulation,,,,,,
mls_2026,2026-08-15,,Orlando City SC,FC Cincinnati,1,1,61,,substitution,,True,,,W. Cartagena,J. Ellis,,,,
mls_2026,2026-08-15,,Orlando City SC,FC Cincinnati,1,1,66,,substitution,,False,,,K. Smith,S. Gidi,,,,
mls_2026,2026-08-15,,Orlando City SC,FC Cincinnati,1,1,80,,substitution,,False,,,K. M. Dem,B. Ramírez,,,,
mls_2026,2026-08-15,,Orlando City SC,FC Cincinnati,1,1,80,,substitution,,False,,,A. Jabbari,T. Barlow,,,,
mls_2026,2026-08-15,,Orlando City SC,FC Cincinnati,1,1,82,,substitution,,True,,,D. Dike,T. Spicer,,,,
mls_2026,2026-08-15,,Orlando City SC,FC Cincinnati,1,1,85,,card,M. Miazga,False,yellow,Foul,,,,,,
mls_2026,2026-08-15,,Orlando City SC,FC Cincinnati,1,1,90,,period,,,,,,,FT,,1,1
mls_2026,2026-08-15,,Orlando City SC,FC Cincinnati,1,1,90,,substitution,,False,,,T. Hadebe,M. Miazga,,,,
mls_2026,2026-08-15,,Orlando City SC,FC Cincinnati,1,1,90,,injuryTime,,,,,,,,6,,
mls_2026,2026-08-15,,Toronto FC,New England Revolution,2,1,25,,card,B. Raines,False,yellow,Foul,,,,,,
mls_2026,2026-08-15,,Toronto FC,New England Revolution,2,1,40,,substitution,,False,,,G. Yow,P. Miller,,,,
mls_2026,2026-08-15,,Toronto FC,New England Revolution,2,1,43,,goal,W. Sands,True,,,,,,,1,0
mls_2026,2026-08-15,,Toronto FC,New England Revolution,2,1,45,,period,,,,,,,HT,,2,0
mls_2026,2026-08-15,,Toronto FC,New England Revolution,2,1,45,6,goal,N. Dorsch,True,,,,,,,2,0
mls_2026,2026-08-15,,Toronto FC,New England Revolution,2,1,45,,injuryTime,,,,,,,,6,,
mls_2026,2026-08-15,,Toronto FC,New England Revolution,2,1,73,,substitution,,False,,,W. Harris,D. Turgeman,,,,
mls_2026,2026-08-15,,Toronto FC,New England Revolution,2,1,74,,card,W. Zimmerman,True,yellow,Foul,,,,,,
mls_2026,2026-08-15,,Toronto FC,New England Revolution,2,1,76,,card,Đ. Mihailović,True,red,Foul,,,,,,
mls_2026,2026-08-15,,Toronto FC,New England Revolution,2,1,81,,substitution,,True,,,A. Coello,D. Sallói,,,,
mls_2026,2026-08-15,,Toronto FC,New England Revolution,2,1,81,,substitution,,True,,,Z. Monlouis,T. Corbeanu,,,,
mls_2026,2026-08-15,,Toronto FC,New England Revolution,2,1,81,,substitution,,False,,,M. Zambrano,M. Polster,,,,
mls_2026,2026-08-15,,Toronto FC,New England Revolution,2,1,86,,substitution,,False,,,D. Fagúndez,B. Raines,,,,
mls_2026,2026-08-15,,Toronto FC,New England Revolution,2,1,90,,period,,,,,,,FT,,2,1
mls_2026,2026-08-15,,Toronto FC,New England Revolution,2,1,90,1,substitution,,True,,,K. Franklin,M. Cimermancic,,,,
mls_2026,2026-08-15,,Toronto FC,New England Revolution,2,1,90,1,substitution,,True,,,E. Aristizábal,J. Sargent,,,,
mls_2026,2026-08-15,,Toronto FC,New England Revolution,2,1,90,,goal,W. Harris,False,,,,,,,2,1
mls_2026,2026-08-15,,Toronto FC,New England Revolution,2,1,90,,injuryTime,,,,,,,,5,,
mls_2026,2026-08-16,,Chicago Fire,Portland Timbers,2,1,14,,goal,D. T. D'Avilla,True,,,,,,,2,0
mls_2026,2026-08-16,,Chicago Fire,Portland Timbers,2,1,45,,period,,,,,,,HT,,2,0
mls_2026,2026-08-16,,Chicago Fire,Portland Timbers,2,1,45,,injuryTime,,,,,,,,2,,
mls_2026,2026-08-16,,Chicago Fire,Portland Timbers,2,1,51,,card,B. Bye,False,yellow,Foul,,,,,,
mls_2026,2026-08-16,,Chicago Fire,Portland Timbers,2,1,57,,card,R. Lod,True,yellow,Foul,,,,,,
mls_2026,2026-08-16,,Chicago Fire,Portland Timbers,2,1,60,,substitution,,True,,,P. Dithejane,P. Zinckernagel,,,,
mls_2026,2026-08-16,,Chicago Fire,Portland Timbers,2,1,60,,substitution,,True,,,J. Bamba,R. Lewandowski,,,,
mls_2026,2026-08-16,,Chicago Fire,Portland Timbers,2,1,61,,substitution,,False,,,J. Ortíz,C. Bassett,,,,
mls_2026,2026-08-16,,Chicago Fire,Portland Timbers,2,1,61,,substitution,,False,,,A. Lassiter,A. Alves,,,,
mls_2026,2026-08-16,,Chicago Fire,Portland Timbers,2,1,72,,substitution,,True,,,J. Dean,L. Barroso,,,,
mls_2026,2026-08-16,,Chicago Fire,Portland Timbers,2,1,76,,substitution,,False,,,V. Janssen,D. Da Costa,,,,
mls_2026,2026-08-16,,Chicago Fire,Portland Timbers,2,1,76,,substitution,,False,,,J. Caicedo,D. Chará,,,,
mls_2026,2026-08-16,,Chicago Fire,Portland Timbers,2,1,79,,card,A. Salétros,True,yellow,Foul,,,,,,
mls_2026,2026-08-16,,Chicago Fire,Portland Timbers,2,1,82,,substitution,,True,,,M. Pineda,A. Salétros,,,,
mls_2026,2026-08-16,,Chicago Fire,Portland Timbers,2,1,85,,goal,F. Surman,False,,,,,,,2,1
mls_2026,2026-08-16,,Chicago Fire,Portland Timbers,2,1,88,,substitution,,False,,,O. Fernandez,K. Miller,,,,
mls_2026,2026-08-16,,Chicago Fire,Portland Timbers,2,1,9,,goal,R. Lod,True,,,,,,,1,0
mls_2026,2026-08-16,,Chicago Fire,Portland Timbers,2,1,90,,period,,,,,,,FT,,2,1
mls_2026,2026-08-16,,Chicago Fire,Portland Timbers,2,1,90,4,card,V. Janssen,False,yellow,Foul,,,,,,
mls_2026,2026-08-16,,Chicago Fire,Portland Timbers,2,1,90,,injuryTime,,,,,,,,4,,
mls_2026,2026-08-16,,Colorado Rapids,Sporting Kansas City,2,0,30,,card,Z. Bassong,False,yellow,Foul,,,,,,
mls_2026,2026-08-16,,Colorado Rapids,Sporting Kansas City,2,0,38,,card,K. Agyabeng,False,red,Foul,,,,,,
mls_2026,2026-08-16,,Colorado Rapids,Sporting Kansas City,2,0,42,,substitution,,False,,,J. Bartlett,S. Suleymanov,,,,
mls_2026,2026-08-16,,Colorado Rapids,Sporting Kansas City,2,0,45,,period,,,,,,,HT,,0,0
mls_2026,2026-08-16,,Colorado Rapids,Sporting Kansas City,2,0,45,,injuryTime,,,,,,,,3,,
mls_2026,2026-08-16,,Colorado Rapids,Sporting Kansas City,2,0,46,,substitution,,False,,,I. James,Z. Bassong,,,,
mls_2026,2026-08-16,,Colorado Rapids,Sporting Kansas City,2,0,56,,substitution,,True,,,Y. Maziz,W. Frederick,,,,
mls_2026,2026-08-16,,Colorado Rapids,Sporting Kansas City,2,0,62,,substitution,,False,,,W. Meyer,O. Blorian,,,,
mls_2026,2026-08-16,,Colorado Rapids,Sporting Kansas City,2,0,63,,card,S. Suleymanov,False,yellow,Argument,,,,,,
mls_2026,2026-08-16,,Colorado Rapids,Sporting Kansas City,2,0,65,,goal,R. Cannon,True,,,,,,,1,0
mls_2026,2026-08-16,,Colorado Rapids,Sporting Kansas City,2,0,66,,substitution,,False,,,J. Reid,Capita,,,,
mls_2026,2026-08-16,,Colorado Rapids,Sporting Kansas City,2,0,66,,substitution,,False,,,T. Calheira,D. Joveljić,,,,
mls_2026,2026-08-16,,Colorado Rapids,Sporting Kansas City,2,0,66,,substitution,,True,,,D. Yapi,D. Sealy,,,,
mls_2026,2026-08-16,,Colorado Rapids,Sporting Kansas City,2,0,71,,varDecision,G. Minoungou,True,,,,,,,,
mls_2026,2026-08-16,,Colorado Rapids,Sporting Kansas City,2,0,84,,substitution,,True,,,H. Ojediran,G. Minoungou,,,,
mls_2026,2026-08-16,,Colorado Rapids,Sporting Kansas City,2,0,84,,card,J. Atencio,True,yellow,Foul,,,,,,
mls_2026,2026-08-16,,Colorado Rapids,Sporting Kansas City,2,0,88,,card,M. Mosquera,False,yellow,Argument,,,,,,
mls_2026,2026-08-16,,Colorado Rapids,Sporting Kansas City,2,0,90,,period,,,,,,,FT,,2,0
mls_2026,2026-08-16,,Colorado Rapids,Sporting Kansas City,2,0,90,5,goal,R. Navarro,True,,,,,,,2,0
mls_2026,2026-08-16,,Colorado Rapids,Sporting Kansas City,2,0,90,2,card,M. Mosquera,False,red,Professional foul last man,,,,,,
mls_2026,2026-08-16,,Colorado Rapids,Sporting Kansas City,2,0,90,,injuryTime,,,,,,,,6,,
mls_2026,2026-08-16,,Houston Dynamo,LA Galaxy,1,0,21,,goal,Guilherme,True,,,,,,,1,0
mls_2026,2026-08-16,,Houston Dynamo,LA Galaxy,1,0,45,,period,,,,,,,HT,,1,0
mls_2026,2026-08-16,,Houston Dynamo,LA Galaxy,1,0,45,1,card,H. Herrera,True,yellow,Foul,,,,,,
mls_2026,2026-08-16,,Houston Dynamo,LA Galaxy,1,0,45,,injuryTime,,,,,,,,8,,
mls_2026,2026-08-16,,Houston Dynamo,LA Galaxy,1,0,46,,substitution,,False,,,C. Garcés,M. Yoshida,,,,
mls_2026,2026-08-16,,Houston Dynamo,LA Galaxy,1,0,54,,substitution,,False,,,I. Parente,E. Wynder,,,,
mls_2026,2026-08-16,,Houston Dynamo,LA Galaxy,1,0,56,,card,L. Ennali,True,yellow,Argument,,,,,,
mls_2026,2026-08-16,,Houston Dynamo,LA Galaxy,1,0,57,,varDecision,L. Ennali,True,,,,,,,,
mls_2026,2026-08-16,,Houston Dynamo,LA Galaxy,1,0,58,,card,C. Garcés,False,red,Professional foul last man,,,,,,
mls_2026,2026-08-16,,Houston Dynamo,LA Galaxy,1,0,65,,substitution,,False,,,T. Elgersma,K. Furuhashi,,,,
mls_2026,2026-08-16,,Houston Dynamo,LA Galaxy,1,0,65,,substitution,,False,,,H. Lozano,R. Taylor,,,,
mls_2026,2026-08-16,,Houston Dynamo,LA Galaxy,1,0,65,,substitution,,True,,,O. Lingr,D. McGuire,,,,
mls_2026,2026-08-16,,Houston Dynamo,LA Galaxy,1,0,65,,substitution,,True,,,D. Holmes,F. Negri,,,,
mls_2026,2026-08-16,,Houston Dynamo,LA Galaxy,1,0,83,,substitution,,True,,,A. Bouzat,J. McGlynn,,,,
mls_2026,2026-08-16,,Houston Dynamo,LA Galaxy,1,0,89,,substitution,,False,,,R. Ramos,L. Sanabria,,,,
mls_2026,2026-08-16,,Houston Dynamo,LA Galaxy,1,0,89,,substitution,,True,,,D. Samassékou,H. Herrera,,,,
mls_2026,2026-08-16,,Houston Dynamo,LA Galaxy,1,0,89,,substitution,,True,,,I. Aliyu,M. Bogusz,,,,
mls_2026,2026-08-16,,Houston Dynamo,LA Galaxy,1,0,90,,period,,,,,,,FT,,1,0
mls_2026,2026-08-16,,Houston Dynamo,LA Galaxy,1,0,90,11,card,I. Aliyu,True,yellowRed,Foul,,,,,,
mls_2026,2026-08-16,,Houston Dynamo,LA Galaxy,1,0,90,9,card,I. Aliyu,True,yellow,Foul,,,,,,
mls_2026,2026-08-16,,Houston Dynamo,LA Galaxy,1,0,90,4,card,H. Lozano,False,yellow,Foul,,,,,,
mls_2026,2026-08-16,,Houston Dynamo,LA Galaxy,1,0,90,,injuryTime,,,,,,,,10,,
mls_2026,2026-08-16,,Los Angeles FC,San Diego FC,0,1,21,,varDecision,D. Bouanga,True,,,,,,,,
mls_2026,2026-08-16,,Los Angeles FC,San Diego FC,0,1,29,,card,A. Alvarado Jr,False,yellow,Foul,,,,,,
mls_2026,2026-08-16,,Los Angeles FC,San Diego FC,0,1,45,,period,,,,,,,HT,,0,0
mls_2026,2026-08-16,,Los Angeles FC,San Diego FC,0,1,45,,injuryTime,,,,,,,,2,,
mls_2026,2026-08-16,,Los Angeles FC,San Diego FC,0,1,53,,substitution,,False,,,E. Achouri,L. Morgan,,,,
mls_2026,2026-08-16,,Los Angeles FC,San Diego FC,0,1,62,,card,E. Segura,True,yellow,Argument,,,,,,
mls_2026,2026-08-16,,Los Angeles FC,San Diego FC,0,1,65,,substitution,,True,,,M. Choinière,T. Tillman,,,,
mls_2026,2026-08-16,,Los Angeles FC,San Diego FC,0,1,65,,substitution,,True,,,J. Shaffelburg,T. Boyd,,,,
mls_2026,2026-08-16,,Los Angeles FC,San Diego FC,0,1,73,,substitution,,False,,,O. Valakari,Gabriel Pirani,,,,
mls_2026,2026-08-16,,Los Angeles FC,San Diego FC,0,1,73,,substitution,,False,,,J. Tverskov,A. Alvarado Jr,,,,
mls_2026,2026-08-16,,Los Angeles FC,San Diego FC,0,1,75,,card,O. Valakari,False,yellow,Foul,,,,,,
mls_2026,2026-08-16,,Los Angeles FC,San Diego FC,0,1,80,,card,M. Delgado,True,yellow,Foul,,,,,,
mls_2026,2026-08-16,,Los Angeles FC,San Diego FC,0,1,84,,card,M. Choinière,True,yellow,Foul,,,,,,
mls_2026,2026-08-16,,Los Angeles FC,San Diego FC,0,1,85,,substitution,,False,,,C. McVey,I. Murphy,,,,
mls_2026,2026-08-16,,Los Angeles FC,San Diego FC,0,1,85,,substitution,,False,,,A. Pellegrino,M. Ingvartsen,,,,
mls_2026,2026-08-16,,Los Angeles FC,San Diego FC,0,1,88,,varDecision,J. Tverskov,False,,,,,,,,
mls_2026,2026-08-16,,Los Angeles FC,San Diego FC,0,1,89,,goal,A. Dreyer,False,,,,,,,0,1
mls_2026,2026-08-16,,Los Angeles FC,San Diego FC,0,1,90,,period,,,,,,,FT,,0,1
mls_2026,2026-08-16,,Los Angeles FC,San Diego FC,0,1,90,7,card,S. Heung-min,True,yellow,Argument,,,,,,
mls_2026,2026-08-16,,Los Angeles FC,San Diego FC,0,1,90,6,card,A. Dreyer,False,yellowRed,Foul,,,,,,
mls_2026,2026-08-16,,Los Angeles FC,San Diego FC,0,1,90,,substitution,,True,,,J. Ebobisse,E. Segura,,,,
mls_2026,2026-08-16,,Los Angeles FC,San Diego FC,0,1,90,,substitution,,True,,,R. Raposo,R. Hollingshead,,,,
mls_2026,2026-08-16,,Los Angeles FC,San Diego FC,0,1,90,,card,A. Dreyer,False,yellow,,,,,,,
mls_2026,2026-08-16,,Los Angeles FC,San Diego FC,0,1,90,,injuryTime,,,,,,,,5,,
mls_2026,2026-08-16,,Nashville SC,Inter Miami CF,4,1,17,,goal,A. Najar,True,,,,,,,1,0
mls_2026,2026-08-16,,Nashville SC,Inter Miami CF,4,1,25,,varDecision,L. Messi,False,,,,,,,,
mls_2026,2026-08-16,,Nashville SC,Inter Miami CF,4,1,33,,substitution,,False,,,M. Falcón,F. Mura,,,,
mls_2026,2026-08-16,,Nashville SC,Inter Miami CF,4,1,45,,period,,,,,,,HT,,1,1
mls_2026,2026-08-16,,Nashville SC,Inter Miami CF,4,1,45,6,card,S. Surridge,True,yellow,,,,,,,
mls_2026,2026-08-16,,Nashville SC,Inter Miami CF,4,1,45,3,goal,T. Segovia,False,,,,,,,1,1
mls_2026,2026-08-16,,Nashville SC,Inter Miami CF,4,1,45,,injuryTime,,,,,,,,7,,
mls_2026,2026-08-16,,Nashville SC,Inter Miami CF,4,1,47,,card,Casemiro,False,yellow,Foul,,,,,,
mls_2026,2026-08-16,,Nashville SC,Inter Miami CF,4,1,49,,goal,H. Mukhtar,True,,,,,,,2,1
mls_2026,2026-08-16,,Nashville SC,Inter Miami CF,4,1,56,,goal,S. Surridge,True,,,,,,,3,1
mls_2026,2026-08-16,,Nashville SC,Inter Miami CF,4,1,59,,card,L. Messi,False,yellow,Argument,,,,,,
mls_2026,2026-08-16,,Nashville SC,Inter Miami CF,4,1,63,,goal,H. Mukhtar,True,,,,,,,4,1
mls_2026,2026-08-16,,Nashville SC,Inter Miami CF,4,1,72,,substitution,,True,,,S. Mohammed,C. Espinoza,,,,
mls_2026,2026-08-16,,Nashville SC,Inter Miami CF,4,1,72,,substitution,,True,,,A. Muyl,E. Saad,,,,
mls_2026,2026-08-16,,Nashville SC,Inter Miami CF,4,1,72,,substitution,,True,,,J. Maher,J. Palacios,,,,
mls_2026,2026-08-16,,Nashville SC,Inter Miami CF,4,1,75,,substitution,,False,,,D. Ruíz,I. Fray,,,,
mls_2026,2026-08-16,,Nashville SC,Inter Miami CF,4,1,75,,substitution,,False,,,N. Allen,S. Reguilón,,,,
mls_2026,2026-08-16,,Nashville SC,Inter Miami CF,4,1,78,,card,D. Ruíz,False,yellow,Foul,,,,,,
mls_2026,2026-08-16,,Nashville SC,Inter Miami CF,4,1,84,,substitution,,True,,,D. Lovitz,A. Najar,,,,
mls_2026,2026-08-16,,Nashville SC,Inter Miami CF,4,1,86,,substitution,,False,,,L. Delinois,T. Segovia,,,,
mls_2026,2026-08-16,,Nashville SC,Inter Miami CF,4,1,87,,substitution,,True,,,J. Bauer,R. Baker-Whiting,,,,
mls_2026,2026-08-16,,Nashville SC,Inter Miami CF,4,1,90,,period,,,,,,,FT,,4,1
mls_2026,2026-08-16,,Nashville SC,Inter Miami CF,4,1,90,,injuryTime,,,,,,,,9,,
mls_2026,2026-08-16,,New York City FC,Philadelphia Union,2,3,16,,card,N. Harriel,False,yellow,Foul,,,,,,
mls_2026,2026-08-16,,New York City FC,Philadelphia Union,2,3,4,,goal,B. Traore,True,,,,,,,1,0
mls_2026,2026-08-16,,New York City FC,Philadelphia Union,2,3,43,,card,Luighi,True,yellow,Foul,,,,,,
mls_2026,2026-08-16,,New York City FC,Philadelphia Union,2,3,44,,card,J. Lukić,False,yellow,Persistent fouling,,,,,,
mls_2026,2026-08-16,,New York City FC,Philadelphia Union,2,3,45,,period,,,,,,,HT,,2,0
mls_2026,2026-08-16,,New York City FC,Philadelphia Union,2,3,45,2,goal,Luighi,True,,,,,,,2,0
mls_2026,2026-08-16,,New York City FC,Philadelphia Union,2,3,45,,injuryTime,,,,,,,,4,,
mls_2026,2026-08-16,,New York City FC,Philadelphia Union,2,3,48,,goal,D. Jean Jacques,False,,,,,,,2,1
mls_2026,2026-08-16,,New York City FC,Philadelphia Union,2,3,50,,card,M. Iloski,False,yellow,Foul,,,,,,
mls_2026,2026-08-16,,New York City FC,Philadelphia Union,2,3,60,,substitution,,True,,,K. O'Toole,K. Parks,,,,
mls_2026,2026-08-16,,New York City FC,Philadelphia Union,2,3,60,,substitution,,True,,,M. Carrizo,J. Shore,,,,
mls_2026,2026-08-16,,New York City FC,Philadelphia Union,2,3,62,,substitution,,False,,,J. Bueno,J. Lukić,,,,
mls_2026,2026-08-16,,New York City FC,Philadelphia Union,2,3,67,,substitution,,True,,,M. Jones,B. Traore,,,,
mls_2026,2026-08-16,,New York City FC,Philadelphia Union,2,3,67,,substitution,,True,,,T. Magno,Luighi,,,,
mls_2026,2026-08-16,,New York City FC,Philadelphia Union,2,3,69,,goal,B. Damiani,False,,,,,,,2,2
mls_2026,2026-08-16,,New York City FC,Philadelphia Union,2,3,70,,substitution,,False,,,Q. Sullivan,I. Vassilev,,,,
mls_2026,2026-08-16,,New York City FC,Philadelphia Union,2,3,75,,goal,B. Damiani,False,,,,,,,2,3
mls_2026,2026-08-16,,New York City FC,Philadelphia Union,2,3,78,,substitution,,True,,,Raul Gustavo,M. Murray,,,,
mls_2026,2026-08-16,,New York City FC,Philadelphia Union,2,3,79,,card,T. Gray,True,yellow,Foul,,,,,,
mls_2026,2026-08-16,,New York City FC,Philadelphia Union,2,3,80,,substitution,,False,,,A. Bedoya,C. Sullivan,,,,
mls_2026,2026-08-16,,New York City FC,Philadelphia Union,2,3,85,,card,K. Wagner,False,yellow,Foul,,,,,,
mls_2026,2026-08-16,,New York City FC,Philadelphia Union,2,3,90,,period,,,,,,,FT,,2,3
mls_2026,2026-08-16,,New York City FC,Philadelphia Union,2,3,90,,card,M. Jones,True,yellow,Argument,,,,,,
mls_2026,2026-08-16,,New York City FC,Philadelphia Union,2,3,90,,injuryTime,,,,,,,,5,,
mls_2026,2026-08-16,,Real Salt Lake,Minnesota United,1,1,12,,card,Z. Booth,True,yellow,Foul,,,,,,
mls_2026,2026-08-16,,Real Salt Lake,Minnesota United,1,1,15,,substitution,,True,,,D. Marczuk,Z. Booth,,,,
mls_2026,2026-08-16,,Real Salt Lake,Minnesota United,1,1,32,,card,J. Díaz,False,yellow,Foul,,,,,,
mls_2026,2026-08-16,,Real Salt Lake,Minnesota United,1,1,45,,period,,,,,,,HT,,0,0
mls_2026,2026-08-16,,Real Salt Lake,Minnesota United,1,1,45,,injuryTime,,,,,,,,2,,
mls_2026,2026-08-16,,Real Salt Lake,Minnesota United,1,1,46,,substitution,,False,,,B. Hlongwane,K. Duncan,,,,
mls_2026,2026-08-16,,Real Salt Lake,Minnesota United,1,1,56,,card,L. Rodrigues,True,yellow,Foul,,,,,,
mls_2026,2026-08-16,,Real Salt Lake,Minnesota United,1,1,60,,substitution,,True,,,S. Lobzhanidze,L. Rodrigues,,,,
mls_2026,2026-08-16,,Real Salt Lake,Minnesota United,1,1,71,,substitution,,False,,,C. Harvey,J. Díaz,,,,
mls_2026,2026-08-16,,Real Salt Lake,Minnesota United,1,1,71,,substitution,,False,,,K. Yeboah,M. Dieng,,,,
mls_2026,2026-08-16,,Real Salt Lake,Minnesota United,1,1,71,,substitution,,False,,,M. González,T. Chancalay,,,,
mls_2026,2026-08-16,,Real Salt Lake,Minnesota United,1,1,82,,goal,S. Solans,True,,,,,,,1,0
mls_2026,2026-08-16,,Real Salt Lake,Minnesota United,1,1,86,,substitution,,True,,,A. Hezarkhani,D. Luna,,,,
mls_2026,2026-08-16,,Real Salt Lake,Minnesota United,1,1,87,,substitution,,True,,,V. Olatunji,S. Solans,,,,
mls_2026,2026-08-16,,Real Salt Lake,Minnesota United,1,1,87,,substitution,,False,,,M. Caldeira,W. Trapp,,,,
mls_2026,2026-08-16,,Real Salt Lake,Minnesota United,1,1,89,,goal,J. Pereyra,False,,,,,,,1,1
mls_2026,2026-08-16,,Real Salt Lake,Minnesota United,1,1,90,,period,,,,,,,FT,,1,1
mls_2026,2026-08-16,,Real Salt Lake,Minnesota United,1,1,90,4,card,S. Spierings,True,yellow,Argument,,,,,,
mls_2026,2026-08-16,,Real Salt Lake,Minnesota United,1,1,90,,injuryTime,,,,,,,,4,,
mls_2026,2026-08-16,,San Jose Earthquakes,St.Louis City,1,3,27,,goal,S. Becher,False,,,,,,,0,2
mls_2026,2026-08-16,,San Jose Earthquakes,St.Louis City,1,3,45,,period,,,,,,,HT,,0,2
mls_2026,2026-08-16,,San Jose Earthquakes,St.Louis City,1,3,45,,injuryTime,,,,,,,,2,,
mls_2026,2026-08-16,,San Jose Earthquakes,St.Louis City,1,3,46,,substitution,,True,,,J. Jasinski,B. Kikanović,,,,
mls_2026,2026-08-16,,San Jose Earthquakes,St.Louis City,1,3,46,,substitution,,True,,,L. Jovanovic,N. Tsakiris,,,,
mls_2026,2026-08-16,,San Jose Earthquakes,St.Louis City,1,3,47,,goal,B. Leroux,True,,,,,,,1,2
mls_2026,2026-08-16,,San Jose Earthquakes,St.Louis City,1,3,55,,goal,S. Becher,False,,,,,,,1,3
mls_2026,2026-08-16,,San Jose Earthquakes,St.Louis City,1,3,69,,substitution,,False,,,A. Mățan,J. Sang-bin,,,,
mls_2026,2026-08-16,,San Jose Earthquakes,St.Louis City,1,3,69,,substitution,,False,,,C. Holse,E. Löwen,,,,
mls_2026,2026-08-16,,San Jose Earthquakes,St.Louis City,1,3,71,,substitution,,True,,,I. Harkes,R. Vieira,,,,
mls_2026,2026-08-16,,San Jose Earthquakes,St.Louis City,1,3,71,,substitution,,True,,,J. Skahan,O. Bouda,,,,
mls_2026,2026-08-16,,San Jose Earthquakes,St.Louis City,1,3,77,,card,C. Wallem,False,yellow,Foul,,,,,,
mls_2026,2026-08-16,,San Jose Earthquakes,St.Louis City,1,3,79,,card,T. Werner,True,yellow,Foul,,,,,,
mls_2026,2026-08-16,,San Jose Earthquakes,St.Louis City,1,3,8,,goal,D. Edelman,False,,,,,,,0,1
mls_2026,2026-08-16,,San Jose Earthquakes,St.Louis City,1,3,82,,card,R. Roberts,True,yellow,Foul,,,,,,
mls_2026,2026-08-16,,San Jose Earthquakes,St.Louis City,1,3,84,,card,T. Totland,False,yellow,Foul,,,,,,
mls_2026,2026-08-16,,San Jose Earthquakes,St.Louis City,1,3,89,,substitution,,False,,,P. Ault,S. Becher,,,,
mls_2026,2026-08-16,,San Jose Earthquakes,St.Louis City,1,3,89,,substitution,,False,,,J. Orozco,C. Wallem,,,,
mls_2026,2026-08-16,,San Jose Earthquakes,St.Louis City,1,3,90,,period,,,,,,,FT,,1,3
mls_2026,2026-08-17,,Austin FC,FC Dallas,1,2,33,,card,Ramiro,False,yellow,Foul,,,,,,
mls_2026,2026-08-17,,Austin FC,FC Dallas,1,2,35,,card,M. Đorđević,True,yellow,Foul,,,,,,
mls_2026,2026-08-17,,Austin FC,FC Dallas,1,2,45,,period,,,,,,,HT,,0,1
mls_2026,2026-08-17,,Austin FC,FC Dallas,1,2,45,2,goal,L. Abubakar,False,,,,,,,0,1
mls_2026,2026-08-17,,Austin FC,FC Dallas,1,2,45,,injuryTime,,,,,,,,3,,
mls_2026,2026-08-17,,Austin FC,FC Dallas,1,2,46,,substitution,,True,,,F. Torres,J. Rosales,,,,
mls_2026,2026-08-17,,Austin FC,FC Dallas,1,2,46,,substitution,,True,,,P. Płacheta,I. Sánchez,,,,
mls_2026,2026-08-17,,Austin FC,FC Dallas,1,2,57,,goal,E. Torres,True,,,,,,,1,1
mls_2026,2026-08-17,,Austin FC,FC Dallas,1,2,60,,card,B. Kamungo,False,yellow,Foul,,,,,,
mls_2026,2026-08-17,,Austin FC,FC Dallas,1,2,63,,substitution,,True,,,B. Vázquez,C. Ramirez,,,,
mls_2026,2026-08-17,,Austin FC,FC Dallas,1,2,63,,substitution,,True,,,Ž. Kolmanič,J. Gallagher,,,,
mls_2026,2026-08-17,,Austin FC,FC Dallas,1,2,63,,card,J. Valiente,False,yellow,,,,,,,
mls_2026,2026-08-17,,Austin FC,FC Dallas,1,2,68,,card,O. Svatok,True,yellow,Foul,,,,,,
mls_2026,2026-08-17,,Austin FC,FC Dallas,1,2,70,,substitution,,False,,,L. Farrington,S. Moreno,,,,
mls_2026,2026-08-17,,Austin FC,FC Dallas,1,2,73,,goal,P. Musa,False,,,,,,,1,2
mls_2026,2026-08-17,,Austin FC,FC Dallas,1,2,79,,substitution,,False,,,Kaick,Ramiro,,,,
mls_2026,2026-08-17,,Austin FC,FC Dallas,1,2,82,,substitution,,True,,,J. Nelson,Guilherme Biro,,,,
mls_2026,2026-08-17,,Austin FC,FC Dallas,1,2,83,,card,O. Urhoghide,False,yellow,Time wasting,,,,,,
mls_2026,2026-08-17,,Austin FC,FC Dallas,1,2,85,,substitution,,False,,,R. Binyamin,P. Musa,,,,
mls_2026,2026-08-17,,Austin FC,FC Dallas,1,2,85,,substitution,,False,,,C. Holstad,J. Valiente,,,,
mls_2026,2026-08-17,,Austin FC,FC Dallas,1,2,90,,period,,,,,,,FT,,1,2
mls_2026,2026-08-17,,Austin FC,FC Dallas,1,2,90,9,card,M. Uzuni,True,yellow,Foul,,,,,,
mls_2026,2026-08-17,,Austin FC,FC Dallas,1,2,90,,injuryTime,,,,,,,,10,,
mls_2026,2026-08-17,,Seattle Sounders FC,Vancouver Whitecaps,0,2,18,,substitution,,False,,,R. Elloumi,J. Badwal,,,,
mls_2026,2026-08-17,,Seattle Sounders FC,Vancouver Whitecaps,0,2,36,,substitution,,True,,,S. Gomez,J. Ferreira,,,,
mls_2026,2026-08-17,,Seattle Sounders FC,Vancouver Whitecaps,0,2,45,,period,,,,,,,HT,,0,0
mls_2026,2026-08-17,,Seattle Sounders FC,Vancouver Whitecaps,0,2,45,,injuryTime,,,,,,,,4,,
mls_2026,2026-08-17,,Seattle Sounders FC,Vancouver Whitecaps,0,2,57,,card,J. Ragen,True,yellow,Foul,,,,,,
mls_2026,2026-08-17,,Seattle Sounders FC,Vancouver Whitecaps,0,2,58,,substitution,,False,,,R. Gauld,C. T. Sabaly,,,,
mls_2026,2026-08-17,,Seattle Sounders FC,Vancouver Whitecaps,0,2,58,,substitution,,True,,,A. Lopez,S. Brunell,,,,
mls_2026,2026-08-17,,Seattle Sounders FC,Vancouver Whitecaps,0,2,66,,substitution,,False,,,T. Blackmon,R. Priso,,,,
mls_2026,2026-08-17,,Seattle Sounders FC,Vancouver Whitecaps,0,2,73,,substitution,,True,,,K. Kee-hee,K. Kossa-Rienzi,,,,
mls_2026,2026-08-17,,Seattle Sounders FC,Vancouver Whitecaps,0,2,73,,substitution,,True,,,O. D. Rosario,D. Musovski,,,,
mls_2026,2026-08-17,,Seattle Sounders FC,Vancouver Whitecaps,0,2,76,,card,N. Tolo,True,yellow,Foul,,,,,,
mls_2026,2026-08-17,,Seattle Sounders FC,Vancouver Whitecaps,0,2,77,,goal,R. Elloumi,False,,,,,,,0,1
mls_2026,2026-08-17,,Seattle Sounders FC,Vancouver Whitecaps,0,2,82,,goal,T. Müller,False,,,,,,,0,2
mls_2026,2026-08-17,,Seattle Sounders FC,Vancouver Whitecaps,0,2,85,,substitution,,True,,,C. Gaffney,A. Roldán,,,,
mls_2026,2026-08-17,,Seattle Sounders FC,Vancouver Whitecaps,0,2,86,,card,P. Rothrock,True,yellow,Foul,,,,,,
mls_2026,2026-08-17,,Seattle Sounders FC,Vancouver Whitecaps,0,2,86,,substitution,,False,,,N. Djordjevic,E. Sabbi,,,,
mls_2026,2026-08-17,,Seattle Sounders FC,Vancouver Whitecaps,0,2,90,,period,,,,,,,FT,,0,2
mls_2026,2026-08-17,,Seattle Sounders FC,Vancouver Whitecaps,0,2,90,,injuryTime,,,,,,,,4,,
mls_2026,2026-08-19,,Columbus Crew,CF Montréal,1,2,13,,card,B. Vera,False,yellow,Foul,,,,,,
mls_2026,2026-08-19,,Columbus Crew,CF Montréal,1,2,14,,substitution,,True,,,C. Ruvalcaba,R. Camacho,,,,
mls_2026,2026-08-19,,Columbus Crew,CF Montréal,1,2,20,,goal,T. Gillier,True,,,,,,,1,1
mls_2026,2026-08-19,,Columbus Crew,CF Montréal,1,2,3,,card,R. Camacho,True,yellow,Foul,,,,,,
mls_2026,2026-08-19,,Columbus Crew,CF Montréal,1,2,34,,card,A. Gomes,True,yellow,Foul,,,,,,
mls_2026,2026-08-19,,Columbus Crew,CF Montréal,1,2,45,,period,,,,,,,HT,,1,1
mls_2026,2026-08-19,,Columbus Crew,CF Montréal,1,2,45,,injuryTime,,,,,,,,3,,
mls_2026,2026-08-19,,Columbus Crew,CF Montréal,1,2,48,,card,J. Neal,False,yellow,Foul,,,,,,
mls_2026,2026-08-19,,Columbus Crew,CF Montréal,1,2,5,,goal,P. Owusu,False,,,,,,,0,1
mls_2026,2026-08-19,,Columbus Crew,CF Montréal,1,2,56,,substitution,,False,,,V. Loturi,H. Synchuk,,,,
mls_2026,2026-08-19,,Columbus Crew,CF Montréal,1,2,56,,substitution,,True,,,A. Herrera,M. Farsi,,,,
mls_2026,2026-08-19,,Columbus Crew,CF Montréal,1,2,56,,substitution,,True,,,J. Martínez,C. Adams,,,,
mls_2026,2026-08-19,,Columbus Crew,CF Montréal,1,2,68,,substitution,,False,,,B. Craig,J. Neal,,,,
mls_2026,2026-08-19,,Columbus Crew,CF Montréal,1,2,68,,substitution,,False,,,B. Ceballos,F. Herbers,,,,
mls_2026,2026-08-19,,Columbus Crew,CF Montréal,1,2,74,,card,B. Ceballos,False,yellow,,,,,,,
mls_2026,2026-08-19,,Columbus Crew,CF Montréal,1,2,78,,goal,N. Streit,False,,,,,,,1,2
mls_2026,2026-08-19,,Columbus Crew,CF Montréal,1,2,79,,substitution,,False,,,D. Rios,N. Streit,,,,
mls_2026,2026-08-19,,Columbus Crew,CF Montréal,1,2,79,,substitution,,False,,,A. Sánchez,P. Owusu,,,,
mls_2026,2026-08-19,,Columbus Crew,CF Montréal,1,2,80,,substitution,,True,,,D. Gazdag,T. Habroune,,,,
mls_2026,2026-08-19,,Columbus Crew,CF Montréal,1,2,80,,substitution,,True,,,T. Karumanchi,D. Chambost,,,,
mls_2026,2026-08-19,,Columbus Crew,CF Montréal,1,2,89,,card,M. Longstaff,False,yellow,Time wasting,,,,,,
mls_2026,2026-08-19,,Columbus Crew,CF Montréal,1,2,90,,period,,,,,,,FT,,1,2
mls_2026,2026-08-19,,Columbus Crew,CF Montréal,1,2,90,,injuryTime,,,,,,,,4,,
mls_2026,2026-08-19,,DC United,New England Revolution,0,3,13,,card,B. Raines,False,yellow,Foul,,,,,,
mls_2026,2026-08-19,,DC United,New England Revolution,0,3,23,,goal,A. Yusuf,False,,,,,,,0,1
mls_2026,2026-08-19,,DC United,New England Revolution,0,3,26,,card,A. Dozzell,True,yellow,Foul,,,,,,
mls_2026,2026-08-19,,DC United,New England Revolution,0,3,32,,card,M. Polster,False,yellow,Foul,,,,,,
mls_2026,2026-08-19,,DC United,New England Revolution,0,3,45,,period,,,,,,,HT,,0,2
mls_2026,2026-08-19,,DC United,New England Revolution,0,3,45,,goal,A. Yusuf,False,,,,,,,0,2
mls_2026,2026-08-19,,DC United,New England Revolution,0,3,45,,injuryTime,,,,,,,,3,,
mls_2026,2026-08-19,,DC United,New England Revolution,0,3,46,,substitution,,True,,,B. Servania,S. Nealis,,,,
mls_2026,2026-08-19,,DC United,New England Revolution,0,3,46,,substitution,,True,,,N. Ordaz,J. Hopkins,,,,
mls_2026,2026-08-19,,DC United,New England Revolution,0,3,66,,goal,A. Yusuf,False,,,,,,,0,3
mls_2026,2026-08-19,,DC United,New England Revolution,0,3,68,,substitution,,True,,,N. Markovic,K. Nono,,,,
mls_2026,2026-08-19,,DC United,New England Revolution,0,3,68,,substitution,,True,,,H. Kijima,L. Munteanu,,,,
mls_2026,2026-08-19,,DC United,New England Revolution,0,3,77,,substitution,,False,,,W. Harris,D. Turgeman,,,,
mls_2026,2026-08-19,,DC United,New England Revolution,0,3,84,,substitution,,False,,,M. Zambrano,J. Harrison,,,,
mls_2026,2026-08-19,,DC United,New England Revolution,0,3,84,,substitution,,False,,,C. Baker,M. Polster,,,,
mls_2026,2026-08-19,,DC United,New England Revolution,0,3,89,,substitution,,False,,,G. Yow,P. Miller,,,,
mls_2026,2026-08-19,,DC United,New England Revolution,0,3,89,,substitution,,False,,,J. Siqueira,C. Gil,,,,
mls_2026,2026-08-19,,DC United,New England Revolution,0,3,90,,period,,,,,,,FT,,0,3
mls_2026,2026-08-19,,DC United,New England Revolution,0,3,90,,substitution,,True,,,J. Stroud,A. Dozzell,,,,
mls_2026,2026-08-19,,DC United,New England Revolution,0,3,90,,injuryTime,,,,,,,,4,,
mls_2026,2026-08-19,,FC Cincinnati,New York City FC,2,1,11,,goal,K. M. Dem,True,,,,,,,1,0
mls_2026,2026-08-19,,FC Cincinnati,New York City FC,2,1,21,,goal,Luighi,False,,,,,,,1,1
mls_2026,2026-08-19,,FC Cincinnati,New York City FC,2,1,30,,varDecision,M. Miazga,True,,,,,,,,
mls_2026,2026-08-19,,FC Cincinnati,New York City FC,2,1,33,,card,M. Miazga,True,yellow,Foul,,,,,,
mls_2026,2026-08-19,,FC Cincinnati,New York City FC,2,1,36,,card,K. Parks,False,yellow,Foul,,,,,,
mls_2026,2026-08-19,,FC Cincinnati,New York City FC,2,1,45,,period,,,,,,,HT,,1,1
mls_2026,2026-08-19,,FC Cincinnati,New York City FC,2,1,45,,injuryTime,,,,,,,,5,,
mls_2026,2026-08-19,,FC Cincinnati,New York City FC,2,1,50,,card,O. Nwobodo,True,yellow,Foul,,,,,,
mls_2026,2026-08-19,,FC Cincinnati,New York City FC,2,1,55,,card,Luighi,False,yellow,Foul,,,,,,
mls_2026,2026-08-19,,FC Cincinnati,New York City FC,2,1,60,,substitution,,True,,,B. Ramírez,E. Echenique,,,,
mls_2026,2026-08-19,,FC Cincinnati,New York City FC,2,1,60,,substitution,,True,,,T. Hadebe,M. Miazga,,,,
mls_2026,2026-08-19,,FC Cincinnati,New York City FC,2,1,64,,substitution,,False,,,S. Garfield-Reid,Luighi,,,,
mls_2026,2026-08-19,,FC Cincinnati,New York City FC,2,1,64,,substitution,,False,,,M. Jones,B. Traore,,,,
mls_2026,2026-08-19,,FC Cincinnati,New York City FC,2,1,72,,substitution,,True,,,T. Barlow,K. Denkey,,,,
mls_2026,2026-08-19,,FC Cincinnati,New York City FC,2,1,72,,substitution,,True,,,S. Gidi,O. Nwobodo,,,,
mls_2026,2026-08-19,,FC Cincinnati,New York City FC,2,1,74,,card,N. Fernández,False,yellow,Argument,,,,,,
mls_2026,2026-08-19,,FC Cincinnati,New York City FC,2,1,75,,substitution,,False,,,N. Cavallo,K. O'Toole,,,,
mls_2026,2026-08-19,,FC Cincinnati,New York City FC,2,1,75,,substitution,,False,,,J. Shore,K. Parks,,,,
mls_2026,2026-08-19,,FC Cincinnati,New York City FC,2,1,81,,substitution,,False,,,T. Magno,A. Ojeda,,,,
mls_2026,2026-08-19,,FC Cincinnati,New York City FC,2,1,82,,card,S. Gidi,True,yellow,Foul,,,,,,
mls_2026,2026-08-19,,FC Cincinnati,New York City FC,2,1,83,,substitution,,True,,,T. Anunga,K. Smith,,,,
mls_2026,2026-08-19,,FC Cincinnati,New York City FC,2,1,90,,period,,,,,,,FT,,2,1
mls_2026,2026-08-19,,FC Cincinnati,New York City FC,2,1,90,1,goal,Evander,True,,,,,,,2,1
mls_2026,2026-08-19,,FC Cincinnati,New York City FC,2,1,90,,injuryTime,,,,,,,,2,,
mls_2026,2026-08-19,,New York Red Bulls,Nashville SC,0,1,12,,card,D. Lovitz,False,yellow,Foul,,,,,,
mls_2026,2026-08-19,,New York Red Bulls,Nashville SC,0,1,45,,period,,,,,,,HT,,0,0
mls_2026,2026-08-19,,New York Red Bulls,Nashville SC,0,1,45,,injuryTime,,,,,,,,3,,
mls_2026,2026-08-19,,New York Red Bulls,Nashville SC,0,1,58,,card,M. Corcoran,False,yellow,Foul,,,,,,
mls_2026,2026-08-19,,New York Red Bulls,Nashville SC,0,1,61,,substitution,,False,,,A. Najar,D. Lovitz,,,,
mls_2026,2026-08-19,,New York Red Bulls,Nashville SC,0,1,61,,substitution,,True,,,M. Sofo,E. Forsberg,,,,
mls_2026,2026-08-19,,New York Red Bulls,Nashville SC,0,1,61,,substitution,,True,,,M. Jiménez,C. Cowell,,,,
mls_2026,2026-08-19,,New York Red Bulls,Nashville SC,0,1,62,,substitution,,False,,,C. Espinoza,S. Mohammed,,,,
mls_2026,2026-08-19,,New York Red Bulls,Nashville SC,0,1,70,,substitution,,False,,,A. Qasem,E. Saad,,,,
mls_2026,2026-08-19,,New York Red Bulls,Nashville SC,0,1,70,,substitution,,False,,,P. Yazbek,M. Corcoran,,,,
mls_2026,2026-08-19,,New York Red Bulls,Nashville SC,0,1,80,,substitution,,True,,,J. Marshall-Rutty,D. Nealis,,,,
mls_2026,2026-08-19,,New York Red Bulls,Nashville SC,0,1,86,,substitution,,False,,,J. Bauer,R. Baker-Whiting,,,,
mls_2026,2026-08-19,,New York Red Bulls,Nashville SC,0,1,88,,substitution,,True,,,T. Parker,J. Che,,,,
mls_2026,2026-08-19,,New York Red Bulls,Nashville SC,0,1,90,,period,,,,,,,FT,,0,1
mls_2026,2026-08-19,,New York Red Bulls,Nashville SC,0,1,90,2,goal,M. Woledzi,False,,,,,,,0,1
mls_2026,2026-08-19,,New York Red Bulls,Nashville SC,0,1,90,1,card,J. Bazán,True,yellow,Foul,,,,,,
mls_2026,2026-08-19,,New York Red Bulls,Nashville SC,0,1,90,,injuryTime,,,,,,,,7,,
mls_2026,2026-08-19,,Orlando City SC,Chicago Fire,1,2,4,,goal,P. Dithejane,False,,,,,,,0,1
mls_2026,2026-08-19,,Orlando City SC,Chicago Fire,1,2,43,,substitution,,True,,,M. Pašalić,T. Spicer,,,,
mls_2026,2026-08-19,,Orlando City SC,Chicago Fire,1,2,43,,substitution,,True,,,T. Souza,A. Marín,,,,
mls_2026,2026-08-19,,Orlando City SC,Chicago Fire,1,2,43,,substitution,,True,,,Z. Taifi,W. Cartagena,,,,
mls_2026,2026-08-19,,Orlando City SC,Chicago Fire,1,2,45,,period,,,,,,,HT,,0,1
mls_2026,2026-08-19,,Orlando City SC,Chicago Fire,1,2,52,,goal,D. Brekalo,True,,,,,,,1,1
mls_2026,2026-08-19,,Orlando City SC,Chicago Fire,1,2,57,,card,L. Otávio,True,yellow,Time wasting,,,,,,
mls_2026,2026-08-19,,Orlando City SC,Chicago Fire,1,2,61,,substitution,,False,,,M. Haile-Selassie,J. Bamba,,,,
mls_2026,2026-08-19,,Orlando City SC,Chicago Fire,1,2,61,,substitution,,False,,,V. Radojević,A. Gutman,,,,
mls_2026,2026-08-19,,Orlando City SC,Chicago Fire,1,2,61,,substitution,,False,,,R. Lod,D. Poreba,,,,
mls_2026,2026-08-19,,Orlando City SC,Chicago Fire,1,2,64,,substitution,,True,,,D. Dike,J. Ellis,,,,
mls_2026,2026-08-19,,Orlando City SC,Chicago Fire,1,2,67,,card,R. Jansson,True,yellow,Foul,,,,,,
mls_2026,2026-08-19,,Orlando City SC,Chicago Fire,1,2,69,,goal,R. Lewandowski,False,,,,,,,1,2
mls_2026,2026-08-19,,Orlando City SC,Chicago Fire,1,2,78,,substitution,,True,,,E. Atuesta,G. Dorsey,,,,
mls_2026,2026-08-19,,Orlando City SC,Chicago Fire,1,2,80,,card,V. Radojević,False,yellow,Foul,,,,,,
mls_2026,2026-08-19,,Orlando City SC,Chicago Fire,1,2,83,,substitution,,False,,,S. Rogers,R. Lewandowski,,,,
mls_2026,2026-08-19,,Orlando City SC,Chicago Fire,1,2,89,,card,S. Rogers,False,yellow,Time wasting,,,,,,
mls_2026,2026-08-19,,Orlando City SC,Chicago Fire,1,2,90,,period,,,,,,,FT,,1,2
mls_2026,2026-08-19,,Orlando City SC,Chicago Fire,1,2,90,,injuryTime,,,,,,,,6,,
mls_2026,2026-08-19,,Philadelphia Union,Inter Miami CF,2,2,11,,goal,I. Vassilev,True,,,,,,,1,0
mls_2026,2026-08-19,,Philadelphia Union,Inter Miami CF,2,2,21,,goal,D. Pinter,False,,,,,,,1,1
mls_2026,2026-08-19,,Philadelphia Union,Inter Miami CF,2,2,26,,goal,L. Messi,False,,,,,,,1,2
mls_2026,2026-08-19,,Philadelphia Union,Inter Miami CF,2,2,43,,card,K. Wagner,True,yellow,Foul,,,,,,
mls_2026,2026-08-19,,Philadelphia Union,Inter Miami CF,2,2,45,,period,,,,,,,HT,,1,2
mls_2026,2026-08-19,,Philadelphia Union,Inter Miami CF,2,2,45,,injuryTime,,,,,,,,4,,
mls_2026,2026-08-19,,Philadelphia Union,Inter Miami CF,2,2,50,,card,S. Reguilón,False,yellow,Foul,,,,,,
mls_2026,2026-08-19,,Philadelphia Union,Inter Miami CF,2,2,55,,card,I. Fray,False,yellow,Foul,,,,,,
mls_2026,2026-08-19,,Philadelphia Union,Inter Miami CF,2,2,58,,goal,N. Pierre,True,,,,,,,2,2
mls_2026,2026-08-19,,Philadelphia Union,Inter Miami CF,2,2,63,,varDecision,M. Iloski,True,,,,,,,,
mls_2026,2026-08-19,,Philadelphia Union,Inter Miami CF,2,2,68,,substitution,,True,,,Q. Sullivan,I. Vassilev,,,,
mls_2026,2026-08-19,,Philadelphia Union,Inter Miami CF,2,2,73,,substitution,,False,,,D. Ayala,T. Segovia,,,,
mls_2026,2026-08-19,,Philadelphia Union,Inter Miami CF,2,2,73,,substitution,,False,,,N. Allen,S. Reguilón,,,,
mls_2026,2026-08-19,,Philadelphia Union,Inter Miami CF,2,2,82,,substitution,,True,,,A. Bedoya,J. Bueno,,,,
mls_2026,2026-08-19,,Philadelphia Union,Inter Miami CF,2,2,82,,substitution,,True,,,E. Alladoh,B. Damiani,,,,
mls_2026,2026-08-19,,Philadelphia Union,Inter Miami CF,2,2,87,,card,M. Iloski,True,yellow,Argument,,,,,,
mls_2026,2026-08-19,,Philadelphia Union,Inter Miami CF,2,2,90,,period,,,,,,,FT,,2,2
mls_2026,2026-08-19,,Philadelphia Union,Inter Miami CF,2,2,90,13,card,Y. Bright,False,red,Violent conduct,,,,,,
mls_2026,2026-08-19,,Philadelphia Union,Inter Miami CF,2,2,90,13,card,C. Sullivan,True,red,Violent conduct,,,,,,
mls_2026,2026-08-19,,Philadelphia Union,Inter Miami CF,2,2,90,13,card,Q. Sullivan,True,yellow,Argument,,,,,,
mls_2026,2026-08-19,,Philadelphia Union,Inter Miami CF,2,2,90,9,substitution,,False,,,D. Ruíz,D. Pinter,,,,
mls_2026,2026-08-19,,Philadelphia Union,Inter Miami CF,2,2,90,5,card,E. Alladoh,True,yellow,Foul,,,,,,
mls_2026,2026-08-19,,Philadelphia Union,Inter Miami CF,2,2,90,,injuryTime,,,,,,,,9,,
mls_2026,2026-08-19,,Toronto FC,Charlotte FC,3,3,13,,goal,M. Cimermancic,True,,,,,,,1,1
mls_2026,2026-08-19,,Toronto FC,Charlotte FC,3,3,20,,goal,I. Toklomati,False,,,,,,,1,2
mls_2026,2026-08-19,,Toronto FC,Charlotte FC,3,3,45,,period,,,,,,,HT,,1,2
mls_2026,2026-08-19,,Toronto FC,Charlotte FC,3,3,45,,injuryTime,,,,,,,,4,,
mls_2026,2026-08-19,,Toronto FC,Charlotte FC,3,3,56,,card,W. Zimmerman,True,red,Professional foul last man,,,,,,
mls_2026,2026-08-19,,Toronto FC,Charlotte FC,3,3,58,,goal,H. Kessler,False,,,,,,,1,3
mls_2026,2026-08-19,,Toronto FC,Charlotte FC,3,3,60,,substitution,,True,,,M. Pereira,A. Coello,,,,
mls_2026,2026-08-19,,Toronto FC,Charlotte FC,3,3,69,,substitution,,False,,,A. Saint-Maximin,L. Abada,,,,
mls_2026,2026-08-19,,Toronto FC,Charlotte FC,3,3,69,,substitution,,False,,,T. Smalls,R. Aloko,,,,
mls_2026,2026-08-19,,Toronto FC,Charlotte FC,3,3,76,,goal,D. Sallói,True,,,,,,,2,3
mls_2026,2026-08-19,,Toronto FC,Charlotte FC,3,3,79,,substitution,,False,,,L. D. L. Torre,P. Biel,,,,
mls_2026,2026-08-19,,Toronto FC,Charlotte FC,3,3,79,,substitution,,False,,,A. Goodwin,I. Toklomati,,,,
mls_2026,2026-08-19,,Toronto FC,Charlotte FC,3,3,8,,goal,R. Aloko,False,,,,,,,0,1
mls_2026,2026-08-19,,Toronto FC,Charlotte FC,3,3,82,,substitution,,True,,,D. Etienne,M. Cimermancic,,,,
mls_2026,2026-08-19,,Toronto FC,Charlotte FC,3,3,83,,substitution,,True,,,Z. Monlouis,B. Kuscevic,,,,
mls_2026,2026-08-19,,Toronto FC,Charlotte FC,3,3,85,,card,M. Pereira,True,yellow,Argument,,,,,,
mls_2026,2026-08-19,,Toronto FC,Charlotte FC,3,3,90,,period,,,,,,,FT,,3,3
mls_2026,2026-08-19,,Toronto FC,Charlotte FC,3,3,90,5,substitution,,True,,,K. Franklin,N. Dorsch,,,,
mls_2026,2026-08-19,,Toronto FC,Charlotte FC,3,3,90,4,substitution,,False,,,D. Diani,B. Bronico,,,,
mls_2026,2026-08-19,,Toronto FC,Charlotte FC,3,3,90,,goal,N. Dorsch,True,,,,,,,3,3
mls_2026,2026-08-19,,Toronto FC,Charlotte FC,3,3,90,,injuryTime,,,,,,,,7,,
mls_2026,2026-08-20,,Colorado Rapids,Los Angeles FC,1,0,20,,card,Y. Cheberko,False,yellow,Foul,,,,,,
mls_2026,2026-08-20,,Colorado Rapids,Los Angeles FC,1,0,22,,goal,J. Ebobisse,True,,,,,,,1,0
mls_2026,2026-08-20,,Colorado Rapids,Los Angeles FC,1,0,32,,card,Y. Maziz,True,yellow,,,,,,,
mls_2026,2026-08-20,,Colorado Rapids,Los Angeles FC,1,0,39,,card,E. Segura,False,yellow,Foul,,,,,,
mls_2026,2026-08-20,,Colorado Rapids,Los Angeles FC,1,0,41,,card,N. Tafari,False,yellow,Foul,,,,,,
mls_2026,2026-08-20,,Colorado Rapids,Los Angeles FC,1,0,45,,period,,,,,,,HT,,1,0
mls_2026,2026-08-20,,Colorado Rapids,Los Angeles FC,1,0,45,,injuryTime,,,,,,,,5,,
mls_2026,2026-08-20,,Colorado Rapids,Los Angeles FC,1,0,46,,substitution,,False,,,A. Long,N. Tafari,,,,
mls_2026,2026-08-20,,Colorado Rapids,Los Angeles FC,1,0,55,,substitution,,True,,,G. Minoungou,Y. Maziz,,,,
mls_2026,2026-08-20,,Colorado Rapids,Los Angeles FC,1,0,56,,card,D. Yapi,True,yellow,Foul,,,,,,
mls_2026,2026-08-20,,Colorado Rapids,Los Angeles FC,1,0,62,,substitution,,True,,,D. Sealy,D. Yapi,,,,
mls_2026,2026-08-20,,Colorado Rapids,Los Angeles FC,1,0,64,,substitution,,False,,,D. Bouanga,J. Shaffelburg,,,,
mls_2026,2026-08-20,,Colorado Rapids,Los Angeles FC,1,0,64,,substitution,,False,,,S. Heung-min,T. Tillman,,,,
mls_2026,2026-08-20,,Colorado Rapids,Los Angeles FC,1,0,75,,substitution,,False,,,M. Delgado,R. Hollingshead,,,,
mls_2026,2026-08-20,,Colorado Rapids,Los Angeles FC,1,0,82,,substitution,,False,,,T. Mihalic,T. Boyd,,,,
mls_2026,2026-08-20,,Colorado Rapids,Los Angeles FC,1,0,83,,substitution,,True,,,K. Thompson,H. Ojediran,,,,
mls_2026,2026-08-20,,Colorado Rapids,Los Angeles FC,1,0,85,,substitution,,True,,,N. Cobb,M. Navarro,,,,
mls_2026,2026-08-20,,Colorado Rapids,Los Angeles FC,1,0,86,,substitution,,False,,,R. Raposo,R. Porteous,,,,
mls_2026,2026-08-20,,Colorado Rapids,Los Angeles FC,1,0,88,,card,K. Thompson,True,yellow,,,,,,,
mls_2026,2026-08-20,,Colorado Rapids,Los Angeles FC,1,0,90,,period,,,,,,,FT,,1,0
mls_2026,2026-08-20,,Colorado Rapids,Los Angeles FC,1,0,90,,injuryTime,,,,,,,,8,,
mls_2026,2026-08-20,,LA Galaxy,San Jose Earthquakes,1,0,24,,card,H. Miller,True,yellow,Foul,,,,,,
mls_2026,2026-08-20,,LA Galaxy,San Jose Earthquakes,1,0,29,,card,N. Fernandez,False,yellow,Foul,,,,,,
mls_2026,2026-08-20,,LA Galaxy,San Jose Earthquakes,1,0,37,,card,L. Sanabria,True,yellow,,,,,,,
mls_2026,2026-08-20,,LA Galaxy,San Jose Earthquakes,1,0,45,,period,,,,,,,HT,,0,0
mls_2026,2026-08-20,,LA Galaxy,San Jose Earthquakes,1,0,45,,card,L. Sanabria,True,yellowRed,Foul,,,,,,
mls_2026,2026-08-20,,LA Galaxy,San Jose Earthquakes,1,0,46,,substitution,,False,,,O. Bouda,J. Skahan,,,,
mls_2026,2026-08-20,,LA Galaxy,San Jose Earthquakes,1,0,46,,substitution,,False,,,T. Werner,N. Tsakiris,,,,
mls_2026,2026-08-20,,LA Galaxy,San Jose Earthquakes,1,0,57,,card,D. Romney,False,yellow,Foul,,,,,,
mls_2026,2026-08-20,,LA Galaxy,San Jose Earthquakes,1,0,61,,substitution,,False,,,P. Judd,L. Jovanovic,,,,
mls_2026,2026-08-20,,LA Galaxy,San Jose Earthquakes,1,0,61,,substitution,,False,,,B. Leroux,N. Fernandez,,,,
mls_2026,2026-08-20,,LA Galaxy,San Jose Earthquakes,1,0,68,,substitution,,True,,,R. Taylor,H. Lozano,,,,
mls_2026,2026-08-20,,LA Galaxy,San Jose Earthquakes,1,0,74,,substitution,,False,,,V. Costa,P. Marie,,,,
mls_2026,2026-08-20,,LA Galaxy,San Jose Earthquakes,1,0,79,,goal,J. Paintsil,True,,,,,,,1,0
mls_2026,2026-08-20,,LA Galaxy,San Jose Earthquakes,1,0,83,,substitution,,True,,,T. Elgersma,J. Paintsil,,,,
mls_2026,2026-08-20,,LA Galaxy,San Jose Earthquakes,1,0,84,,card,J. Jasinski,False,yellow,Foul,,,,,,
mls_2026,2026-08-20,,LA Galaxy,San Jose Earthquakes,1,0,90,,period,,,,,,,FT,,1,0
mls_2026,2026-08-20,,LA Galaxy,San Jose Earthquakes,1,0,90,2,card,J. Haak,True,yellow,Foul,,,,,,
mls_2026,2026-08-20,,LA Galaxy,San Jose Earthquakes,1,0,90,,substitution,,True,,,J. Nelson,K. Furuhashi,,,,
mls_2026,2026-08-20,,LA Galaxy,San Jose Earthquakes,1,0,90,,injuryTime,,,,,,,,4,,
mls_2026,2026-08-20,,Minnesota United,Atlanta United,1,2,18,,card,J. Alonso,False,yellow,Foul,,,,,,
mls_2026,2026-08-20,,Minnesota United,Atlanta United,1,2,29,,card,M. Boxall,True,yellow,Foul,,,,,,
mls_2026,2026-08-20,,Minnesota United,Atlanta United,1,2,32,,card,J. Pereyra,True,yellow,Foul,,,,,,
mls_2026,2026-08-20,,Minnesota United,Atlanta United,1,2,37,,goal,T. Jacob,False,,,,,,,0,1
mls_2026,2026-08-20,,Minnesota United,Atlanta United,1,2,45,,period,,,,,,,HT,,0,1
mls_2026,2026-08-20,,Minnesota United,Atlanta United,1,2,45,,injuryTime,,,,,,,,1,,
mls_2026,2026-08-20,,Minnesota United,Atlanta United,1,2,46,,card,A. Gill,False,yellow,Foul,,,,,,
mls_2026,2026-08-20,,Minnesota United,Atlanta United,1,2,56,,card,C. Sanchez,False,yellow,Foul,,,,,,
mls_2026,2026-08-20,,Minnesota United,Atlanta United,1,2,58,,goal,A. Markanich,True,,,,,,,1,1
mls_2026,2026-08-20,,Minnesota United,Atlanta United,1,2,64,,substitution,,False,,,S. Alzate,C. Sanchez,,,,
mls_2026,2026-08-20,,Minnesota United,Atlanta United,1,2,64,,substitution,,False,,,L. Brennan,F. Picault,,,,
mls_2026,2026-08-20,,Minnesota United,Atlanta United,1,2,68,,substitution,,True,,,M. Dieng,M. Caldeira,,,,
mls_2026,2026-08-20,,Minnesota United,Atlanta United,1,2,68,,substitution,,True,,,A. Jackson,B. Hlongwane,,,,
mls_2026,2026-08-20,,Minnesota United,Atlanta United,1,2,75,,card,T. Chancalay,True,yellow,Foul,,,,,,
mls_2026,2026-08-20,,Minnesota United,Atlanta United,1,2,78,,goal,T. Muyumba,False,,,,,,,1,2
mls_2026,2026-08-20,,Minnesota United,Atlanta United,1,2,79,,substitution,,False,,,M. Edwards,A. Miranchuk,,,,
mls_2026,2026-08-20,,Minnesota United,Atlanta United,1,2,80,,substitution,,True,,,M. González,W. Trapp,,,,
mls_2026,2026-08-20,,Minnesota United,Atlanta United,1,2,80,,substitution,,True,,,K. Yeboah,T. Chancalay,,,,
mls_2026,2026-08-20,,Minnesota United,Atlanta United,1,2,84,,substitution,,False,,,E. Mihaj,A. Gill,,,,
mls_2026,2026-08-20,,Minnesota United,Atlanta United,1,2,84,,substitution,,False,,,P. Díaz,T. Muyumba,,,,
mls_2026,2026-08-20,,Minnesota United,Atlanta United,1,2,87,,card,O. Gene,True,yellow,Foul,,,,,,
mls_2026,2026-08-20,,Minnesota United,Atlanta United,1,2,90,,period,,,,,,,FT,,1,2
mls_2026,2026-08-20,,Minnesota United,Atlanta United,1,2,90,,injuryTime,,,,,,,,4,,
mls_2026,2026-08-20,,Portland Timbers,San Diego FC,3,1,17,,card,A. Lassiter,True,yellow,Foul,,,,,,
mls_2026,2026-08-20,,Portland Timbers,San Diego FC,3,1,29,,goal,K. Velde,True,,,,,,,1,0
mls_2026,2026-08-20,,Portland Timbers,San Diego FC,3,1,45,,period,,,,,,,HT,,1,1
mls_2026,2026-08-20,,Portland Timbers,San Diego FC,3,1,45,1,goal,Gabriel Pirani,False,,,,,,,1,1
mls_2026,2026-08-20,,Portland Timbers,San Diego FC,3,1,45,,injuryTime,,,,,,,,2,,
mls_2026,2026-08-20,,Portland Timbers,San Diego FC,3,1,51,,goal,A. Lassiter,True,,,,,,,2,1
mls_2026,2026-08-20,,Portland Timbers,San Diego FC,3,1,58,,substitution,,False,,,A. Alvarado Jr,O. Valakari,,,,
mls_2026,2026-08-20,,Portland Timbers,San Diego FC,3,1,59,,substitution,,False,,,E. Achouri,A. Mighten,,,,
mls_2026,2026-08-20,,Portland Timbers,San Diego FC,3,1,62,,substitution,,True,,,E. Miller,B. Bye,,,,
mls_2026,2026-08-20,,Portland Timbers,San Diego FC,3,1,68,,goal,D. Da Costa,True,,,,,,,3,1
mls_2026,2026-08-20,,Portland Timbers,San Diego FC,3,1,74,,substitution,,False,,,A. Pellegrino,M. Ingvartsen,,,,
mls_2026,2026-08-20,,Portland Timbers,San Diego FC,3,1,74,,substitution,,True,,,J. Ortíz,C. Bassett,,,,
mls_2026,2026-08-20,,Portland Timbers,San Diego FC,3,1,74,,substitution,,True,,,A. Alves,K. Velde,,,,
mls_2026,2026-08-20,,Portland Timbers,San Diego FC,3,1,74,,substitution,,False,,,O. Verhoeven,D. D. Þórhallsson,,,,
mls_2026,2026-08-20,,Portland Timbers,San Diego FC,3,1,74,,substitution,,False,,,L. Bombino,K. Sargeant,,,,
mls_2026,2026-08-20,,Portland Timbers,San Diego FC,3,1,83,,substitution,,True,,,V. Janssen,A. Lassiter,,,,
mls_2026,2026-08-20,,Portland Timbers,San Diego FC,3,1,83,,substitution,,True,,,D. Chará,D. Da Costa,,,,
mls_2026,2026-08-20,,Portland Timbers,San Diego FC,3,1,90,,period,,,,,,,FT,,3,1
mls_2026,2026-08-20,,Portland Timbers,San Diego FC,3,1,90,6,card,K. Kelsy,True,yellow,Handball,,,,,,
mls_2026,2026-08-20,,Portland Timbers,San Diego FC,3,1,90,1,card,O. Verhoeven,False,yellow,Foul,,,,,,
mls_2026,2026-08-20,,Portland Timbers,San Diego FC,3,1,90,,injuryTime,,,,,,,,6,,
mls_2026,2026-08-20,,Real Salt Lake,FC Dallas,3,4,16,,goal,J. Valiente,False,,,,,,,0,1
mls_2026,2026-08-20,,Real Salt Lake,FC Dallas,3,4,20,,goal,P. Musa,False,,,,,,,0,2
mls_2026,2026-08-20,,Real Salt Lake,FC Dallas,3,4,37,,card,N. Norris,False,yellow,Foul,,,,,,
mls_2026,2026-08-20,,Real Salt Lake,FC Dallas,3,4,38,,goal,S. Solans,True,,,,,,,1,2
mls_2026,2026-08-20,,Real Salt Lake,FC Dallas,3,4,43,,card,S. Moore,False,yellow,Foul,,,,,,
mls_2026,2026-08-20,,Real Salt Lake,FC Dallas,3,4,45,,period,,,,,,,HT,,1,3
mls_2026,2026-08-20,,Real Salt Lake,FC Dallas,3,4,45,,goal,P. Musa,False,,,,,,,1,3
mls_2026,2026-08-20,,Real Salt Lake,FC Dallas,3,4,45,,injuryTime,,,,,,,,4,,
mls_2026,2026-08-20,,Real Salt Lake,FC Dallas,3,4,46,,substitution,,False,,,R. Binyamin,S. Moreno,,,,
mls_2026,2026-08-20,,Real Salt Lake,FC Dallas,3,4,46,,substitution,,False,,,L. Farrington,P. Musa,,,,
mls_2026,2026-08-20,,Real Salt Lake,FC Dallas,3,4,46,,substitution,,True,,,S. Lobzhanidze,J. Arias,,,,
mls_2026,2026-08-20,,Real Salt Lake,FC Dallas,3,4,50,,goal,M. Guilavogui,True,,,,,,,2,3
mls_2026,2026-08-20,,Real Salt Lake,FC Dallas,3,4,56,,substitution,,False,,,C. Cappis,Kaick,,,,
mls_2026,2026-08-20,,Real Salt Lake,FC Dallas,3,4,61,,card,D. Luna,True,yellow,Foul,,,,,,
mls_2026,2026-08-20,,Real Salt Lake,FC Dallas,3,4,63,,substitution,,True,,,P. Ruiz,S. Spierings,,,,
mls_2026,2026-08-20,,Real Salt Lake,FC Dallas,3,4,64,,goal,D. Luna,True,,,,,,,3,3
mls_2026,2026-08-20,,Real Salt Lake,FC Dallas,3,4,69,,substitution,,False,,,S. Ibeagha,H. Johansson,,,,
mls_2026,2026-08-20,,Real Salt Lake,FC Dallas,3,4,75,,card,D. Yedlin,True,yellow,Handball,,,,,,
mls_2026,2026-08-20,,Real Salt Lake,FC Dallas,3,4,79,,substitution,,True,,,V. Olatunji,S. Solans,,,,
mls_2026,2026-08-20,,Real Salt Lake,FC Dallas,3,4,79,,substitution,,True,,,L. Rodrigues,M. Guilavogui,,,,
mls_2026,2026-08-20,,Real Salt Lake,FC Dallas,3,4,84,,substitution,,False,,,S. Sarver,B. Kamungo,,,,
mls_2026,2026-08-20,,Real Salt Lake,FC Dallas,3,4,90,,period,,,,,,,FT,,3,4
mls_2026,2026-08-20,,Real Salt Lake,FC Dallas,3,4,90,1,card,R. Binyamin,False,yellow,,,,,,,
mls_2026,2026-08-20,,Real Salt Lake,FC Dallas,3,4,90,,goal,R. Binyamin,False,,,,,,,3,4
mls_2026,2026-08-20,,Real Salt Lake,FC Dallas,3,4,90,,card,P. Ruiz,True,yellow,Foul,,,,,,
mls_2026,2026-08-20,,Real Salt Lake,FC Dallas,3,4,90,,injuryTime,,,,,,,,4,,
mls_2026,2026-08-20,,Seattle Sounders FC,Austin FC,1,2,45,,period,,,,,,,HT,,0,0
mls_2026,2026-08-20,,Seattle Sounders FC,Austin FC,1,2,45,,injuryTime,,,,,,,,3,,
mls_2026,2026-08-20,,Seattle Sounders FC,Austin FC,1,2,46,,substitution,,True,,,S. Brunell,S. Gomez,,,,
mls_2026,2026-08-20,,Seattle Sounders FC,Austin FC,1,2,48,,card,K. Kossa-Rienzi,True,yellow,Foul,,,,,,
mls_2026,2026-08-20,,Seattle Sounders FC,Austin FC,1,2,59,,substitution,,False,,,Guilherme Biro,C. Fodrey,,,,
mls_2026,2026-08-20,,Seattle Sounders FC,Austin FC,1,2,66,,goal,F. Torres,False,,,,,,,0,1
mls_2026,2026-08-20,,Seattle Sounders FC,Austin FC,1,2,69,,substitution,,True,,,S. Hawkins,J. Ragen,,,,
mls_2026,2026-08-20,,Seattle Sounders FC,Austin FC,1,2,71,,substitution,,False,,,E. Torres,J. Nelson,,,,
mls_2026,2026-08-20,,Seattle Sounders FC,Austin FC,1,2,71,,substitution,,False,,,M. Desler,P. Płacheta,,,,
mls_2026,2026-08-20,,Seattle Sounders FC,Austin FC,1,2,76,,substitution,,True,,,O. D. Rosario,P. Kingston,,,,
mls_2026,2026-08-20,,Seattle Sounders FC,Austin FC,1,2,79,,substitution,,False,,,B. Sabović,I. Sánchez,,,,
mls_2026,2026-08-20,,Seattle Sounders FC,Austin FC,1,2,79,,substitution,,False,,,M. Đorđević,Ž. Kolmanič,,,,
mls_2026,2026-08-20,,Seattle Sounders FC,Austin FC,1,2,87,,goal,Guilherme Biro,False,,,,,,,0,2
mls_2026,2026-08-20,,Seattle Sounders FC,Austin FC,1,2,88,,substitution,,True,,,R. Jauregui,N. Tolo,,,,
mls_2026,2026-08-20,,Seattle Sounders FC,Austin FC,1,2,90,,period,,,,,,,FT,,1,2
mls_2026,2026-08-20,,Seattle Sounders FC,Austin FC,1,2,90,,goal,S. Hawkins,True,,,,,,,1,2
mls_2026,2026-08-20,,Seattle Sounders FC,Austin FC,1,2,90,,injuryTime,,,,,,,,5,,
mls_2026,2026-08-20,,Sporting Kansas City,St.Louis City,1,1,15,,card,Z. Bassong,True,yellow,Foul,,,,,,
mls_2026,2026-08-20,,Sporting Kansas City,St.Louis City,1,1,21,,card,C. Durkin,False,yellow,Foul,,,,,,
mls_2026,2026-08-20,,Sporting Kansas City,St.Louis City,1,1,45,,period,,,,,,,HT,,0,1
mls_2026,2026-08-20,,Sporting Kansas City,St.Louis City,1,1,45,2,goal,E. Löwen,False,,,,,,,0,1
mls_2026,2026-08-20,,Sporting Kansas City,St.Louis City,1,1,45,,card,J. Miller,True,yellow,Foul,,,,,,
mls_2026,2026-08-20,,Sporting Kansas City,St.Louis City,1,1,45,,injuryTime,,,,,,,,2,,
mls_2026,2026-08-20,,Sporting Kansas City,St.Louis City,1,1,55,,goal,C. Harris,True,,,,,,,1,1
mls_2026,2026-08-20,,Sporting Kansas City,St.Louis City,1,1,55,,varDecision,C. Harris,True,,,,,,,,
mls_2026,2026-08-20,,Sporting Kansas City,St.Louis City,1,1,61,,card,C. Wallem,False,yellow,Foul,,,,,,
mls_2026,2026-08-20,,Sporting Kansas City,St.Louis City,1,1,62,,substitution,,False,,,A. Mățan,S. Becher,,,,
mls_2026,2026-08-20,,Sporting Kansas City,St.Louis City,1,1,62,,substitution,,False,,,C. Holse,E. Löwen,,,,
mls_2026,2026-08-20,,Sporting Kansas City,St.Louis City,1,1,64,,substitution,,True,,,S. Suleymanov,T. Calheira,,,,
mls_2026,2026-08-20,,Sporting Kansas City,St.Louis City,1,1,75,,substitution,,True,,,J. Bartlett,Z. Bassong,,,,
mls_2026,2026-08-20,,Sporting Kansas City,St.Louis City,1,1,75,,substitution,,True,,,S. Afrifa,C. Harris,,,,
mls_2026,2026-08-20,,Sporting Kansas City,St.Louis City,1,1,84,,substitution,,False,,,P. Ault,J. Sang-bin,,,,
mls_2026,2026-08-20,,Sporting Kansas City,St.Louis City,1,1,84,,substitution,,False,,,J. Orozco,C. Wallem,,,,
mls_2026,2026-08-20,,Sporting Kansas City,St.Louis City,1,1,89,,substitution,,True,,,J. Reid,E. Karić,,,,
mls_2026,2026-08-20,,Sporting Kansas City,St.Louis City,1,1,90,,period,,,,,,,FT,,1,1
mls_2026,2026-08-20,,Sporting Kansas City,St.Louis City,1,1,90,,injuryTime,,,,,,,,5,,
mls_2026,2026-08-20,,Vancouver Whitecaps,Houston Dynamo,0,1,26,,card,A. Cubas,True,yellow,Foul,,,,,,
mls_2026,2026-08-20,,Vancouver Whitecaps,Houston Dynamo,0,1,34,,goal,F. Negri,False,,,,,,,0,1
mls_2026,2026-08-20,,Vancouver Whitecaps,Houston Dynamo,0,1,37,,card,A. Resch,False,yellow,Foul,,,,,,
mls_2026,2026-08-20,,Vancouver Whitecaps,Houston Dynamo,0,1,41,,card,A. Bouzat,False,yellow,Foul,,,,,,
mls_2026,2026-08-20,,Vancouver Whitecaps,Houston Dynamo,0,1,45,,period,,,,,,,HT,,0,1
mls_2026,2026-08-20,,Vancouver Whitecaps,Houston Dynamo,0,1,45,,injuryTime,,,,,,,,3,,
mls_2026,2026-08-20,,Vancouver Whitecaps,Houston Dynamo,0,1,46,,substitution,,True,,,T. Müller,C. T. Sabaly,,,,
mls_2026,2026-08-20,,Vancouver Whitecaps,Houston Dynamo,0,1,66,,varDecision,R. Elloumi,True,,,,,,,,
mls_2026,2026-08-20,,Vancouver Whitecaps,Houston Dynamo,0,1,70,,substitution,,False,,,D. McGuire,Guilherme,,,,
mls_2026,2026-08-20,,Vancouver Whitecaps,Houston Dynamo,0,1,73,,substitution,,True,,,B. Quiñonez,E. Sabbi,,,,
mls_2026,2026-08-20,,Vancouver Whitecaps,Houston Dynamo,0,1,74,,substitution,,True,,,R. Priso,A. Cubas,,,,
mls_2026,2026-08-20,,Vancouver Whitecaps,Houston Dynamo,0,1,75,,substitution,,False,,,D. Samassékou,H. Herrera,,,,
mls_2026,2026-08-20,,Vancouver Whitecaps,Houston Dynamo,0,1,75,,substitution,,False,,,M. Saracchi,F. Negri,,,,
mls_2026,2026-08-20,,Vancouver Whitecaps,Houston Dynamo,0,1,79,,substitution,,False,,,D. Holmes,L. Ennali,,,,
mls_2026,2026-08-20,,Vancouver Whitecaps,Houston Dynamo,0,1,88,,substitution,,True,,,N. Djordjevic,É. Ocampo,,,,
mls_2026,2026-08-20,,Vancouver Whitecaps,Houston Dynamo,0,1,88,,substitution,,True,,,S. Adekugbe,T. Johnson,,,,
mls_2026,2026-08-20,,Vancouver Whitecaps,Houston Dynamo,0,1,90,,period,,,,,,,FT,,0,1
mls_2026,2026-08-20,,Vancouver Whitecaps,Houston Dynamo,0,1,90,,injuryTime,,,,,,,,6,,
mls_2026,2026-08-22,,CF Montréal,LA Galaxy,2,2,16,,goal,D. Rios,True,,,,,,,1,0
mls_2026,2026-08-22,,CF Montréal,LA Galaxy,2,2,19,,goal,R. Ramos,False,,,,,,,1,1
mls_2026,2026-08-22,,CF Montréal,LA Galaxy,2,2,45,,period,,,,,,,HT,,1,1
mls_2026,2026-08-22,,CF Montréal,LA Galaxy,2,2,45,,injuryTime,,,,,,,,2,,
mls_2026,2026-08-22,,CF Montréal,LA Galaxy,2,2,46,,substitution,,True,,,B. Craig,B. Vera,,,,
mls_2026,2026-08-22,,CF Montréal,LA Galaxy,2,2,48,,goal,M. Yoshida,False,,,,,,,1,2
mls_2026,2026-08-22,,CF Montréal,LA Galaxy,2,2,61,,substitution,,True,,,B. Ceballos,D. Bugaj,,,,
mls_2026,2026-08-22,,CF Montréal,LA Galaxy,2,2,62,,substitution,,False,,,E. Thommy,R. Ramos,,,,
mls_2026,2026-08-22,,CF Montréal,LA Galaxy,2,2,62,,substitution,,False,,,H. Lozano,J. Paintsil,,,,
mls_2026,2026-08-22,,CF Montréal,LA Galaxy,2,2,62,,substitution,,True,,,A. Sánchez,D. Pereira,,,,
mls_2026,2026-08-22,,CF Montréal,LA Galaxy,2,2,62,,substitution,,True,,,F. Herbers,N. Streit,,,,
mls_2026,2026-08-22,,CF Montréal,LA Galaxy,2,2,67,,card,B. Craig,True,yellow,Foul,,,,,,
mls_2026,2026-08-22,,CF Montréal,LA Galaxy,2,2,68,,card,J. Marcinkowski,False,red,Professional foul last man,,,,,,
mls_2026,2026-08-22,,CF Montréal,LA Galaxy,2,2,72,,substitution,,False,,,J. Aude,I. Parente,,,,
mls_2026,2026-08-22,,CF Montréal,LA Galaxy,2,2,72,,substitution,,False,,,N. Mićović,J. Nelson,,,,
mls_2026,2026-08-22,,CF Montréal,LA Galaxy,2,2,79,,goal,P. Owusu,True,,,,,,,2,2
mls_2026,2026-08-22,,CF Montréal,LA Galaxy,2,2,81,,substitution,,True,,,O. Escobar,J. Neal,,,,
mls_2026,2026-08-22,,CF Montréal,LA Galaxy,2,2,82,,substitution,,False,,,C. Garcés,R. Taylor,,,,
mls_2026,2026-08-22,,CF Montréal,LA Galaxy,2,2,90,,period,,,,,,,FT,,2,2
mls_2026,2026-08-22,,CF Montréal,LA Galaxy,2,2,90,1,card,B. Ceballos,True,yellow,Foul,,,,,,
mls_2026,2026-08-22,,CF Montréal,LA Galaxy,2,2,90,,injuryTime,,,,,,,,8,,
mls_2026,2026-08-22,,Charlotte FC,DC United,3,1,34,,card,K. Kurokawa,False,yellow,Foul,,,,,,
mls_2026,2026-08-22,,Charlotte FC,DC United,3,1,44,,card,S. Hefti,False,yellow,Foul,,,,,,
mls_2026,2026-08-22,,Charlotte FC,DC United,3,1,45,,period,,,,,,,HT,,0,0
mls_2026,2026-08-22,,Charlotte FC,DC United,3,1,45,,injuryTime,,,,,,,,1,,
mls_2026,2026-08-22,,Charlotte FC,DC United,3,1,55,,goal,L. Munteanu,False,,,,,,,0,1
mls_2026,2026-08-22,,Charlotte FC,DC United,3,1,64,,goal,D. Schnegg,True,,,,,,,1,1
mls_2026,2026-08-22,,Charlotte FC,DC United,3,1,65,,substitution,,True,,,D. Diani,A. Westwood,,,,
mls_2026,2026-08-22,,Charlotte FC,DC United,3,1,65,,substitution,,True,,,L. Abada,R. Aloko,,,,
mls_2026,2026-08-22,,Charlotte FC,DC United,3,1,65,,substitution,,True,,,B. Bronico,L. D. L. Torre,,,,
mls_2026,2026-08-22,,Charlotte FC,DC United,3,1,66,,goal,W. Cleary,True,,,,,,,2,1
mls_2026,2026-08-22,,Charlotte FC,DC United,3,1,68,,card,Peglow,False,yellow,Foul,,,,,,
mls_2026,2026-08-22,,Charlotte FC,DC United,3,1,75,,substitution,,False,,,N. Markovic,B. Servania,,,,
mls_2026,2026-08-22,,Charlotte FC,DC United,3,1,75,,substitution,,False,,,N. Ordaz,J. Hopkins,,,,
mls_2026,2026-08-22,,Charlotte FC,DC United,3,1,75,,substitution,,False,,,H. Kijima,K. Nono,,,,
mls_2026,2026-08-22,,Charlotte FC,DC United,3,1,75,,substitution,,True,,,A. Goodwin,I. Toklomati,,,,
mls_2026,2026-08-22,,Charlotte FC,DC United,3,1,77,,goal,P. Biel,True,,,,,,,3,1
mls_2026,2026-08-22,,Charlotte FC,DC United,3,1,83,,substitution,,True,,,T. Smalls,A. Saint-Maximin,,,,
mls_2026,2026-08-22,,Charlotte FC,DC United,3,1,85,,card,T. Smalls,True,yellow,Time wasting,,,,,,
mls_2026,2026-08-22,,Charlotte FC,DC United,3,1,86,,substitution,,False,,,J. Stroud,Peglow,,,,
mls_2026,2026-08-22,,Charlotte FC,DC United,3,1,90,,period,,,,,,,FT,,3,1
mls_2026,2026-08-22,,Charlotte FC,DC United,3,1,90,4,card,P. Biel,True,yellow,Foul,,,,,,
mls_2026,2026-08-22,,Charlotte FC,DC United,3,1,90,,injuryTime,,,,,,,,7,,
mls_2026,2026-08-22,,FC Cincinnati,Seattle Sounders FC,1,1,24,,goal,Evander,True,,,,,,,1,0
mls_2026,2026-08-22,,FC Cincinnati,Seattle Sounders FC,1,1,38,,card,R. Sailor,False,yellow,Foul,,,,,,
mls_2026,2026-08-22,,FC Cincinnati,Seattle Sounders FC,1,1,45,,period,,,,,,,HT,,1,0
mls_2026,2026-08-22,,FC Cincinnati,Seattle Sounders FC,1,1,45,,injuryTime,,,,,,,,1,,
mls_2026,2026-08-22,,FC Cincinnati,Seattle Sounders FC,1,1,59,,substitution,,True,,,K. Denkey,K. M. Dem,,,,
mls_2026,2026-08-22,,FC Cincinnati,Seattle Sounders FC,1,1,61,,substitution,,False,,,N. Tolo,E. Carli,,,,
mls_2026,2026-08-22,,FC Cincinnati,Seattle Sounders FC,1,1,61,,substitution,,False,,,D. Musovski,S. Brunell,,,,
mls_2026,2026-08-22,,FC Cincinnati,Seattle Sounders FC,1,1,64,,card,B. Ramírez,True,yellow,Time wasting,,,,,,
mls_2026,2026-08-22,,FC Cincinnati,Seattle Sounders FC,1,1,73,,substitution,,True,,,A. Jabbari,T. Barlow,,,,
mls_2026,2026-08-22,,FC Cincinnati,Seattle Sounders FC,1,1,73,,substitution,,True,,,P. Bucha,B. Ramírez,,,,
mls_2026,2026-08-22,,FC Cincinnati,Seattle Sounders FC,1,1,75,,card,P. Kingston,False,yellow,Foul,,,,,,
mls_2026,2026-08-22,,FC Cincinnati,Seattle Sounders FC,1,1,77,,substitution,,False,,,A. Roldán,O. D. Rosario,,,,
mls_2026,2026-08-22,,FC Cincinnati,Seattle Sounders FC,1,1,77,,substitution,,False,,,A. Rusnák,A. Lopez,,,,
mls_2026,2026-08-22,,FC Cincinnati,Seattle Sounders FC,1,1,83,,goal,K. Kossa-Rienzi,False,,,,,,,1,1
mls_2026,2026-08-22,,FC Cincinnati,Seattle Sounders FC,1,1,89,,substitution,,True,,,A. Powell,E. Echenique,,,,
mls_2026,2026-08-22,,FC Cincinnati,Seattle Sounders FC,1,1,89,,substitution,,True,,,O. Nwobodo,T. Anunga,,,,
mls_2026,2026-08-22,,FC Cincinnati,Seattle Sounders FC,1,1,90,,period,,,,,,,FT,,1,1
mls_2026,2026-08-22,,FC Cincinnati,Seattle Sounders FC,1,1,90,1,substitution,,False,,,K. Kee-hee,S. Gomez,,,,
mls_2026,2026-08-22,,FC Cincinnati,Seattle Sounders FC,1,1,90,,injuryTime,,,,,,,,3,,
mls_2026,2026-08-22,,Inter Miami CF,Toronto FC,1,2,26,,substitution,,True,,,F. Mura,G. Luján,,,,
mls_2026,2026-08-22,,Inter Miami CF,Toronto FC,1,2,37,,card,R. Laryea,False,yellow,Foul,,,,,,
mls_2026,2026-08-22,,Inter Miami CF,Toronto FC,1,2,45,,period,,,,,,,HT,,0,0
mls_2026,2026-08-22,,Inter Miami CF,Toronto FC,1,2,45,,injuryTime,,,,,,,,3,,
mls_2026,2026-08-22,,Inter Miami CF,Toronto FC,1,2,53,,card,M. Falcón,True,yellow,Foul,,,,,,
mls_2026,2026-08-22,,Inter Miami CF,Toronto FC,1,2,58,,substitution,,True,,,N. Allen,S. Reguilón,,,,
mls_2026,2026-08-22,,Inter Miami CF,Toronto FC,1,2,59,,goal,J. Sargent,False,,,,,,,0,1
mls_2026,2026-08-22,,Inter Miami CF,Toronto FC,1,2,62,,goal,D. Etienne,False,,,,,,,0,2
mls_2026,2026-08-22,,Inter Miami CF,Toronto FC,1,2,65,,substitution,,False,,,M. Pereira,D. Sallói,,,,
mls_2026,2026-08-22,,Inter Miami CF,Toronto FC,1,2,73,,substitution,,True,,,D. Pinter,T. Segovia,,,,
mls_2026,2026-08-22,,Inter Miami CF,Toronto FC,1,2,73,,substitution,,True,,,D. Ayala,Casemiro,,,,
mls_2026,2026-08-22,,Inter Miami CF,Toronto FC,1,2,73,,substitution,,True,,,L. Delinois,L. Suárez,,,,
mls_2026,2026-08-22,,Inter Miami CF,Toronto FC,1,2,77,,substitution,,False,,,T. Corbeanu,J. Sargent,,,,
mls_2026,2026-08-22,,Inter Miami CF,Toronto FC,1,2,82,,goal,L. Messi,True,,,,,,,1,2
mls_2026,2026-08-22,,Inter Miami CF,Toronto FC,1,2,86,,substitution,,False,,,J. Gilman,D. Etienne,,,,
mls_2026,2026-08-22,,Inter Miami CF,Toronto FC,1,2,87,,substitution,,False,,,N. Gomis,Đ. Mihailović,,,,
mls_2026,2026-08-22,,Inter Miami CF,Toronto FC,1,2,90,,period,,,,,,,FT,,1,2
mls_2026,2026-08-22,,Inter Miami CF,Toronto FC,1,2,90,5,card,D. Ayala,True,yellow,Foul,,,,,,
mls_2026,2026-08-22,,Inter Miami CF,Toronto FC,1,2,90,,injuryTime,,,,,,,,8,,
mls_2026,2026-08-22,,New York Red Bulls,Chicago Fire,1,1,17,,card,L. Barroso,False,yellow,Foul,,,,,,
mls_2026,2026-08-22,,New York Red Bulls,Chicago Fire,1,1,38,,goal,M. Haile-Selassie,False,,,,,,,0,1
mls_2026,2026-08-22,,New York Red Bulls,Chicago Fire,1,1,45,,period,,,,,,,HT,,0,1
mls_2026,2026-08-22,,New York Red Bulls,Chicago Fire,1,1,45,,injuryTime,,,,,,,,4,,
mls_2026,2026-08-22,,New York Red Bulls,Chicago Fire,1,1,46,,substitution,,True,,,J. Marshall-Rutty,M. D. Santos,,,,
mls_2026,2026-08-22,,New York Red Bulls,Chicago Fire,1,1,46,,substitution,,True,,,J. Ruvalcaba,M. Jiménez,,,,
mls_2026,2026-08-22,,New York Red Bulls,Chicago Fire,1,1,46,,substitution,,True,,,M. Sofo,C. Cowell,,,,
mls_2026,2026-08-22,,New York Red Bulls,Chicago Fire,1,1,56,,substitution,,True,,,O. Valencia,D. Nealis,,,,
mls_2026,2026-08-22,,New York Red Bulls,Chicago Fire,1,1,57,,substitution,,True,,,E. M. Choupo-Moting,E. Forsberg,,,,
mls_2026,2026-08-22,,New York Red Bulls,Chicago Fire,1,1,64,,card,J. Waterman,False,yellow,Foul,,,,,,
mls_2026,2026-08-22,,New York Red Bulls,Chicago Fire,1,1,65,,substitution,,False,,,R. Lewandowski,P. Zinckernagel,,,,
mls_2026,2026-08-22,,New York Red Bulls,Chicago Fire,1,1,65,,substitution,,False,,,A. Salétros,S. Williams,,,,
mls_2026,2026-08-22,,New York Red Bulls,Chicago Fire,1,1,66,,card,M. Sofo,True,yellow,Foul,,,,,,
mls_2026,2026-08-22,,New York Red Bulls,Chicago Fire,1,1,77,,substitution,,False,,,J. Dean,V. Radojević,,,,
mls_2026,2026-08-22,,New York Red Bulls,Chicago Fire,1,1,85,,goal,C. Harper,True,,,,,,,1,1
mls_2026,2026-08-22,,New York Red Bulls,Chicago Fire,1,1,85,,substitution,,True,,,C. Harper,J. Hall,,,,
mls_2026,2026-08-22,,New York Red Bulls,Chicago Fire,1,1,86,,substitution,,False,,,D. T. D'Avilla,M. Pineda,,,,
mls_2026,2026-08-22,,New York Red Bulls,Chicago Fire,1,1,87,,substitution,,False,,,P. Dithejane,J. Bamba,,,,
mls_2026,2026-08-22,,New York Red Bulls,Chicago Fire,1,1,87,,substitution,,False,,,J. Elliott,R. Lod,,,,
mls_2026,2026-08-22,,New York Red Bulls,Chicago Fire,1,1,90,,period,,,,,,,FT,,1,1
mls_2026,2026-08-22,,New York Red Bulls,Chicago Fire,1,1,90,,injuryTime,,,,,,,,3,,
mls_2026,2026-08-22,,Orlando City SC,Real Salt Lake,2,1,36,,goal,D. Marczuk,False,,,,,,,0,1
mls_2026,2026-08-22,,Orlando City SC,Real Salt Lake,2,1,43,,card,L. Rodrigues,False,yellow,Foul,,,,,,
mls_2026,2026-08-22,,Orlando City SC,Real Salt Lake,2,1,45,,period,,,,,,,HT,,0,1
mls_2026,2026-08-22,,Orlando City SC,Real Salt Lake,2,1,45,4,card,A. Katranis,False,yellow,Foul,,,,,,
mls_2026,2026-08-22,,Orlando City SC,Real Salt Lake,2,1,45,,injuryTime,,,,,,,,5,,
mls_2026,2026-08-22,,Orlando City SC,Real Salt Lake,2,1,46,,substitution,,True,,,J. Gerbet,L. Otávio,,,,
mls_2026,2026-08-22,,Orlando City SC,Real Salt Lake,2,1,46,,substitution,,True,,,J. Ellis,M. Pašalić,,,,
mls_2026,2026-08-22,,Orlando City SC,Real Salt Lake,2,1,46,,substitution,,True,,,D. Dike,T. Souza,,,,
mls_2026,2026-08-22,,Orlando City SC,Real Salt Lake,2,1,53,,goal,A. Griezmann,True,,,,,,,1,1
mls_2026,2026-08-22,,Orlando City SC,Real Salt Lake,2,1,61,,substitution,,False,,,S. Lobzhanidze,D. Marczuk,,,,
mls_2026,2026-08-22,,Orlando City SC,Real Salt Lake,2,1,61,,substitution,,False,,,D. Luna,A. Hezarkhani,,,,
mls_2026,2026-08-22,,Orlando City SC,Real Salt Lake,2,1,62,,substitution,,False,,,M. Guilavogui,V. Olatunji,,,,
mls_2026,2026-08-22,,Orlando City SC,Real Salt Lake,2,1,66,,substitution,,False,,,N. Caliskan,L. Moisa,,,,
mls_2026,2026-08-22,,Orlando City SC,Real Salt Lake,2,1,69,,substitution,,True,,,T. Spicer,Z. Taifi,,,,
mls_2026,2026-08-22,,Orlando City SC,Real Salt Lake,2,1,71,,card,K. Henry,False,yellow,Foul,,,,,,
mls_2026,2026-08-22,,Orlando City SC,Real Salt Lake,2,1,77,,substitution,,False,,,J. Sanabria,A. Katranis,,,,
mls_2026,2026-08-22,,Orlando City SC,Real Salt Lake,2,1,81,,goal,A. Griezmann,True,,,,,,,2,1
mls_2026,2026-08-22,,Orlando City SC,Real Salt Lake,2,1,82,,card,E. Atuesta,True,yellow,Foul,,,,,,
mls_2026,2026-08-22,,Orlando City SC,Real Salt Lake,2,1,85,,substitution,,True,,,W. Cartagena,E. Atuesta,,,,
mls_2026,2026-08-22,,Orlando City SC,Real Salt Lake,2,1,90,,period,,,,,,,FT,,2,1
mls_2026,2026-08-22,,Orlando City SC,Real Salt Lake,2,1,90,,injuryTime,,,,,,,,6,,
mls_2026,2026-08-23,,Atlanta United,Sporting Kansas City,2,1,13,,goal,T. Jacob,True,,,,,,,1,0
mls_2026,2026-08-23,,Atlanta United,Sporting Kansas City,2,1,22,,card,E. Karić,False,yellow,Foul,,,,,,
mls_2026,2026-08-23,,Atlanta United,Sporting Kansas City,2,1,24,,goal,F. Picault,True,,,,,,,2,0
mls_2026,2026-08-23,,Atlanta United,Sporting Kansas City,2,1,45,,period,,,,,,,HT,,2,0
mls_2026,2026-08-23,,Atlanta United,Sporting Kansas City,2,1,45,2,substitution,,False,,,J. Reynolds,J. Davis,,,,
mls_2026,2026-08-23,,Atlanta United,Sporting Kansas City,2,1,45,,injuryTime,,,,,,,,5,,
mls_2026,2026-08-23,,Atlanta United,Sporting Kansas City,2,1,62,,substitution,,True,,,L. Brennan,A. Gill,,,,
mls_2026,2026-08-23,,Atlanta United,Sporting Kansas City,2,1,62,,substitution,,True,,,W. Reilly,F. Picault,,,,
mls_2026,2026-08-23,,Atlanta United,Sporting Kansas City,2,1,62,,substitution,,False,,,S. Afrifa,T. Calheira,,,,
mls_2026,2026-08-23,,Atlanta United,Sporting Kansas City,2,1,62,,substitution,,False,,,J. Reid,E. Karić,,,,
mls_2026,2026-08-23,,Atlanta United,Sporting Kansas City,2,1,70,,goal,S. Afrifa,False,,,,,,,2,1
mls_2026,2026-08-23,,Atlanta United,Sporting Kansas City,2,1,72,,card,L. Brennan,True,yellow,Foul,,,,,,
mls_2026,2026-08-23,,Atlanta United,Sporting Kansas City,2,1,73,,substitution,,True,,,S. Gregersen,P. Díaz,,,,
mls_2026,2026-08-23,,Atlanta United,Sporting Kansas City,2,1,76,,card,E. Báez,True,yellow,Time wasting,,,,,,
mls_2026,2026-08-23,,Atlanta United,Sporting Kansas City,2,1,77,,substitution,,True,,,S. Alzate,C. Sanchez,,,,
mls_2026,2026-08-23,,Atlanta United,Sporting Kansas City,2,1,78,,substitution,,True,,,M. Edwards,L. Brennan,,,,
mls_2026,2026-08-23,,Atlanta United,Sporting Kansas City,2,1,87,,substitution,,False,,,J. Bartlett,Capita,,,,
mls_2026,2026-08-23,,Atlanta United,Sporting Kansas City,2,1,90,,period,,,,,,,FT,,2,1
mls_2026,2026-08-23,,Atlanta United,Sporting Kansas City,2,1,90,,injuryTime,,,,,,,,5,,
mls_2026,2026-08-23,,Austin FC,Philadelphia Union,1,1,18,,goal,C. Sullivan,False,,,,,,,0,1
mls_2026,2026-08-23,,Austin FC,Philadelphia Union,1,1,21,,goal,B. Hines-Ike,True,,,,,,,1,1
mls_2026,2026-08-23,,Austin FC,Philadelphia Union,1,1,38,,card,J. Bueno,False,yellow,Foul,,,,,,
mls_2026,2026-08-23,,Austin FC,Philadelphia Union,1,1,41,,card,N. Pierre,False,yellow,Foul,,,,,,
mls_2026,2026-08-23,,Austin FC,Philadelphia Union,1,1,45,,period,,,,,,,HT,,1,1
mls_2026,2026-08-23,,Austin FC,Philadelphia Union,1,1,45,,injuryTime,,,,,,,,5,,
mls_2026,2026-08-23,,Austin FC,Philadelphia Union,1,1,57,,substitution,,False,,,J. Lukić,J. Bueno,,,,
mls_2026,2026-08-23,,Austin FC,Philadelphia Union,1,1,57,,substitution,,False,,,Q. Sullivan,I. Vassilev,,,,
mls_2026,2026-08-23,,Austin FC,Philadelphia Union,1,1,63,,substitution,,True,,,B. Vázquez,C. Ramirez,,,,
mls_2026,2026-08-23,,Austin FC,Philadelphia Union,1,1,63,,substitution,,True,,,F. Torres,J. Alastuey,,,,
mls_2026,2026-08-23,,Austin FC,Philadelphia Union,1,1,72,,substitution,,True,,,M. Desler,B. Hines-Ike,,,,
mls_2026,2026-08-23,,Austin FC,Philadelphia Union,1,1,72,,substitution,,True,,,P. Płacheta,J. Rosales,,,,
mls_2026,2026-08-23,,Austin FC,Philadelphia Union,1,1,74,,substitution,,False,,,E. Alladoh,B. Damiani,,,,
mls_2026,2026-08-23,,Austin FC,Philadelphia Union,1,1,74,,substitution,,False,,,A. Anello,C. Sullivan,,,,
mls_2026,2026-08-23,,Austin FC,Philadelphia Union,1,1,84,,substitution,,True,,,Ž. Kolmanič,J. Gallagher,,,,
mls_2026,2026-08-23,,Austin FC,Philadelphia Union,1,1,90,,period,,,,,,,FT,,1,1
mls_2026,2026-08-23,,Austin FC,Philadelphia Union,1,1,90,6,card,E. Torres,True,yellow,Foul,,,,,,
mls_2026,2026-08-23,,Austin FC,Philadelphia Union,1,1,90,3,substitution,,False,,,A. Bedoya,M. Iloski,,,,
mls_2026,2026-08-23,,Austin FC,Philadelphia Union,1,1,90,,injuryTime,,,,,,,,6,,
mls_2026,2026-08-23,,Los Angeles FC,Portland Timbers,1,1,16,,card,M. Choinière,True,yellow,Foul,,,,,,
mls_2026,2026-08-23,,Los Angeles FC,Portland Timbers,1,1,20,,substitution,,True,,,J. Shaffelburg,T. Tillman,,,,
mls_2026,2026-08-23,,Los Angeles FC,Portland Timbers,1,1,31,,card,K. Kelsy,False,yellow,Persistent fouling,,,,,,
mls_2026,2026-08-23,,Los Angeles FC,Portland Timbers,1,1,4,,goal,D. Da Costa,False,,,,,,,0,1
mls_2026,2026-08-23,,Los Angeles FC,Portland Timbers,1,1,45,,period,,,,,,,HT,,0,1
mls_2026,2026-08-23,,Los Angeles FC,Portland Timbers,1,1,45,,injuryTime,,,,,,,,2,,
mls_2026,2026-08-23,,Los Angeles FC,Portland Timbers,1,1,54,,substitution,,False,,,J. Ortíz,C. Bassett,,,,
mls_2026,2026-08-23,,Los Angeles FC,Portland Timbers,1,1,54,,substitution,,False,,,A. Alves,A. Lassiter,,,,
mls_2026,2026-08-23,,Los Angeles FC,Portland Timbers,1,1,56,,substitution,,False,,,I. Smith,J. Fory,,,,
mls_2026,2026-08-23,,Los Angeles FC,Portland Timbers,1,1,70,,substitution,,False,,,O. Fernandez,K. Velde,,,,
mls_2026,2026-08-23,,Los Angeles FC,Portland Timbers,1,1,70,,substitution,,False,,,V. Janssen,K. Kelsy,,,,
mls_2026,2026-08-23,,Los Angeles FC,Portland Timbers,1,1,76,,substitution,,True,,,J. Terry,M. Choinière,,,,
mls_2026,2026-08-23,,Los Angeles FC,Portland Timbers,1,1,76,,substitution,,True,,,R. Raposo,Y. Cheberko,,,,
mls_2026,2026-08-23,,Los Angeles FC,Portland Timbers,1,1,79,,goal,D. Bouanga,True,,,,,,,1,1
mls_2026,2026-08-23,,Los Angeles FC,Portland Timbers,1,1,86,,card,D. Bouanga,True,yellow,Simulation,,,,,,
mls_2026,2026-08-23,,Los Angeles FC,Portland Timbers,1,1,89,,card,V. Janssen,False,yellow,Foul,,,,,,
mls_2026,2026-08-23,,Los Angeles FC,Portland Timbers,1,1,90,,period,,,,,,,FT,,1,1
mls_2026,2026-08-23,,Los Angeles FC,Portland Timbers,1,1,90,3,card,V. Janssen,False,yellowRed,Time wasting,,,,,,
mls_2026,2026-08-23,,Nashville SC,Columbus Crew,3,2,27,,goal,H. Mukhtar,True,,,,,,,1,0
mls_2026,2026-08-23,,Nashville SC,Columbus Crew,3,2,39,,card,D. Lovitz,True,yellow,Foul,,,,,,
mls_2026,2026-08-23,,Nashville SC,Columbus Crew,3,2,45,,period,,,,,,,HT,,1,0
mls_2026,2026-08-23,,Nashville SC,Columbus Crew,3,2,45,,injuryTime,,,,,,,,5,,
mls_2026,2026-08-23,,Nashville SC,Columbus Crew,3,2,49,,card,C. Ruvalcaba,False,yellow,Foul,,,,,,
mls_2026,2026-08-23,,Nashville SC,Columbus Crew,3,2,58,,goal,M. Farsi,False,,,,,,,1,1
mls_2026,2026-08-23,,Nashville SC,Columbus Crew,3,2,59,,substitution,,False,,,J. Martínez,C. Adams,,,,
mls_2026,2026-08-23,,Nashville SC,Columbus Crew,3,2,59,,substitution,,False,,,B. Lennon,M. Farsi,,,,
mls_2026,2026-08-23,,Nashville SC,Columbus Crew,3,2,62,,substitution,,True,,,R. Baker-Whiting,D. Lovitz,,,,
mls_2026,2026-08-23,,Nashville SC,Columbus Crew,3,2,62,,substitution,,True,,,E. Tagseth,P. Yazbek,,,,
mls_2026,2026-08-23,,Nashville SC,Columbus Crew,3,2,62,,substitution,,True,,,E. Saad,A. Muyl,,,,
mls_2026,2026-08-23,,Nashville SC,Columbus Crew,3,2,68,,goal,A. Gomes,False,,,,,,,1,2
mls_2026,2026-08-23,,Nashville SC,Columbus Crew,3,2,76,,substitution,,False,,,D. Chambost,A. Gomes,,,,
mls_2026,2026-08-23,,Nashville SC,Columbus Crew,3,2,84,,substitution,,False,,,L. Giaccone,T. Habroune,,,,
mls_2026,2026-08-23,,Nashville SC,Columbus Crew,3,2,84,,substitution,,False,,,D. Gazdag,B. Méndez,,,,
mls_2026,2026-08-23,,Nashville SC,Columbus Crew,3,2,88,,substitution,,True,,,S. Mohammed,C. Espinoza,,,,
mls_2026,2026-08-23,,Nashville SC,Columbus Crew,3,2,88,,substitution,,True,,,B. Acosta,M. Corcoran,,,,
mls_2026,2026-08-23,,Nashville SC,Columbus Crew,3,2,90,,period,,,,,,,FT,,3,2
mls_2026,2026-08-23,,Nashville SC,Columbus Crew,3,2,90,5,goal,A. Najar,True,,,,,,,3,2
mls_2026,2026-08-23,,Nashville SC,Columbus Crew,3,2,90,3,goal,R. Baker-Whiting,True,,,,,,,2,2
mls_2026,2026-08-23,,Nashville SC,Columbus Crew,3,2,90,,injuryTime,,,,,,,,6,,
mls_2026,2026-08-23,,New England Revolution,New York City FC,1,1,36,,goal,D. Turgeman,True,,,,,,,1,0
mls_2026,2026-08-23,,New England Revolution,New York City FC,1,1,40,,substitution,,False,,,K. Parks,J. Shore,,,,
mls_2026,2026-08-23,,New England Revolution,New York City FC,1,1,40,,substitution,,False,,,M. Ilenič,T. Gray,,,,
mls_2026,2026-08-23,,New England Revolution,New York City FC,1,1,45,,period,,,,,,,HT,,1,1
mls_2026,2026-08-23,,New England Revolution,New York City FC,1,1,45,1,goal,J. Sands,False,,,,,,,1,1
mls_2026,2026-08-23,,New England Revolution,New York City FC,1,1,45,,injuryTime,,,,,,,,2,,
mls_2026,2026-08-23,,New England Revolution,New York City FC,1,1,46,,substitution,,False,,,Luighi,T. Magno,,,,
mls_2026,2026-08-23,,New England Revolution,New York City FC,1,1,61,,card,K. Parks,False,yellow,Foul,,,,,,
mls_2026,2026-08-23,,New England Revolution,New York City FC,1,1,64,,substitution,,True,,,J. Siqueira,J. Yueill,,,,
mls_2026,2026-08-23,,New England Revolution,New York City FC,1,1,68,,substitution,,False,,,K. O'Toole,B. Traore,,,,
mls_2026,2026-08-23,,New England Revolution,New York City FC,1,1,68,,substitution,,False,,,Raul Gustavo,A. Perea,,,,
mls_2026,2026-08-23,,New England Revolution,New York City FC,1,1,69,,card,J. Harrison,True,yellow,Foul,,,,,,
mls_2026,2026-08-23,,New England Revolution,New York City FC,1,1,70,,substitution,,True,,,C. Baker,M. Polster,,,,
mls_2026,2026-08-23,,New England Revolution,New York City FC,1,1,81,,substitution,,True,,,D. Fagúndez,J. Harrison,,,,
mls_2026,2026-08-23,,New England Revolution,New York City FC,1,1,81,,substitution,,True,,,W. Harris,D. Turgeman,,,,
mls_2026,2026-08-23,,New England Revolution,New York City FC,1,1,90,,period,,,,,,,FT,,1,1
mls_2026,2026-08-23,,New England Revolution,New York City FC,1,1,90,,injuryTime,,,,,,,,2,,
mls_2026,2026-08-23,,San Diego FC,Colorado Rapids,3,0,27,,goal,O. Valakari,True,,,,,,,1,0
mls_2026,2026-08-23,,San Diego FC,Colorado Rapids,3,0,35,,goal,E. Achouri,True,,,,,,,2,0
mls_2026,2026-08-23,,San Diego FC,Colorado Rapids,3,0,45,,period,,,,,,,HT,,2,0
mls_2026,2026-08-23,,San Diego FC,Colorado Rapids,3,0,45,,injuryTime,,,,,,,,3,,
mls_2026,2026-08-23,,San Diego FC,Colorado Rapids,3,0,46,,substitution,,False,,,D. Yapi,D. Sealy,,,,
mls_2026,2026-08-23,,San Diego FC,Colorado Rapids,3,0,46,,substitution,,False,,,W. Frederick,J. Atencio,,,,
mls_2026,2026-08-23,,San Diego FC,Colorado Rapids,3,0,46,,substitution,,False,,,Y. Maziz,H. Ojediran,,,,
mls_2026,2026-08-23,,San Diego FC,Colorado Rapids,3,0,58,,card,R. Cannon,False,yellow,Foul,,,,,,
mls_2026,2026-08-23,,San Diego FC,Colorado Rapids,3,0,60,,substitution,,False,,,A. Harris,G. Minoungou,,,,
mls_2026,2026-08-23,,San Diego FC,Colorado Rapids,3,0,67,,substitution,,True,,,M. Ingvartsen,O. Valakari,,,,
mls_2026,2026-08-23,,San Diego FC,Colorado Rapids,3,0,68,,substitution,,True,,,A. Pellegrino,E. Achouri,,,,
mls_2026,2026-08-23,,San Diego FC,Colorado Rapids,3,0,71,,goal,Gabriel Pirani,True,,,,,,,3,0
mls_2026,2026-08-23,,San Diego FC,Colorado Rapids,3,0,76,,substitution,,False,,,K. Rosenberry,R. Cannon,,,,
mls_2026,2026-08-23,,San Diego FC,Colorado Rapids,3,0,86,,substitution,,True,,,L. Morgan,M. Ingvartsen,,,,
mls_2026,2026-08-23,,San Diego FC,Colorado Rapids,3,0,89,,card,K. Rosenberry,False,yellow,Foul,,,,,,
mls_2026,2026-08-23,,San Diego FC,Colorado Rapids,3,0,90,,period,,,,,,,FT,,3,0
mls_2026,2026-08-23,,San Diego FC,Colorado Rapids,3,0,90,3,substitution,,True,,,A. Alvarado Jr,Gabriel Pirani,,,,
mls_2026,2026-08-23,,San Diego FC,Colorado Rapids,3,0,90,3,substitution,,True,,,C. McVey,I. Murphy,,,,
mls_2026,2026-08-23,,San Diego FC,Colorado Rapids,3,0,90,2,card,A. Harris,False,yellow,Foul,,,,,,
mls_2026,2026-08-23,,San Diego FC,Colorado Rapids,3,0,90,,injuryTime,,,,,,,,4,,
mls_2026,2026-08-23,,San Jose Earthquakes,Minnesota United,1,5,10,,goal,J. Pereyra,False,,,,,,,1,1
mls_2026,2026-08-23,,San Jose Earthquakes,Minnesota United,1,5,4,,goal,T. Werner,True,,,,,,,1,0
mls_2026,2026-08-23,,San Jose Earthquakes,Minnesota United,1,5,40,,goal,K. Yeboah,False,,,,,,,1,2
mls_2026,2026-08-23,,San Jose Earthquakes,Minnesota United,1,5,44,,goal,K. Yeboah,False,,,,,,,1,3
mls_2026,2026-08-23,,San Jose Earthquakes,Minnesota United,1,5,45,,period,,,,,,,HT,,1,3
mls_2026,2026-08-23,,San Jose Earthquakes,Minnesota United,1,5,45,,injuryTime,,,,,,,,4,,
mls_2026,2026-08-23,,San Jose Earthquakes,Minnesota United,1,5,46,,substitution,,True,,,I. Harkes,J. Gonzalez,,,,
mls_2026,2026-08-23,,San Jose Earthquakes,Minnesota United,1,5,57,,substitution,,True,,,D. Johnson,T. Werner,,,,
mls_2026,2026-08-23,,San Jose Earthquakes,Minnesota United,1,5,65,,goal,M. Caldeira,False,,,,,,,1,4
mls_2026,2026-08-23,,San Jose Earthquakes,Minnesota United,1,5,66,,substitution,,True,,,N. Fernandez,N. Tsakiris,,,,
mls_2026,2026-08-23,,San Jose Earthquakes,Minnesota United,1,5,66,,substitution,,True,,,P. Marie,O. Bouda,,,,
mls_2026,2026-08-23,,San Jose Earthquakes,Minnesota United,1,5,77,,substitution,,False,,,T. Chancalay,M. Caldeira,,,,
mls_2026,2026-08-23,,San Jose Earthquakes,Minnesota United,1,5,77,,substitution,,False,,,N. Triantis,O. Gene,,,,
mls_2026,2026-08-23,,San Jose Earthquakes,Minnesota United,1,5,78,,substitution,,True,,,J. Ricketts,V. Costa,,,,
mls_2026,2026-08-23,,San Jose Earthquakes,Minnesota United,1,5,83,,substitution,,False,,,C. Harvey,W. Trapp,,,,
mls_2026,2026-08-23,,San Jose Earthquakes,Minnesota United,1,5,83,,substitution,,False,,,M. González,K. Yeboah,,,,
mls_2026,2026-08-23,,San Jose Earthquakes,Minnesota United,1,5,85,,card,B. Kikanović,True,yellow,Foul,,,,,,
mls_2026,2026-08-23,,San Jose Earthquakes,Minnesota United,1,5,86,,substitution,,False,,,D. Padelford,A. Markanich,,,,
mls_2026,2026-08-23,,San Jose Earthquakes,Minnesota United,1,5,86,,goal,M. González,False,,,,,,,1,5
mls_2026,2026-08-23,,San Jose Earthquakes,Minnesota United,1,5,90,,period,,,,,,,FT,,1,5
mls_2026,2026-08-23,,San Jose Earthquakes,Minnesota United,1,5,90,,injuryTime,,,,,,,,2,,
mls_2026,2026-08-23,,St.Louis City,Houston Dynamo,2,1,23,,goal,S. Becher,True,,,,,,,1,0
mls_2026,2026-08-23,,St.Louis City,Houston Dynamo,2,1,27,,card,A. Mățan,True,yellow,Foul,,,,,,
mls_2026,2026-08-23,,St.Louis City,Houston Dynamo,2,1,45,,period,,,,,,,HT,,1,0
mls_2026,2026-08-23,,St.Louis City,Houston Dynamo,2,1,45,,injuryTime,,,,,,,,2,,
mls_2026,2026-08-23,,St.Louis City,Houston Dynamo,2,1,46,,substitution,,False,,,F. Andrade,M. Saracchi,,,,
mls_2026,2026-08-23,,St.Louis City,Houston Dynamo,2,1,57,,substitution,,False,,,I. Aliyu,D. McGuire,,,,
mls_2026,2026-08-23,,St.Louis City,Houston Dynamo,2,1,57,,substitution,,False,,,H. Herrera,D. Samassékou,,,,
mls_2026,2026-08-23,,St.Louis City,Houston Dynamo,2,1,58,,card,A. Bouzat,False,yellow,Argument,,,,,,
mls_2026,2026-08-23,,St.Louis City,Houston Dynamo,2,1,58,,card,M. Bogusz,False,yellow,Argument,,,,,,
mls_2026,2026-08-23,,St.Louis City,Houston Dynamo,2,1,62,,substitution,,True,,,C. Holse,T. Ostrák,,,,
mls_2026,2026-08-23,,St.Louis City,Houston Dynamo,2,1,63,,card,S. Becher,True,yellow,Off the ball foul,,,,,,
mls_2026,2026-08-23,,St.Louis City,Houston Dynamo,2,1,66,,varDecision,M. Bogusz,False,,,,,,,,
mls_2026,2026-08-23,,St.Louis City,Houston Dynamo,2,1,70,,card,C. Holse,True,yellow,Foul,,,,,,
mls_2026,2026-08-23,,St.Louis City,Houston Dynamo,2,1,72,,substitution,,True,,,L. MacNaughton,A. Mățan,,,,
mls_2026,2026-08-23,,St.Louis City,Houston Dynamo,2,1,72,,substitution,,True,,,P. Ault,J. Sang-bin,,,,
mls_2026,2026-08-23,,St.Louis City,Houston Dynamo,2,1,75,,goal,I. Aliyu,False,,,,,,,1,1
mls_2026,2026-08-23,,St.Louis City,Houston Dynamo,2,1,81,,card,L. Halter,False,yellow,Foul,,,,,,
mls_2026,2026-08-23,,St.Louis City,Houston Dynamo,2,1,85,,goal,D. Polvara,True,,,,,,,2,1
mls_2026,2026-08-23,,St.Louis City,Houston Dynamo,2,1,87,,substitution,,False,,,F. Negri,A. Bouzat,,,,
mls_2026,2026-08-23,,St.Louis City,Houston Dynamo,2,1,90,,period,,,,,,,FT,,2,1
mls_2026,2026-08-23,,St.Louis City,Houston Dynamo,2,1,90,8,card,T. Totland,True,yellow,Foul,,,,,,
mls_2026,2026-08-23,,St.Louis City,Houston Dynamo,2,1,90,2,substitution,,False,,,D. Holmes,L. Ennali,,,,
mls_2026,2026-08-23,,St.Louis City,Houston Dynamo,2,1,90,2,substitution,,True,,,M. Perez,S. Becher,,,,
mls_2026,2026-08-23,,St.Louis City,Houston Dynamo,2,1,90,,injuryTime,,,,,,,,7,,
mls_2026,2026-08-23,,Vancouver Whitecaps,FC Dallas,5,0,11,,goal,E. Sabbi,True,,,,,,,1,0
mls_2026,2026-08-23,,Vancouver Whitecaps,FC Dallas,5,0,23,,goal,B. White,True,,,,,,,2,0
mls_2026,2026-08-23,,Vancouver Whitecaps,FC Dallas,5,0,31,,card,R. Binyamin,False,yellow,Foul,,,,,,
mls_2026,2026-08-23,,Vancouver Whitecaps,FC Dallas,5,0,37,,goal,B. White,True,,,,,,,3,0
mls_2026,2026-08-23,,Vancouver Whitecaps,FC Dallas,5,0,42,,card,J. Torquato,False,yellow,Foul,,,,,,
mls_2026,2026-08-23,,Vancouver Whitecaps,FC Dallas,5,0,45,,period,,,,,,,HT,,4,0
mls_2026,2026-08-23,,Vancouver Whitecaps,FC Dallas,5,0,45,6,goal,É. Ocampo,True,,,,,,,4,0
mls_2026,2026-08-23,,Vancouver Whitecaps,FC Dallas,5,0,45,,injuryTime,,,,,,,,6,,
mls_2026,2026-08-23,,Vancouver Whitecaps,FC Dallas,5,0,46,,substitution,,False,,,J. Valiente,S. Sarver,,,,
mls_2026,2026-08-23,,Vancouver Whitecaps,FC Dallas,5,0,46,,substitution,,False,,,B. Kamungo,N. Norris,,,,
mls_2026,2026-08-23,,Vancouver Whitecaps,FC Dallas,5,0,46,,substitution,,False,,,S. Moreno,R. Binyamin,,,,
mls_2026,2026-08-23,,Vancouver Whitecaps,FC Dallas,5,0,46,,substitution,,True,,,M. Laborda,R. Priso,,,,
mls_2026,2026-08-23,,Vancouver Whitecaps,FC Dallas,5,0,46,,substitution,,False,,,P. Musa,L. Farrington,,,,
mls_2026,2026-08-23,,Vancouver Whitecaps,FC Dallas,5,0,59,,card,L. Abubakar,False,yellow,Foul,,,,,,
mls_2026,2026-08-23,,Vancouver Whitecaps,FC Dallas,5,0,62,,substitution,,True,,,R. Elloumi,B. White,,,,
mls_2026,2026-08-23,,Vancouver Whitecaps,FC Dallas,5,0,62,,substitution,,True,,,B. Quiñonez,E. Sabbi,,,,
mls_2026,2026-08-23,,Vancouver Whitecaps,FC Dallas,5,0,68,,goal,B. Quiñonez,True,,,,,,,5,0
mls_2026,2026-08-23,,Vancouver Whitecaps,FC Dallas,5,0,7,,card,S. Moore,False,yellow,Foul,,,,,,
mls_2026,2026-08-23,,Vancouver Whitecaps,FC Dallas,5,0,72,,substitution,,True,,,C. T. Sabaly,R. Gauld,,,,
mls_2026,2026-08-23,,Vancouver Whitecaps,FC Dallas,5,0,73,,substitution,,False,,,Kaick,Ramiro,,,,
mls_2026,2026-08-23,,Vancouver Whitecaps,FC Dallas,5,0,83,,substitution,,True,,,S. Adekugbe,T. Johnson,,,,
mls_2026,2026-08-23,,Vancouver Whitecaps,FC Dallas,5,0,90,,period,,,,,,,FT,,5,0
mls_2026,2026-08-23,,Vancouver Whitecaps,FC Dallas,5,0,90,3,card,M. Laborda,True,yellow,Foul,,,,,,
mls_2026,2026-08-23,,Vancouver Whitecaps,FC Dallas,5,0,90,,injuryTime,,,,,,,,5,,
mls_2026,2026-08-23,,Vancouver Whitecaps,FC Dallas,5,0,90,,varDecision,Kaick,False,,,,,,,,
mls_2026,2026-08-29,,Atlanta United,Charlotte FC,0,2,22,,goal,I. Toklomati,False,,,,,,,0,1
mls_2026,2026-08-29,,Atlanta United,Charlotte FC,0,2,45,,period,,,,,,,HT,,0,1
mls_2026,2026-08-29,,Atlanta United,Charlotte FC,0,2,45,3,card,D. Diani,False,yellow,Foul,,,,,,
mls_2026,2026-08-29,,Atlanta United,Charlotte FC,0,2,45,,injuryTime,,,,,,,,3,,
mls_2026,2026-08-29,,Atlanta United,Charlotte FC,0,2,48,,goal,L. Abada,False,,,,,,,0,2
mls_2026,2026-08-29,,Atlanta United,Charlotte FC,0,2,64,,substitution,,True,,,A. Gill,W. Reilly,,,,
mls_2026,2026-08-29,,Atlanta United,Charlotte FC,0,2,64,,substitution,,True,,,R. Hernández,M. Edwards,,,,
mls_2026,2026-08-29,,Atlanta United,Charlotte FC,0,2,64,,substitution,,True,,,S. Santos,F. Picault,,,,
mls_2026,2026-08-29,,Atlanta United,Charlotte FC,0,2,64,,substitution,,True,,,S. Alzate,T. Muyumba,,,,
mls_2026,2026-08-29,,Atlanta United,Charlotte FC,0,2,70,,substitution,,True,,,E. Dovlo,M. Almirón,,,,
mls_2026,2026-08-29,,Atlanta United,Charlotte FC,0,2,77,,substitution,,False,,,B. Bronico,A. Westwood,,,,
mls_2026,2026-08-29,,Atlanta United,Charlotte FC,0,2,77,,substitution,,False,,,A. Goodwin,I. Toklomati,,,,
mls_2026,2026-08-29,,Atlanta United,Charlotte FC,0,2,77,,substitution,,False,,,R. Aloko,A. Saint-Maximin,,,,
mls_2026,2026-08-29,,Atlanta United,Charlotte FC,0,2,85,,card,A. Gill,True,yellow,Foul,,,,,,
mls_2026,2026-08-29,,Atlanta United,Charlotte FC,0,2,85,,substitution,,False,,,N. Byrne,D. Schnegg,,,,
mls_2026,2026-08-29,,Atlanta United,Charlotte FC,0,2,90,,period,,,,,,,FT,,0,2
mls_2026,2026-08-29,,Atlanta United,Charlotte FC,0,2,90,,substitution,,False,,,L. D. L. Torre,P. Biel,,,,
mls_2026,2026-08-29,,Atlanta United,Charlotte FC,0,2,90,,injuryTime,,,,,,,,6,,
mls_2026,2026-08-29,,DC United,Los Angeles FC,0,0,45,,period,,,,,,,HT,,0,0
mls_2026,2026-08-29,,DC United,Los Angeles FC,0,0,77,,substitution,,True,,,H. Kijima,J. Hopkins,,,,
mls_2026,2026-08-29,,DC United,Los Angeles FC,0,0,77,,substitution,,False,,,J. Terry,E. Segura,,,,
mls_2026,2026-08-29,,DC United,Los Angeles FC,0,0,81,,substitution,,False,,,T. Boyd,J. Ebobisse,,,,
mls_2026,2026-08-29,,DC United,Los Angeles FC,0,0,86,,substitution,,True,,,J. Stroud,B. Servania,,,,
mls_2026,2026-08-29,,DC United,Los Angeles FC,0,0,90,,period,,,,,,,FT,,0,0
mls_2026,2026-08-29,,DC United,Los Angeles FC,0,0,90,2,substitution,,True,,,N. Markovic,N. Ordaz,,,,
mls_2026,2026-08-29,,DC United,Los Angeles FC,0,0,90,,injuryTime,,,,,,,,6,,
mls_2026,2026-08-29,,DC United,Los Angeles FC,0,0,90,,card,R. Weiler,True,yellow,Argument,,,,,,
mls_2026,2026-08-29,,Inter Miami CF,CF Montréal,7,1,11,,card,I. Fray,True,yellow,Foul,,,,,,
mls_2026,2026-08-29,,Inter Miami CF,CF Montréal,7,1,20,,goal,Casemiro,True,,,,,,,1,0
mls_2026,2026-08-29,,Inter Miami CF,CF Montréal,7,1,35,,card,F. Herbers,False,yellow,Foul,,,,,,
mls_2026,2026-08-29,,Inter Miami CF,CF Montréal,7,1,37,,goal,F. Herbers,False,,,,,,,1,1
mls_2026,2026-08-29,,Inter Miami CF,CF Montréal,7,1,39,,card,N. Streit,False,yellow,Foul,,,,,,
mls_2026,2026-08-29,,Inter Miami CF,CF Montréal,7,1,40,,goal,L. Petrasso,True,,,,,,,2,1
mls_2026,2026-08-29,,Inter Miami CF,CF Montréal,7,1,45,,period,,,,,,,HT,,2,1
mls_2026,2026-08-29,,Inter Miami CF,CF Montréal,7,1,45,,injuryTime,,,,,,,,4,,
mls_2026,2026-08-29,,Inter Miami CF,CF Montréal,7,1,52,,goal,L. Messi,True,,,,,,,3,1
mls_2026,2026-08-29,,Inter Miami CF,CF Montréal,7,1,59,,substitution,,False,,,D. Pereira,S. Piette,,,,
mls_2026,2026-08-29,,Inter Miami CF,CF Montréal,7,1,59,,substitution,,False,,,D. Sealy,H. Synchuk,,,,
mls_2026,2026-08-29,,Inter Miami CF,CF Montréal,7,1,60,,substitution,,False,,,A. Sánchez,F. Herbers,,,,
mls_2026,2026-08-29,,Inter Miami CF,CF Montréal,7,1,76,,substitution,,True,,,Shaw,T. Segovia,,,,
mls_2026,2026-08-29,,Inter Miami CF,CF Montréal,7,1,80,,goal,L. Suárez,True,,,,,,,4,1
mls_2026,2026-08-29,,Inter Miami CF,CF Montréal,7,1,83,,goal,L. Messi,True,,,,,,,5,1
mls_2026,2026-08-29,,Inter Miami CF,CF Montréal,7,1,84,,substitution,,False,,,B. Craig,N. Streit,,,,
mls_2026,2026-08-29,,Inter Miami CF,CF Montréal,7,1,84,,substitution,,False,,,W. Carmona,J. Neal,,,,
mls_2026,2026-08-29,,Inter Miami CF,CF Montréal,7,1,86,,substitution,,True,,,E. Abadia-Reda,N. Allen,,,,
mls_2026,2026-08-29,,Inter Miami CF,CF Montréal,7,1,86,,substitution,,True,,,F. Mura,I. Fray,,,,
mls_2026,2026-08-29,,Inter Miami CF,CF Montréal,7,1,89,,goal,Shaw,True,,,,,,,6,1
mls_2026,2026-08-29,,Inter Miami CF,CF Montréal,7,1,90,,period,,,,,,,FT,,7,1
mls_2026,2026-08-29,,Inter Miami CF,CF Montréal,7,1,90,6,goal,L. Messi,True,,,,,,,7,1
mls_2026,2026-08-29,,Inter Miami CF,CF Montréal,7,1,90,,injuryTime,,,,,,,,4,,
mls_2026,2026-08-29,,New York Red Bulls,Philadelphia Union,1,3,20,,goal,M. Iloski,False,,,,,,,0,1
mls_2026,2026-08-29,,New York Red Bulls,Philadelphia Union,1,3,45,,period,,,,,,,HT,,0,1
mls_2026,2026-08-29,,New York Red Bulls,Philadelphia Union,1,3,45,,injuryTime,,,,,,,,1,,
mls_2026,2026-08-29,,New York Red Bulls,Philadelphia Union,1,3,46,,substitution,,True,,,E. M. Choupo-Moting,J. Ruvalcaba,,,,
mls_2026,2026-08-29,,New York Red Bulls,Philadelphia Union,1,3,50,,goal,C. Sullivan,False,,,,,,,0,2
mls_2026,2026-08-29,,New York Red Bulls,Philadelphia Union,1,3,64,,goal,N. Pierre,False,,,,,,,0,3
mls_2026,2026-08-29,,New York Red Bulls,Philadelphia Union,1,3,64,,substitution,,False,,,Q. Sullivan,I. Vassilev,,,,
mls_2026,2026-08-29,,New York Red Bulls,Philadelphia Union,1,3,67,,substitution,,True,,,M. Sofo,E. Forsberg,,,,
mls_2026,2026-08-29,,New York Red Bulls,Philadelphia Union,1,3,67,,substitution,,True,,,C. Harper,C. Cowell,,,,
mls_2026,2026-08-29,,New York Red Bulls,Philadelphia Union,1,3,67,,substitution,,True,,,J. Marshall-Rutty,M. D. Santos,,,,
mls_2026,2026-08-29,,New York Red Bulls,Philadelphia Union,1,3,74,,goal,E. M. Choupo-Moting,True,,,,,,,1,3
mls_2026,2026-08-29,,New York Red Bulls,Philadelphia Union,1,3,79,,card,R. Donkor,True,yellow,Foul,,,,,,
mls_2026,2026-08-29,,New York Red Bulls,Philadelphia Union,1,3,80,,substitution,,False,,,J. Bueno,C. Sullivan,,,,
mls_2026,2026-08-29,,New York Red Bulls,Philadelphia Union,1,3,80,,substitution,,False,,,A. Anello,B. Damiani,,,,
mls_2026,2026-08-29,,New York Red Bulls,Philadelphia Union,1,3,84,,substitution,,False,,,E. Alladoh,D. Jean Jacques,,,,
mls_2026,2026-08-29,,New York Red Bulls,Philadelphia Union,1,3,90,,period,,,,,,,FT,,1,3
mls_2026,2026-08-29,,New York Red Bulls,Philadelphia Union,1,3,90,2,card,Q. Sullivan,False,yellow,Foul,,,,,,
mls_2026,2026-08-29,,New York Red Bulls,Philadelphia Union,1,3,90,1,card,A. Anello,False,yellow,Time wasting,,,,,,
mls_2026,2026-08-29,,New York Red Bulls,Philadelphia Union,1,3,90,,injuryTime,,,,,,,,4,,
mls_2026,2026-08-29,,Seattle Sounders FC,Chicago Fire,2,2,12,,goal,D. Joveljić,True,,,,,,,1,0
mls_2026,2026-08-29,,Seattle Sounders FC,Chicago Fire,2,2,38,,goal,M. Haile-Selassie,False,,,,,,,1,1
mls_2026,2026-08-29,,Seattle Sounders FC,Chicago Fire,2,2,45,,period,,,,,,,HT,,1,1
mls_2026,2026-08-29,,Seattle Sounders FC,Chicago Fire,2,2,45,,injuryTime,,,,,,,,2,,
mls_2026,2026-08-29,,Seattle Sounders FC,Chicago Fire,2,2,48,,goal,D. Joveljić,True,,,,,,,2,1
mls_2026,2026-08-29,,Seattle Sounders FC,Chicago Fire,2,2,51,,card,S. Brunell,True,yellow,Foul,,,,,,
mls_2026,2026-08-29,,Seattle Sounders FC,Chicago Fire,2,2,57,,substitution,,True,,,C. Roldán,S. Brunell,,,,
mls_2026,2026-08-29,,Seattle Sounders FC,Chicago Fire,2,2,63,,substitution,,False,,,P. Dithejane,R. Lod,,,,
mls_2026,2026-08-29,,Seattle Sounders FC,Chicago Fire,2,2,68,,substitution,,True,,,H. Dotson,A. Roldán,,,,
mls_2026,2026-08-29,,Seattle Sounders FC,Chicago Fire,2,2,69,,substitution,,True,,,J. Morris,S. Gomez,,,,
mls_2026,2026-08-29,,Seattle Sounders FC,Chicago Fire,2,2,73,,substitution,,False,,,S. Oregel,J. Dean,,,,
mls_2026,2026-08-29,,Seattle Sounders FC,Chicago Fire,2,2,73,,substitution,,False,,,J. Bamba,A. Salétros,,,,
mls_2026,2026-08-29,,Seattle Sounders FC,Chicago Fire,2,2,82,,goal,R. Lewandowski,False,,,,,,,2,2
mls_2026,2026-08-29,,Seattle Sounders FC,Chicago Fire,2,2,88,,substitution,,False,,,L. Barroso,P. Zinckernagel,,,,
mls_2026,2026-08-29,,Seattle Sounders FC,Chicago Fire,2,2,90,,period,,,,,,,FT,,2,2
mls_2026,2026-08-29,,Seattle Sounders FC,Chicago Fire,2,2,90,,injuryTime,,,,,,,,4,,
mls_2026,2026-08-29,,Toronto FC,New York City FC,1,1,18,,card,B. Kuscevic,True,yellow,Argument,,,,,,
mls_2026,2026-08-29,,Toronto FC,New York City FC,1,1,29,,goal,N. Fernández,False,,,,,,,0,1
mls_2026,2026-08-29,,Toronto FC,New York City FC,1,1,40,,card,N. Fernández,False,yellow,Foul,,,,,,
mls_2026,2026-08-29,,Toronto FC,New York City FC,1,1,45,,period,,,,,,,HT,,0,1
mls_2026,2026-08-29,,Toronto FC,New York City FC,1,1,45,,injuryTime,,,,,,,,1,,
mls_2026,2026-08-29,,Toronto FC,New York City FC,1,1,54,,card,A. Perea,False,yellow,Foul,,,,,,
mls_2026,2026-08-29,,Toronto FC,New York City FC,1,1,55,,substitution,,True,,,D. Sallói,D. Etienne,,,,
mls_2026,2026-08-29,,Toronto FC,New York City FC,1,1,55,,substitution,,True,,,M. Pereira,K. Franklin,,,,
mls_2026,2026-08-29,,Toronto FC,New York City FC,1,1,59,,card,Đ. Mihailović,True,yellow,Foul,,,,,,
mls_2026,2026-08-29,,Toronto FC,New York City FC,1,1,63,,substitution,,False,,,Raul Gustavo,B. Traore,,,,
mls_2026,2026-08-29,,Toronto FC,New York City FC,1,1,63,,substitution,,False,,,K. O'Toole,N. Cavallo,,,,
mls_2026,2026-08-29,,Toronto FC,New York City FC,1,1,64,,card,M. Pereira,True,yellow,Foul,,,,,,
mls_2026,2026-08-29,,Toronto FC,New York City FC,1,1,70,,goal,D. Sallói,True,,,,,,,1,1
mls_2026,2026-08-29,,Toronto FC,New York City FC,1,1,75,,substitution,,False,,,M. Jones,T. Martins,,,,
mls_2026,2026-08-29,,Toronto FC,New York City FC,1,1,77,,substitution,,False,,,J. Shore,K. Parks,,,,
mls_2026,2026-08-29,,Toronto FC,New York City FC,1,1,90,,period,,,,,,,FT,,1,1
mls_2026,2026-08-29,,Toronto FC,New York City FC,1,1,90,1,card,J. Shore,False,yellow,Foul,,,,,,
mls_2026,2026-08-29,,Toronto FC,New York City FC,1,1,90,,injuryTime,,,,,,,,7,,
mls_2026,2026-08-30,,Colorado Rapids,Real Salt Lake,1,0,14,,card,H. Ojediran,True,yellow,Foul,,,,,,
mls_2026,2026-08-30,,Colorado Rapids,Real Salt Lake,1,0,45,,period,,,,,,,HT,,0,0
mls_2026,2026-08-30,,Colorado Rapids,Real Salt Lake,1,0,49,,card,R. Holding,True,yellow,Foul,,,,,,
mls_2026,2026-08-30,,Colorado Rapids,Real Salt Lake,1,0,53,,card,A. Hezarkhani,False,yellow,Time wasting,,,,,,
mls_2026,2026-08-30,,Colorado Rapids,Real Salt Lake,1,0,58,,goal,R. Cannon,True,,,,,,,1,0
mls_2026,2026-08-30,,Colorado Rapids,Real Salt Lake,1,0,61,,card,M. Guilavogui,False,yellow,Persistent fouling,,,,,,
mls_2026,2026-08-30,,Colorado Rapids,Real Salt Lake,1,0,63,,substitution,,False,,,D. Luna,A. Hezarkhani,,,,
mls_2026,2026-08-30,,Colorado Rapids,Real Salt Lake,1,0,63,,substitution,,False,,,J. Sanabria,D. Yedlin,,,,
mls_2026,2026-08-30,,Colorado Rapids,Real Salt Lake,1,0,67,,card,N. Caliskan,False,yellow,Argument,,,,,,
mls_2026,2026-08-30,,Colorado Rapids,Real Salt Lake,1,0,71,,substitution,,True,,,D. Phillip,Y. Maziz,,,,
mls_2026,2026-08-30,,Colorado Rapids,Real Salt Lake,1,0,72,,substitution,,False,,,C. Guske,P. Ruiz,,,,
mls_2026,2026-08-30,,Colorado Rapids,Real Salt Lake,1,0,78,,substitution,,True,,,J. Atencio,W. Frederick,,,,
mls_2026,2026-08-30,,Colorado Rapids,Real Salt Lake,1,0,79,,card,C. Guske,False,yellow,Foul,,,,,,
mls_2026,2026-08-30,,Colorado Rapids,Real Salt Lake,1,0,81,,substitution,,False,,,S. Lobzhanidze,A. Katranis,,,,
mls_2026,2026-08-30,,Colorado Rapids,Real Salt Lake,1,0,89,,card,J. Arias,False,yellow,Foul,,,,,,
mls_2026,2026-08-30,,Colorado Rapids,Real Salt Lake,1,0,90,,period,,,,,,,FT,,1,0
mls_2026,2026-08-30,,Colorado Rapids,Real Salt Lake,1,0,90,2,card,M. Navarro,True,yellow,Foul,,,,,,
mls_2026,2026-08-30,,Colorado Rapids,Real Salt Lake,1,0,90,1,substitution,,True,,,D. Yapi,R. Navarro,,,,
mls_2026,2026-08-30,,Colorado Rapids,Real Salt Lake,1,0,90,,injuryTime,,,,,,,,6,,
mls_2026,2026-08-30,,Columbus Crew,New England Revolution,1,3,25,,card,T. Karumanchi,True,yellow,Foul,,,,,,
mls_2026,2026-08-30,,Columbus Crew,New England Revolution,1,3,32,,goal,M. Polster,False,,,,,,,1,1
mls_2026,2026-08-30,,Columbus Crew,New England Revolution,1,3,41,,goal,D. Turgeman,False,,,,,,,1,2
mls_2026,2026-08-30,,Columbus Crew,New England Revolution,1,3,45,,period,,,,,,,HT,,1,2
mls_2026,2026-08-30,,Columbus Crew,New England Revolution,1,3,45,,injuryTime,,,,,,,,3,,
mls_2026,2026-08-30,,Columbus Crew,New England Revolution,1,3,62,,substitution,,True,,,G. Tapia,J. Martínez,,,,
mls_2026,2026-08-30,,Columbus Crew,New England Revolution,1,3,62,,substitution,,True,,,C. Ruvalcaba,T. Karumanchi,,,,
mls_2026,2026-08-30,,Columbus Crew,New England Revolution,1,3,75,,varDecision,D. Turgeman,False,,,,,,,,
mls_2026,2026-08-30,,Columbus Crew,New England Revolution,1,3,78,,card,A. Yusuf,False,yellow,Argument,,,,,,
mls_2026,2026-08-30,,Columbus Crew,New England Revolution,1,3,79,,goal,C. Gil,False,,,,,,,1,3
mls_2026,2026-08-30,,Columbus Crew,New England Revolution,1,3,8,,goal,B. Méndez,True,,,,,,,1,0
mls_2026,2026-08-30,,Columbus Crew,New England Revolution,1,3,87,,substitution,,False,,,W. Harris,D. Turgeman,,,,
mls_2026,2026-08-30,,Columbus Crew,New England Revolution,1,3,89,,substitution,,True,,,D. Chambost,A. Gomes,,,,
mls_2026,2026-08-30,,Columbus Crew,New England Revolution,1,3,89,,substitution,,False,,,I. Feingold,J. Harrison,,,,
mls_2026,2026-08-30,,Columbus Crew,New England Revolution,1,3,90,,period,,,,,,,FT,,1,3
mls_2026,2026-08-30,,Columbus Crew,New England Revolution,1,3,90,4,substitution,,False,,,J. Yueill,A. Yusuf,,,,
mls_2026,2026-08-30,,Columbus Crew,New England Revolution,1,3,90,4,substitution,,False,,,D. Fagúndez,C. Gil,,,,
mls_2026,2026-08-30,,Columbus Crew,New England Revolution,1,3,90,,substitution,,True,,,A. Herrera,E. Bailly,,,,
mls_2026,2026-08-30,,Columbus Crew,New England Revolution,1,3,90,,substitution,,True,,,L. Giaccone,B. Méndez,,,,
mls_2026,2026-08-30,,Columbus Crew,New England Revolution,1,3,90,,injuryTime,,,,,,,,6,,
mls_2026,2026-08-30,,Houston Dynamo,San Jose Earthquakes,0,0,45,,period,,,,,,,HT,,0,0
mls_2026,2026-08-30,,Houston Dynamo,San Jose Earthquakes,0,0,45,,injuryTime,,,,,,,,3,,
mls_2026,2026-08-30,,Houston Dynamo,San Jose Earthquakes,0,0,58,,card,R. Roberts,False,yellow,Foul,,,,,,
mls_2026,2026-08-30,,Houston Dynamo,San Jose Earthquakes,0,0,61,,substitution,,True,,,I. Aliyu,F. Negri,,,,
mls_2026,2026-08-30,,Houston Dynamo,San Jose Earthquakes,0,0,69,,substitution,,False,,,M. Floriani,D. Romney,,,,
mls_2026,2026-08-30,,Houston Dynamo,San Jose Earthquakes,0,0,73,,substitution,,False,,,N. Fernandez,B. Leroux,,,,
mls_2026,2026-08-30,,Houston Dynamo,San Jose Earthquakes,0,0,73,,substitution,,False,,,P. Judd,P. Marie,,,,
mls_2026,2026-08-30,,Houston Dynamo,San Jose Earthquakes,0,0,75,,substitution,,True,,,D. McGuire,H. Herrera,,,,
mls_2026,2026-08-30,,Houston Dynamo,San Jose Earthquakes,0,0,82,,substitution,,False,,,J. Jasinski,J. Ricketts,,,,
mls_2026,2026-08-30,,Houston Dynamo,San Jose Earthquakes,0,0,83,,substitution,,True,,,D. Holmes,F. Andrade,,,,
mls_2026,2026-08-30,,Houston Dynamo,San Jose Earthquakes,0,0,90,,period,,,,,,,FT,,0,0
mls_2026,2026-08-30,,Houston Dynamo,San Jose Earthquakes,0,0,90,1,substitution,,True,,,A. Bouzat,J. McGlynn,,,,
mls_2026,2026-08-30,,Houston Dynamo,San Jose Earthquakes,0,0,90,1,substitution,,False,,,I. Harkes,N. Tsakiris,,,,
mls_2026,2026-08-30,,Houston Dynamo,San Jose Earthquakes,0,0,90,1,substitution,,False,,,V. Costa,E. Löwen,,,,
mls_2026,2026-08-30,,Houston Dynamo,San Jose Earthquakes,0,0,90,,injuryTime,,,,,,,,9,,
mls_2026,2026-08-30,,Minnesota United,Orlando City SC,3,3,28,,goal,D. Dike,False,,,,,,,0,1
mls_2026,2026-08-30,,Minnesota United,Orlando City SC,3,3,32,,card,A. Markanich,True,yellow,Argument,,,,,,
mls_2026,2026-08-30,,Minnesota United,Orlando City SC,3,3,32,,card,C. Knowles,True,yellow,Argument,,,,,,
mls_2026,2026-08-30,,Minnesota United,Orlando City SC,3,3,45,,period,,,,,,,HT,,0,1
mls_2026,2026-08-30,,Minnesota United,Orlando City SC,3,3,45,,injuryTime,,,,,,,,4,,
mls_2026,2026-08-30,,Minnesota United,Orlando City SC,3,3,46,,substitution,,True,,,A. Smir,D. Callender,,,,
mls_2026,2026-08-30,,Minnesota United,Orlando City SC,3,3,54,,card,A. Griezmann,False,yellow,Foul,,,,,,
mls_2026,2026-08-30,,Minnesota United,Orlando City SC,3,3,59,,substitution,,False,,,L. Otávio,J. Gerbet,,,,
mls_2026,2026-08-30,,Minnesota United,Orlando City SC,3,3,59,,substitution,,False,,,H. Sarajian,D. Dike,,,,
mls_2026,2026-08-30,,Minnesota United,Orlando City SC,3,3,64,,goal,A. Griezmann,False,,,,,,,0,2
mls_2026,2026-08-30,,Minnesota United,Orlando City SC,3,3,66,,card,M. Boxall,True,yellow,Foul,,,,,,
mls_2026,2026-08-30,,Minnesota United,Orlando City SC,3,3,71,,goal,M. Caldeira,True,,,,,,,1,2
mls_2026,2026-08-30,,Minnesota United,Orlando City SC,3,3,72,,substitution,,True,,,M. González,W. Trapp,,,,
mls_2026,2026-08-30,,Minnesota United,Orlando City SC,3,3,72,,substitution,,True,,,N. Triantis,M. Caldeira,,,,
mls_2026,2026-08-30,,Minnesota United,Orlando City SC,3,3,73,,substitution,,False,,,T. Spicer,J. Ellis,,,,
mls_2026,2026-08-30,,Minnesota United,Orlando City SC,3,3,74,,goal,A. Markanich,True,,,,,,,2,2
mls_2026,2026-08-30,,Minnesota United,Orlando City SC,3,3,75,,goal,K. Yeboah,True,,,,,,,3,2
mls_2026,2026-08-30,,Minnesota United,Orlando City SC,3,3,81,,substitution,,False,,,M. Pašalić,E. Atuesta,,,,
mls_2026,2026-08-30,,Minnesota United,Orlando City SC,3,3,81,,substitution,,False,,,M. Ojeda,Z. Taifi,,,,
mls_2026,2026-08-30,,Minnesota United,Orlando City SC,3,3,85,,substitution,,True,,,T. Chancalay,K. Yeboah,,,,
mls_2026,2026-08-30,,Minnesota United,Orlando City SC,3,3,90,,period,,,,,,,FT,,3,3
mls_2026,2026-08-30,,Minnesota United,Orlando City SC,3,3,90,3,goal,T. Spicer,False,,,,,,,3,3
mls_2026,2026-08-30,,Minnesota United,Orlando City SC,3,3,90,2,substitution,,True,,,C. Harvey,J. Pereyra,,,,
mls_2026,2026-08-30,,Minnesota United,Orlando City SC,3,3,90,2,card,M. Pašalić,False,yellow,Foul,,,,,,
mls_2026,2026-08-30,,Minnesota United,Orlando City SC,3,3,90,,injuryTime,,,,,,,,7,,
mls_2026,2026-08-30,,Nashville SC,FC Cincinnati,4,0,43,,goal,S. Surridge,True,,,,,,,1,0
mls_2026,2026-08-30,,Nashville SC,FC Cincinnati,4,0,44,,card,O. Nwobodo,False,yellow,Foul,,,,,,
mls_2026,2026-08-30,,Nashville SC,FC Cincinnati,4,0,45,,period,,,,,,,HT,,1,0
mls_2026,2026-08-30,,Nashville SC,FC Cincinnati,4,0,45,,injuryTime,,,,,,,,3,,
mls_2026,2026-08-30,,Nashville SC,FC Cincinnati,4,0,46,,substitution,,False,,,A. Jabbari,K. M. Dem,,,,
mls_2026,2026-08-30,,Nashville SC,FC Cincinnati,4,0,46,,substitution,,False,,,B. Ramírez,O. Nwobodo,,,,
mls_2026,2026-08-30,,Nashville SC,FC Cincinnati,4,0,49,,card,A. Najar,True,yellow,Foul,,,,,,
mls_2026,2026-08-30,,Nashville SC,FC Cincinnati,4,0,53,,goal,H. Mukhtar,True,,,,,,,2,0
mls_2026,2026-08-30,,Nashville SC,FC Cincinnati,4,0,62,,substitution,,True,,,M. Corcoran,P. Yazbek,,,,
mls_2026,2026-08-30,,Nashville SC,FC Cincinnati,4,0,66,,substitution,,False,,,K. Smith,S. Gidi,,,,
mls_2026,2026-08-30,,Nashville SC,FC Cincinnati,4,0,70,,card,J. Palacios,True,yellow,Foul,,,,,,
mls_2026,2026-08-30,,Nashville SC,FC Cincinnati,4,0,73,,substitution,,False,,,T. Barlow,G. Valenzuela,,,,
mls_2026,2026-08-30,,Nashville SC,FC Cincinnati,4,0,79,,card,E. Tagseth,True,yellow,Foul,,,,,,
mls_2026,2026-08-30,,Nashville SC,FC Cincinnati,4,0,87,,substitution,,False,,,A. Powell,E. Echenique,,,,
mls_2026,2026-08-30,,Nashville SC,FC Cincinnati,4,0,87,,substitution,,True,,,D. Lovitz,A. Najar,,,,
mls_2026,2026-08-30,,Nashville SC,FC Cincinnati,4,0,87,,substitution,,True,,,B. Acosta,E. Tagseth,,,,
mls_2026,2026-08-30,,Nashville SC,FC Cincinnati,4,0,87,,substitution,,True,,,S. Mohammed,C. Espinoza,,,,
mls_2026,2026-08-30,,Nashville SC,FC Cincinnati,4,0,89,,goal,B. Acosta,True,,,,,,,3,0
mls_2026,2026-08-30,,Nashville SC,FC Cincinnati,4,0,89,,card,B. Ramírez,False,yellow,Foul,,,,,,
mls_2026,2026-08-30,,Nashville SC,FC Cincinnati,4,0,90,,period,,,,,,,FT,,4,0
mls_2026,2026-08-30,,Nashville SC,FC Cincinnati,4,0,90,6,goal,A. Qasem,True,,,,,,,4,0
mls_2026,2026-08-30,,Nashville SC,FC Cincinnati,4,0,90,5,substitution,,True,,,A. Qasem,H. Mukhtar,,,,
mls_2026,2026-08-30,,Nashville SC,FC Cincinnati,4,0,90,4,substitution,,True,,,A. Muyl,E. Saad,,,,
mls_2026,2026-08-30,,Nashville SC,FC Cincinnati,4,0,90,1,substitution,,False,,,T. Anunga,Evander,,,,
mls_2026,2026-08-30,,Nashville SC,FC Cincinnati,4,0,90,,injuryTime,,,,,,,,10,,
mls_2026,2026-08-30,,Portland Timbers,Austin FC,1,2,25,,goal,F. Torres,False,,,,,,,0,1
mls_2026,2026-08-30,,Portland Timbers,Austin FC,1,2,35,,card,Guilherme Biro,False,yellow,Foul,,,,,,
mls_2026,2026-08-30,,Portland Timbers,Austin FC,1,2,45,,period,,,,,,,HT,,0,1
mls_2026,2026-08-30,,Portland Timbers,Austin FC,1,2,45,,injuryTime,,,,,,,,1,,
mls_2026,2026-08-30,,Portland Timbers,Austin FC,1,2,47,,card,M. Desler,False,yellow,Foul,,,,,,
mls_2026,2026-08-30,,Portland Timbers,Austin FC,1,2,63,,substitution,,False,,,Ž. Kolmanič,J. Alastuey,,,,
mls_2026,2026-08-30,,Portland Timbers,Austin FC,1,2,63,,substitution,,False,,,P. Płacheta,J. Gallagher,,,,
mls_2026,2026-08-30,,Portland Timbers,Austin FC,1,2,63,,substitution,,True,,,A. Alves,G. Guerra,,,,
mls_2026,2026-08-30,,Portland Timbers,Austin FC,1,2,71,,substitution,,False,,,B. Hines-Ike,M. Desler,,,,
mls_2026,2026-08-30,,Portland Timbers,Austin FC,1,2,75,,substitution,,True,,,J. Ortíz,C. Bassett,,,,
mls_2026,2026-08-30,,Portland Timbers,Austin FC,1,2,75,,substitution,,True,,,I. Smith,J. Fory,,,,
mls_2026,2026-08-30,,Portland Timbers,Austin FC,1,2,83,,substitution,,True,,,O. Fernandez,E. Miller,,,,
mls_2026,2026-08-30,,Portland Timbers,Austin FC,1,2,83,,substitution,,False,,,O. Svatok,J. Bell,,,,
mls_2026,2026-08-30,,Portland Timbers,Austin FC,1,2,83,,substitution,,False,,,I. Sánchez,F. Torres,,,,
mls_2026,2026-08-30,,Portland Timbers,Austin FC,1,2,86,,varDecision,A. Alves,True,,,,,,,,
mls_2026,2026-08-30,,Portland Timbers,Austin FC,1,2,88,,card,J. Caicedo,True,yellow,Argument,,,,,,
mls_2026,2026-08-30,,Portland Timbers,Austin FC,1,2,88,,card,O. Svatok,False,yellow,Argument,,,,,,
mls_2026,2026-08-30,,Portland Timbers,Austin FC,1,2,89,,goal,A. Alves,True,,,,,,,1,1
mls_2026,2026-08-30,,Portland Timbers,Austin FC,1,2,90,,period,,,,,,,FT,,1,2
mls_2026,2026-08-30,,Portland Timbers,Austin FC,1,2,90,7,card,J. Rosales,False,yellow,Foul,,,,,,
mls_2026,2026-08-30,,Portland Timbers,Austin FC,1,2,90,3,goal,O. Svatok,False,,,,,,,1,2
mls_2026,2026-08-30,,Portland Timbers,Austin FC,1,2,90,,injuryTime,,,,,,,,6,,
mls_2026,2026-08-30,,San Diego FC,LA Galaxy,3,1,11,,goal,E. Achouri,True,,,,,,,1,0
mls_2026,2026-08-30,,San Diego FC,LA Galaxy,3,1,21,,card,M. Reus,False,yellow,Foul,,,,,,
mls_2026,2026-08-30,,San Diego FC,LA Galaxy,3,1,23,,card,J. Tverskov,True,yellow,Foul,,,,,,
mls_2026,2026-08-30,,San Diego FC,LA Galaxy,3,1,30,,card,Gabriel Pirani,True,yellow,Foul,,,,,,
mls_2026,2026-08-30,,San Diego FC,LA Galaxy,3,1,39,,card,A. Godoy,True,yellow,Foul,,,,,,
mls_2026,2026-08-30,,San Diego FC,LA Galaxy,3,1,45,,period,,,,,,,HT,,1,0
mls_2026,2026-08-30,,San Diego FC,LA Galaxy,3,1,45,,injuryTime,,,,,,,,1,,
mls_2026,2026-08-30,,San Diego FC,LA Galaxy,3,1,48,,goal,K. Sargeant,True,,,,,,,2,0
mls_2026,2026-08-30,,San Diego FC,LA Galaxy,3,1,50,,card,J. Tverskov,True,yellowRed,Foul,,,,,,
mls_2026,2026-08-30,,San Diego FC,LA Galaxy,3,1,52,,substitution,,True,,,A. Alvarado Jr,Gabriel Pirani,,,,
mls_2026,2026-08-30,,San Diego FC,LA Galaxy,3,1,55,,goal,H. Lozano,False,,,,,,,2,1
mls_2026,2026-08-30,,San Diego FC,LA Galaxy,3,1,56,,substitution,,False,,,S. Roberto,M. Yoshida,,,,
mls_2026,2026-08-30,,San Diego FC,LA Galaxy,3,1,56,,substitution,,False,,,E. Thommy,I. Parente,,,,
mls_2026,2026-08-30,,San Diego FC,LA Galaxy,3,1,61,,varDecision,K. Furuhashi,False,,,,,,,,
mls_2026,2026-08-30,,San Diego FC,LA Galaxy,3,1,65,,card,J. Paintsil,False,yellow,Foul,,,,,,
mls_2026,2026-08-30,,San Diego FC,LA Galaxy,3,1,66,,substitution,,True,,,C. McVey,I. Murphy,,,,
mls_2026,2026-08-30,,San Diego FC,LA Galaxy,3,1,67,,substitution,,True,,,A. Pellegrino,E. Achouri,,,,
mls_2026,2026-08-30,,San Diego FC,LA Galaxy,3,1,70,,goal,A. Pellegrino,True,,,,,,,3,1
mls_2026,2026-08-30,,San Diego FC,LA Galaxy,3,1,73,,substitution,,False,,,R. Taylor,H. Miller,,,,
mls_2026,2026-08-30,,San Diego FC,LA Galaxy,3,1,73,,substitution,,False,,,J. Nelson,J. Aude,,,,
mls_2026,2026-08-30,,San Diego FC,LA Galaxy,3,1,87,,substitution,,False,,,C. Garcés,J. Haak,,,,
mls_2026,2026-08-30,,San Diego FC,LA Galaxy,3,1,87,,substitution,,True,,,I. Pilcher,O. Valakari,,,,
mls_2026,2026-08-30,,San Diego FC,LA Galaxy,3,1,89,,card,C. Dos Santos,True,yellow,Time wasting,,,,,,
mls_2026,2026-08-30,,San Diego FC,LA Galaxy,3,1,90,,period,,,,,,,FT,,3,1
mls_2026,2026-08-30,,San Diego FC,LA Galaxy,3,1,90,,injuryTime,,,,,,,,10,,
mls_2026,2026-08-30,,Sporting Kansas City,Vancouver Whitecaps,0,3,40,,goal,T. Müller,False,,,,,,,0,1
mls_2026,2026-08-30,,Sporting Kansas City,Vancouver Whitecaps,0,3,45,,period,,,,,,,HT,,0,1
mls_2026,2026-08-30,,Sporting Kansas City,Vancouver Whitecaps,0,3,45,4,card,B. Quiñonez,False,yellow,Foul,,,,,,
mls_2026,2026-08-30,,Sporting Kansas City,Vancouver Whitecaps,0,3,45,,injuryTime,,,,,,,,4,,
mls_2026,2026-08-30,,Sporting Kansas City,Vancouver Whitecaps,0,3,46,,substitution,,True,,,S. Afrifa,Capita,,,,
mls_2026,2026-08-30,,Sporting Kansas City,Vancouver Whitecaps,0,3,48,,goal,B. White,False,,,,,,,0,2
mls_2026,2026-08-30,,Sporting Kansas City,Vancouver Whitecaps,0,3,51,,card,T. Johnson,False,yellow,Foul,,,,,,
mls_2026,2026-08-30,,Sporting Kansas City,Vancouver Whitecaps,0,3,57,,substitution,,True,,,I. James,J. Reynolds,,,,
mls_2026,2026-08-30,,Sporting Kansas City,Vancouver Whitecaps,0,3,62,,substitution,,False,,,J. Badwal,O. Larraz,,,,
mls_2026,2026-08-30,,Sporting Kansas City,Vancouver Whitecaps,0,3,62,,substitution,,False,,,E. Sabbi,B. Quiñonez,,,,
mls_2026,2026-08-30,,Sporting Kansas City,Vancouver Whitecaps,0,3,66,,substitution,,True,,,André Luiz,S. Suleymanov,,,,
mls_2026,2026-08-30,,Sporting Kansas City,Vancouver Whitecaps,0,3,66,,substitution,,True,,,K. Agyabeng,J. Bartlett,,,,
mls_2026,2026-08-30,,Sporting Kansas City,Vancouver Whitecaps,0,3,70,,substitution,,False,,,S. Adekugbe,T. Johnson,,,,
mls_2026,2026-08-30,,Sporting Kansas City,Vancouver Whitecaps,0,3,73,,card,S. Afrifa,True,yellow,Foul,,,,,,
mls_2026,2026-08-30,,Sporting Kansas City,Vancouver Whitecaps,0,3,87,,substitution,,False,,,R. Elloumi,B. White,,,,
mls_2026,2026-08-30,,Sporting Kansas City,Vancouver Whitecaps,0,3,87,,substitution,,False,,,C. T. Sabaly,R. Gauld,,,,
mls_2026,2026-08-30,,Sporting Kansas City,Vancouver Whitecaps,0,3,90,,period,,,,,,,FT,,0,3
mls_2026,2026-08-30,,Sporting Kansas City,Vancouver Whitecaps,0,3,90,5,card,M. Mosquera,True,yellow,Foul,,,,,,
mls_2026,2026-08-30,,Sporting Kansas City,Vancouver Whitecaps,0,3,90,,goal,R. Elloumi,False,,,,,,,0,3
mls_2026,2026-08-30,,Sporting Kansas City,Vancouver Whitecaps,0,3,90,,injuryTime,,,,,,,,5,,
mls_2026,2026-08-30,,St.Louis City,FC Dallas,3,3,14,,card,Ramiro,False,yellow,Foul,,,,,,
mls_2026,2026-08-30,,St.Louis City,FC Dallas,3,3,18,,goal,S. Moore,False,,,,,,,1,1
mls_2026,2026-08-30,,St.Louis City,FC Dallas,3,3,3,,goal,S. Becher,True,,,,,,,1,0
mls_2026,2026-08-30,,St.Louis City,FC Dallas,3,3,43,,goal,D. Edelman,True,,,,,,,2,1
mls_2026,2026-08-30,,St.Louis City,FC Dallas,3,3,45,,period,,,,,,,HT,,2,1
mls_2026,2026-08-30,,St.Louis City,FC Dallas,3,3,45,,injuryTime,,,,,,,,4,,
mls_2026,2026-08-30,,St.Louis City,FC Dallas,3,3,59,,substitution,,False,,,R. Binyamin,S. Moreno,,,,
mls_2026,2026-08-30,,St.Louis City,FC Dallas,3,3,59,,substitution,,False,,,C. Cappis,H. Johansson,,,,
mls_2026,2026-08-30,,St.Louis City,FC Dallas,3,3,59,,substitution,,True,,,C. Holse,A. Mățan,,,,
mls_2026,2026-08-30,,St.Louis City,FC Dallas,3,3,64,,goal,C. Holse,True,,,,,,,3,1
mls_2026,2026-08-30,,St.Louis City,FC Dallas,3,3,68,,substitution,,False,,,N. Norris,B. Kamungo,,,,
mls_2026,2026-08-30,,St.Louis City,FC Dallas,3,3,68,,substitution,,False,,,L. Farrington,Ramiro,,,,
mls_2026,2026-08-30,,St.Louis City,FC Dallas,3,3,72,,substitution,,True,,,Z. Zengue,J. Sang-bin,,,,
mls_2026,2026-08-30,,St.Louis City,FC Dallas,3,3,81,,goal,S. Ibeagha,False,,,,,,,3,2
mls_2026,2026-08-30,,St.Louis City,FC Dallas,3,3,88,,substitution,,True,,,L. MacNaughton,J. Orozco,,,,
mls_2026,2026-08-30,,St.Louis City,FC Dallas,3,3,89,,substitution,,False,,,S. Sarver,Kaick,,,,
mls_2026,2026-08-30,,St.Louis City,FC Dallas,3,3,89,,card,P. Musa,False,yellow,Foul,,,,,,
mls_2026,2026-08-30,,St.Louis City,FC Dallas,3,3,90,,period,,,,,,,FT,,3,3
mls_2026,2026-08-30,,St.Louis City,FC Dallas,3,3,90,7,goal,L. Farrington,False,,,,,,,3,3
mls_2026,2026-08-30,,St.Louis City,FC Dallas,3,3,90,7,card,L. MacNaughton,True,yellow,Time wasting,,,,,,
mls_2026,2026-08-30,,St.Louis City,FC Dallas,3,3,90,,injuryTime,,,,,,,,7,,
mls_2026,2026-09-04,,New York City FC,Nashville SC,0,0,13,,card,A. Najar,False,yellow,,,,,,,
mls_2026,2026-09-04,,New York City FC,Nashville SC,0,0,45,,period,,,,,,,HT,,0,0
mls_2026,2026-09-04,,New York City FC,Nashville SC,0,0,49,,card,P. Yazbek,False,yellow,Foul,,,,,,
mls_2026,2026-09-04,,New York City FC,Nashville SC,0,0,53,,card,H. Mukhtar,False,yellow,Foul,,,,,,
mls_2026,2026-09-04,,New York City FC,Nashville SC,0,0,66,,substitution,,False,,,M. Corcoran,P. Yazbek,,,,
mls_2026,2026-09-04,,New York City FC,Nashville SC,0,0,68,,card,K. O'Toole,True,yellow,Foul,,,,,,
mls_2026,2026-09-04,,New York City FC,Nashville SC,0,0,70,,substitution,,True,,,A. O'Neill,J. Sands,,,,
mls_2026,2026-09-04,,New York City FC,Nashville SC,0,0,76,,substitution,,True,,,M. Jones,Luighi,,,,
mls_2026,2026-09-04,,New York City FC,Nashville SC,0,0,81,,substitution,,False,,,A. Qasem,E. Saad,,,,
mls_2026,2026-09-04,,New York City FC,Nashville SC,0,0,81,,substitution,,False,,,S. Mohammed,C. Espinoza,,,,
mls_2026,2026-09-04,,New York City FC,Nashville SC,0,0,89,,substitution,,False,,,D. Lovitz,A. Najar,,,,
mls_2026,2026-09-04,,New York City FC,Nashville SC,0,0,89,,substitution,,False,,,B. Acosta,E. Tagseth,,,,
mls_2026,2026-09-04,,New York City FC,Nashville SC,0,0,90,,period,,,,,,,FT,,0,0
mls_2026,2026-09-04,,New York City FC,Nashville SC,0,0,90,2,card,B. Acosta,False,yellow,Foul,,,,,,
mls_2026,2026-09-04,,New York City FC,Nashville SC,0,0,90,,card,M. Jones,True,yellow,Foul,,,,,,
mls_2026,2026-09-04,,New York City FC,Nashville SC,0,0,90,,injuryTime,,,,,,,,2,,
